default_cfg {'backbone_type': 'ResNetFPN', 'resolution': (8, 2), 'fine_window_size': 5, 'fine_concat_coarse_feat': True, 'resnetfpn': {'initial_dim': 128, 'block_dims': [128, 196, 256]}, 'coarse': {'d_model': 256, 'd_ffn': 256, 'nhead': 8, 'layer_names': ['self', 'cross', 'self', 'cross', 'self', 'cross', 'self', 'cross'], 'attention': 'linear', 'temp_bug_fix': False}, 'match_coarse': {'thr': 0.2, 'border_rm': 2, 'match_type': 'dual_softmax', 'dsmax_temperature': 0.1, 'skh_iters': 3, 'skh_init_bin_score': 1.0, 'skh_prefilter': True, 'train_coarse_percent': 0.4, 'train_pad_num_gt_min': 200}, 'fine': {'d_model': 128, 'd_ffn': 128, 'nhead': 8, 'layer_names': ['self', 'cross'], 'attention': 'linear'}}
START A models=MD-prior seqs=['AP10', 'AP11', 'AP12', 'AP13', 'AP14', 'MPM10', 'MPM11', 'MPM12', 'MPM13', 'MPM14', 'SB11', 'SB13', 'SM1'] every=1 2026-09-26 00:34:01
/home/kist/Desktop/BundleSAM3DGS/experiments/vggt_probe/models.py:30: FutureWarning: `torch.cuda.amp.autocast(args...)` is deprecated. Please use `torch.amp.autocast('cuda', args...)` instead.
  with torch.cuda.amp.autocast(dtype=torch.bfloat16):
/home/kist/venvs/vggt_probe/lib/python3.10/site-packages/vggt/models/vggt.py:65: FutureWarning: `torch.cuda.amp.autocast(args...)` is deprecated. Please use `torch.amp.autocast('cuda', args...)` instead.
  with torch.cuda.amp.autocast(enabled=False):
[loftr_wrapper.py] image0: torch.Size([1, 1, 400, 400])
/home/kist/Desktop/BundleSAM3DGS/loftr_wrapper.py:45: FutureWarning: `torch.cuda.amp.autocast(args...)` is deprecated. Please use `torch.amp.autocast('cuda', args...)` instead.
  with torch.cuda.amp.autocast(enabled=True):
[loftr_wrapper.py] net forward
[loftr_wrapper.py] mconf, 0.20041543245315552 0.9836975336074829
[loftr_wrapper.py] pair_ids (506,)
[loftr_wrapper.py] corres: (506, 5)
  A MD-prior AP10 1/177 2.9s/kf | E-I=1.88 E-L=0.74 E-V2=2.34 E-V5b=14.86 E-V5d=14.80 E-V5x2=129.07 E-VI=129.07 | rot0 0.00
/home/kist/Desktop/BundleSAM3DGS/experiments/vggt_probe/models.py:30: FutureWarning: `torch.cuda.amp.autocast(args...)` is deprecated. Please use `torch.amp.autocast('cuda', args...)` instead.
  with torch.cuda.amp.autocast(dtype=torch.bfloat16):
/home/kist/venvs/vggt_probe/lib/python3.10/site-packages/vggt/models/vggt.py:65: FutureWarning: `torch.cuda.amp.autocast(args...)` is deprecated. Please use `torch.amp.autocast('cuda', args...)` instead.
  with torch.cuda.amp.autocast(enabled=False):
[loftr_wrapper.py] image0: torch.Size([1, 1, 400, 400])
/home/kist/Desktop/BundleSAM3DGS/loftr_wrapper.py:45: FutureWarning: `torch.cuda.amp.autocast(args...)` is deprecated. Please use `torch.amp.autocast('cuda', args...)` instead.
  with torch.cuda.amp.autocast(enabled=True):
[loftr_wrapper.py] net forward
[loftr_wrapper.py] mconf, 0.2001495361328125 0.9890761375427246
[loftr_wrapper.py] pair_ids (348,)
[loftr_wrapper.py] corres: (348, 5)
[loftr_wrapper.py] image0: torch.Size([1, 1, 400, 400])
[loftr_wrapper.py] net forward
[loftr_wrapper.py] mconf, 0.2002672255039215 0.9875436425209045
[loftr_wrapper.py] pair_ids (308,)
[loftr_wrapper.py] corres: (308, 5)
[loftr_wrapper.py] image0: torch.Size([1, 1, 400, 400])
[loftr_wrapper.py] net forward
[loftr_wrapper.py] mconf, 0.20031949877738953 0.9899784922599792
[loftr_wrapper.py] pair_ids (351,)
[loftr_wrapper.py] corres: (351, 5)
[loftr_wrapper.py] image0: torch.Size([1, 1, 400, 400])
[loftr_wrapper.py] net forward
[loftr_wrapper.py] mconf, 0.20035895705223083 0.9909047484397888
[loftr_wrapper.py] pair_ids (511,)
[loftr_wrapper.py] corres: (511, 5)
[loftr_wrapper.py] image0: torch.Size([1, 1, 400, 400])
[loftr_wrapper.py] net forward
[loftr_wrapper.py] mconf, 0.20004704594612122 0.931281566619873
[loftr_wrapper.py] pair_ids (240,)
[loftr_wrapper.py] corres: (240, 5)
[loftr_wrapper.py] image0: torch.Size([1, 1, 400, 400])
[loftr_wrapper.py] net forward
[loftr_wrapper.py] mconf, 0.20322024822235107 0.8154729604721069
[loftr_wrapper.py] pair_ids (152,)
[loftr_wrapper.py] corres: (152, 5)
[loftr_wrapper.py] image0: torch.Size([1, 1, 400, 400])
[loftr_wrapper.py] net forward
[loftr_wrapper.py] mconf, 0.2014731764793396 0.8542762994766235
[loftr_wrapper.py] pair_ids (109,)
[loftr_wrapper.py] corres: (109, 5)
[loftr_wrapper.py] image0: torch.Size([1, 1, 400, 400])
[loftr_wrapper.py] net forward
[loftr_wrapper.py] mconf, 0.20041479170322418 0.6632581353187561
[loftr_wrapper.py] pair_ids (95,)
[loftr_wrapper.py] corres: (95, 5)
[loftr_wrapper.py] image0: torch.Size([1, 1, 400, 400])
[loftr_wrapper.py] net forward
[loftr_wrapper.py] mconf, 0.202412411570549 0.7455930709838867
[loftr_wrapper.py] pair_ids (87,)
[loftr_wrapper.py] corres: (87, 5)
[loftr_wrapper.py] image0: torch.Size([1, 1, 400, 400])
[loftr_wrapper.py] net forward
[loftr_wrapper.py] mconf, 0.2098880559206009 0.6948555707931519
[loftr_wrapper.py] pair_ids (84,)
[loftr_wrapper.py] corres: (84, 5)
[loftr_wrapper.py] image0: torch.Size([1, 1, 400, 400])
[loftr_wrapper.py] net forward
[loftr_wrapper.py] mconf, 0.20002363622188568 0.9174656271934509
[loftr_wrapper.py] pair_ids (84,)
[loftr_wrapper.py] corres: (84, 5)
[loftr_wrapper.py] image0: torch.Size([1, 1, 400, 400])
[loftr_wrapper.py] net forward
[loftr_wrapper.py] mconf, 0.2000095248222351 0.6719592809677124
[loftr_wrapper.py] pair_ids (64,)
[loftr_wrapper.py] corres: (64, 5)
[loftr_wrapper.py] image0: torch.Size([1, 1, 400, 400])
[loftr_wrapper.py] net forward
[loftr_wrapper.py] mconf, 0.20020103454589844 0.7499830722808838
[loftr_wrapper.py] pair_ids (61,)
[loftr_wrapper.py] corres: (61, 5)
[loftr_wrapper.py] image0: torch.Size([1, 1, 400, 400])
[loftr_wrapper.py] net forward
[loftr_wrapper.py] mconf, 0.2009618878364563 0.7097283005714417
[loftr_wrapper.py] pair_ids (65,)
[loftr_wrapper.py] corres: (65, 5)
[loftr_wrapper.py] image0: torch.Size([1, 1, 400, 400])
[loftr_wrapper.py] net forward
[loftr_wrapper.py] mconf, 0.20127283036708832 0.6916294097900391
[loftr_wrapper.py] pair_ids (59,)
[loftr_wrapper.py] corres: (59, 5)
[loftr_wrapper.py] image0: torch.Size([1, 1, 400, 400])
[loftr_wrapper.py] net forward
[loftr_wrapper.py] mconf, 0.20169226825237274 0.7825225591659546
[loftr_wrapper.py] pair_ids (77,)
[loftr_wrapper.py] corres: (77, 5)
[loftr_wrapper.py] image0: torch.Size([1, 1, 400, 400])
[loftr_wrapper.py] net forward
[loftr_wrapper.py] mconf, 0.2005121409893036 0.7241106629371643
[loftr_wrapper.py] pair_ids (58,)
[loftr_wrapper.py] corres: (58, 5)
[loftr_wrapper.py] image0: torch.Size([1, 1, 400, 400])
[loftr_wrapper.py] net forward
[loftr_wrapper.py] mconf, 0.20062896609306335 0.6556363701820374
[loftr_wrapper.py] pair_ids (55,)
[loftr_wrapper.py] corres: (55, 5)
[loftr_wrapper.py] image0: torch.Size([1, 1, 400, 400])
[loftr_wrapper.py] net forward
[loftr_wrapper.py] mconf, 0.20261025428771973 0.7351645827293396
[loftr_wrapper.py] pair_ids (87,)
[loftr_wrapper.py] corres: (87, 5)
[loftr_wrapper.py] image0: torch.Size([1, 1, 400, 400])
[loftr_wrapper.py] net forward
[loftr_wrapper.py] mconf, 0.2029271274805069 0.8494138121604919
[loftr_wrapper.py] pair_ids (100,)
[loftr_wrapper.py] corres: (100, 5)
[loftr_wrapper.py] image0: torch.Size([1, 1, 400, 400])
[loftr_wrapper.py] net forward
[loftr_wrapper.py] mconf, 0.20171113312244415 0.8665741086006165
[loftr_wrapper.py] pair_ids (91,)
[loftr_wrapper.py] corres: (91, 5)
[loftr_wrapper.py] image0: torch.Size([1, 1, 400, 400])
[loftr_wrapper.py] net forward
[loftr_wrapper.py] mconf, 0.2011764794588089 0.7782739996910095
[loftr_wrapper.py] pair_ids (82,)
[loftr_wrapper.py] corres: (82, 5)
[loftr_wrapper.py] image0: torch.Size([1, 1, 400, 400])
[loftr_wrapper.py] net forward
[loftr_wrapper.py] mconf, 0.20022715628147125 0.923781156539917
[loftr_wrapper.py] pair_ids (99,)
[loftr_wrapper.py] corres: (99, 5)
[loftr_wrapper.py] image0: torch.Size([1, 1, 400, 400])
[loftr_wrapper.py] net forward
[loftr_wrapper.py] mconf, 0.20037910342216492 0.9251583814620972
[loftr_wrapper.py] pair_ids (116,)
[loftr_wrapper.py] corres: (116, 5)
[loftr_wrapper.py] image0: torch.Size([1, 1, 400, 400])
[loftr_wrapper.py] net forward
[loftr_wrapper.py] mconf, 0.20063596963882446 0.88932204246521
[loftr_wrapper.py] pair_ids (166,)
[loftr_wrapper.py] corres: (166, 5)
  A MD-prior AP10 26/177 2.6s/kf | E-I=2.65 E-L=3.16 E-V2=100.34 E-V5b=82.12 E-V5d=82.40 E-V5x2=26.69 E-VI=30.81 | rot0 1.47
/home/kist/Desktop/BundleSAM3DGS/experiments/vggt_probe/models.py:30: FutureWarning: `torch.cuda.amp.autocast(args...)` is deprecated. Please use `torch.amp.autocast('cuda', args...)` instead.
  with torch.cuda.amp.autocast(dtype=torch.bfloat16):
/home/kist/venvs/vggt_probe/lib/python3.10/site-packages/vggt/models/vggt.py:65: FutureWarning: `torch.cuda.amp.autocast(args...)` is deprecated. Please use `torch.amp.autocast('cuda', args...)` instead.
  with torch.cuda.amp.autocast(enabled=False):
[loftr_wrapper.py] image0: torch.Size([1, 1, 400, 400])
/home/kist/Desktop/BundleSAM3DGS/loftr_wrapper.py:45: FutureWarning: `torch.cuda.amp.autocast(args...)` is deprecated. Please use `torch.amp.autocast('cuda', args...)` instead.
  with torch.cuda.amp.autocast(enabled=True):
[loftr_wrapper.py] net forward
[loftr_wrapper.py] mconf, 0.20005396008491516 0.9001201391220093
[loftr_wrapper.py] pair_ids (262,)
[loftr_wrapper.py] corres: (262, 5)
[loftr_wrapper.py] image0: torch.Size([1, 1, 400, 400])
[loftr_wrapper.py] net forward
[loftr_wrapper.py] mconf, 0.2001006305217743 0.9768816232681274
[loftr_wrapper.py] pair_ids (224,)
[loftr_wrapper.py] corres: (224, 5)
[loftr_wrapper.py] image0: torch.Size([1, 1, 400, 400])
[loftr_wrapper.py] net forward
[loftr_wrapper.py] mconf, 0.20396189391613007 0.9736153483390808
[loftr_wrapper.py] pair_ids (254,)
[loftr_wrapper.py] corres: (254, 5)
[loftr_wrapper.py] image0: torch.Size([1, 1, 400, 400])
[loftr_wrapper.py] net forward
[loftr_wrapper.py] mconf, 0.20217637717723846 0.9416519403457642
[loftr_wrapper.py] pair_ids (233,)
[loftr_wrapper.py] corres: (233, 5)
[loftr_wrapper.py] image0: torch.Size([1, 1, 400, 400])
[loftr_wrapper.py] net forward
[loftr_wrapper.py] mconf, 0.20001836121082306 0.909874677658081
[loftr_wrapper.py] pair_ids (132,)
[loftr_wrapper.py] corres: (132, 5)
[loftr_wrapper.py] image0: torch.Size([1, 1, 400, 400])
[loftr_wrapper.py] net forward
[loftr_wrapper.py] mconf, 0.20159026980400085 0.9277607202529907
[loftr_wrapper.py] pair_ids (127,)
[loftr_wrapper.py] corres: (127, 5)
[loftr_wrapper.py] image0: torch.Size([1, 1, 400, 400])
[loftr_wrapper.py] net forward
[loftr_wrapper.py] mconf, 0.20000243186950684 0.8107303380966187
[loftr_wrapper.py] pair_ids (98,)
[loftr_wrapper.py] corres: (98, 5)
[loftr_wrapper.py] image0: torch.Size([1, 1, 400, 400])
[loftr_wrapper.py] net forward
[loftr_wrapper.py] mconf, 0.20251698791980743 0.7009105086326599
[loftr_wrapper.py] pair_ids (53,)
[loftr_wrapper.py] corres: (53, 5)
[loftr_wrapper.py] image0: torch.Size([1, 1, 400, 400])
[loftr_wrapper.py] net forward
[loftr_wrapper.py] mconf, 0.20037271082401276 0.8316421508789062
[loftr_wrapper.py] pair_ids (56,)
[loftr_wrapper.py] corres: (56, 5)
[loftr_wrapper.py] image0: torch.Size([1, 1, 400, 400])
[loftr_wrapper.py] net forward
[loftr_wrapper.py] mconf, 0.20143669843673706 0.5555920600891113
[loftr_wrapper.py] pair_ids (36,)
[loftr_wrapper.py] corres: (36, 5)
[loftr_wrapper.py] image0: torch.Size([1, 1, 400, 400])
[loftr_wrapper.py] net forward
[loftr_wrapper.py] mconf, 0.20217269659042358 0.6695011854171753
[loftr_wrapper.py] pair_ids (35,)
[loftr_wrapper.py] corres: (35, 5)
[loftr_wrapper.py] image0: torch.Size([1, 1, 400, 400])
[loftr_wrapper.py] net forward
[loftr_wrapper.py] mconf, 0.20179365575313568 0.6409253478050232
[loftr_wrapper.py] pair_ids (50,)
[loftr_wrapper.py] corres: (50, 5)
[loftr_wrapper.py] image0: torch.Size([1, 1, 400, 400])
[loftr_wrapper.py] net forward
[loftr_wrapper.py] mconf, 0.20082607865333557 0.6954068541526794
[loftr_wrapper.py] pair_ids (54,)
[loftr_wrapper.py] corres: (54, 5)
[loftr_wrapper.py] image0: torch.Size([1, 1, 400, 400])
[loftr_wrapper.py] net forward
[loftr_wrapper.py] mconf, 0.20039249956607819 0.868546724319458
[loftr_wrapper.py] pair_ids (52,)
[loftr_wrapper.py] corres: (52, 5)
[loftr_wrapper.py] image0: torch.Size([1, 1, 400, 400])
[loftr_wrapper.py] net forward
[loftr_wrapper.py] mconf, 0.20076990127563477 0.5990063548088074
[loftr_wrapper.py] pair_ids (37,)
[loftr_wrapper.py] corres: (37, 5)
[loftr_wrapper.py] image0: torch.Size([1, 1, 400, 400])
[loftr_wrapper.py] net forward
[loftr_wrapper.py] mconf, 0.2012900859117508 0.6453248858451843
[loftr_wrapper.py] pair_ids (56,)
[loftr_wrapper.py] corres: (56, 5)
[loftr_wrapper.py] image0: torch.Size([1, 1, 400, 400])
[loftr_wrapper.py] net forward
[loftr_wrapper.py] mconf, 0.20043975114822388 0.6601462364196777
[loftr_wrapper.py] pair_ids (74,)
[loftr_wrapper.py] corres: (74, 5)
[loftr_wrapper.py] image0: torch.Size([1, 1, 400, 400])
[loftr_wrapper.py] net forward
[loftr_wrapper.py] mconf, 0.2001011222600937 0.8643689155578613
[loftr_wrapper.py] pair_ids (57,)
[loftr_wrapper.py] corres: (57, 5)
[loftr_wrapper.py] image0: torch.Size([1, 1, 400, 400])
[loftr_wrapper.py] net forward
[loftr_wrapper.py] mconf, 0.2002415508031845 0.7230427861213684
[loftr_wrapper.py] pair_ids (63,)
[loftr_wrapper.py] corres: (63, 5)
[loftr_wrapper.py] image0: torch.Size([1, 1, 400, 400])
[loftr_wrapper.py] net forward
[loftr_wrapper.py] mconf, 0.20011663436889648 0.8465129137039185
[loftr_wrapper.py] pair_ids (69,)
[loftr_wrapper.py] corres: (69, 5)
[loftr_wrapper.py] image0: torch.Size([1, 1, 400, 400])
[loftr_wrapper.py] net forward
[loftr_wrapper.py] mconf, 0.20115536451339722 0.7369488477706909
[loftr_wrapper.py] pair_ids (74,)
[loftr_wrapper.py] corres: (74, 5)
[loftr_wrapper.py] image0: torch.Size([1, 1, 400, 400])
[loftr_wrapper.py] net forward
[loftr_wrapper.py] mconf, 0.2008664608001709 0.755355954170227
[loftr_wrapper.py] pair_ids (81,)
[loftr_wrapper.py] corres: (81, 5)
[loftr_wrapper.py] image0: torch.Size([1, 1, 400, 400])
[loftr_wrapper.py] net forward
[loftr_wrapper.py] mconf, 0.2005002498626709 0.7487356066703796
[loftr_wrapper.py] pair_ids (68,)
[loftr_wrapper.py] corres: (68, 5)
[loftr_wrapper.py] image0: torch.Size([1, 1, 400, 400])
[loftr_wrapper.py] net forward
[loftr_wrapper.py] mconf, 0.2008904218673706 0.792317271232605
[loftr_wrapper.py] pair_ids (66,)
[loftr_wrapper.py] corres: (66, 5)
[loftr_wrapper.py] image0: torch.Size([1, 1, 400, 400])
[loftr_wrapper.py] net forward
[loftr_wrapper.py] mconf, 0.2009863257408142 0.9115685224533081
[loftr_wrapper.py] pair_ids (86,)
[loftr_wrapper.py] corres: (86, 5)
  A MD-prior AP10 51/177 2.6s/kf | E-I=7.65 E-L=7.44 E-V2=158.25 E-V5b=151.58 E-V5d=151.60 E-V5x2=67.41 E-VI=85.00 | rot0 6.72
/home/kist/Desktop/BundleSAM3DGS/experiments/vggt_probe/models.py:30: FutureWarning: `torch.cuda.amp.autocast(args...)` is deprecated. Please use `torch.amp.autocast('cuda', args...)` instead.
  with torch.cuda.amp.autocast(dtype=torch.bfloat16):
/home/kist/venvs/vggt_probe/lib/python3.10/site-packages/vggt/models/vggt.py:65: FutureWarning: `torch.cuda.amp.autocast(args...)` is deprecated. Please use `torch.amp.autocast('cuda', args...)` instead.
  with torch.cuda.amp.autocast(enabled=False):
[loftr_wrapper.py] image0: torch.Size([1, 1, 400, 400])
/home/kist/Desktop/BundleSAM3DGS/loftr_wrapper.py:45: FutureWarning: `torch.cuda.amp.autocast(args...)` is deprecated. Please use `torch.amp.autocast('cuda', args...)` instead.
  with torch.cuda.amp.autocast(enabled=True):
[loftr_wrapper.py] net forward
[loftr_wrapper.py] mconf, 0.20602935552597046 0.684276282787323
[loftr_wrapper.py] pair_ids (69,)
[loftr_wrapper.py] corres: (69, 5)
[loftr_wrapper.py] image0: torch.Size([1, 1, 400, 400])
[loftr_wrapper.py] net forward
[loftr_wrapper.py] mconf, 0.2031014859676361 0.5338612198829651
[loftr_wrapper.py] pair_ids (50,)
[loftr_wrapper.py] corres: (50, 5)
[loftr_wrapper.py] image0: torch.Size([1, 1, 400, 400])
[loftr_wrapper.py] net forward
[loftr_wrapper.py] mconf, 0.20659340918064117 0.6350172162055969
[loftr_wrapper.py] pair_ids (39,)
[loftr_wrapper.py] corres: (39, 5)
[loftr_wrapper.py] image0: torch.Size([1, 1, 400, 400])
[loftr_wrapper.py] net forward
[loftr_wrapper.py] mconf, 0.2002144455909729 0.7353290319442749
[loftr_wrapper.py] pair_ids (64,)
[loftr_wrapper.py] corres: (64, 5)
[loftr_wrapper.py] image0: torch.Size([1, 1, 400, 400])
[loftr_wrapper.py] net forward
[loftr_wrapper.py] mconf, 0.20226572453975677 0.6262112855911255
[loftr_wrapper.py] pair_ids (47,)
[loftr_wrapper.py] corres: (47, 5)
[loftr_wrapper.py] image0: torch.Size([1, 1, 400, 400])
[loftr_wrapper.py] net forward
[loftr_wrapper.py] mconf, 0.20112159848213196 0.6226197481155396
[loftr_wrapper.py] pair_ids (55,)
[loftr_wrapper.py] corres: (55, 5)
[loftr_wrapper.py] image0: torch.Size([1, 1, 400, 400])
[loftr_wrapper.py] net forward
[loftr_wrapper.py] mconf, 0.20305755734443665 0.904412567615509
[loftr_wrapper.py] pair_ids (54,)
[loftr_wrapper.py] corres: (54, 5)
[loftr_wrapper.py] image0: torch.Size([1, 1, 400, 400])
[loftr_wrapper.py] net forward
[loftr_wrapper.py] mconf, 0.20127856731414795 0.8724684119224548
[loftr_wrapper.py] pair_ids (63,)
[loftr_wrapper.py] corres: (63, 5)
[loftr_wrapper.py] image0: torch.Size([1, 1, 400, 400])
[loftr_wrapper.py] net forward
[loftr_wrapper.py] mconf, 0.20020624995231628 0.6326726675033569
[loftr_wrapper.py] pair_ids (57,)
[loftr_wrapper.py] corres: (57, 5)
[loftr_wrapper.py] image0: torch.Size([1, 1, 400, 400])
[loftr_wrapper.py] net forward
[loftr_wrapper.py] mconf, 0.20166227221488953 0.810056746006012
[loftr_wrapper.py] pair_ids (40,)
[loftr_wrapper.py] corres: (40, 5)
[loftr_wrapper.py] image0: torch.Size([1, 1, 400, 400])
[loftr_wrapper.py] net forward
[loftr_wrapper.py] mconf, 0.20043036341667175 0.6632910370826721
[loftr_wrapper.py] pair_ids (62,)
[loftr_wrapper.py] corres: (62, 5)
[loftr_wrapper.py] image0: torch.Size([1, 1, 400, 400])
[loftr_wrapper.py] net forward
[loftr_wrapper.py] mconf, 0.2031315714120865 0.741572380065918
[loftr_wrapper.py] pair_ids (59,)
[loftr_wrapper.py] corres: (59, 5)
[loftr_wrapper.py] image0: torch.Size([1, 1, 400, 400])
[loftr_wrapper.py] net forward
[loftr_wrapper.py] mconf, 0.20269742608070374 0.805565595626831
[loftr_wrapper.py] pair_ids (54,)
[loftr_wrapper.py] corres: (54, 5)
[loftr_wrapper.py] image0: torch.Size([1, 1, 400, 400])
[loftr_wrapper.py] net forward
[loftr_wrapper.py] mconf, 0.20273125171661377 0.7689770460128784
[loftr_wrapper.py] pair_ids (62,)
[loftr_wrapper.py] corres: (62, 5)
[loftr_wrapper.py] image0: torch.Size([1, 1, 400, 400])
[loftr_wrapper.py] net forward
[loftr_wrapper.py] mconf, 0.2033817619085312 0.7026753425598145
[loftr_wrapper.py] pair_ids (66,)
[loftr_wrapper.py] corres: (66, 5)
[loftr_wrapper.py] image0: torch.Size([1, 1, 400, 400])
[loftr_wrapper.py] net forward
[loftr_wrapper.py] mconf, 0.20056138932704926 0.7769374847412109
[loftr_wrapper.py] pair_ids (86,)
[loftr_wrapper.py] corres: (86, 5)
[loftr_wrapper.py] image0: torch.Size([1, 1, 400, 400])
[loftr_wrapper.py] net forward
[loftr_wrapper.py] mconf, 0.20069484412670135 0.6676183342933655
[loftr_wrapper.py] pair_ids (64,)
[loftr_wrapper.py] corres: (64, 5)
[loftr_wrapper.py] image0: torch.Size([1, 1, 400, 400])
[loftr_wrapper.py] net forward
[loftr_wrapper.py] mconf, 0.200090691447258 0.7436725497245789
[loftr_wrapper.py] pair_ids (63,)
[loftr_wrapper.py] corres: (63, 5)
[loftr_wrapper.py] image0: torch.Size([1, 1, 400, 400])
[loftr_wrapper.py] net forward
[loftr_wrapper.py] mconf, 0.2000713050365448 0.6809304356575012
[loftr_wrapper.py] pair_ids (67,)
[loftr_wrapper.py] corres: (67, 5)
[loftr_wrapper.py] image0: torch.Size([1, 1, 400, 400])
[loftr_wrapper.py] net forward
[loftr_wrapper.py] mconf, 0.20401829481124878 0.7559097409248352
[loftr_wrapper.py] pair_ids (74,)
[loftr_wrapper.py] corres: (74, 5)
[loftr_wrapper.py] image0: torch.Size([1, 1, 400, 400])
[loftr_wrapper.py] net forward
[loftr_wrapper.py] mconf, 0.20081056654453278 0.782919704914093
[loftr_wrapper.py] pair_ids (67,)
[loftr_wrapper.py] corres: (67, 5)
[loftr_wrapper.py] image0: torch.Size([1, 1, 400, 400])
[loftr_wrapper.py] net forward
[loftr_wrapper.py] mconf, 0.20098714530467987 0.7336685061454773
[loftr_wrapper.py] pair_ids (63,)
[loftr_wrapper.py] corres: (63, 5)
[loftr_wrapper.py] image0: torch.Size([1, 1, 400, 400])
[loftr_wrapper.py] net forward
[loftr_wrapper.py] mconf, 0.20259664952754974 0.8041445016860962
[loftr_wrapper.py] pair_ids (46,)
[loftr_wrapper.py] corres: (46, 5)
[loftr_wrapper.py] image0: torch.Size([1, 1, 400, 400])
[loftr_wrapper.py] net forward
[loftr_wrapper.py] mconf, 0.202776700258255 0.7380550503730774
[loftr_wrapper.py] pair_ids (33,)
[loftr_wrapper.py] corres: (33, 5)
[loftr_wrapper.py] image0: torch.Size([1, 1, 400, 400])
[loftr_wrapper.py] net forward
[loftr_wrapper.py] mconf, 0.20855773985385895 0.6580538153648376
[loftr_wrapper.py] pair_ids (35,)
[loftr_wrapper.py] corres: (35, 5)
  A MD-prior AP10 76/177 2.7s/kf | E-I=6.27 E-L=8.37 E-V2=164.50 E-V5b=138.23 E-V5d=138.24 E-V5x2=79.96 E-VI=84.36 | rot0 7.32
/home/kist/Desktop/BundleSAM3DGS/experiments/vggt_probe/models.py:30: FutureWarning: `torch.cuda.amp.autocast(args...)` is deprecated. Please use `torch.amp.autocast('cuda', args...)` instead.
  with torch.cuda.amp.autocast(dtype=torch.bfloat16):
/home/kist/venvs/vggt_probe/lib/python3.10/site-packages/vggt/models/vggt.py:65: FutureWarning: `torch.cuda.amp.autocast(args...)` is deprecated. Please use `torch.amp.autocast('cuda', args...)` instead.
  with torch.cuda.amp.autocast(enabled=False):
[loftr_wrapper.py] image0: torch.Size([1, 1, 400, 400])
/home/kist/Desktop/BundleSAM3DGS/loftr_wrapper.py:45: FutureWarning: `torch.cuda.amp.autocast(args...)` is deprecated. Please use `torch.amp.autocast('cuda', args...)` instead.
  with torch.cuda.amp.autocast(enabled=True):
[loftr_wrapper.py] net forward
[loftr_wrapper.py] mconf, 0.20500977337360382 0.5081859230995178
[loftr_wrapper.py] pair_ids (34,)
[loftr_wrapper.py] corres: (34, 5)
[loftr_wrapper.py] image0: torch.Size([1, 1, 400, 400])
[loftr_wrapper.py] net forward
[loftr_wrapper.py] mconf, 0.2000926434993744 0.7916228175163269
[loftr_wrapper.py] pair_ids (57,)
[loftr_wrapper.py] corres: (57, 5)
[loftr_wrapper.py] image0: torch.Size([1, 1, 400, 400])
[loftr_wrapper.py] net forward
[loftr_wrapper.py] mconf, 0.20265085995197296 0.7369886040687561
[loftr_wrapper.py] pair_ids (42,)
[loftr_wrapper.py] corres: (42, 5)
[loftr_wrapper.py] image0: torch.Size([1, 1, 400, 400])
[loftr_wrapper.py] net forward
[loftr_wrapper.py] mconf, 0.20324085652828217 0.643543541431427
[loftr_wrapper.py] pair_ids (54,)
[loftr_wrapper.py] corres: (54, 5)
[loftr_wrapper.py] image0: torch.Size([1, 1, 400, 400])
[loftr_wrapper.py] net forward
[loftr_wrapper.py] mconf, 0.20165085792541504 0.9016557931900024
[loftr_wrapper.py] pair_ids (50,)
[loftr_wrapper.py] corres: (50, 5)
[loftr_wrapper.py] image0: torch.Size([1, 1, 400, 400])
[loftr_wrapper.py] net forward
[loftr_wrapper.py] mconf, 0.20013195276260376 0.629599928855896
[loftr_wrapper.py] pair_ids (47,)
[loftr_wrapper.py] corres: (47, 5)
[loftr_wrapper.py] image0: torch.Size([1, 1, 400, 400])
[loftr_wrapper.py] net forward
[loftr_wrapper.py] mconf, 0.2012304663658142 0.5711108446121216
[loftr_wrapper.py] pair_ids (41,)
[loftr_wrapper.py] corres: (41, 5)
[loftr_wrapper.py] image0: torch.Size([1, 1, 400, 400])
[loftr_wrapper.py] net forward
[loftr_wrapper.py] mconf, 0.2047499716281891 0.5610524415969849
[loftr_wrapper.py] pair_ids (41,)
[loftr_wrapper.py] corres: (41, 5)
[loftr_wrapper.py] image0: torch.Size([1, 1, 400, 400])
[loftr_wrapper.py] net forward
[loftr_wrapper.py] mconf, 0.20336784422397614 0.5824163556098938
[loftr_wrapper.py] pair_ids (38,)
[loftr_wrapper.py] corres: (38, 5)
[loftr_wrapper.py] image0: torch.Size([1, 1, 400, 400])
[loftr_wrapper.py] net forward
[loftr_wrapper.py] mconf, 0.20032580196857452 0.56619793176651
[loftr_wrapper.py] pair_ids (60,)
[loftr_wrapper.py] corres: (60, 5)
[loftr_wrapper.py] image0: torch.Size([1, 1, 400, 400])
[loftr_wrapper.py] net forward
[loftr_wrapper.py] mconf, 0.20210103690624237 0.6231814622879028
[loftr_wrapper.py] pair_ids (57,)
[loftr_wrapper.py] corres: (57, 5)
[loftr_wrapper.py] image0: torch.Size([1, 1, 400, 400])
[loftr_wrapper.py] net forward
[loftr_wrapper.py] mconf, 0.20617595314979553 0.9039202332496643
[loftr_wrapper.py] pair_ids (42,)
[loftr_wrapper.py] corres: (42, 5)
[loftr_wrapper.py] image0: torch.Size([1, 1, 400, 400])
[loftr_wrapper.py] net forward
[loftr_wrapper.py] mconf, 0.2015969455242157 0.6493737101554871
[loftr_wrapper.py] pair_ids (62,)
[loftr_wrapper.py] corres: (62, 5)
[loftr_wrapper.py] image0: torch.Size([1, 1, 400, 400])
[loftr_wrapper.py] net forward
[loftr_wrapper.py] mconf, 0.2015605866909027 0.8276941776275635
[loftr_wrapper.py] pair_ids (68,)
[loftr_wrapper.py] corres: (68, 5)
[loftr_wrapper.py] image0: torch.Size([1, 1, 400, 400])
[loftr_wrapper.py] net forward
[loftr_wrapper.py] mconf, 0.20493540167808533 0.8193233013153076
[loftr_wrapper.py] pair_ids (77,)
[loftr_wrapper.py] corres: (77, 5)
[loftr_wrapper.py] image0: torch.Size([1, 1, 400, 400])
[loftr_wrapper.py] net forward
[loftr_wrapper.py] mconf, 0.20017527043819427 0.644146740436554
[loftr_wrapper.py] pair_ids (71,)
[loftr_wrapper.py] corres: (71, 5)
[loftr_wrapper.py] image0: torch.Size([1, 1, 400, 400])
[loftr_wrapper.py] net forward
[loftr_wrapper.py] mconf, 0.2004043310880661 0.9391769766807556
[loftr_wrapper.py] pair_ids (69,)
[loftr_wrapper.py] corres: (69, 5)
[loftr_wrapper.py] image0: torch.Size([1, 1, 400, 400])
[loftr_wrapper.py] net forward
[loftr_wrapper.py] mconf, 0.20084664225578308 0.8215179443359375
[loftr_wrapper.py] pair_ids (94,)
[loftr_wrapper.py] corres: (94, 5)
[loftr_wrapper.py] image0: torch.Size([1, 1, 400, 400])
[loftr_wrapper.py] net forward
[loftr_wrapper.py] mconf, 0.20095445215702057 0.8060669898986816
[loftr_wrapper.py] pair_ids (73,)
[loftr_wrapper.py] corres: (73, 5)
[loftr_wrapper.py] image0: torch.Size([1, 1, 400, 400])
[loftr_wrapper.py] net forward
[loftr_wrapper.py] mconf, 0.2023187279701233 0.7937484979629517
[loftr_wrapper.py] pair_ids (64,)
[loftr_wrapper.py] corres: (64, 5)
[loftr_wrapper.py] image0: torch.Size([1, 1, 400, 400])
[loftr_wrapper.py] net forward
[loftr_wrapper.py] mconf, 0.20005133748054504 0.9287159442901611
[loftr_wrapper.py] pair_ids (61,)
[loftr_wrapper.py] corres: (61, 5)
[loftr_wrapper.py] image0: torch.Size([1, 1, 400, 400])
[loftr_wrapper.py] net forward
[loftr_wrapper.py] mconf, 0.2010948657989502 0.8802099823951721
[loftr_wrapper.py] pair_ids (49,)
[loftr_wrapper.py] corres: (49, 5)
[loftr_wrapper.py] image0: torch.Size([1, 1, 400, 400])
[loftr_wrapper.py] net forward
[loftr_wrapper.py] mconf, 0.20747710764408112 0.7136292457580566
[loftr_wrapper.py] pair_ids (52,)
[loftr_wrapper.py] corres: (52, 5)
[loftr_wrapper.py] image0: torch.Size([1, 1, 400, 400])
[loftr_wrapper.py] net forward
[loftr_wrapper.py] mconf, 0.2018497735261917 0.7441763281822205
[loftr_wrapper.py] pair_ids (48,)
[loftr_wrapper.py] corres: (48, 5)
[loftr_wrapper.py] image0: torch.Size([1, 1, 400, 400])
[loftr_wrapper.py] net forward
[loftr_wrapper.py] mconf, 0.200384721159935 0.8854562044143677
[loftr_wrapper.py] pair_ids (55,)
[loftr_wrapper.py] corres: (55, 5)
  A MD-prior AP10 101/177 2.4s/kf | E-I=2.94 E-L=5.39 E-V2=82.96 E-V5b=101.46 E-V5d=101.31 E-V5x2=17.26 E-VI=16.25 | rot0 2.91
/home/kist/Desktop/BundleSAM3DGS/experiments/vggt_probe/models.py:30: FutureWarning: `torch.cuda.amp.autocast(args...)` is deprecated. Please use `torch.amp.autocast('cuda', args...)` instead.
  with torch.cuda.amp.autocast(dtype=torch.bfloat16):
/home/kist/venvs/vggt_probe/lib/python3.10/site-packages/vggt/models/vggt.py:65: FutureWarning: `torch.cuda.amp.autocast(args...)` is deprecated. Please use `torch.amp.autocast('cuda', args...)` instead.
  with torch.cuda.amp.autocast(enabled=False):
[loftr_wrapper.py] image0: torch.Size([1, 1, 400, 400])
/home/kist/Desktop/BundleSAM3DGS/loftr_wrapper.py:45: FutureWarning: `torch.cuda.amp.autocast(args...)` is deprecated. Please use `torch.amp.autocast('cuda', args...)` instead.
  with torch.cuda.amp.autocast(enabled=True):
[loftr_wrapper.py] net forward
[loftr_wrapper.py] mconf, 0.2017604410648346 0.787077009677887
[loftr_wrapper.py] pair_ids (50,)
[loftr_wrapper.py] corres: (50, 5)
[loftr_wrapper.py] image0: torch.Size([1, 1, 400, 400])
[loftr_wrapper.py] net forward
[loftr_wrapper.py] mconf, 0.20056340098381042 0.6489884257316589
[loftr_wrapper.py] pair_ids (30,)
[loftr_wrapper.py] corres: (30, 5)
[loftr_wrapper.py] image0: torch.Size([1, 1, 400, 400])
[loftr_wrapper.py] net forward
[loftr_wrapper.py] mconf, 0.20158295333385468 0.7962811589241028
[loftr_wrapper.py] pair_ids (46,)
[loftr_wrapper.py] corres: (46, 5)
[loftr_wrapper.py] image0: torch.Size([1, 1, 400, 400])
[loftr_wrapper.py] net forward
[loftr_wrapper.py] mconf, 0.20685379207134247 0.8642444014549255
[loftr_wrapper.py] pair_ids (46,)
[loftr_wrapper.py] corres: (46, 5)
[loftr_wrapper.py] image0: torch.Size([1, 1, 400, 400])
[loftr_wrapper.py] net forward
[loftr_wrapper.py] mconf, 0.20185725390911102 0.8939647674560547
[loftr_wrapper.py] pair_ids (71,)
[loftr_wrapper.py] corres: (71, 5)
[loftr_wrapper.py] image0: torch.Size([1, 1, 400, 400])
[loftr_wrapper.py] net forward
[loftr_wrapper.py] mconf, 0.20029444992542267 0.5166999697685242
[loftr_wrapper.py] pair_ids (37,)
[loftr_wrapper.py] corres: (37, 5)
[loftr_wrapper.py] image0: torch.Size([1, 1, 400, 400])
[loftr_wrapper.py] net forward
[loftr_wrapper.py] mconf, 0.2051704227924347 0.6619421243667603
[loftr_wrapper.py] pair_ids (35,)
[loftr_wrapper.py] corres: (35, 5)
[loftr_wrapper.py] image0: torch.Size([1, 1, 400, 400])
[loftr_wrapper.py] net forward
[loftr_wrapper.py] mconf, 0.20072810351848602 0.647036075592041
[loftr_wrapper.py] pair_ids (34,)
[loftr_wrapper.py] corres: (34, 5)
[loftr_wrapper.py] image0: torch.Size([1, 1, 400, 400])
[loftr_wrapper.py] net forward
[loftr_wrapper.py] mconf, 0.20103158056735992 0.7286956906318665
[loftr_wrapper.py] pair_ids (25,)
[loftr_wrapper.py] corres: (25, 5)
[loftr_wrapper.py] image0: torch.Size([1, 1, 400, 400])
[loftr_wrapper.py] net forward
[loftr_wrapper.py] mconf, 0.20274855196475983 0.5693897604942322
[loftr_wrapper.py] pair_ids (51,)
[loftr_wrapper.py] corres: (51, 5)
[loftr_wrapper.py] image0: torch.Size([1, 1, 400, 400])
[loftr_wrapper.py] net forward
[loftr_wrapper.py] mconf, 0.20723938941955566 0.7275122404098511
[loftr_wrapper.py] pair_ids (43,)
[loftr_wrapper.py] corres: (43, 5)
[loftr_wrapper.py] image0: torch.Size([1, 1, 400, 400])
[loftr_wrapper.py] net forward
[loftr_wrapper.py] mconf, 0.20172791182994843 0.8883766531944275
[loftr_wrapper.py] pair_ids (33,)
[loftr_wrapper.py] corres: (33, 5)
[loftr_wrapper.py] image0: torch.Size([1, 1, 400, 400])
[loftr_wrapper.py] net forward
[loftr_wrapper.py] mconf, 0.2016528844833374 0.6545001864433289
[loftr_wrapper.py] pair_ids (44,)
[loftr_wrapper.py] corres: (44, 5)
[loftr_wrapper.py] image0: torch.Size([1, 1, 400, 400])
[loftr_wrapper.py] net forward
[loftr_wrapper.py] mconf, 0.2024572640657425 0.6559252142906189
[loftr_wrapper.py] pair_ids (55,)
[loftr_wrapper.py] corres: (55, 5)
[loftr_wrapper.py] image0: torch.Size([1, 1, 400, 400])
[loftr_wrapper.py] net forward
[loftr_wrapper.py] mconf, 0.20552675426006317 0.7590625882148743
[loftr_wrapper.py] pair_ids (50,)
[loftr_wrapper.py] corres: (50, 5)
[loftr_wrapper.py] image0: torch.Size([1, 1, 400, 400])
[loftr_wrapper.py] net forward
[loftr_wrapper.py] mconf, 0.20184479653835297 0.8965798616409302
[loftr_wrapper.py] pair_ids (56,)
[loftr_wrapper.py] corres: (56, 5)
[loftr_wrapper.py] image0: torch.Size([1, 1, 400, 400])
[loftr_wrapper.py] net forward
[loftr_wrapper.py] mconf, 0.20002317428588867 0.703795850276947
[loftr_wrapper.py] pair_ids (54,)
[loftr_wrapper.py] corres: (54, 5)
[loftr_wrapper.py] image0: torch.Size([1, 1, 400, 400])
[loftr_wrapper.py] net forward
[loftr_wrapper.py] mconf, 0.2040434181690216 0.6645299196243286
[loftr_wrapper.py] pair_ids (46,)
[loftr_wrapper.py] corres: (46, 5)
[loftr_wrapper.py] image0: torch.Size([1, 1, 400, 400])
[loftr_wrapper.py] net forward
[loftr_wrapper.py] mconf, 0.201044499874115 0.6975645422935486
[loftr_wrapper.py] pair_ids (36,)
[loftr_wrapper.py] corres: (36, 5)
[loftr_wrapper.py] image0: torch.Size([1, 1, 400, 400])
[loftr_wrapper.py] net forward
[loftr_wrapper.py] mconf, 0.2012515813112259 0.6543720364570618
[loftr_wrapper.py] pair_ids (47,)
[loftr_wrapper.py] corres: (47, 5)
[loftr_wrapper.py] image0: torch.Size([1, 1, 400, 400])
[loftr_wrapper.py] net forward
[loftr_wrapper.py] mconf, 0.20064789056777954 0.5803794860839844
[loftr_wrapper.py] pair_ids (42,)
[loftr_wrapper.py] corres: (42, 5)
[loftr_wrapper.py] image0: torch.Size([1, 1, 400, 400])
[loftr_wrapper.py] net forward
[loftr_wrapper.py] mconf, 0.20140746235847473 0.4562061131000519
[loftr_wrapper.py] pair_ids (32,)
[loftr_wrapper.py] corres: (32, 5)
[loftr_wrapper.py] image0: torch.Size([1, 1, 400, 400])
[loftr_wrapper.py] net forward
[loftr_wrapper.py] mconf, 0.20292623341083527 0.8105341196060181
[loftr_wrapper.py] pair_ids (32,)
[loftr_wrapper.py] corres: (32, 5)
[loftr_wrapper.py] image0: torch.Size([1, 1, 400, 400])
[loftr_wrapper.py] net forward
[loftr_wrapper.py] mconf, 0.20020242035388947 0.6048939824104309
[loftr_wrapper.py] pair_ids (36,)
[loftr_wrapper.py] corres: (36, 5)
[loftr_wrapper.py] image0: torch.Size([1, 1, 400, 400])
[loftr_wrapper.py] net forward
[loftr_wrapper.py] mconf, 0.20101067423820496 0.6117949485778809
[loftr_wrapper.py] pair_ids (37,)
[loftr_wrapper.py] corres: (37, 5)
  A MD-prior AP10 126/177 2.4s/kf | E-I=5.72 E-L=7.26 E-V2=163.10 E-V5b=136.72 E-V5d=136.93 E-V5x2=93.37 E-VI=93.37 | rot0 6.58
/home/kist/Desktop/BundleSAM3DGS/experiments/vggt_probe/models.py:30: FutureWarning: `torch.cuda.amp.autocast(args...)` is deprecated. Please use `torch.amp.autocast('cuda', args...)` instead.
  with torch.cuda.amp.autocast(dtype=torch.bfloat16):
/home/kist/venvs/vggt_probe/lib/python3.10/site-packages/vggt/models/vggt.py:65: FutureWarning: `torch.cuda.amp.autocast(args...)` is deprecated. Please use `torch.amp.autocast('cuda', args...)` instead.
  with torch.cuda.amp.autocast(enabled=False):
[loftr_wrapper.py] image0: torch.Size([1, 1, 400, 400])
/home/kist/Desktop/BundleSAM3DGS/loftr_wrapper.py:45: FutureWarning: `torch.cuda.amp.autocast(args...)` is deprecated. Please use `torch.amp.autocast('cuda', args...)` instead.
  with torch.cuda.amp.autocast(enabled=True):
[loftr_wrapper.py] net forward
[loftr_wrapper.py] mconf, 0.20299622416496277 0.6197766065597534
[loftr_wrapper.py] pair_ids (38,)
[loftr_wrapper.py] corres: (38, 5)
[loftr_wrapper.py] image0: torch.Size([1, 1, 400, 400])
[loftr_wrapper.py] net forward
[loftr_wrapper.py] mconf, 0.20554712414741516 0.4846314787864685
[loftr_wrapper.py] pair_ids (30,)
[loftr_wrapper.py] corres: (30, 5)
[loftr_wrapper.py] image0: torch.Size([1, 1, 400, 400])
[loftr_wrapper.py] net forward
[loftr_wrapper.py] mconf, 0.20179203152656555 0.6381427049636841
[loftr_wrapper.py] pair_ids (38,)
[loftr_wrapper.py] corres: (38, 5)
[loftr_wrapper.py] image0: torch.Size([1, 1, 400, 400])
[loftr_wrapper.py] net forward
[loftr_wrapper.py] mconf, 0.20362353324890137 0.7987217307090759
[loftr_wrapper.py] pair_ids (41,)
[loftr_wrapper.py] corres: (41, 5)
[loftr_wrapper.py] image0: torch.Size([1, 1, 400, 400])
[loftr_wrapper.py] net forward
[loftr_wrapper.py] mconf, 0.200136199593544 0.8527880311012268
[loftr_wrapper.py] pair_ids (57,)
[loftr_wrapper.py] corres: (57, 5)
[loftr_wrapper.py] image0: torch.Size([1, 1, 400, 400])
[loftr_wrapper.py] net forward
[loftr_wrapper.py] mconf, 0.20166967809200287 0.7371342182159424
[loftr_wrapper.py] pair_ids (47,)
[loftr_wrapper.py] corres: (47, 5)
[loftr_wrapper.py] image0: torch.Size([1, 1, 400, 400])
[loftr_wrapper.py] net forward
[loftr_wrapper.py] mconf, 0.20529784262180328 0.6481607556343079
[loftr_wrapper.py] pair_ids (49,)
[loftr_wrapper.py] corres: (49, 5)
[loftr_wrapper.py] image0: torch.Size([1, 1, 400, 400])
[loftr_wrapper.py] net forward
[loftr_wrapper.py] mconf, 0.20123441517353058 0.7800878882408142
[loftr_wrapper.py] pair_ids (40,)
[loftr_wrapper.py] corres: (40, 5)
[loftr_wrapper.py] image0: torch.Size([1, 1, 400, 400])
[loftr_wrapper.py] net forward
[loftr_wrapper.py] mconf, 0.20563296973705292 0.7045172452926636
[loftr_wrapper.py] pair_ids (45,)
[loftr_wrapper.py] corres: (45, 5)
[loftr_wrapper.py] image0: torch.Size([1, 1, 400, 400])
[loftr_wrapper.py] net forward
[loftr_wrapper.py] mconf, 0.20037545263767242 0.6407492160797119
[loftr_wrapper.py] pair_ids (43,)
[loftr_wrapper.py] corres: (43, 5)
[loftr_wrapper.py] image0: torch.Size([1, 1, 400, 400])
[loftr_wrapper.py] net forward
[loftr_wrapper.py] mconf, 0.20163407921791077 0.631343424320221
[loftr_wrapper.py] pair_ids (38,)
[loftr_wrapper.py] corres: (38, 5)
[loftr_wrapper.py] image0: torch.Size([1, 1, 400, 400])
[loftr_wrapper.py] net forward
[loftr_wrapper.py] mconf, 0.20209302008152008 0.5419290661811829
[loftr_wrapper.py] pair_ids (40,)
[loftr_wrapper.py] corres: (40, 5)
[loftr_wrapper.py] image0: torch.Size([1, 1, 400, 400])
[loftr_wrapper.py] net forward
[loftr_wrapper.py] mconf, 0.2083965539932251 0.7343135476112366
[loftr_wrapper.py] pair_ids (40,)
[loftr_wrapper.py] corres: (40, 5)
[loftr_wrapper.py] image0: torch.Size([1, 1, 400, 400])
[loftr_wrapper.py] net forward
[loftr_wrapper.py] mconf, 0.20074352622032166 0.7223402857780457
[loftr_wrapper.py] pair_ids (41,)
[loftr_wrapper.py] corres: (41, 5)
[loftr_wrapper.py] image0: torch.Size([1, 1, 400, 400])
[loftr_wrapper.py] net forward
[loftr_wrapper.py] mconf, 0.20058874785900116 0.7247727513313293
[loftr_wrapper.py] pair_ids (61,)
[loftr_wrapper.py] corres: (61, 5)
[loftr_wrapper.py] image0: torch.Size([1, 1, 400, 400])
[loftr_wrapper.py] net forward
[loftr_wrapper.py] mconf, 0.20118431746959686 0.8083016872406006
[loftr_wrapper.py] pair_ids (77,)
[loftr_wrapper.py] corres: (77, 5)
[loftr_wrapper.py] image0: torch.Size([1, 1, 400, 400])
[loftr_wrapper.py] net forward
[loftr_wrapper.py] mconf, 0.20241236686706543 0.5674581527709961
[loftr_wrapper.py] pair_ids (79,)
[loftr_wrapper.py] corres: (79, 5)
[loftr_wrapper.py] image0: torch.Size([1, 1, 400, 400])
[loftr_wrapper.py] net forward
[loftr_wrapper.py] mconf, 0.20058129727840424 0.8579911589622498
[loftr_wrapper.py] pair_ids (82,)
[loftr_wrapper.py] corres: (82, 5)
[loftr_wrapper.py] image0: torch.Size([1, 1, 400, 400])
[loftr_wrapper.py] net forward
[loftr_wrapper.py] mconf, 0.20324917137622833 0.9164779782295227
[loftr_wrapper.py] pair_ids (128,)
[loftr_wrapper.py] corres: (128, 5)
[loftr_wrapper.py] image0: torch.Size([1, 1, 400, 400])
[loftr_wrapper.py] net forward
[loftr_wrapper.py] mconf, 0.20271217823028564 0.7716619968414307
[loftr_wrapper.py] pair_ids (59,)
[loftr_wrapper.py] corres: (59, 5)
[loftr_wrapper.py] image0: torch.Size([1, 1, 400, 400])
[loftr_wrapper.py] net forward
[loftr_wrapper.py] mconf, 0.2011861950159073 0.6621506214141846
[loftr_wrapper.py] pair_ids (61,)
[loftr_wrapper.py] corres: (61, 5)
[loftr_wrapper.py] image0: torch.Size([1, 1, 400, 400])
[loftr_wrapper.py] net forward
[loftr_wrapper.py] mconf, 0.2001454085111618 0.9130801558494568
[loftr_wrapper.py] pair_ids (70,)
[loftr_wrapper.py] corres: (70, 5)
[loftr_wrapper.py] image0: torch.Size([1, 1, 400, 400])
[loftr_wrapper.py] net forward
[loftr_wrapper.py] mconf, 0.20171140134334564 0.5615477561950684
[loftr_wrapper.py] pair_ids (48,)
[loftr_wrapper.py] corres: (48, 5)
[loftr_wrapper.py] image0: torch.Size([1, 1, 400, 400])
[loftr_wrapper.py] net forward
[loftr_wrapper.py] mconf, 0.2003570944070816 0.670628547668457
[loftr_wrapper.py] pair_ids (54,)
[loftr_wrapper.py] corres: (54, 5)
[loftr_wrapper.py] image0: torch.Size([1, 1, 400, 400])
[loftr_wrapper.py] net forward
[loftr_wrapper.py] mconf, 0.2009829431772232 0.6848320364952087
[loftr_wrapper.py] pair_ids (42,)
[loftr_wrapper.py] corres: (42, 5)
  A MD-prior AP10 151/177 2.4s/kf | E-I=5.75 E-L=7.19 E-V2=117.33 E-V5b=109.56 E-V5d=109.59 E-V5x2=17.95 E-VI=22.49 | rot0 6.23
/home/kist/Desktop/BundleSAM3DGS/experiments/vggt_probe/models.py:30: FutureWarning: `torch.cuda.amp.autocast(args...)` is deprecated. Please use `torch.amp.autocast('cuda', args...)` instead.
  with torch.cuda.amp.autocast(dtype=torch.bfloat16):
/home/kist/venvs/vggt_probe/lib/python3.10/site-packages/vggt/models/vggt.py:65: FutureWarning: `torch.cuda.amp.autocast(args...)` is deprecated. Please use `torch.amp.autocast('cuda', args...)` instead.
  with torch.cuda.amp.autocast(enabled=False):
[loftr_wrapper.py] image0: torch.Size([1, 1, 400, 400])
/home/kist/Desktop/BundleSAM3DGS/loftr_wrapper.py:45: FutureWarning: `torch.cuda.amp.autocast(args...)` is deprecated. Please use `torch.amp.autocast('cuda', args...)` instead.
  with torch.cuda.amp.autocast(enabled=True):
[loftr_wrapper.py] net forward
[loftr_wrapper.py] mconf, 0.2048799842596054 0.4624097943305969
[loftr_wrapper.py] pair_ids (40,)
[loftr_wrapper.py] corres: (40, 5)
[loftr_wrapper.py] image0: torch.Size([1, 1, 400, 400])
[loftr_wrapper.py] net forward
[loftr_wrapper.py] mconf, 0.20029354095458984 0.7662274241447449
[loftr_wrapper.py] pair_ids (46,)
[loftr_wrapper.py] corres: (46, 5)
[loftr_wrapper.py] image0: torch.Size([1, 1, 400, 400])
[loftr_wrapper.py] net forward
[loftr_wrapper.py] mconf, 0.20107999444007874 0.7106627821922302
[loftr_wrapper.py] pair_ids (53,)
[loftr_wrapper.py] corres: (53, 5)
[loftr_wrapper.py] image0: torch.Size([1, 1, 400, 400])
[loftr_wrapper.py] net forward
[loftr_wrapper.py] mconf, 0.20025232434272766 0.579409658908844
[loftr_wrapper.py] pair_ids (45,)
[loftr_wrapper.py] corres: (45, 5)
[loftr_wrapper.py] image0: torch.Size([1, 1, 400, 400])
[loftr_wrapper.py] net forward
[loftr_wrapper.py] mconf, 0.20187170803546906 0.7646641731262207
[loftr_wrapper.py] pair_ids (42,)
[loftr_wrapper.py] corres: (42, 5)
[loftr_wrapper.py] image0: torch.Size([1, 1, 400, 400])
[loftr_wrapper.py] net forward
[loftr_wrapper.py] mconf, 0.20178936421871185 0.6975423097610474
[loftr_wrapper.py] pair_ids (61,)
[loftr_wrapper.py] corres: (61, 5)
[loftr_wrapper.py] image0: torch.Size([1, 1, 400, 400])
[loftr_wrapper.py] net forward
[loftr_wrapper.py] mconf, 0.20422178506851196 0.6860849857330322
[loftr_wrapper.py] pair_ids (44,)
[loftr_wrapper.py] corres: (44, 5)
[loftr_wrapper.py] image0: torch.Size([1, 1, 400, 400])
[loftr_wrapper.py] net forward
[loftr_wrapper.py] mconf, 0.20836226642131805 0.8155850768089294
[loftr_wrapper.py] pair_ids (49,)
[loftr_wrapper.py] corres: (49, 5)
[loftr_wrapper.py] image0: torch.Size([1, 1, 400, 400])
[loftr_wrapper.py] net forward
[loftr_wrapper.py] mconf, 0.2062412053346634 0.8126387000083923
[loftr_wrapper.py] pair_ids (57,)
[loftr_wrapper.py] corres: (57, 5)
[loftr_wrapper.py] image0: torch.Size([1, 1, 400, 400])
[loftr_wrapper.py] net forward
[loftr_wrapper.py] mconf, 0.20018714666366577 0.799835205078125
[loftr_wrapper.py] pair_ids (72,)
[loftr_wrapper.py] corres: (72, 5)
[loftr_wrapper.py] image0: torch.Size([1, 1, 400, 400])
[loftr_wrapper.py] net forward
[loftr_wrapper.py] mconf, 0.20081333816051483 0.7765970826148987
[loftr_wrapper.py] pair_ids (50,)
[loftr_wrapper.py] corres: (50, 5)
[loftr_wrapper.py] image0: torch.Size([1, 1, 400, 400])
[loftr_wrapper.py] net forward
[loftr_wrapper.py] mconf, 0.20707765221595764 0.7073302268981934
[loftr_wrapper.py] pair_ids (39,)
[loftr_wrapper.py] corres: (39, 5)
[loftr_wrapper.py] image0: torch.Size([1, 1, 400, 400])
[loftr_wrapper.py] net forward
[loftr_wrapper.py] mconf, 0.2007887363433838 0.5202522277832031
[loftr_wrapper.py] pair_ids (51,)
[loftr_wrapper.py] corres: (51, 5)
[loftr_wrapper.py] image0: torch.Size([1, 1, 400, 400])
[loftr_wrapper.py] net forward
[loftr_wrapper.py] mconf, 0.2005695402622223 0.8386849164962769
[loftr_wrapper.py] pair_ids (45,)
[loftr_wrapper.py] corres: (45, 5)
[loftr_wrapper.py] image0: torch.Size([1, 1, 400, 400])
[loftr_wrapper.py] net forward
[loftr_wrapper.py] mconf, 0.20887164771556854 0.595104455947876
[loftr_wrapper.py] pair_ids (32,)
[loftr_wrapper.py] corres: (32, 5)
[loftr_wrapper.py] image0: torch.Size([1, 1, 400, 400])
[loftr_wrapper.py] net forward
[loftr_wrapper.py] mconf, 0.20468159019947052 0.4708409309387207
[loftr_wrapper.py] pair_ids (24,)
[loftr_wrapper.py] corres: (24, 5)
[loftr_wrapper.py] image0: torch.Size([1, 1, 400, 400])
[loftr_wrapper.py] net forward
[loftr_wrapper.py] mconf, 0.20270559191703796 0.6113256216049194
[loftr_wrapper.py] pair_ids (38,)
[loftr_wrapper.py] corres: (38, 5)
[loftr_wrapper.py] image0: torch.Size([1, 1, 400, 400])
[loftr_wrapper.py] net forward
[loftr_wrapper.py] mconf, 0.2013051062822342 0.6471177935600281
[loftr_wrapper.py] pair_ids (38,)
[loftr_wrapper.py] corres: (38, 5)
[loftr_wrapper.py] image0: torch.Size([1, 1, 400, 400])
[loftr_wrapper.py] net forward
[loftr_wrapper.py] mconf, 0.20679670572280884 0.6605746746063232
[loftr_wrapper.py] pair_ids (36,)
[loftr_wrapper.py] corres: (36, 5)
[loftr_wrapper.py] image0: torch.Size([1, 1, 400, 400])
[loftr_wrapper.py] net forward
[loftr_wrapper.py] mconf, 0.2064570188522339 0.5857285857200623
[loftr_wrapper.py] pair_ids (26,)
[loftr_wrapper.py] corres: (26, 5)
[loftr_wrapper.py] image0: torch.Size([1, 1, 400, 400])
[loftr_wrapper.py] net forward
[loftr_wrapper.py] mconf, 0.20335955917835236 0.5347718000411987
[loftr_wrapper.py] pair_ids (19,)
[loftr_wrapper.py] corres: (19, 5)
[loftr_wrapper.py] image0: torch.Size([1, 1, 400, 400])
[loftr_wrapper.py] net forward
[loftr_wrapper.py] mconf, 0.20036476850509644 0.5307266712188721
[loftr_wrapper.py] pair_ids (36,)
[loftr_wrapper.py] corres: (36, 5)
[loftr_wrapper.py] image0: torch.Size([1, 1, 400, 400])
[loftr_wrapper.py] net forward
[loftr_wrapper.py] mconf, 0.20182932913303375 0.8015388250350952
[loftr_wrapper.py] pair_ids (34,)
[loftr_wrapper.py] corres: (34, 5)
[loftr_wrapper.py] image0: torch.Size([1, 1, 400, 400])
[loftr_wrapper.py] net forward
[loftr_wrapper.py] mconf, 0.20571638643741608 0.6453055143356323
[loftr_wrapper.py] pair_ids (35,)
[loftr_wrapper.py] corres: (35, 5)
[loftr_wrapper.py] image0: torch.Size([1, 1, 400, 400])
[loftr_wrapper.py] net forward
[loftr_wrapper.py] mconf, 0.2008924037218094 0.5780776143074036
[loftr_wrapper.py] pair_ids (32,)
[loftr_wrapper.py] corres: (32, 5)
  A MD-prior AP10 176/177 2.4s/kf | E-I=7.67 E-L=22.66 E-V2=160.74 E-V5b=129.18 E-V5d=129.27 E-V5x2=47.36 E-VI=52.33 | rot0 18.81
/home/kist/Desktop/BundleSAM3DGS/experiments/vggt_probe/models.py:30: FutureWarning: `torch.cuda.amp.autocast(args...)` is deprecated. Please use `torch.amp.autocast('cuda', args...)` instead.
  with torch.cuda.amp.autocast(dtype=torch.bfloat16):
/home/kist/venvs/vggt_probe/lib/python3.10/site-packages/vggt/models/vggt.py:65: FutureWarning: `torch.cuda.amp.autocast(args...)` is deprecated. Please use `torch.amp.autocast('cuda', args...)` instead.
  with torch.cuda.amp.autocast(enabled=False):
[loftr_wrapper.py] image0: torch.Size([1, 1, 400, 400])
/home/kist/Desktop/BundleSAM3DGS/loftr_wrapper.py:45: FutureWarning: `torch.cuda.amp.autocast(args...)` is deprecated. Please use `torch.amp.autocast('cuda', args...)` instead.
  with torch.cuda.amp.autocast(enabled=True):
[loftr_wrapper.py] net forward
[loftr_wrapper.py] mconf, 0.20560003817081451 0.8146340847015381
[loftr_wrapper.py] pair_ids (59,)
[loftr_wrapper.py] corres: (59, 5)
DONE A MD-prior AP10 jobs 177 443s | E-I=5.49/21% E-L=7.44/19% E-V2=145.04/0% E-V5b=128.40/0% E-V5d=128.93/0% E-V5x2=35.57/0% E-VI=56.95/6% | rot0 6.10
/home/kist/Desktop/BundleSAM3DGS/experiments/vggt_probe/models.py:30: FutureWarning: `torch.cuda.amp.autocast(args...)` is deprecated. Please use `torch.amp.autocast('cuda', args...)` instead.
  with torch.cuda.amp.autocast(dtype=torch.bfloat16):
/home/kist/venvs/vggt_probe/lib/python3.10/site-packages/vggt/models/vggt.py:65: FutureWarning: `torch.cuda.amp.autocast(args...)` is deprecated. Please use `torch.amp.autocast('cuda', args...)` instead.
  with torch.cuda.amp.autocast(enabled=False):
[loftr_wrapper.py] image0: torch.Size([1, 1, 400, 400])
/home/kist/Desktop/BundleSAM3DGS/loftr_wrapper.py:45: FutureWarning: `torch.cuda.amp.autocast(args...)` is deprecated. Please use `torch.amp.autocast('cuda', args...)` instead.
  with torch.cuda.amp.autocast(enabled=True):
[loftr_wrapper.py] net forward
[loftr_wrapper.py] mconf, 0.20109869539737701 0.9975971579551697
[loftr_wrapper.py] pair_ids (408,)
[loftr_wrapper.py] corres: (408, 5)
  A MD-prior AP11 1/177 2.5s/kf | E-I=3.92 E-L=0.88 E-V2=5.39 E-V5b=173.94 E-V5d=173.65 E-V5x2=140.79 E-VI=140.79 | rot0 0.00
/home/kist/Desktop/BundleSAM3DGS/experiments/vggt_probe/models.py:30: FutureWarning: `torch.cuda.amp.autocast(args...)` is deprecated. Please use `torch.amp.autocast('cuda', args...)` instead.
  with torch.cuda.amp.autocast(dtype=torch.bfloat16):
/home/kist/venvs/vggt_probe/lib/python3.10/site-packages/vggt/models/vggt.py:65: FutureWarning: `torch.cuda.amp.autocast(args...)` is deprecated. Please use `torch.amp.autocast('cuda', args...)` instead.
  with torch.cuda.amp.autocast(enabled=False):
[loftr_wrapper.py] image0: torch.Size([1, 1, 400, 400])
/home/kist/Desktop/BundleSAM3DGS/loftr_wrapper.py:45: FutureWarning: `torch.cuda.amp.autocast(args...)` is deprecated. Please use `torch.amp.autocast('cuda', args...)` instead.
  with torch.cuda.amp.autocast(enabled=True):
[loftr_wrapper.py] net forward
[loftr_wrapper.py] mconf, 0.20272855460643768 0.9933180212974548
[loftr_wrapper.py] pair_ids (353,)
[loftr_wrapper.py] corres: (353, 5)
[loftr_wrapper.py] image0: torch.Size([1, 1, 400, 400])
[loftr_wrapper.py] net forward
[loftr_wrapper.py] mconf, 0.20082475244998932 0.9948043823242188
[loftr_wrapper.py] pair_ids (346,)
[loftr_wrapper.py] corres: (346, 5)
[loftr_wrapper.py] image0: torch.Size([1, 1, 400, 400])
[loftr_wrapper.py] net forward
[loftr_wrapper.py] mconf, 0.2010067105293274 0.986792802810669
[loftr_wrapper.py] pair_ids (381,)
[loftr_wrapper.py] corres: (381, 5)
[loftr_wrapper.py] image0: torch.Size([1, 1, 400, 400])
[loftr_wrapper.py] net forward
[loftr_wrapper.py] mconf, 0.20053352415561676 0.9990240335464478
[loftr_wrapper.py] pair_ids (413,)
[loftr_wrapper.py] corres: (413, 5)
[loftr_wrapper.py] image0: torch.Size([1, 1, 400, 400])
[loftr_wrapper.py] net forward
[loftr_wrapper.py] mconf, 0.20014895498752594 0.9782470464706421
[loftr_wrapper.py] pair_ids (323,)
[loftr_wrapper.py] corres: (323, 5)
[loftr_wrapper.py] image0: torch.Size([1, 1, 400, 400])
[loftr_wrapper.py] net forward
[loftr_wrapper.py] mconf, 0.20445512235164642 0.9676486253738403
[loftr_wrapper.py] pair_ids (237,)
[loftr_wrapper.py] corres: (237, 5)
[loftr_wrapper.py] image0: torch.Size([1, 1, 400, 400])
[loftr_wrapper.py] net forward
[loftr_wrapper.py] mconf, 0.20023375749588013 0.9847429394721985
[loftr_wrapper.py] pair_ids (235,)
[loftr_wrapper.py] corres: (235, 5)
[loftr_wrapper.py] image0: torch.Size([1, 1, 400, 400])
[loftr_wrapper.py] net forward
[loftr_wrapper.py] mconf, 0.2008819878101349 0.9838351011276245
[loftr_wrapper.py] pair_ids (252,)
[loftr_wrapper.py] corres: (252, 5)
[loftr_wrapper.py] image0: torch.Size([1, 1, 400, 400])
[loftr_wrapper.py] net forward
[loftr_wrapper.py] mconf, 0.2009442299604416 0.9941961169242859
[loftr_wrapper.py] pair_ids (230,)
[loftr_wrapper.py] corres: (230, 5)
[loftr_wrapper.py] image0: torch.Size([1, 1, 400, 400])
[loftr_wrapper.py] net forward
[loftr_wrapper.py] mconf, 0.20049868524074554 0.9700946807861328
[loftr_wrapper.py] pair_ids (248,)
[loftr_wrapper.py] corres: (248, 5)
[loftr_wrapper.py] image0: torch.Size([1, 1, 400, 400])
[loftr_wrapper.py] net forward
[loftr_wrapper.py] mconf, 0.2004212737083435 0.9372764229774475
[loftr_wrapper.py] pair_ids (253,)
[loftr_wrapper.py] corres: (253, 5)
[loftr_wrapper.py] image0: torch.Size([1, 1, 400, 400])
[loftr_wrapper.py] net forward
[loftr_wrapper.py] mconf, 0.20012441277503967 0.988010585308075
[loftr_wrapper.py] pair_ids (259,)
[loftr_wrapper.py] corres: (259, 5)
[loftr_wrapper.py] image0: torch.Size([1, 1, 400, 400])
[loftr_wrapper.py] net forward
[loftr_wrapper.py] mconf, 0.20186235010623932 0.9350761771202087
[loftr_wrapper.py] pair_ids (224,)
[loftr_wrapper.py] corres: (224, 5)
[loftr_wrapper.py] image0: torch.Size([1, 1, 400, 400])
[loftr_wrapper.py] net forward
[loftr_wrapper.py] mconf, 0.20115876197814941 0.9696855545043945
[loftr_wrapper.py] pair_ids (184,)
[loftr_wrapper.py] corres: (184, 5)
[loftr_wrapper.py] image0: torch.Size([1, 1, 400, 400])
[loftr_wrapper.py] net forward
[loftr_wrapper.py] mconf, 0.20009183883666992 0.963981568813324
[loftr_wrapper.py] pair_ids (179,)
[loftr_wrapper.py] corres: (179, 5)
[loftr_wrapper.py] image0: torch.Size([1, 1, 400, 400])
[loftr_wrapper.py] net forward
[loftr_wrapper.py] mconf, 0.20141717791557312 0.9488009214401245
[loftr_wrapper.py] pair_ids (144,)
[loftr_wrapper.py] corres: (144, 5)
[loftr_wrapper.py] image0: torch.Size([1, 1, 400, 400])
[loftr_wrapper.py] net forward
[loftr_wrapper.py] mconf, 0.20426593720912933 0.9365845918655396
[loftr_wrapper.py] pair_ids (146,)
[loftr_wrapper.py] corres: (146, 5)
[loftr_wrapper.py] image0: torch.Size([1, 1, 400, 400])
[loftr_wrapper.py] net forward
[loftr_wrapper.py] mconf, 0.20084266364574432 0.8147199153900146
[loftr_wrapper.py] pair_ids (116,)
[loftr_wrapper.py] corres: (116, 5)
[loftr_wrapper.py] image0: torch.Size([1, 1, 400, 400])
[loftr_wrapper.py] net forward
[loftr_wrapper.py] mconf, 0.2012113630771637 0.859351634979248
[loftr_wrapper.py] pair_ids (95,)
[loftr_wrapper.py] corres: (95, 5)
[loftr_wrapper.py] image0: torch.Size([1, 1, 400, 400])
[loftr_wrapper.py] net forward
[loftr_wrapper.py] mconf, 0.2006029337644577 0.9781825542449951
[loftr_wrapper.py] pair_ids (214,)
[loftr_wrapper.py] corres: (214, 5)
[loftr_wrapper.py] image0: torch.Size([1, 1, 400, 400])
[loftr_wrapper.py] net forward
[loftr_wrapper.py] mconf, 0.20137827098369598 0.9558849334716797
[loftr_wrapper.py] pair_ids (197,)
[loftr_wrapper.py] corres: (197, 5)
[loftr_wrapper.py] image0: torch.Size([1, 1, 400, 400])
[loftr_wrapper.py] net forward
[loftr_wrapper.py] mconf, 0.20095916092395782 0.9765977263450623
[loftr_wrapper.py] pair_ids (251,)
[loftr_wrapper.py] corres: (251, 5)
[loftr_wrapper.py] image0: torch.Size([1, 1, 400, 400])
[loftr_wrapper.py] net forward
[loftr_wrapper.py] mconf, 0.20050981640815735 0.971146285533905
[loftr_wrapper.py] pair_ids (267,)
[loftr_wrapper.py] corres: (267, 5)
[loftr_wrapper.py] image0: torch.Size([1, 1, 400, 400])
[loftr_wrapper.py] net forward
[loftr_wrapper.py] mconf, 0.20003581047058105 0.9765458703041077
[loftr_wrapper.py] pair_ids (246,)
[loftr_wrapper.py] corres: (246, 5)
[loftr_wrapper.py] image0: torch.Size([1, 1, 400, 400])
[loftr_wrapper.py] net forward
[loftr_wrapper.py] mconf, 0.20063480734825134 0.9848910570144653
[loftr_wrapper.py] pair_ids (257,)
[loftr_wrapper.py] corres: (257, 5)
  A MD-prior AP11 26/177 2.5s/kf | E-I=10.80 E-L=3.68 E-V2=24.02 E-V5b=33.87 E-V5d=34.13 E-V5x2=21.71 E-VI=29.45 | rot0 2.84
/home/kist/Desktop/BundleSAM3DGS/experiments/vggt_probe/models.py:30: FutureWarning: `torch.cuda.amp.autocast(args...)` is deprecated. Please use `torch.amp.autocast('cuda', args...)` instead.
  with torch.cuda.amp.autocast(dtype=torch.bfloat16):
/home/kist/venvs/vggt_probe/lib/python3.10/site-packages/vggt/models/vggt.py:65: FutureWarning: `torch.cuda.amp.autocast(args...)` is deprecated. Please use `torch.amp.autocast('cuda', args...)` instead.
  with torch.cuda.amp.autocast(enabled=False):
[loftr_wrapper.py] image0: torch.Size([1, 1, 400, 400])
/home/kist/Desktop/BundleSAM3DGS/loftr_wrapper.py:45: FutureWarning: `torch.cuda.amp.autocast(args...)` is deprecated. Please use `torch.amp.autocast('cuda', args...)` instead.
  with torch.cuda.amp.autocast(enabled=True):
[loftr_wrapper.py] net forward
[loftr_wrapper.py] mconf, 0.20021863281726837 0.9797435998916626
[loftr_wrapper.py] pair_ids (282,)
[loftr_wrapper.py] corres: (282, 5)
[loftr_wrapper.py] image0: torch.Size([1, 1, 400, 400])
[loftr_wrapper.py] net forward
[loftr_wrapper.py] mconf, 0.20091645419597626 0.9863891005516052
[loftr_wrapper.py] pair_ids (241,)
[loftr_wrapper.py] corres: (241, 5)
[loftr_wrapper.py] image0: torch.Size([1, 1, 400, 400])
[loftr_wrapper.py] net forward
[loftr_wrapper.py] mconf, 0.20012779533863068 0.9871315956115723
[loftr_wrapper.py] pair_ids (270,)
[loftr_wrapper.py] corres: (270, 5)
[loftr_wrapper.py] image0: torch.Size([1, 1, 400, 400])
[loftr_wrapper.py] net forward
[loftr_wrapper.py] mconf, 0.20009446144104004 0.9926938414573669
[loftr_wrapper.py] pair_ids (295,)
[loftr_wrapper.py] corres: (295, 5)
[loftr_wrapper.py] image0: torch.Size([1, 1, 400, 400])
[loftr_wrapper.py] net forward
[loftr_wrapper.py] mconf, 0.20041167736053467 0.989820122718811
[loftr_wrapper.py] pair_ids (288,)
[loftr_wrapper.py] corres: (288, 5)
[loftr_wrapper.py] image0: torch.Size([1, 1, 400, 400])
[loftr_wrapper.py] net forward
[loftr_wrapper.py] mconf, 0.20047341287136078 0.9961111545562744
[loftr_wrapper.py] pair_ids (294,)
[loftr_wrapper.py] corres: (294, 5)
[loftr_wrapper.py] image0: torch.Size([1, 1, 400, 400])
[loftr_wrapper.py] net forward
[loftr_wrapper.py] mconf, 0.20161834359169006 0.9861249923706055
[loftr_wrapper.py] pair_ids (250,)
[loftr_wrapper.py] corres: (250, 5)
[loftr_wrapper.py] image0: torch.Size([1, 1, 400, 400])
[loftr_wrapper.py] net forward
[loftr_wrapper.py] mconf, 0.20255693793296814 0.9677904844284058
[loftr_wrapper.py] pair_ids (179,)
[loftr_wrapper.py] corres: (179, 5)
[loftr_wrapper.py] image0: torch.Size([1, 1, 400, 400])
[loftr_wrapper.py] net forward
[loftr_wrapper.py] mconf, 0.20008079707622528 0.9936619400978088
[loftr_wrapper.py] pair_ids (145,)
[loftr_wrapper.py] corres: (145, 5)
[loftr_wrapper.py] image0: torch.Size([1, 1, 400, 400])
[loftr_wrapper.py] net forward
[loftr_wrapper.py] mconf, 0.202633336186409 0.8311434984207153
[loftr_wrapper.py] pair_ids (113,)
[loftr_wrapper.py] corres: (113, 5)
[loftr_wrapper.py] image0: torch.Size([1, 1, 400, 400])
[loftr_wrapper.py] net forward
[loftr_wrapper.py] mconf, 0.20256595313549042 0.7766676545143127
[loftr_wrapper.py] pair_ids (95,)
[loftr_wrapper.py] corres: (95, 5)
[loftr_wrapper.py] image0: torch.Size([1, 1, 400, 400])
[loftr_wrapper.py] net forward
[loftr_wrapper.py] mconf, 0.2004075050354004 0.7202398777008057
[loftr_wrapper.py] pair_ids (73,)
[loftr_wrapper.py] corres: (73, 5)
[loftr_wrapper.py] image0: torch.Size([1, 1, 400, 400])
[loftr_wrapper.py] net forward
[loftr_wrapper.py] mconf, 0.20064033567905426 0.8273884057998657
[loftr_wrapper.py] pair_ids (83,)
[loftr_wrapper.py] corres: (83, 5)
[loftr_wrapper.py] image0: torch.Size([1, 1, 400, 400])
[loftr_wrapper.py] net forward
[loftr_wrapper.py] mconf, 0.20115527510643005 0.7978033423423767
[loftr_wrapper.py] pair_ids (69,)
[loftr_wrapper.py] corres: (69, 5)
[loftr_wrapper.py] image0: torch.Size([1, 1, 400, 400])
[loftr_wrapper.py] net forward
[loftr_wrapper.py] mconf, 0.20387676358222961 0.6834530234336853
[loftr_wrapper.py] pair_ids (75,)
[loftr_wrapper.py] corres: (75, 5)
[loftr_wrapper.py] image0: torch.Size([1, 1, 400, 400])
[loftr_wrapper.py] net forward
[loftr_wrapper.py] mconf, 0.20050600171089172 0.5784075856208801
[loftr_wrapper.py] pair_ids (69,)
[loftr_wrapper.py] corres: (69, 5)
[loftr_wrapper.py] image0: torch.Size([1, 1, 400, 400])
[loftr_wrapper.py] net forward
[loftr_wrapper.py] mconf, 0.20030514895915985 0.754144012928009
[loftr_wrapper.py] pair_ids (69,)
[loftr_wrapper.py] corres: (69, 5)
[loftr_wrapper.py] image0: torch.Size([1, 1, 400, 400])
[loftr_wrapper.py] net forward
[loftr_wrapper.py] mconf, 0.2029774934053421 0.6324012279510498
[loftr_wrapper.py] pair_ids (56,)
[loftr_wrapper.py] corres: (56, 5)
[loftr_wrapper.py] image0: torch.Size([1, 1, 400, 400])
[loftr_wrapper.py] net forward
[loftr_wrapper.py] mconf, 0.20167376101016998 0.5873153805732727
[loftr_wrapper.py] pair_ids (46,)
[loftr_wrapper.py] corres: (46, 5)
[loftr_wrapper.py] image0: torch.Size([1, 1, 400, 400])
[loftr_wrapper.py] net forward
[loftr_wrapper.py] mconf, 0.20095816254615784 0.6691070199012756
[loftr_wrapper.py] pair_ids (41,)
[loftr_wrapper.py] corres: (41, 5)
[loftr_wrapper.py] image0: torch.Size([1, 1, 400, 400])
[loftr_wrapper.py] net forward
[loftr_wrapper.py] mconf, 0.2057909369468689 0.6644850969314575
[loftr_wrapper.py] pair_ids (32,)
[loftr_wrapper.py] corres: (32, 5)
[loftr_wrapper.py] image0: torch.Size([1, 1, 400, 400])
[loftr_wrapper.py] net forward
[loftr_wrapper.py] mconf, 0.20020148158073425 0.5929997563362122
[loftr_wrapper.py] pair_ids (42,)
[loftr_wrapper.py] corres: (42, 5)
[loftr_wrapper.py] image0: torch.Size([1, 1, 400, 400])
[loftr_wrapper.py] net forward
[loftr_wrapper.py] mconf, 0.20100532472133636 0.4424619674682617
[loftr_wrapper.py] pair_ids (32,)
[loftr_wrapper.py] corres: (32, 5)
[loftr_wrapper.py] image0: torch.Size([1, 1, 400, 400])
[loftr_wrapper.py] net forward
[loftr_wrapper.py] mconf, 0.20275390148162842 0.6667274236679077
[loftr_wrapper.py] pair_ids (26,)
[loftr_wrapper.py] corres: (26, 5)
[loftr_wrapper.py] image0: torch.Size([1, 1, 400, 400])
[loftr_wrapper.py] net forward
[loftr_wrapper.py] mconf, 0.20349231362342834 0.5348465442657471
[loftr_wrapper.py] pair_ids (22,)
[loftr_wrapper.py] corres: (22, 5)
  A MD-prior AP11 51/177 2.5s/kf | E-I=10.85 E-L=18.40 E-V2=97.71 E-V5b=105.34 E-V5d=105.70 E-V5x2=60.28 E-VI=60.28 | rot0 21.77
/home/kist/Desktop/BundleSAM3DGS/experiments/vggt_probe/models.py:30: FutureWarning: `torch.cuda.amp.autocast(args...)` is deprecated. Please use `torch.amp.autocast('cuda', args...)` instead.
  with torch.cuda.amp.autocast(dtype=torch.bfloat16):
/home/kist/venvs/vggt_probe/lib/python3.10/site-packages/vggt/models/vggt.py:65: FutureWarning: `torch.cuda.amp.autocast(args...)` is deprecated. Please use `torch.amp.autocast('cuda', args...)` instead.
  with torch.cuda.amp.autocast(enabled=False):
[loftr_wrapper.py] image0: torch.Size([1, 1, 400, 400])
/home/kist/Desktop/BundleSAM3DGS/loftr_wrapper.py:45: FutureWarning: `torch.cuda.amp.autocast(args...)` is deprecated. Please use `torch.amp.autocast('cuda', args...)` instead.
  with torch.cuda.amp.autocast(enabled=True):
[loftr_wrapper.py] net forward
[loftr_wrapper.py] mconf, 0.20008349418640137 0.7931988835334778
[loftr_wrapper.py] pair_ids (26,)
[loftr_wrapper.py] corres: (26, 5)
[loftr_wrapper.py] image0: torch.Size([1, 1, 400, 400])
[loftr_wrapper.py] net forward
[loftr_wrapper.py] mconf, 0.20079752802848816 0.7298823595046997
[loftr_wrapper.py] pair_ids (30,)
[loftr_wrapper.py] corres: (30, 5)
[loftr_wrapper.py] image0: torch.Size([1, 1, 400, 400])
[loftr_wrapper.py] net forward
[loftr_wrapper.py] mconf, 0.20787011086940765 0.8261146545410156
[loftr_wrapper.py] pair_ids (27,)
[loftr_wrapper.py] corres: (27, 5)
[loftr_wrapper.py] image0: torch.Size([1, 1, 400, 400])
[loftr_wrapper.py] net forward
[loftr_wrapper.py] mconf, 0.20618443191051483 0.6455556154251099
[loftr_wrapper.py] pair_ids (35,)
[loftr_wrapper.py] corres: (35, 5)
[loftr_wrapper.py] image0: torch.Size([1, 1, 400, 400])
[loftr_wrapper.py] net forward
[loftr_wrapper.py] mconf, 0.20743468403816223 0.7402783632278442
[loftr_wrapper.py] pair_ids (41,)
[loftr_wrapper.py] corres: (41, 5)
[loftr_wrapper.py] image0: torch.Size([1, 1, 400, 400])
[loftr_wrapper.py] net forward
[loftr_wrapper.py] mconf, 0.2013440728187561 0.5964775085449219
[loftr_wrapper.py] pair_ids (44,)
[loftr_wrapper.py] corres: (44, 5)
[loftr_wrapper.py] image0: torch.Size([1, 1, 400, 400])
[loftr_wrapper.py] net forward
[loftr_wrapper.py] mconf, 0.20270833373069763 0.4977661967277527
[loftr_wrapper.py] pair_ids (23,)
[loftr_wrapper.py] corres: (23, 5)
[loftr_wrapper.py] image0: torch.Size([1, 1, 400, 400])
[loftr_wrapper.py] net forward
[loftr_wrapper.py] mconf, 0.20313464105129242 0.7816575765609741
[loftr_wrapper.py] pair_ids (28,)
[loftr_wrapper.py] corres: (28, 5)
[loftr_wrapper.py] image0: torch.Size([1, 1, 400, 400])
[loftr_wrapper.py] net forward
[loftr_wrapper.py] mconf, 0.20432910323143005 0.581169843673706
[loftr_wrapper.py] pair_ids (37,)
[loftr_wrapper.py] corres: (37, 5)
[loftr_wrapper.py] image0: torch.Size([1, 1, 400, 400])
[loftr_wrapper.py] net forward
[loftr_wrapper.py] mconf, 0.2015966922044754 0.6813386082649231
[loftr_wrapper.py] pair_ids (39,)
[loftr_wrapper.py] corres: (39, 5)
[loftr_wrapper.py] image0: torch.Size([1, 1, 400, 400])
[loftr_wrapper.py] net forward
[loftr_wrapper.py] mconf, 0.2032090276479721 0.6153494715690613
[loftr_wrapper.py] pair_ids (65,)
[loftr_wrapper.py] corres: (65, 5)
[loftr_wrapper.py] image0: torch.Size([1, 1, 400, 400])
[loftr_wrapper.py] net forward
[loftr_wrapper.py] mconf, 0.20224128663539886 0.8056706786155701
[loftr_wrapper.py] pair_ids (67,)
[loftr_wrapper.py] corres: (67, 5)
[loftr_wrapper.py] image0: torch.Size([1, 1, 400, 400])
[loftr_wrapper.py] net forward
[loftr_wrapper.py] mconf, 0.20022918283939362 0.7971662282943726
[loftr_wrapper.py] pair_ids (51,)
[loftr_wrapper.py] corres: (51, 5)
[loftr_wrapper.py] image0: torch.Size([1, 1, 400, 400])
[loftr_wrapper.py] net forward
[loftr_wrapper.py] mconf, 0.20033930242061615 0.7184179425239563
[loftr_wrapper.py] pair_ids (42,)
[loftr_wrapper.py] corres: (42, 5)
[loftr_wrapper.py] image0: torch.Size([1, 1, 400, 400])
[loftr_wrapper.py] net forward
[loftr_wrapper.py] mconf, 0.20200057327747345 0.5336833000183105
[loftr_wrapper.py] pair_ids (47,)
[loftr_wrapper.py] corres: (47, 5)
[loftr_wrapper.py] image0: torch.Size([1, 1, 400, 400])
[loftr_wrapper.py] net forward
[loftr_wrapper.py] mconf, 0.20145094394683838 0.754094660282135
[loftr_wrapper.py] pair_ids (68,)
[loftr_wrapper.py] corres: (68, 5)
[loftr_wrapper.py] image0: torch.Size([1, 1, 400, 400])
[loftr_wrapper.py] net forward
[loftr_wrapper.py] mconf, 0.20403975248336792 0.6912772059440613
[loftr_wrapper.py] pair_ids (51,)
[loftr_wrapper.py] corres: (51, 5)
[loftr_wrapper.py] image0: torch.Size([1, 1, 400, 400])
[loftr_wrapper.py] net forward
[loftr_wrapper.py] mconf, 0.20215478539466858 0.7380212545394897
[loftr_wrapper.py] pair_ids (63,)
[loftr_wrapper.py] corres: (63, 5)
[loftr_wrapper.py] image0: torch.Size([1, 1, 400, 400])
[loftr_wrapper.py] net forward
[loftr_wrapper.py] mconf, 0.20043283700942993 0.8006957769393921
[loftr_wrapper.py] pair_ids (60,)
[loftr_wrapper.py] corres: (60, 5)
[loftr_wrapper.py] image0: torch.Size([1, 1, 400, 400])
[loftr_wrapper.py] net forward
[loftr_wrapper.py] mconf, 0.20075412094593048 0.7914987206459045
[loftr_wrapper.py] pair_ids (76,)
[loftr_wrapper.py] corres: (76, 5)
[loftr_wrapper.py] image0: torch.Size([1, 1, 400, 400])
[loftr_wrapper.py] net forward
[loftr_wrapper.py] mconf, 0.20115545392036438 0.7384113669395447
[loftr_wrapper.py] pair_ids (59,)
[loftr_wrapper.py] corres: (59, 5)
[loftr_wrapper.py] image0: torch.Size([1, 1, 400, 400])
[loftr_wrapper.py] net forward
[loftr_wrapper.py] mconf, 0.2018808126449585 0.7298468947410583
[loftr_wrapper.py] pair_ids (72,)
[loftr_wrapper.py] corres: (72, 5)
[loftr_wrapper.py] image0: torch.Size([1, 1, 400, 400])
[loftr_wrapper.py] net forward
[loftr_wrapper.py] mconf, 0.20428775250911713 0.8055310249328613
[loftr_wrapper.py] pair_ids (54,)
[loftr_wrapper.py] corres: (54, 5)
[loftr_wrapper.py] image0: torch.Size([1, 1, 400, 400])
[loftr_wrapper.py] net forward
[loftr_wrapper.py] mconf, 0.20083075761795044 0.8084418773651123
[loftr_wrapper.py] pair_ids (71,)
[loftr_wrapper.py] corres: (71, 5)
[loftr_wrapper.py] image0: torch.Size([1, 1, 400, 400])
[loftr_wrapper.py] net forward
[loftr_wrapper.py] mconf, 0.2002176195383072 0.6996591687202454
[loftr_wrapper.py] pair_ids (53,)
[loftr_wrapper.py] corres: (53, 5)
  A MD-prior AP11 76/177 2.6s/kf | E-I=12.98 E-L=8.09 E-V2=84.15 E-V5b=74.59 E-V5d=75.17 E-V5x2=67.97 E-VI=67.97 | rot0 5.76
/home/kist/Desktop/BundleSAM3DGS/experiments/vggt_probe/models.py:30: FutureWarning: `torch.cuda.amp.autocast(args...)` is deprecated. Please use `torch.amp.autocast('cuda', args...)` instead.
  with torch.cuda.amp.autocast(dtype=torch.bfloat16):
/home/kist/venvs/vggt_probe/lib/python3.10/site-packages/vggt/models/vggt.py:65: FutureWarning: `torch.cuda.amp.autocast(args...)` is deprecated. Please use `torch.amp.autocast('cuda', args...)` instead.
  with torch.cuda.amp.autocast(enabled=False):
[loftr_wrapper.py] image0: torch.Size([1, 1, 400, 400])
/home/kist/Desktop/BundleSAM3DGS/loftr_wrapper.py:45: FutureWarning: `torch.cuda.amp.autocast(args...)` is deprecated. Please use `torch.amp.autocast('cuda', args...)` instead.
  with torch.cuda.amp.autocast(enabled=True):
[loftr_wrapper.py] net forward
[loftr_wrapper.py] mconf, 0.20145943760871887 0.6836576461791992
[loftr_wrapper.py] pair_ids (63,)
[loftr_wrapper.py] corres: (63, 5)
[loftr_wrapper.py] image0: torch.Size([1, 1, 400, 400])
[loftr_wrapper.py] net forward
[loftr_wrapper.py] mconf, 0.20704977214336395 0.7187727689743042
[loftr_wrapper.py] pair_ids (74,)
[loftr_wrapper.py] corres: (74, 5)
[loftr_wrapper.py] image0: torch.Size([1, 1, 400, 400])
[loftr_wrapper.py] net forward
[loftr_wrapper.py] mconf, 0.20156872272491455 0.9574152827262878
[loftr_wrapper.py] pair_ids (80,)
[loftr_wrapper.py] corres: (80, 5)
[loftr_wrapper.py] image0: torch.Size([1, 1, 400, 400])
[loftr_wrapper.py] net forward
[loftr_wrapper.py] mconf, 0.20188868045806885 0.9181339144706726
[loftr_wrapper.py] pair_ids (98,)
[loftr_wrapper.py] corres: (98, 5)
[loftr_wrapper.py] image0: torch.Size([1, 1, 400, 400])
[loftr_wrapper.py] net forward
[loftr_wrapper.py] mconf, 0.20034022629261017 0.9842511415481567
[loftr_wrapper.py] pair_ids (104,)
[loftr_wrapper.py] corres: (104, 5)
[loftr_wrapper.py] image0: torch.Size([1, 1, 400, 400])
[loftr_wrapper.py] net forward
[loftr_wrapper.py] mconf, 0.2032025307416916 0.9199214577674866
[loftr_wrapper.py] pair_ids (116,)
[loftr_wrapper.py] corres: (116, 5)
[loftr_wrapper.py] image0: torch.Size([1, 1, 400, 400])
[loftr_wrapper.py] net forward
[loftr_wrapper.py] mconf, 0.20064499974250793 0.8000224828720093
[loftr_wrapper.py] pair_ids (96,)
[loftr_wrapper.py] corres: (96, 5)
[loftr_wrapper.py] image0: torch.Size([1, 1, 400, 400])
[loftr_wrapper.py] net forward
[loftr_wrapper.py] mconf, 0.2011050432920456 0.9296266436576843
[loftr_wrapper.py] pair_ids (146,)
[loftr_wrapper.py] corres: (146, 5)
[loftr_wrapper.py] image0: torch.Size([1, 1, 400, 400])
[loftr_wrapper.py] net forward
[loftr_wrapper.py] mconf, 0.20075063407421112 0.9725827574729919
[loftr_wrapper.py] pair_ids (116,)
[loftr_wrapper.py] corres: (116, 5)
[loftr_wrapper.py] image0: torch.Size([1, 1, 400, 400])
[loftr_wrapper.py] net forward
[loftr_wrapper.py] mconf, 0.20042011141777039 0.9757069945335388
[loftr_wrapper.py] pair_ids (100,)
[loftr_wrapper.py] corres: (100, 5)
[loftr_wrapper.py] image0: torch.Size([1, 1, 400, 400])
[loftr_wrapper.py] net forward
[loftr_wrapper.py] mconf, 0.2032298445701599 0.880362331867218
[loftr_wrapper.py] pair_ids (76,)
[loftr_wrapper.py] corres: (76, 5)
[loftr_wrapper.py] image0: torch.Size([1, 1, 400, 400])
[loftr_wrapper.py] net forward
[loftr_wrapper.py] mconf, 0.200262650847435 0.845065712928772
[loftr_wrapper.py] pair_ids (88,)
[loftr_wrapper.py] corres: (88, 5)
[loftr_wrapper.py] image0: torch.Size([1, 1, 400, 400])
[loftr_wrapper.py] net forward
[loftr_wrapper.py] mconf, 0.20282751321792603 0.9215948581695557
[loftr_wrapper.py] pair_ids (62,)
[loftr_wrapper.py] corres: (62, 5)
[loftr_wrapper.py] image0: torch.Size([1, 1, 400, 400])
[loftr_wrapper.py] net forward
[loftr_wrapper.py] mconf, 0.20527243614196777 0.9151144027709961
[loftr_wrapper.py] pair_ids (95,)
[loftr_wrapper.py] corres: (95, 5)
[loftr_wrapper.py] image0: torch.Size([1, 1, 400, 400])
[loftr_wrapper.py] net forward
[loftr_wrapper.py] mconf, 0.2011580616235733 0.9139493703842163
[loftr_wrapper.py] pair_ids (99,)
[loftr_wrapper.py] corres: (99, 5)
[loftr_wrapper.py] image0: torch.Size([1, 1, 400, 400])
[loftr_wrapper.py] net forward
[loftr_wrapper.py] mconf, 0.20153950154781342 0.8879486322402954
[loftr_wrapper.py] pair_ids (103,)
[loftr_wrapper.py] corres: (103, 5)
[loftr_wrapper.py] image0: torch.Size([1, 1, 400, 400])
[loftr_wrapper.py] net forward
[loftr_wrapper.py] mconf, 0.20084631443023682 0.8910050392150879
[loftr_wrapper.py] pair_ids (121,)
[loftr_wrapper.py] corres: (121, 5)
[loftr_wrapper.py] image0: torch.Size([1, 1, 400, 400])
[loftr_wrapper.py] net forward
[loftr_wrapper.py] mconf, 0.2005269080400467 0.9373424053192139
[loftr_wrapper.py] pair_ids (136,)
[loftr_wrapper.py] corres: (136, 5)
[loftr_wrapper.py] image0: torch.Size([1, 1, 400, 400])
[loftr_wrapper.py] net forward
[loftr_wrapper.py] mconf, 0.20195387303829193 0.9312882423400879
[loftr_wrapper.py] pair_ids (176,)
[loftr_wrapper.py] corres: (176, 5)
[loftr_wrapper.py] image0: torch.Size([1, 1, 400, 400])
[loftr_wrapper.py] net forward
[loftr_wrapper.py] mconf, 0.20302331447601318 0.9805943369865417
[loftr_wrapper.py] pair_ids (179,)
[loftr_wrapper.py] corres: (179, 5)
[loftr_wrapper.py] image0: torch.Size([1, 1, 400, 400])
[loftr_wrapper.py] net forward
[loftr_wrapper.py] mconf, 0.20194624364376068 0.9786755442619324
[loftr_wrapper.py] pair_ids (183,)
[loftr_wrapper.py] corres: (183, 5)
[loftr_wrapper.py] image0: torch.Size([1, 1, 400, 400])
[loftr_wrapper.py] net forward
[loftr_wrapper.py] mconf, 0.2020988166332245 0.9755083918571472
[loftr_wrapper.py] pair_ids (178,)
[loftr_wrapper.py] corres: (178, 5)
[loftr_wrapper.py] image0: torch.Size([1, 1, 400, 400])
[loftr_wrapper.py] net forward
[loftr_wrapper.py] mconf, 0.20044907927513123 0.9454958438873291
[loftr_wrapper.py] pair_ids (136,)
[loftr_wrapper.py] corres: (136, 5)
[loftr_wrapper.py] image0: torch.Size([1, 1, 400, 400])
[loftr_wrapper.py] net forward
[loftr_wrapper.py] mconf, 0.20005503296852112 0.9483222961425781
[loftr_wrapper.py] pair_ids (110,)
[loftr_wrapper.py] corres: (110, 5)
[loftr_wrapper.py] image0: torch.Size([1, 1, 400, 400])
[loftr_wrapper.py] net forward
[loftr_wrapper.py] mconf, 0.20013348758220673 0.9222888946533203
[loftr_wrapper.py] pair_ids (94,)
[loftr_wrapper.py] corres: (94, 5)
  A MD-prior AP11 101/177 2.5s/kf | E-I=4.43 E-L=3.27 E-V2=129.31 E-V5b=89.59 E-V5d=89.94 E-V5x2=13.00 E-VI=12.84 | rot0 7.38
/home/kist/Desktop/BundleSAM3DGS/experiments/vggt_probe/models.py:30: FutureWarning: `torch.cuda.amp.autocast(args...)` is deprecated. Please use `torch.amp.autocast('cuda', args...)` instead.
  with torch.cuda.amp.autocast(dtype=torch.bfloat16):
/home/kist/venvs/vggt_probe/lib/python3.10/site-packages/vggt/models/vggt.py:65: FutureWarning: `torch.cuda.amp.autocast(args...)` is deprecated. Please use `torch.amp.autocast('cuda', args...)` instead.
  with torch.cuda.amp.autocast(enabled=False):
[loftr_wrapper.py] image0: torch.Size([1, 1, 400, 400])
/home/kist/Desktop/BundleSAM3DGS/loftr_wrapper.py:45: FutureWarning: `torch.cuda.amp.autocast(args...)` is deprecated. Please use `torch.amp.autocast('cuda', args...)` instead.
  with torch.cuda.amp.autocast(enabled=True):
[loftr_wrapper.py] net forward
[loftr_wrapper.py] mconf, 0.20057061314582825 0.8798845410346985
[loftr_wrapper.py] pair_ids (78,)
[loftr_wrapper.py] corres: (78, 5)
[loftr_wrapper.py] image0: torch.Size([1, 1, 400, 400])
[loftr_wrapper.py] net forward
[loftr_wrapper.py] mconf, 0.20037981867790222 0.816174328327179
[loftr_wrapper.py] pair_ids (68,)
[loftr_wrapper.py] corres: (68, 5)
[loftr_wrapper.py] image0: torch.Size([1, 1, 400, 400])
[loftr_wrapper.py] net forward
[loftr_wrapper.py] mconf, 0.20180828869342804 0.6461155414581299
[loftr_wrapper.py] pair_ids (58,)
[loftr_wrapper.py] corres: (58, 5)
[loftr_wrapper.py] image0: torch.Size([1, 1, 400, 400])
[loftr_wrapper.py] net forward
[loftr_wrapper.py] mconf, 0.20471373200416565 0.8648359775543213
[loftr_wrapper.py] pair_ids (62,)
[loftr_wrapper.py] corres: (62, 5)
[loftr_wrapper.py] image0: torch.Size([1, 1, 400, 400])
[loftr_wrapper.py] net forward
[loftr_wrapper.py] mconf, 0.2008613646030426 0.6317538619041443
[loftr_wrapper.py] pair_ids (44,)
[loftr_wrapper.py] corres: (44, 5)
[loftr_wrapper.py] image0: torch.Size([1, 1, 400, 400])
[loftr_wrapper.py] net forward
[loftr_wrapper.py] mconf, 0.20092040300369263 0.6145662665367126
[loftr_wrapper.py] pair_ids (49,)
[loftr_wrapper.py] corres: (49, 5)
[loftr_wrapper.py] image0: torch.Size([1, 1, 400, 400])
[loftr_wrapper.py] net forward
[loftr_wrapper.py] mconf, 0.20322367548942566 0.776199221611023
[loftr_wrapper.py] pair_ids (44,)
[loftr_wrapper.py] corres: (44, 5)
[loftr_wrapper.py] image0: torch.Size([1, 1, 400, 400])
[loftr_wrapper.py] net forward
[loftr_wrapper.py] mconf, 0.20216292142868042 0.799293041229248
[loftr_wrapper.py] pair_ids (37,)
[loftr_wrapper.py] corres: (37, 5)
[loftr_wrapper.py] image0: torch.Size([1, 1, 400, 400])
[loftr_wrapper.py] net forward
[loftr_wrapper.py] mconf, 0.206322580575943 0.5347688794136047
[loftr_wrapper.py] pair_ids (39,)
[loftr_wrapper.py] corres: (39, 5)
[loftr_wrapper.py] image0: torch.Size([1, 1, 400, 400])
[loftr_wrapper.py] net forward
[loftr_wrapper.py] mconf, 0.2009972631931305 0.714736819267273
[loftr_wrapper.py] pair_ids (51,)
[loftr_wrapper.py] corres: (51, 5)
[loftr_wrapper.py] image0: torch.Size([1, 1, 400, 400])
[loftr_wrapper.py] net forward
[loftr_wrapper.py] mconf, 0.2002696841955185 0.643764853477478
[loftr_wrapper.py] pair_ids (48,)
[loftr_wrapper.py] corres: (48, 5)
[loftr_wrapper.py] image0: torch.Size([1, 1, 400, 400])
[loftr_wrapper.py] net forward
[loftr_wrapper.py] mconf, 0.20146706700325012 0.7201439738273621
[loftr_wrapper.py] pair_ids (45,)
[loftr_wrapper.py] corres: (45, 5)
[loftr_wrapper.py] image0: torch.Size([1, 1, 400, 400])
[loftr_wrapper.py] net forward
[loftr_wrapper.py] mconf, 0.2012137621641159 0.6078246235847473
[loftr_wrapper.py] pair_ids (73,)
[loftr_wrapper.py] corres: (73, 5)
[loftr_wrapper.py] image0: torch.Size([1, 1, 400, 400])
[loftr_wrapper.py] net forward
[loftr_wrapper.py] mconf, 0.21836811304092407 0.7712340354919434
[loftr_wrapper.py] pair_ids (60,)
[loftr_wrapper.py] corres: (60, 5)
[loftr_wrapper.py] image0: torch.Size([1, 1, 400, 400])
[loftr_wrapper.py] net forward
[loftr_wrapper.py] mconf, 0.20002873241901398 0.722042977809906
[loftr_wrapper.py] pair_ids (59,)
[loftr_wrapper.py] corres: (59, 5)
[loftr_wrapper.py] image0: torch.Size([1, 1, 400, 400])
[loftr_wrapper.py] net forward
[loftr_wrapper.py] mconf, 0.2110145092010498 0.8103373050689697
[loftr_wrapper.py] pair_ids (48,)
[loftr_wrapper.py] corres: (48, 5)
[loftr_wrapper.py] image0: torch.Size([1, 1, 400, 400])
[loftr_wrapper.py] net forward
[loftr_wrapper.py] mconf, 0.2025429904460907 0.8302589058876038
[loftr_wrapper.py] pair_ids (46,)
[loftr_wrapper.py] corres: (46, 5)
[loftr_wrapper.py] image0: torch.Size([1, 1, 400, 400])
[loftr_wrapper.py] net forward
[loftr_wrapper.py] mconf, 0.20116101205348969 0.6963514089584351
[loftr_wrapper.py] pair_ids (57,)
[loftr_wrapper.py] corres: (57, 5)
[loftr_wrapper.py] image0: torch.Size([1, 1, 400, 400])
[loftr_wrapper.py] net forward
[loftr_wrapper.py] mconf, 0.20576076209545135 0.7858995199203491
[loftr_wrapper.py] pair_ids (45,)
[loftr_wrapper.py] corres: (45, 5)
[loftr_wrapper.py] image0: torch.Size([1, 1, 400, 400])
[loftr_wrapper.py] net forward
[loftr_wrapper.py] mconf, 0.2035272717475891 0.8666159510612488
[loftr_wrapper.py] pair_ids (49,)
[loftr_wrapper.py] corres: (49, 5)
[loftr_wrapper.py] image0: torch.Size([1, 1, 400, 400])
[loftr_wrapper.py] net forward
[loftr_wrapper.py] mconf, 0.20522788166999817 0.7019328474998474
[loftr_wrapper.py] pair_ids (61,)
[loftr_wrapper.py] corres: (61, 5)
[loftr_wrapper.py] image0: torch.Size([1, 1, 400, 400])
[loftr_wrapper.py] net forward
[loftr_wrapper.py] mconf, 0.20458120107650757 0.6931288838386536
[loftr_wrapper.py] pair_ids (48,)
[loftr_wrapper.py] corres: (48, 5)
[loftr_wrapper.py] image0: torch.Size([1, 1, 400, 400])
[loftr_wrapper.py] net forward
[loftr_wrapper.py] mconf, 0.20836187899112701 0.7799422740936279
[loftr_wrapper.py] pair_ids (42,)
[loftr_wrapper.py] corres: (42, 5)
[loftr_wrapper.py] image0: torch.Size([1, 1, 400, 400])
[loftr_wrapper.py] net forward
[loftr_wrapper.py] mconf, 0.20040778815746307 0.5722717046737671
[loftr_wrapper.py] pair_ids (54,)
[loftr_wrapper.py] corres: (54, 5)
[loftr_wrapper.py] image0: torch.Size([1, 1, 400, 400])
[loftr_wrapper.py] net forward
[loftr_wrapper.py] mconf, 0.20022039115428925 0.7228416800498962
[loftr_wrapper.py] pair_ids (76,)
[loftr_wrapper.py] corres: (76, 5)
  A MD-prior AP11 126/177 2.5s/kf | E-I=13.06 E-L=14.17 E-V2=86.33 E-V5b=68.81 E-V5d=68.83 E-V5x2=56.73 E-VI=56.73 | rot0 7.50
/home/kist/Desktop/BundleSAM3DGS/experiments/vggt_probe/models.py:30: FutureWarning: `torch.cuda.amp.autocast(args...)` is deprecated. Please use `torch.amp.autocast('cuda', args...)` instead.
  with torch.cuda.amp.autocast(dtype=torch.bfloat16):
/home/kist/venvs/vggt_probe/lib/python3.10/site-packages/vggt/models/vggt.py:65: FutureWarning: `torch.cuda.amp.autocast(args...)` is deprecated. Please use `torch.amp.autocast('cuda', args...)` instead.
  with torch.cuda.amp.autocast(enabled=False):
[loftr_wrapper.py] image0: torch.Size([1, 1, 400, 400])
/home/kist/Desktop/BundleSAM3DGS/loftr_wrapper.py:45: FutureWarning: `torch.cuda.amp.autocast(args...)` is deprecated. Please use `torch.amp.autocast('cuda', args...)` instead.
  with torch.cuda.amp.autocast(enabled=True):
[loftr_wrapper.py] net forward
[loftr_wrapper.py] mconf, 0.2032511830329895 0.8505046963691711
[loftr_wrapper.py] pair_ids (62,)
[loftr_wrapper.py] corres: (62, 5)
[loftr_wrapper.py] image0: torch.Size([1, 1, 400, 400])
[loftr_wrapper.py] net forward
[loftr_wrapper.py] mconf, 0.20132257044315338 0.720426082611084
[loftr_wrapper.py] pair_ids (56,)
[loftr_wrapper.py] corres: (56, 5)
[loftr_wrapper.py] image0: torch.Size([1, 1, 400, 400])
[loftr_wrapper.py] net forward
[loftr_wrapper.py] mconf, 0.20058776438236237 0.7719907760620117
[loftr_wrapper.py] pair_ids (53,)
[loftr_wrapper.py] corres: (53, 5)
[loftr_wrapper.py] image0: torch.Size([1, 1, 400, 400])
[loftr_wrapper.py] net forward
[loftr_wrapper.py] mconf, 0.21032173931598663 0.7799975275993347
[loftr_wrapper.py] pair_ids (50,)
[loftr_wrapper.py] corres: (50, 5)
[loftr_wrapper.py] image0: torch.Size([1, 1, 400, 400])
[loftr_wrapper.py] net forward
[loftr_wrapper.py] mconf, 0.20096607506275177 0.7397764325141907
[loftr_wrapper.py] pair_ids (54,)
[loftr_wrapper.py] corres: (54, 5)
[loftr_wrapper.py] image0: torch.Size([1, 1, 400, 400])
[loftr_wrapper.py] net forward
[loftr_wrapper.py] mconf, 0.20064179599285126 0.8261598944664001
[loftr_wrapper.py] pair_ids (56,)
[loftr_wrapper.py] corres: (56, 5)
[loftr_wrapper.py] image0: torch.Size([1, 1, 400, 400])
[loftr_wrapper.py] net forward
[loftr_wrapper.py] mconf, 0.20251145958900452 0.8914221525192261
[loftr_wrapper.py] pair_ids (49,)
[loftr_wrapper.py] corres: (49, 5)
[loftr_wrapper.py] image0: torch.Size([1, 1, 400, 400])
[loftr_wrapper.py] net forward
[loftr_wrapper.py] mconf, 0.20018762350082397 0.7960442900657654
[loftr_wrapper.py] pair_ids (69,)
[loftr_wrapper.py] corres: (69, 5)
[loftr_wrapper.py] image0: torch.Size([1, 1, 400, 400])
[loftr_wrapper.py] net forward
[loftr_wrapper.py] mconf, 0.20224229991436005 0.7273349165916443
[loftr_wrapper.py] pair_ids (59,)
[loftr_wrapper.py] corres: (59, 5)
[loftr_wrapper.py] image0: torch.Size([1, 1, 400, 400])
[loftr_wrapper.py] net forward
[loftr_wrapper.py] mconf, 0.20109720528125763 0.6316299438476562
[loftr_wrapper.py] pair_ids (60,)
[loftr_wrapper.py] corres: (60, 5)
[loftr_wrapper.py] image0: torch.Size([1, 1, 400, 400])
[loftr_wrapper.py] net forward
[loftr_wrapper.py] mconf, 0.20073539018630981 0.5617676377296448
[loftr_wrapper.py] pair_ids (44,)
[loftr_wrapper.py] corres: (44, 5)
[loftr_wrapper.py] image0: torch.Size([1, 1, 400, 400])
[loftr_wrapper.py] net forward
[loftr_wrapper.py] mconf, 0.2040676772594452 0.8148766756057739
[loftr_wrapper.py] pair_ids (60,)
[loftr_wrapper.py] corres: (60, 5)
[loftr_wrapper.py] image0: torch.Size([1, 1, 400, 400])
[loftr_wrapper.py] net forward
[loftr_wrapper.py] mconf, 0.2048254907131195 0.5675888061523438
[loftr_wrapper.py] pair_ids (58,)
[loftr_wrapper.py] corres: (58, 5)
[loftr_wrapper.py] image0: torch.Size([1, 1, 400, 400])
[loftr_wrapper.py] net forward
[loftr_wrapper.py] mconf, 0.20452897250652313 0.7668499946594238
[loftr_wrapper.py] pair_ids (63,)
[loftr_wrapper.py] corres: (63, 5)
[loftr_wrapper.py] image0: torch.Size([1, 1, 400, 400])
[loftr_wrapper.py] net forward
[loftr_wrapper.py] mconf, 0.20477326214313507 0.5688020586967468
[loftr_wrapper.py] pair_ids (36,)
[loftr_wrapper.py] corres: (36, 5)
[loftr_wrapper.py] image0: torch.Size([1, 1, 400, 400])
[loftr_wrapper.py] net forward
[loftr_wrapper.py] mconf, 0.20125597715377808 0.4058573544025421
[loftr_wrapper.py] pair_ids (35,)
[loftr_wrapper.py] corres: (35, 5)
[loftr_wrapper.py] image0: torch.Size([1, 1, 400, 400])
[loftr_wrapper.py] net forward
[loftr_wrapper.py] mconf, 0.20587798953056335 0.6328619122505188
[loftr_wrapper.py] pair_ids (38,)
[loftr_wrapper.py] corres: (38, 5)
[loftr_wrapper.py] image0: torch.Size([1, 1, 400, 400])
[loftr_wrapper.py] net forward
[loftr_wrapper.py] mconf, 0.20282913744449615 0.6486444473266602
[loftr_wrapper.py] pair_ids (34,)
[loftr_wrapper.py] corres: (34, 5)
[loftr_wrapper.py] image0: torch.Size([1, 1, 400, 400])
[loftr_wrapper.py] net forward
[loftr_wrapper.py] mconf, 0.20103314518928528 0.666985809803009
[loftr_wrapper.py] pair_ids (38,)
[loftr_wrapper.py] corres: (38, 5)
[loftr_wrapper.py] image0: torch.Size([1, 1, 400, 400])
[loftr_wrapper.py] net forward
[loftr_wrapper.py] mconf, 0.2002110630273819 0.750713586807251
[loftr_wrapper.py] pair_ids (25,)
[loftr_wrapper.py] corres: (25, 5)
[loftr_wrapper.py] image0: torch.Size([1, 1, 400, 400])
[loftr_wrapper.py] net forward
[loftr_wrapper.py] mconf, 0.20027118921279907 0.5497933626174927
[loftr_wrapper.py] pair_ids (45,)
[loftr_wrapper.py] corres: (45, 5)
[loftr_wrapper.py] image0: torch.Size([1, 1, 400, 400])
[loftr_wrapper.py] net forward
[loftr_wrapper.py] mconf, 0.20103920996189117 0.625381588935852
[loftr_wrapper.py] pair_ids (57,)
[loftr_wrapper.py] corres: (57, 5)
[loftr_wrapper.py] image0: torch.Size([1, 1, 400, 400])
[loftr_wrapper.py] net forward
[loftr_wrapper.py] mconf, 0.2002153992652893 0.7994521260261536
[loftr_wrapper.py] pair_ids (61,)
[loftr_wrapper.py] corres: (61, 5)
[loftr_wrapper.py] image0: torch.Size([1, 1, 400, 400])
[loftr_wrapper.py] net forward
[loftr_wrapper.py] mconf, 0.20000600814819336 0.6811789274215698
[loftr_wrapper.py] pair_ids (61,)
[loftr_wrapper.py] corres: (61, 5)
[loftr_wrapper.py] image0: torch.Size([1, 1, 400, 400])
[loftr_wrapper.py] net forward
[loftr_wrapper.py] mconf, 0.20016345381736755 0.8001461625099182
[loftr_wrapper.py] pair_ids (66,)
[loftr_wrapper.py] corres: (66, 5)
  A MD-prior AP11 151/177 2.5s/kf | E-I=10.92 E-L=8.34 E-V2=72.83 E-V5b=88.99 E-V5d=89.17 E-V5x2=88.08 E-VI=88.08 | rot0 6.67
/home/kist/Desktop/BundleSAM3DGS/experiments/vggt_probe/models.py:30: FutureWarning: `torch.cuda.amp.autocast(args...)` is deprecated. Please use `torch.amp.autocast('cuda', args...)` instead.
  with torch.cuda.amp.autocast(dtype=torch.bfloat16):
/home/kist/venvs/vggt_probe/lib/python3.10/site-packages/vggt/models/vggt.py:65: FutureWarning: `torch.cuda.amp.autocast(args...)` is deprecated. Please use `torch.amp.autocast('cuda', args...)` instead.
  with torch.cuda.amp.autocast(enabled=False):
[loftr_wrapper.py] image0: torch.Size([1, 1, 400, 400])
/home/kist/Desktop/BundleSAM3DGS/loftr_wrapper.py:45: FutureWarning: `torch.cuda.amp.autocast(args...)` is deprecated. Please use `torch.amp.autocast('cuda', args...)` instead.
  with torch.cuda.amp.autocast(enabled=True):
[loftr_wrapper.py] net forward
[loftr_wrapper.py] mconf, 0.2082034945487976 0.6837283968925476
[loftr_wrapper.py] pair_ids (60,)
[loftr_wrapper.py] corres: (60, 5)
[loftr_wrapper.py] image0: torch.Size([1, 1, 400, 400])
[loftr_wrapper.py] net forward
[loftr_wrapper.py] mconf, 0.20091909170150757 0.6221357583999634
[loftr_wrapper.py] pair_ids (49,)
[loftr_wrapper.py] corres: (49, 5)
[loftr_wrapper.py] image0: torch.Size([1, 1, 400, 400])
[loftr_wrapper.py] net forward
[loftr_wrapper.py] mconf, 0.2030830830335617 0.6033499240875244
[loftr_wrapper.py] pair_ids (48,)
[loftr_wrapper.py] corres: (48, 5)
[loftr_wrapper.py] image0: torch.Size([1, 1, 400, 400])
[loftr_wrapper.py] net forward
[loftr_wrapper.py] mconf, 0.20209719240665436 0.6963894367218018
[loftr_wrapper.py] pair_ids (41,)
[loftr_wrapper.py] corres: (41, 5)
[loftr_wrapper.py] image0: torch.Size([1, 1, 400, 400])
[loftr_wrapper.py] net forward
[loftr_wrapper.py] mconf, 0.20119063556194305 0.524149477481842
[loftr_wrapper.py] pair_ids (30,)
[loftr_wrapper.py] corres: (30, 5)
[loftr_wrapper.py] image0: torch.Size([1, 1, 400, 400])
[loftr_wrapper.py] net forward
[loftr_wrapper.py] mconf, 0.20574577152729034 0.8227209448814392
[loftr_wrapper.py] pair_ids (22,)
[loftr_wrapper.py] corres: (22, 5)
[loftr_wrapper.py] image0: torch.Size([1, 1, 400, 400])
[loftr_wrapper.py] net forward
[loftr_wrapper.py] mconf, 0.2009144127368927 0.7494930624961853
[loftr_wrapper.py] pair_ids (35,)
[loftr_wrapper.py] corres: (35, 5)
[loftr_wrapper.py] image0: torch.Size([1, 1, 400, 400])
[loftr_wrapper.py] net forward
[loftr_wrapper.py] mconf, 0.2003149837255478 0.6573911905288696
[loftr_wrapper.py] pair_ids (24,)
[loftr_wrapper.py] corres: (24, 5)
[loftr_wrapper.py] image0: torch.Size([1, 1, 400, 400])
[loftr_wrapper.py] net forward
[loftr_wrapper.py] mconf, 0.21401019394397736 0.8369892835617065
[loftr_wrapper.py] pair_ids (25,)
[loftr_wrapper.py] corres: (25, 5)
[loftr_wrapper.py] image0: torch.Size([1, 1, 400, 400])
[loftr_wrapper.py] net forward
[loftr_wrapper.py] mconf, 0.20037688314914703 0.6317619681358337
[loftr_wrapper.py] pair_ids (39,)
[loftr_wrapper.py] corres: (39, 5)
[loftr_wrapper.py] image0: torch.Size([1, 1, 400, 400])
[loftr_wrapper.py] net forward
[loftr_wrapper.py] mconf, 0.20003120601177216 0.6084960103034973
[loftr_wrapper.py] pair_ids (32,)
[loftr_wrapper.py] corres: (32, 5)
[loftr_wrapper.py] image0: torch.Size([1, 1, 400, 400])
[loftr_wrapper.py] net forward
[loftr_wrapper.py] mconf, 0.20093543827533722 0.7476023435592651
[loftr_wrapper.py] pair_ids (44,)
[loftr_wrapper.py] corres: (44, 5)
[loftr_wrapper.py] image0: torch.Size([1, 1, 400, 400])
[loftr_wrapper.py] net forward
[loftr_wrapper.py] mconf, 0.20146013796329498 0.6468393802642822
[loftr_wrapper.py] pair_ids (48,)
[loftr_wrapper.py] corres: (48, 5)
[loftr_wrapper.py] image0: torch.Size([1, 1, 400, 400])
[loftr_wrapper.py] net forward
[loftr_wrapper.py] mconf, 0.20050156116485596 0.6494477987289429
[loftr_wrapper.py] pair_ids (49,)
[loftr_wrapper.py] corres: (49, 5)
[loftr_wrapper.py] image0: torch.Size([1, 1, 400, 400])
[loftr_wrapper.py] net forward
[loftr_wrapper.py] mconf, 0.2020893394947052 0.5404992699623108
[loftr_wrapper.py] pair_ids (46,)
[loftr_wrapper.py] corres: (46, 5)
[loftr_wrapper.py] image0: torch.Size([1, 1, 400, 400])
[loftr_wrapper.py] net forward
[loftr_wrapper.py] mconf, 0.2041706144809723 0.6167554259300232
[loftr_wrapper.py] pair_ids (46,)
[loftr_wrapper.py] corres: (46, 5)
[loftr_wrapper.py] image0: torch.Size([1, 1, 400, 400])
[loftr_wrapper.py] net forward
[loftr_wrapper.py] mconf, 0.20314796268939972 0.7599784731864929
[loftr_wrapper.py] pair_ids (57,)
[loftr_wrapper.py] corres: (57, 5)
[loftr_wrapper.py] image0: torch.Size([1, 1, 400, 400])
[loftr_wrapper.py] net forward
[loftr_wrapper.py] mconf, 0.20148825645446777 0.697060763835907
[loftr_wrapper.py] pair_ids (59,)
[loftr_wrapper.py] corres: (59, 5)
[loftr_wrapper.py] image0: torch.Size([1, 1, 400, 400])
[loftr_wrapper.py] net forward
[loftr_wrapper.py] mconf, 0.20043084025382996 0.6884700655937195
[loftr_wrapper.py] pair_ids (53,)
[loftr_wrapper.py] corres: (53, 5)
[loftr_wrapper.py] image0: torch.Size([1, 1, 400, 400])
[loftr_wrapper.py] net forward
[loftr_wrapper.py] mconf, 0.20236103236675262 0.6395910382270813
[loftr_wrapper.py] pair_ids (45,)
[loftr_wrapper.py] corres: (45, 5)
[loftr_wrapper.py] image0: torch.Size([1, 1, 400, 400])
[loftr_wrapper.py] net forward
[loftr_wrapper.py] mconf, 0.20197457075119019 0.7190052270889282
[loftr_wrapper.py] pair_ids (68,)
[loftr_wrapper.py] corres: (68, 5)
[loftr_wrapper.py] image0: torch.Size([1, 1, 400, 400])
[loftr_wrapper.py] net forward
[loftr_wrapper.py] mconf, 0.20568273961544037 0.5283752083778381
[loftr_wrapper.py] pair_ids (54,)
[loftr_wrapper.py] corres: (54, 5)
[loftr_wrapper.py] image0: torch.Size([1, 1, 400, 400])
[loftr_wrapper.py] net forward
[loftr_wrapper.py] mconf, 0.20068223774433136 0.9504286050796509
[loftr_wrapper.py] pair_ids (60,)
[loftr_wrapper.py] corres: (60, 5)
[loftr_wrapper.py] image0: torch.Size([1, 1, 400, 400])
[loftr_wrapper.py] net forward
[loftr_wrapper.py] mconf, 0.20008032023906708 0.8375972509384155
[loftr_wrapper.py] pair_ids (77,)
[loftr_wrapper.py] corres: (77, 5)
[loftr_wrapper.py] image0: torch.Size([1, 1, 400, 400])
[loftr_wrapper.py] net forward
[loftr_wrapper.py] mconf, 0.20229001343250275 0.682807207107544
[loftr_wrapper.py] pair_ids (61,)
[loftr_wrapper.py] corres: (61, 5)
  A MD-prior AP11 176/177 2.5s/kf | E-I=11.11 E-L=7.63 E-V2=96.20 E-V5b=78.46 E-V5d=78.42 E-V5x2=80.90 E-VI=81.07 | rot0 7.45
/home/kist/Desktop/BundleSAM3DGS/experiments/vggt_probe/models.py:30: FutureWarning: `torch.cuda.amp.autocast(args...)` is deprecated. Please use `torch.amp.autocast('cuda', args...)` instead.
  with torch.cuda.amp.autocast(dtype=torch.bfloat16):
/home/kist/venvs/vggt_probe/lib/python3.10/site-packages/vggt/models/vggt.py:65: FutureWarning: `torch.cuda.amp.autocast(args...)` is deprecated. Please use `torch.amp.autocast('cuda', args...)` instead.
  with torch.cuda.amp.autocast(enabled=False):
[loftr_wrapper.py] image0: torch.Size([1, 1, 400, 400])
/home/kist/Desktop/BundleSAM3DGS/loftr_wrapper.py:45: FutureWarning: `torch.cuda.amp.autocast(args...)` is deprecated. Please use `torch.amp.autocast('cuda', args...)` instead.
  with torch.cuda.amp.autocast(enabled=True):
[loftr_wrapper.py] net forward
[loftr_wrapper.py] mconf, 0.20044681429862976 0.872097909450531
[loftr_wrapper.py] pair_ids (75,)
[loftr_wrapper.py] corres: (75, 5)
DONE A MD-prior AP11 jobs 177 438s | E-I=11.13/3% E-L=7.28/7% E-V2=85.78/1% E-V5b=77.99/0% E-V5d=78.10/0% E-V5x2=51.87/0% E-VI=55.26/1% | rot0 7.16
/home/kist/Desktop/BundleSAM3DGS/experiments/vggt_probe/models.py:30: FutureWarning: `torch.cuda.amp.autocast(args...)` is deprecated. Please use `torch.amp.autocast('cuda', args...)` instead.
  with torch.cuda.amp.autocast(dtype=torch.bfloat16):
/home/kist/venvs/vggt_probe/lib/python3.10/site-packages/vggt/models/vggt.py:65: FutureWarning: `torch.cuda.amp.autocast(args...)` is deprecated. Please use `torch.amp.autocast('cuda', args...)` instead.
  with torch.cuda.amp.autocast(enabled=False):
[loftr_wrapper.py] image0: torch.Size([1, 1, 400, 400])
/home/kist/Desktop/BundleSAM3DGS/loftr_wrapper.py:45: FutureWarning: `torch.cuda.amp.autocast(args...)` is deprecated. Please use `torch.amp.autocast('cuda', args...)` instead.
  with torch.cuda.amp.autocast(enabled=True):
[loftr_wrapper.py] net forward
[loftr_wrapper.py] mconf, 0.20039409399032593 0.9652217030525208
[loftr_wrapper.py] pair_ids (256,)
[loftr_wrapper.py] corres: (256, 5)
  A MD-prior AP12 1/171 2.6s/kf | E-I=3.93 E-L=1.42 E-V2=19.15 E-V5b=47.02 E-V5d=47.02 E-V5x2=9.72 E-VI=9.72 | rot0 0.00
/home/kist/Desktop/BundleSAM3DGS/experiments/vggt_probe/models.py:30: FutureWarning: `torch.cuda.amp.autocast(args...)` is deprecated. Please use `torch.amp.autocast('cuda', args...)` instead.
  with torch.cuda.amp.autocast(dtype=torch.bfloat16):
/home/kist/venvs/vggt_probe/lib/python3.10/site-packages/vggt/models/vggt.py:65: FutureWarning: `torch.cuda.amp.autocast(args...)` is deprecated. Please use `torch.amp.autocast('cuda', args...)` instead.
  with torch.cuda.amp.autocast(enabled=False):
[loftr_wrapper.py] image0: torch.Size([1, 1, 400, 400])
/home/kist/Desktop/BundleSAM3DGS/loftr_wrapper.py:45: FutureWarning: `torch.cuda.amp.autocast(args...)` is deprecated. Please use `torch.amp.autocast('cuda', args...)` instead.
  with torch.cuda.amp.autocast(enabled=True):
[loftr_wrapper.py] net forward
[loftr_wrapper.py] mconf, 0.20012637972831726 0.8606492877006531
[loftr_wrapper.py] pair_ids (182,)
[loftr_wrapper.py] corres: (182, 5)
[loftr_wrapper.py] image0: torch.Size([1, 1, 400, 400])
[loftr_wrapper.py] net forward
[loftr_wrapper.py] mconf, 0.20015272498130798 0.8942115306854248
[loftr_wrapper.py] pair_ids (209,)
[loftr_wrapper.py] corres: (209, 5)
[loftr_wrapper.py] image0: torch.Size([1, 1, 400, 400])
[loftr_wrapper.py] net forward
[loftr_wrapper.py] mconf, 0.2008887231349945 0.9764885306358337
[loftr_wrapper.py] pair_ids (243,)
[loftr_wrapper.py] corres: (243, 5)
[loftr_wrapper.py] image0: torch.Size([1, 1, 400, 400])
[loftr_wrapper.py] net forward
[loftr_wrapper.py] mconf, 0.20099492371082306 0.8970541954040527
[loftr_wrapper.py] pair_ids (226,)
[loftr_wrapper.py] corres: (226, 5)
[loftr_wrapper.py] image0: torch.Size([1, 1, 400, 400])
[loftr_wrapper.py] net forward
[loftr_wrapper.py] mconf, 0.20013964176177979 0.9595849514007568
[loftr_wrapper.py] pair_ids (119,)
[loftr_wrapper.py] corres: (119, 5)
[loftr_wrapper.py] image0: torch.Size([1, 1, 400, 400])
[loftr_wrapper.py] net forward
[loftr_wrapper.py] mconf, 0.20018188655376434 0.8956922888755798
[loftr_wrapper.py] pair_ids (100,)
[loftr_wrapper.py] corres: (100, 5)
[loftr_wrapper.py] image0: torch.Size([1, 1, 400, 400])
[loftr_wrapper.py] net forward
[loftr_wrapper.py] mconf, 0.20265203714370728 0.8855603933334351
[loftr_wrapper.py] pair_ids (86,)
[loftr_wrapper.py] corres: (86, 5)
[loftr_wrapper.py] image0: torch.Size([1, 1, 400, 400])
[loftr_wrapper.py] net forward
[loftr_wrapper.py] mconf, 0.20141467452049255 0.902084469795227
[loftr_wrapper.py] pair_ids (76,)
[loftr_wrapper.py] corres: (76, 5)
[loftr_wrapper.py] image0: torch.Size([1, 1, 400, 400])
[loftr_wrapper.py] net forward
[loftr_wrapper.py] mconf, 0.20307613909244537 0.7304900884628296
[loftr_wrapper.py] pair_ids (65,)
[loftr_wrapper.py] corres: (65, 5)
[loftr_wrapper.py] image0: torch.Size([1, 1, 400, 400])
[loftr_wrapper.py] net forward
[loftr_wrapper.py] mconf, 0.20089061558246613 0.7252019047737122
[loftr_wrapper.py] pair_ids (82,)
[loftr_wrapper.py] corres: (82, 5)
[loftr_wrapper.py] image0: torch.Size([1, 1, 400, 400])
[loftr_wrapper.py] net forward
[loftr_wrapper.py] mconf, 0.20265522599220276 0.6850453615188599
[loftr_wrapper.py] pair_ids (66,)
[loftr_wrapper.py] corres: (66, 5)
[loftr_wrapper.py] image0: torch.Size([1, 1, 400, 400])
[loftr_wrapper.py] net forward
[loftr_wrapper.py] mconf, 0.20361460745334625 0.7332060933113098
[loftr_wrapper.py] pair_ids (75,)
[loftr_wrapper.py] corres: (75, 5)
[loftr_wrapper.py] image0: torch.Size([1, 1, 400, 400])
[loftr_wrapper.py] net forward
[loftr_wrapper.py] mconf, 0.20027148723602295 0.7545046806335449
[loftr_wrapper.py] pair_ids (90,)
[loftr_wrapper.py] corres: (90, 5)
[loftr_wrapper.py] image0: torch.Size([1, 1, 400, 400])
[loftr_wrapper.py] net forward
[loftr_wrapper.py] mconf, 0.2017902433872223 0.6350324749946594
[loftr_wrapper.py] pair_ids (68,)
[loftr_wrapper.py] corres: (68, 5)
[loftr_wrapper.py] image0: torch.Size([1, 1, 400, 400])
[loftr_wrapper.py] net forward
[loftr_wrapper.py] mconf, 0.20020993053913116 0.6814146041870117
[loftr_wrapper.py] pair_ids (74,)
[loftr_wrapper.py] corres: (74, 5)
[loftr_wrapper.py] image0: torch.Size([1, 1, 400, 400])
[loftr_wrapper.py] net forward
[loftr_wrapper.py] mconf, 0.20345138013362885 0.7344311475753784
[loftr_wrapper.py] pair_ids (76,)
[loftr_wrapper.py] corres: (76, 5)
[loftr_wrapper.py] image0: torch.Size([1, 1, 400, 400])
[loftr_wrapper.py] net forward
[loftr_wrapper.py] mconf, 0.20083874464035034 0.6121770143508911
[loftr_wrapper.py] pair_ids (71,)
[loftr_wrapper.py] corres: (71, 5)
[loftr_wrapper.py] image0: torch.Size([1, 1, 400, 400])
[loftr_wrapper.py] net forward
[loftr_wrapper.py] mconf, 0.20096516609191895 0.7239176034927368
[loftr_wrapper.py] pair_ids (69,)
[loftr_wrapper.py] corres: (69, 5)
[loftr_wrapper.py] image0: torch.Size([1, 1, 400, 400])
[loftr_wrapper.py] net forward
[loftr_wrapper.py] mconf, 0.201536163687706 0.8578838109970093
[loftr_wrapper.py] pair_ids (52,)
[loftr_wrapper.py] corres: (52, 5)
[loftr_wrapper.py] image0: torch.Size([1, 1, 400, 400])
[loftr_wrapper.py] net forward
[loftr_wrapper.py] mconf, 0.2005501091480255 0.5803413391113281
[loftr_wrapper.py] pair_ids (52,)
[loftr_wrapper.py] corres: (52, 5)
[loftr_wrapper.py] image0: torch.Size([1, 1, 400, 400])
[loftr_wrapper.py] net forward
[loftr_wrapper.py] mconf, 0.21051986515522003 0.8029894232749939
[loftr_wrapper.py] pair_ids (49,)
[loftr_wrapper.py] corres: (49, 5)
[loftr_wrapper.py] image0: torch.Size([1, 1, 400, 400])
[loftr_wrapper.py] net forward
[loftr_wrapper.py] mconf, 0.20163246989250183 0.9348615407943726
[loftr_wrapper.py] pair_ids (95,)
[loftr_wrapper.py] corres: (95, 5)
[loftr_wrapper.py] image0: torch.Size([1, 1, 400, 400])
[loftr_wrapper.py] net forward
[loftr_wrapper.py] mconf, 0.2004910260438919 0.8477259278297424
[loftr_wrapper.py] pair_ids (105,)
[loftr_wrapper.py] corres: (105, 5)
[loftr_wrapper.py] image0: torch.Size([1, 1, 400, 400])
[loftr_wrapper.py] net forward
[loftr_wrapper.py] mconf, 0.203992560505867 0.834312379360199
[loftr_wrapper.py] pair_ids (110,)
[loftr_wrapper.py] corres: (110, 5)
[loftr_wrapper.py] image0: torch.Size([1, 1, 400, 400])
[loftr_wrapper.py] net forward
[loftr_wrapper.py] mconf, 0.204928457736969 0.8963150382041931
[loftr_wrapper.py] pair_ids (129,)
[loftr_wrapper.py] corres: (129, 5)
  A MD-prior AP12 26/171 2.6s/kf | E-I=7.18 E-L=7.20 E-V2=40.03 E-V5b=52.93 E-V5d=53.06 E-V5x2=40.30 E-VI=55.83 | rot0 1.94
/home/kist/Desktop/BundleSAM3DGS/experiments/vggt_probe/models.py:30: FutureWarning: `torch.cuda.amp.autocast(args...)` is deprecated. Please use `torch.amp.autocast('cuda', args...)` instead.
  with torch.cuda.amp.autocast(dtype=torch.bfloat16):
/home/kist/venvs/vggt_probe/lib/python3.10/site-packages/vggt/models/vggt.py:65: FutureWarning: `torch.cuda.amp.autocast(args...)` is deprecated. Please use `torch.amp.autocast('cuda', args...)` instead.
  with torch.cuda.amp.autocast(enabled=False):
[loftr_wrapper.py] image0: torch.Size([1, 1, 400, 400])
/home/kist/Desktop/BundleSAM3DGS/loftr_wrapper.py:45: FutureWarning: `torch.cuda.amp.autocast(args...)` is deprecated. Please use `torch.amp.autocast('cuda', args...)` instead.
  with torch.cuda.amp.autocast(enabled=True):
[loftr_wrapper.py] net forward
[loftr_wrapper.py] mconf, 0.20225802063941956 0.8702306151390076
[loftr_wrapper.py] pair_ids (163,)
[loftr_wrapper.py] corres: (163, 5)
[loftr_wrapper.py] image0: torch.Size([1, 1, 400, 400])
[loftr_wrapper.py] net forward
[loftr_wrapper.py] mconf, 0.20007237792015076 0.9221311807632446
[loftr_wrapper.py] pair_ids (193,)
[loftr_wrapper.py] corres: (193, 5)
[loftr_wrapper.py] image0: torch.Size([1, 1, 400, 400])
[loftr_wrapper.py] net forward
[loftr_wrapper.py] mconf, 0.20168806612491608 0.9516490697860718
[loftr_wrapper.py] pair_ids (163,)
[loftr_wrapper.py] corres: (163, 5)
[loftr_wrapper.py] image0: torch.Size([1, 1, 400, 400])
[loftr_wrapper.py] net forward
[loftr_wrapper.py] mconf, 0.20019935071468353 0.9450408816337585
[loftr_wrapper.py] pair_ids (162,)
[loftr_wrapper.py] corres: (162, 5)
[loftr_wrapper.py] image0: torch.Size([1, 1, 400, 400])
[loftr_wrapper.py] net forward
[loftr_wrapper.py] mconf, 0.2024637758731842 0.8110448718070984
[loftr_wrapper.py] pair_ids (132,)
[loftr_wrapper.py] corres: (132, 5)
[loftr_wrapper.py] image0: torch.Size([1, 1, 400, 400])
[loftr_wrapper.py] net forward
[loftr_wrapper.py] mconf, 0.2026539444923401 0.8844866156578064
[loftr_wrapper.py] pair_ids (127,)
[loftr_wrapper.py] corres: (127, 5)
[loftr_wrapper.py] image0: torch.Size([1, 1, 400, 400])
[loftr_wrapper.py] net forward
[loftr_wrapper.py] mconf, 0.20580404996871948 0.6931157112121582
[loftr_wrapper.py] pair_ids (99,)
[loftr_wrapper.py] corres: (99, 5)
[loftr_wrapper.py] image0: torch.Size([1, 1, 400, 400])
[loftr_wrapper.py] net forward
[loftr_wrapper.py] mconf, 0.20107799768447876 0.764896035194397
[loftr_wrapper.py] pair_ids (83,)
[loftr_wrapper.py] corres: (83, 5)
[loftr_wrapper.py] image0: torch.Size([1, 1, 400, 400])
[loftr_wrapper.py] net forward
[loftr_wrapper.py] mconf, 0.2005232870578766 0.7261512279510498
[loftr_wrapper.py] pair_ids (66,)
[loftr_wrapper.py] corres: (66, 5)
[loftr_wrapper.py] image0: torch.Size([1, 1, 400, 400])
[loftr_wrapper.py] net forward
[loftr_wrapper.py] mconf, 0.2003488391637802 0.8275604248046875
[loftr_wrapper.py] pair_ids (87,)
[loftr_wrapper.py] corres: (87, 5)
[loftr_wrapper.py] image0: torch.Size([1, 1, 400, 400])
[loftr_wrapper.py] net forward
[loftr_wrapper.py] mconf, 0.20242993533611298 0.7362514138221741
[loftr_wrapper.py] pair_ids (68,)
[loftr_wrapper.py] corres: (68, 5)
[loftr_wrapper.py] image0: torch.Size([1, 1, 400, 400])
[loftr_wrapper.py] net forward
[loftr_wrapper.py] mconf, 0.20609673857688904 0.5938462615013123
[loftr_wrapper.py] pair_ids (61,)
[loftr_wrapper.py] corres: (61, 5)
[loftr_wrapper.py] image0: torch.Size([1, 1, 400, 400])
[loftr_wrapper.py] net forward
[loftr_wrapper.py] mconf, 0.2013964056968689 0.6953290104866028
[loftr_wrapper.py] pair_ids (65,)
[loftr_wrapper.py] corres: (65, 5)
[loftr_wrapper.py] image0: torch.Size([1, 1, 400, 400])
[loftr_wrapper.py] net forward
[loftr_wrapper.py] mconf, 0.20051398873329163 0.795784056186676
[loftr_wrapper.py] pair_ids (55,)
[loftr_wrapper.py] corres: (55, 5)
[loftr_wrapper.py] image0: torch.Size([1, 1, 400, 400])
[loftr_wrapper.py] net forward
[loftr_wrapper.py] mconf, 0.20066006481647491 0.686423659324646
[loftr_wrapper.py] pair_ids (57,)
[loftr_wrapper.py] corres: (57, 5)
[loftr_wrapper.py] image0: torch.Size([1, 1, 400, 400])
[loftr_wrapper.py] net forward
[loftr_wrapper.py] mconf, 0.20466278493404388 0.8177003264427185
[loftr_wrapper.py] pair_ids (46,)
[loftr_wrapper.py] corres: (46, 5)
[loftr_wrapper.py] image0: torch.Size([1, 1, 400, 400])
[loftr_wrapper.py] net forward
[loftr_wrapper.py] mconf, 0.20154182612895966 0.6401033401489258
[loftr_wrapper.py] pair_ids (31,)
[loftr_wrapper.py] corres: (31, 5)
[loftr_wrapper.py] image0: torch.Size([1, 1, 400, 400])
[loftr_wrapper.py] net forward
[loftr_wrapper.py] mconf, 0.20063437521457672 0.8294567465782166
[loftr_wrapper.py] pair_ids (49,)
[loftr_wrapper.py] corres: (49, 5)
[loftr_wrapper.py] image0: torch.Size([1, 1, 400, 400])
[loftr_wrapper.py] net forward
[loftr_wrapper.py] mconf, 0.20743133127689362 0.8377997875213623
[loftr_wrapper.py] pair_ids (66,)
[loftr_wrapper.py] corres: (66, 5)
[loftr_wrapper.py] image0: torch.Size([1, 1, 400, 400])
[loftr_wrapper.py] net forward
[loftr_wrapper.py] mconf, 0.20074446499347687 0.8142104744911194
[loftr_wrapper.py] pair_ids (60,)
[loftr_wrapper.py] corres: (60, 5)
[loftr_wrapper.py] image0: torch.Size([1, 1, 400, 400])
[loftr_wrapper.py] net forward
[loftr_wrapper.py] mconf, 0.20219029486179352 0.8352304697036743
[loftr_wrapper.py] pair_ids (81,)
[loftr_wrapper.py] corres: (81, 5)
[loftr_wrapper.py] image0: torch.Size([1, 1, 400, 400])
[loftr_wrapper.py] net forward
[loftr_wrapper.py] mconf, 0.20269957184791565 0.7000678777694702
[loftr_wrapper.py] pair_ids (62,)
[loftr_wrapper.py] corres: (62, 5)
[loftr_wrapper.py] image0: torch.Size([1, 1, 400, 400])
[loftr_wrapper.py] net forward
[loftr_wrapper.py] mconf, 0.20016096532344818 0.8661366701126099
[loftr_wrapper.py] pair_ids (78,)
[loftr_wrapper.py] corres: (78, 5)
[loftr_wrapper.py] image0: torch.Size([1, 1, 400, 400])
[loftr_wrapper.py] net forward
[loftr_wrapper.py] mconf, 0.20006002485752106 0.5940173268318176
[loftr_wrapper.py] pair_ids (62,)
[loftr_wrapper.py] corres: (62, 5)
[loftr_wrapper.py] image0: torch.Size([1, 1, 400, 400])
[loftr_wrapper.py] net forward
[loftr_wrapper.py] mconf, 0.20307320356369019 0.8171952366828918
[loftr_wrapper.py] pair_ids (71,)
[loftr_wrapper.py] corres: (71, 5)
  A MD-prior AP12 51/171 2.6s/kf | E-I=10.62 E-L=5.64 E-V2=90.56 E-V5b=81.33 E-V5d=81.41 E-V5x2=28.98 E-VI=28.98 | rot0 2.17
/home/kist/Desktop/BundleSAM3DGS/experiments/vggt_probe/models.py:30: FutureWarning: `torch.cuda.amp.autocast(args...)` is deprecated. Please use `torch.amp.autocast('cuda', args...)` instead.
  with torch.cuda.amp.autocast(dtype=torch.bfloat16):
/home/kist/venvs/vggt_probe/lib/python3.10/site-packages/vggt/models/vggt.py:65: FutureWarning: `torch.cuda.amp.autocast(args...)` is deprecated. Please use `torch.amp.autocast('cuda', args...)` instead.
  with torch.cuda.amp.autocast(enabled=False):
[loftr_wrapper.py] image0: torch.Size([1, 1, 400, 400])
/home/kist/Desktop/BundleSAM3DGS/loftr_wrapper.py:45: FutureWarning: `torch.cuda.amp.autocast(args...)` is deprecated. Please use `torch.amp.autocast('cuda', args...)` instead.
  with torch.cuda.amp.autocast(enabled=True):
[loftr_wrapper.py] net forward
[loftr_wrapper.py] mconf, 0.20031632483005524 0.7496200203895569
[loftr_wrapper.py] pair_ids (81,)
[loftr_wrapper.py] corres: (81, 5)
[loftr_wrapper.py] image0: torch.Size([1, 1, 400, 400])
[loftr_wrapper.py] net forward
[loftr_wrapper.py] mconf, 0.2011115700006485 0.8421427607536316
[loftr_wrapper.py] pair_ids (60,)
[loftr_wrapper.py] corres: (60, 5)
[loftr_wrapper.py] image0: torch.Size([1, 1, 400, 400])
[loftr_wrapper.py] net forward
[loftr_wrapper.py] mconf, 0.20081031322479248 0.640876293182373
[loftr_wrapper.py] pair_ids (67,)
[loftr_wrapper.py] corres: (67, 5)
[loftr_wrapper.py] image0: torch.Size([1, 1, 400, 400])
[loftr_wrapper.py] net forward
[loftr_wrapper.py] mconf, 0.20119962096214294 0.6853448748588562
[loftr_wrapper.py] pair_ids (62,)
[loftr_wrapper.py] corres: (62, 5)
[loftr_wrapper.py] image0: torch.Size([1, 1, 400, 400])
[loftr_wrapper.py] net forward
[loftr_wrapper.py] mconf, 0.2001916766166687 0.5893959403038025
[loftr_wrapper.py] pair_ids (68,)
[loftr_wrapper.py] corres: (68, 5)
[loftr_wrapper.py] image0: torch.Size([1, 1, 400, 400])
[loftr_wrapper.py] net forward
[loftr_wrapper.py] mconf, 0.2002512812614441 0.8205674886703491
[loftr_wrapper.py] pair_ids (69,)
[loftr_wrapper.py] corres: (69, 5)
[loftr_wrapper.py] image0: torch.Size([1, 1, 400, 400])
[loftr_wrapper.py] net forward
[loftr_wrapper.py] mconf, 0.20051871240139008 0.7826392650604248
[loftr_wrapper.py] pair_ids (64,)
[loftr_wrapper.py] corres: (64, 5)
[loftr_wrapper.py] image0: torch.Size([1, 1, 400, 400])
[loftr_wrapper.py] net forward
[loftr_wrapper.py] mconf, 0.20052167773246765 0.7856985926628113
[loftr_wrapper.py] pair_ids (56,)
[loftr_wrapper.py] corres: (56, 5)
[loftr_wrapper.py] image0: torch.Size([1, 1, 400, 400])
[loftr_wrapper.py] net forward
[loftr_wrapper.py] mconf, 0.20204807817935944 0.589932918548584
[loftr_wrapper.py] pair_ids (53,)
[loftr_wrapper.py] corres: (53, 5)
[loftr_wrapper.py] image0: torch.Size([1, 1, 400, 400])
[loftr_wrapper.py] net forward
[loftr_wrapper.py] mconf, 0.2041037231683731 0.7246039509773254
[loftr_wrapper.py] pair_ids (51,)
[loftr_wrapper.py] corres: (51, 5)
[loftr_wrapper.py] image0: torch.Size([1, 1, 400, 400])
[loftr_wrapper.py] net forward
[loftr_wrapper.py] mconf, 0.20015259087085724 0.6455100178718567
[loftr_wrapper.py] pair_ids (48,)
[loftr_wrapper.py] corres: (48, 5)
[loftr_wrapper.py] image0: torch.Size([1, 1, 400, 400])
[loftr_wrapper.py] net forward
[loftr_wrapper.py] mconf, 0.20144616067409515 0.6196879148483276
[loftr_wrapper.py] pair_ids (35,)
[loftr_wrapper.py] corres: (35, 5)
[loftr_wrapper.py] image0: torch.Size([1, 1, 400, 400])
[loftr_wrapper.py] net forward
[loftr_wrapper.py] mconf, 0.20120076835155487 0.7010616660118103
[loftr_wrapper.py] pair_ids (43,)
[loftr_wrapper.py] corres: (43, 5)
[loftr_wrapper.py] image0: torch.Size([1, 1, 400, 400])
[loftr_wrapper.py] net forward
[loftr_wrapper.py] mconf, 0.20233364403247833 0.7125690579414368
[loftr_wrapper.py] pair_ids (46,)
[loftr_wrapper.py] corres: (46, 5)
[loftr_wrapper.py] image0: torch.Size([1, 1, 400, 400])
[loftr_wrapper.py] net forward
[loftr_wrapper.py] mconf, 0.20160843431949615 0.5860136151313782
[loftr_wrapper.py] pair_ids (52,)
[loftr_wrapper.py] corres: (52, 5)
[loftr_wrapper.py] image0: torch.Size([1, 1, 400, 400])
[loftr_wrapper.py] net forward
[loftr_wrapper.py] mconf, 0.20047417283058167 0.8428792953491211
[loftr_wrapper.py] pair_ids (42,)
[loftr_wrapper.py] corres: (42, 5)
[loftr_wrapper.py] image0: torch.Size([1, 1, 400, 400])
[loftr_wrapper.py] net forward
[loftr_wrapper.py] mconf, 0.20014792680740356 0.8630191683769226
[loftr_wrapper.py] pair_ids (81,)
[loftr_wrapper.py] corres: (81, 5)
[loftr_wrapper.py] image0: torch.Size([1, 1, 400, 400])
[loftr_wrapper.py] net forward
[loftr_wrapper.py] mconf, 0.20296932756900787 0.6218952536582947
[loftr_wrapper.py] pair_ids (43,)
[loftr_wrapper.py] corres: (43, 5)
[loftr_wrapper.py] image0: torch.Size([1, 1, 400, 400])
[loftr_wrapper.py] net forward
[loftr_wrapper.py] mconf, 0.20329269766807556 0.7211482524871826
[loftr_wrapper.py] pair_ids (81,)
[loftr_wrapper.py] corres: (81, 5)
[loftr_wrapper.py] image0: torch.Size([1, 1, 400, 400])
[loftr_wrapper.py] net forward
[loftr_wrapper.py] mconf, 0.20274968445301056 0.8072144389152527
[loftr_wrapper.py] pair_ids (62,)
[loftr_wrapper.py] corres: (62, 5)
[loftr_wrapper.py] image0: torch.Size([1, 1, 400, 400])
[loftr_wrapper.py] net forward
[loftr_wrapper.py] mconf, 0.20066040754318237 0.7620741724967957
[loftr_wrapper.py] pair_ids (76,)
[loftr_wrapper.py] corres: (76, 5)
[loftr_wrapper.py] image0: torch.Size([1, 1, 400, 400])
[loftr_wrapper.py] net forward
[loftr_wrapper.py] mconf, 0.2012154906988144 0.8447902798652649
[loftr_wrapper.py] pair_ids (74,)
[loftr_wrapper.py] corres: (74, 5)
[loftr_wrapper.py] image0: torch.Size([1, 1, 400, 400])
[loftr_wrapper.py] net forward
[loftr_wrapper.py] mconf, 0.20029431581497192 0.8241715431213379
[loftr_wrapper.py] pair_ids (72,)
[loftr_wrapper.py] corres: (72, 5)
[loftr_wrapper.py] image0: torch.Size([1, 1, 400, 400])
[loftr_wrapper.py] net forward
[loftr_wrapper.py] mconf, 0.2011273354291916 0.8331413269042969
[loftr_wrapper.py] pair_ids (51,)
[loftr_wrapper.py] corres: (51, 5)
[loftr_wrapper.py] image0: torch.Size([1, 1, 400, 400])
[loftr_wrapper.py] net forward
[loftr_wrapper.py] mconf, 0.20199671387672424 0.6255902051925659
[loftr_wrapper.py] pair_ids (56,)
[loftr_wrapper.py] corres: (56, 5)
  A MD-prior AP12 76/171 2.6s/kf | E-I=8.31 E-L=11.32 E-V2=142.78 E-V5b=72.24 E-V5d=72.83 E-V5x2=78.95 E-VI=78.95 | rot0 3.30
/home/kist/Desktop/BundleSAM3DGS/experiments/vggt_probe/models.py:30: FutureWarning: `torch.cuda.amp.autocast(args...)` is deprecated. Please use `torch.amp.autocast('cuda', args...)` instead.
  with torch.cuda.amp.autocast(dtype=torch.bfloat16):
/home/kist/venvs/vggt_probe/lib/python3.10/site-packages/vggt/models/vggt.py:65: FutureWarning: `torch.cuda.amp.autocast(args...)` is deprecated. Please use `torch.amp.autocast('cuda', args...)` instead.
  with torch.cuda.amp.autocast(enabled=False):
[loftr_wrapper.py] image0: torch.Size([1, 1, 400, 400])
/home/kist/Desktop/BundleSAM3DGS/loftr_wrapper.py:45: FutureWarning: `torch.cuda.amp.autocast(args...)` is deprecated. Please use `torch.amp.autocast('cuda', args...)` instead.
  with torch.cuda.amp.autocast(enabled=True):
[loftr_wrapper.py] net forward
[loftr_wrapper.py] mconf, 0.20099063217639923 0.5081971287727356
[loftr_wrapper.py] pair_ids (48,)
[loftr_wrapper.py] corres: (48, 5)
[loftr_wrapper.py] image0: torch.Size([1, 1, 400, 400])
[loftr_wrapper.py] net forward
[loftr_wrapper.py] mconf, 0.2088330239057541 0.7144211530685425
[loftr_wrapper.py] pair_ids (53,)
[loftr_wrapper.py] corres: (53, 5)
[loftr_wrapper.py] image0: torch.Size([1, 1, 400, 400])
[loftr_wrapper.py] net forward
[loftr_wrapper.py] mconf, 0.20236480236053467 0.7716559171676636
[loftr_wrapper.py] pair_ids (75,)
[loftr_wrapper.py] corres: (75, 5)
[loftr_wrapper.py] image0: torch.Size([1, 1, 400, 400])
[loftr_wrapper.py] net forward
[loftr_wrapper.py] mconf, 0.2020273357629776 0.5912808775901794
[loftr_wrapper.py] pair_ids (59,)
[loftr_wrapper.py] corres: (59, 5)
[loftr_wrapper.py] image0: torch.Size([1, 1, 400, 400])
[loftr_wrapper.py] net forward
[loftr_wrapper.py] mconf, 0.2027416080236435 0.8311963677406311
[loftr_wrapper.py] pair_ids (84,)
[loftr_wrapper.py] corres: (84, 5)
[loftr_wrapper.py] image0: torch.Size([1, 1, 400, 400])
[loftr_wrapper.py] net forward
[loftr_wrapper.py] mconf, 0.20199055969715118 0.6306941509246826
[loftr_wrapper.py] pair_ids (53,)
[loftr_wrapper.py] corres: (53, 5)
[loftr_wrapper.py] image0: torch.Size([1, 1, 400, 400])
[loftr_wrapper.py] net forward
[loftr_wrapper.py] mconf, 0.20136450231075287 0.7494655847549438
[loftr_wrapper.py] pair_ids (72,)
[loftr_wrapper.py] corres: (72, 5)
[loftr_wrapper.py] image0: torch.Size([1, 1, 400, 400])
[loftr_wrapper.py] net forward
[loftr_wrapper.py] mconf, 0.20334231853485107 0.6715863347053528
[loftr_wrapper.py] pair_ids (76,)
[loftr_wrapper.py] corres: (76, 5)
[loftr_wrapper.py] image0: torch.Size([1, 1, 400, 400])
[loftr_wrapper.py] net forward
[loftr_wrapper.py] mconf, 0.20380741357803345 0.6800756454467773
[loftr_wrapper.py] pair_ids (65,)
[loftr_wrapper.py] corres: (65, 5)
[loftr_wrapper.py] image0: torch.Size([1, 1, 400, 400])
[loftr_wrapper.py] net forward
[loftr_wrapper.py] mconf, 0.20253358781337738 0.8588311076164246
[loftr_wrapper.py] pair_ids (76,)
[loftr_wrapper.py] corres: (76, 5)
[loftr_wrapper.py] image0: torch.Size([1, 1, 400, 400])
[loftr_wrapper.py] net forward
[loftr_wrapper.py] mconf, 0.20210866630077362 0.7221806049346924
[loftr_wrapper.py] pair_ids (61,)
[loftr_wrapper.py] corres: (61, 5)
[loftr_wrapper.py] image0: torch.Size([1, 1, 400, 400])
[loftr_wrapper.py] net forward
[loftr_wrapper.py] mconf, 0.20189808309078217 0.6981898546218872
[loftr_wrapper.py] pair_ids (73,)
[loftr_wrapper.py] corres: (73, 5)
[loftr_wrapper.py] image0: torch.Size([1, 1, 400, 400])
[loftr_wrapper.py] net forward
[loftr_wrapper.py] mconf, 0.20221659541130066 0.6377556920051575
[loftr_wrapper.py] pair_ids (50,)
[loftr_wrapper.py] corres: (50, 5)
[loftr_wrapper.py] image0: torch.Size([1, 1, 400, 400])
[loftr_wrapper.py] net forward
[loftr_wrapper.py] mconf, 0.20143656432628632 0.5829352736473083
[loftr_wrapper.py] pair_ids (41,)
[loftr_wrapper.py] corres: (41, 5)
[loftr_wrapper.py] image0: torch.Size([1, 1, 400, 400])
[loftr_wrapper.py] net forward
[loftr_wrapper.py] mconf, 0.20081046223640442 0.5469933152198792
[loftr_wrapper.py] pair_ids (42,)
[loftr_wrapper.py] corres: (42, 5)
[loftr_wrapper.py] image0: torch.Size([1, 1, 400, 400])
[loftr_wrapper.py] net forward
[loftr_wrapper.py] mconf, 0.20039302110671997 0.6083569526672363
[loftr_wrapper.py] pair_ids (41,)
[loftr_wrapper.py] corres: (41, 5)
[loftr_wrapper.py] image0: torch.Size([1, 1, 400, 400])
[loftr_wrapper.py] net forward
[loftr_wrapper.py] mconf, 0.2005646824836731 0.5182711482048035
[loftr_wrapper.py] pair_ids (40,)
[loftr_wrapper.py] corres: (40, 5)
[loftr_wrapper.py] image0: torch.Size([1, 1, 400, 400])
[loftr_wrapper.py] net forward
[loftr_wrapper.py] mconf, 0.20110242068767548 0.795680046081543
[loftr_wrapper.py] pair_ids (66,)
[loftr_wrapper.py] corres: (66, 5)
[loftr_wrapper.py] image0: torch.Size([1, 1, 400, 400])
[loftr_wrapper.py] net forward
[loftr_wrapper.py] mconf, 0.20093819499015808 0.7984789609909058
[loftr_wrapper.py] pair_ids (50,)
[loftr_wrapper.py] corres: (50, 5)
[loftr_wrapper.py] image0: torch.Size([1, 1, 400, 400])
[loftr_wrapper.py] net forward
[loftr_wrapper.py] mconf, 0.20077069103717804 0.5981398224830627
[loftr_wrapper.py] pair_ids (33,)
[loftr_wrapper.py] corres: (33, 5)
[loftr_wrapper.py] image0: torch.Size([1, 1, 400, 400])
[loftr_wrapper.py] net forward
[loftr_wrapper.py] mconf, 0.2009892612695694 0.6128498315811157
[loftr_wrapper.py] pair_ids (26,)
[loftr_wrapper.py] corres: (26, 5)
[loftr_wrapper.py] image0: torch.Size([1, 1, 400, 400])
[loftr_wrapper.py] net forward
[loftr_wrapper.py] mconf, 0.20159496366977692 0.7105044722557068
[loftr_wrapper.py] pair_ids (34,)
[loftr_wrapper.py] corres: (34, 5)
[loftr_wrapper.py] image0: torch.Size([1, 1, 400, 400])
[loftr_wrapper.py] net forward
[loftr_wrapper.py] mconf, 0.20089976489543915 0.6576407551765442
[loftr_wrapper.py] pair_ids (38,)
[loftr_wrapper.py] corres: (38, 5)
[loftr_wrapper.py] image0: torch.Size([1, 1, 400, 400])
[loftr_wrapper.py] net forward
[loftr_wrapper.py] mconf, 0.20124351978302002 0.7928202152252197
[loftr_wrapper.py] pair_ids (42,)
[loftr_wrapper.py] corres: (42, 5)
[loftr_wrapper.py] image0: torch.Size([1, 1, 400, 400])
[loftr_wrapper.py] net forward
[loftr_wrapper.py] mconf, 0.20033448934555054 0.6907228827476501
[loftr_wrapper.py] pair_ids (34,)
[loftr_wrapper.py] corres: (34, 5)
  A MD-prior AP12 101/171 2.6s/kf | E-I=5.85 E-L=7.15 E-V2=90.42 E-V5b=56.84 E-V5d=56.84 E-V5x2=84.20 E-VI=84.20 | rot0 3.40
/home/kist/Desktop/BundleSAM3DGS/experiments/vggt_probe/models.py:30: FutureWarning: `torch.cuda.amp.autocast(args...)` is deprecated. Please use `torch.amp.autocast('cuda', args...)` instead.
  with torch.cuda.amp.autocast(dtype=torch.bfloat16):
/home/kist/venvs/vggt_probe/lib/python3.10/site-packages/vggt/models/vggt.py:65: FutureWarning: `torch.cuda.amp.autocast(args...)` is deprecated. Please use `torch.amp.autocast('cuda', args...)` instead.
  with torch.cuda.amp.autocast(enabled=False):
[loftr_wrapper.py] image0: torch.Size([1, 1, 400, 400])
/home/kist/Desktop/BundleSAM3DGS/loftr_wrapper.py:45: FutureWarning: `torch.cuda.amp.autocast(args...)` is deprecated. Please use `torch.amp.autocast('cuda', args...)` instead.
  with torch.cuda.amp.autocast(enabled=True):
[loftr_wrapper.py] net forward
[loftr_wrapper.py] mconf, 0.20210200548171997 0.5653573274612427
[loftr_wrapper.py] pair_ids (50,)
[loftr_wrapper.py] corres: (50, 5)
[loftr_wrapper.py] image0: torch.Size([1, 1, 400, 400])
[loftr_wrapper.py] net forward
[loftr_wrapper.py] mconf, 0.20229201018810272 0.7206879258155823
[loftr_wrapper.py] pair_ids (28,)
[loftr_wrapper.py] corres: (28, 5)
[loftr_wrapper.py] image0: torch.Size([1, 1, 400, 400])
[loftr_wrapper.py] net forward
[loftr_wrapper.py] mconf, 0.20058071613311768 0.5478576421737671
[loftr_wrapper.py] pair_ids (31,)
[loftr_wrapper.py] corres: (31, 5)
[loftr_wrapper.py] image0: torch.Size([1, 1, 400, 400])
[loftr_wrapper.py] net forward
[loftr_wrapper.py] mconf, 0.210091233253479 0.608546793460846
[loftr_wrapper.py] pair_ids (58,)
[loftr_wrapper.py] corres: (58, 5)
[loftr_wrapper.py] image0: torch.Size([1, 1, 400, 400])
[loftr_wrapper.py] net forward
[loftr_wrapper.py] mconf, 0.20373357832431793 0.6467235088348389
[loftr_wrapper.py] pair_ids (61,)
[loftr_wrapper.py] corres: (61, 5)
[loftr_wrapper.py] image0: torch.Size([1, 1, 400, 400])
[loftr_wrapper.py] net forward
[loftr_wrapper.py] mconf, 0.2002178430557251 0.8516151309013367
[loftr_wrapper.py] pair_ids (62,)
[loftr_wrapper.py] corres: (62, 5)
[loftr_wrapper.py] image0: torch.Size([1, 1, 400, 400])
[loftr_wrapper.py] net forward
[loftr_wrapper.py] mconf, 0.20256377756595612 0.7392573356628418
[loftr_wrapper.py] pair_ids (67,)
[loftr_wrapper.py] corres: (67, 5)
[loftr_wrapper.py] image0: torch.Size([1, 1, 400, 400])
[loftr_wrapper.py] net forward
[loftr_wrapper.py] mconf, 0.2037525177001953 0.7559835314750671
[loftr_wrapper.py] pair_ids (55,)
[loftr_wrapper.py] corres: (55, 5)
[loftr_wrapper.py] image0: torch.Size([1, 1, 400, 400])
[loftr_wrapper.py] net forward
[loftr_wrapper.py] mconf, 0.20368728041648865 0.9057984352111816
[loftr_wrapper.py] pair_ids (60,)
[loftr_wrapper.py] corres: (60, 5)
[loftr_wrapper.py] image0: torch.Size([1, 1, 400, 400])
[loftr_wrapper.py] net forward
[loftr_wrapper.py] mconf, 0.20670849084854126 0.6754100918769836
[loftr_wrapper.py] pair_ids (51,)
[loftr_wrapper.py] corres: (51, 5)
[loftr_wrapper.py] image0: torch.Size([1, 1, 400, 400])
[loftr_wrapper.py] net forward
[loftr_wrapper.py] mconf, 0.20165042579174042 0.6173936128616333
[loftr_wrapper.py] pair_ids (47,)
[loftr_wrapper.py] corres: (47, 5)
[loftr_wrapper.py] image0: torch.Size([1, 1, 400, 400])
[loftr_wrapper.py] net forward
[loftr_wrapper.py] mconf, 0.2075192928314209 0.5900160670280457
[loftr_wrapper.py] pair_ids (48,)
[loftr_wrapper.py] corres: (48, 5)
[loftr_wrapper.py] image0: torch.Size([1, 1, 400, 400])
[loftr_wrapper.py] net forward
[loftr_wrapper.py] mconf, 0.20059864223003387 0.8136264085769653
[loftr_wrapper.py] pair_ids (69,)
[loftr_wrapper.py] corres: (69, 5)
[loftr_wrapper.py] image0: torch.Size([1, 1, 400, 400])
[loftr_wrapper.py] net forward
[loftr_wrapper.py] mconf, 0.20010583102703094 0.6519221067428589
[loftr_wrapper.py] pair_ids (51,)
[loftr_wrapper.py] corres: (51, 5)
[loftr_wrapper.py] image0: torch.Size([1, 1, 400, 400])
[loftr_wrapper.py] net forward
[loftr_wrapper.py] mconf, 0.2011599987745285 0.7368611097335815
[loftr_wrapper.py] pair_ids (48,)
[loftr_wrapper.py] corres: (48, 5)
[loftr_wrapper.py] image0: torch.Size([1, 1, 400, 400])
[loftr_wrapper.py] net forward
[loftr_wrapper.py] mconf, 0.20146536827087402 0.7242792248725891
[loftr_wrapper.py] pair_ids (44,)
[loftr_wrapper.py] corres: (44, 5)
[loftr_wrapper.py] image0: torch.Size([1, 1, 400, 400])
[loftr_wrapper.py] net forward
[loftr_wrapper.py] mconf, 0.20192162692546844 0.5201208591461182
[loftr_wrapper.py] pair_ids (43,)
[loftr_wrapper.py] corres: (43, 5)
[loftr_wrapper.py] image0: torch.Size([1, 1, 400, 400])
[loftr_wrapper.py] net forward
[loftr_wrapper.py] mconf, 0.20003923773765564 0.577613353729248
[loftr_wrapper.py] pair_ids (57,)
[loftr_wrapper.py] corres: (57, 5)
[loftr_wrapper.py] image0: torch.Size([1, 1, 400, 400])
[loftr_wrapper.py] net forward
[loftr_wrapper.py] mconf, 0.2028665840625763 0.604272186756134
[loftr_wrapper.py] pair_ids (46,)
[loftr_wrapper.py] corres: (46, 5)
[loftr_wrapper.py] image0: torch.Size([1, 1, 400, 400])
[loftr_wrapper.py] net forward
[loftr_wrapper.py] mconf, 0.2147766649723053 0.9369902610778809
[loftr_wrapper.py] pair_ids (62,)
[loftr_wrapper.py] corres: (62, 5)
[loftr_wrapper.py] image0: torch.Size([1, 1, 400, 400])
[loftr_wrapper.py] net forward
[loftr_wrapper.py] mconf, 0.20156781375408173 0.7081757187843323
[loftr_wrapper.py] pair_ids (104,)
[loftr_wrapper.py] corres: (104, 5)
[loftr_wrapper.py] image0: torch.Size([1, 1, 400, 400])
[loftr_wrapper.py] net forward
[loftr_wrapper.py] mconf, 0.20426654815673828 0.8043306469917297
[loftr_wrapper.py] pair_ids (53,)
[loftr_wrapper.py] corres: (53, 5)
[loftr_wrapper.py] image0: torch.Size([1, 1, 400, 400])
[loftr_wrapper.py] net forward
[loftr_wrapper.py] mconf, 0.20132265985012054 0.9105944037437439
[loftr_wrapper.py] pair_ids (92,)
[loftr_wrapper.py] corres: (92, 5)
[loftr_wrapper.py] image0: torch.Size([1, 1, 400, 400])
[loftr_wrapper.py] net forward
[loftr_wrapper.py] mconf, 0.2010643035173416 0.7897477149963379
[loftr_wrapper.py] pair_ids (74,)
[loftr_wrapper.py] corres: (74, 5)
[loftr_wrapper.py] image0: torch.Size([1, 1, 400, 400])
[loftr_wrapper.py] net forward
[loftr_wrapper.py] mconf, 0.20022045075893402 0.5847373008728027
[loftr_wrapper.py] pair_ids (51,)
[loftr_wrapper.py] corres: (51, 5)
  A MD-prior AP12 126/171 2.9s/kf | E-I=5.76 E-L=6.06 E-V2=120.19 E-V5b=132.54 E-V5d=132.69 E-V5x2=44.17 E-VI=50.91 | rot0 1.82
/home/kist/Desktop/BundleSAM3DGS/experiments/vggt_probe/models.py:30: FutureWarning: `torch.cuda.amp.autocast(args...)` is deprecated. Please use `torch.amp.autocast('cuda', args...)` instead.
  with torch.cuda.amp.autocast(dtype=torch.bfloat16):
/home/kist/venvs/vggt_probe/lib/python3.10/site-packages/vggt/models/vggt.py:65: FutureWarning: `torch.cuda.amp.autocast(args...)` is deprecated. Please use `torch.amp.autocast('cuda', args...)` instead.
  with torch.cuda.amp.autocast(enabled=False):
[loftr_wrapper.py] image0: torch.Size([1, 1, 400, 400])
/home/kist/Desktop/BundleSAM3DGS/loftr_wrapper.py:45: FutureWarning: `torch.cuda.amp.autocast(args...)` is deprecated. Please use `torch.amp.autocast('cuda', args...)` instead.
  with torch.cuda.amp.autocast(enabled=True):
[loftr_wrapper.py] net forward
[loftr_wrapper.py] mconf, 0.20170173048973083 0.7202547192573547
[loftr_wrapper.py] pair_ids (34,)
[loftr_wrapper.py] corres: (34, 5)
[loftr_wrapper.py] image0: torch.Size([1, 1, 400, 400])
[loftr_wrapper.py] net forward
[loftr_wrapper.py] mconf, 0.2038075029850006 0.583215594291687
[loftr_wrapper.py] pair_ids (34,)
[loftr_wrapper.py] corres: (34, 5)
[loftr_wrapper.py] image0: torch.Size([1, 1, 400, 400])
[loftr_wrapper.py] net forward
[loftr_wrapper.py] mconf, 0.2028454840183258 0.6328674554824829
[loftr_wrapper.py] pair_ids (42,)
[loftr_wrapper.py] corres: (42, 5)
[loftr_wrapper.py] image0: torch.Size([1, 1, 400, 400])
[loftr_wrapper.py] net forward
[loftr_wrapper.py] mconf, 0.20775948464870453 0.7210609912872314
[loftr_wrapper.py] pair_ids (44,)
[loftr_wrapper.py] corres: (44, 5)
[loftr_wrapper.py] image0: torch.Size([1, 1, 400, 400])
[loftr_wrapper.py] net forward
[loftr_wrapper.py] mconf, 0.21211837232112885 0.43774521350860596
[loftr_wrapper.py] pair_ids (30,)
[loftr_wrapper.py] corres: (30, 5)
[loftr_wrapper.py] image0: torch.Size([1, 1, 400, 400])
[loftr_wrapper.py] net forward
[loftr_wrapper.py] mconf, 0.20024901628494263 0.6940208673477173
[loftr_wrapper.py] pair_ids (37,)
[loftr_wrapper.py] corres: (37, 5)
[loftr_wrapper.py] image0: torch.Size([1, 1, 400, 400])
[loftr_wrapper.py] net forward
[loftr_wrapper.py] mconf, 0.2055135816335678 0.649856686592102
[loftr_wrapper.py] pair_ids (38,)
[loftr_wrapper.py] corres: (38, 5)
[loftr_wrapper.py] image0: torch.Size([1, 1, 400, 400])
[loftr_wrapper.py] net forward
[loftr_wrapper.py] mconf, 0.20168615877628326 0.7093722224235535
[loftr_wrapper.py] pair_ids (39,)
[loftr_wrapper.py] corres: (39, 5)
[loftr_wrapper.py] image0: torch.Size([1, 1, 400, 400])
[loftr_wrapper.py] net forward
[loftr_wrapper.py] mconf, 0.2022702991962433 0.7311951518058777
[loftr_wrapper.py] pair_ids (35,)
[loftr_wrapper.py] corres: (35, 5)
[loftr_wrapper.py] image0: torch.Size([1, 1, 400, 400])
[loftr_wrapper.py] net forward
[loftr_wrapper.py] mconf, 0.20032460987567902 0.4924633800983429
[loftr_wrapper.py] pair_ids (29,)
[loftr_wrapper.py] corres: (29, 5)
[loftr_wrapper.py] image0: torch.Size([1, 1, 400, 400])
[loftr_wrapper.py] net forward
[loftr_wrapper.py] mconf, 0.20251214504241943 0.6019575595855713
[loftr_wrapper.py] pair_ids (27,)
[loftr_wrapper.py] corres: (27, 5)
[loftr_wrapper.py] image0: torch.Size([1, 1, 400, 400])
[loftr_wrapper.py] net forward
[loftr_wrapper.py] mconf, 0.20093242824077606 0.5887441635131836
[loftr_wrapper.py] pair_ids (35,)
[loftr_wrapper.py] corres: (35, 5)
[loftr_wrapper.py] image0: torch.Size([1, 1, 400, 400])
[loftr_wrapper.py] net forward
[loftr_wrapper.py] mconf, 0.20307159423828125 0.6991734504699707
[loftr_wrapper.py] pair_ids (44,)
[loftr_wrapper.py] corres: (44, 5)
[loftr_wrapper.py] image0: torch.Size([1, 1, 400, 400])
[loftr_wrapper.py] net forward
[loftr_wrapper.py] mconf, 0.20793567597866058 0.7563753128051758
[loftr_wrapper.py] pair_ids (32,)
[loftr_wrapper.py] corres: (32, 5)
[loftr_wrapper.py] image0: torch.Size([1, 1, 400, 400])
[loftr_wrapper.py] net forward
[loftr_wrapper.py] mconf, 0.20305106043815613 0.6187406182289124
[loftr_wrapper.py] pair_ids (33,)
[loftr_wrapper.py] corres: (33, 5)
[loftr_wrapper.py] image0: torch.Size([1, 1, 400, 400])
[loftr_wrapper.py] net forward
[loftr_wrapper.py] mconf, 0.20601241290569305 0.6565387845039368
[loftr_wrapper.py] pair_ids (43,)
[loftr_wrapper.py] corres: (43, 5)
[loftr_wrapper.py] image0: torch.Size([1, 1, 400, 400])
[loftr_wrapper.py] net forward
[loftr_wrapper.py] mconf, 0.20189325511455536 0.6037799715995789
[loftr_wrapper.py] pair_ids (35,)
[loftr_wrapper.py] corres: (35, 5)
[loftr_wrapper.py] image0: torch.Size([1, 1, 400, 400])
[loftr_wrapper.py] net forward
[loftr_wrapper.py] mconf, 0.2027897983789444 0.5521326661109924
[loftr_wrapper.py] pair_ids (21,)
[loftr_wrapper.py] corres: (21, 5)
[loftr_wrapper.py] image0: torch.Size([1, 1, 400, 400])
[loftr_wrapper.py] net forward
[loftr_wrapper.py] mconf, 0.2057018280029297 0.7345686554908752
[loftr_wrapper.py] pair_ids (29,)
[loftr_wrapper.py] corres: (29, 5)
[loftr_wrapper.py] image0: torch.Size([1, 1, 400, 400])
[loftr_wrapper.py] net forward
[loftr_wrapper.py] mconf, 0.2084762454032898 0.5984125733375549
[loftr_wrapper.py] pair_ids (35,)
[loftr_wrapper.py] corres: (35, 5)
[loftr_wrapper.py] image0: torch.Size([1, 1, 400, 400])
[loftr_wrapper.py] net forward
[loftr_wrapper.py] mconf, 0.20003452897071838 0.4622350037097931
[loftr_wrapper.py] pair_ids (32,)
[loftr_wrapper.py] corres: (32, 5)
[loftr_wrapper.py] image0: torch.Size([1, 1, 400, 400])
[loftr_wrapper.py] net forward
[loftr_wrapper.py] mconf, 0.20548084378242493 0.6675591468811035
[loftr_wrapper.py] pair_ids (40,)
[loftr_wrapper.py] corres: (40, 5)
[loftr_wrapper.py] image0: torch.Size([1, 1, 400, 400])
[loftr_wrapper.py] net forward
[loftr_wrapper.py] mconf, 0.20169483125209808 0.6597622632980347
[loftr_wrapper.py] pair_ids (23,)
[loftr_wrapper.py] corres: (23, 5)
[loftr_wrapper.py] image0: torch.Size([1, 1, 400, 400])
[loftr_wrapper.py] net forward
[loftr_wrapper.py] mconf, 0.20319011807441711 0.556628942489624
[loftr_wrapper.py] pair_ids (43,)
[loftr_wrapper.py] corres: (43, 5)
[loftr_wrapper.py] image0: torch.Size([1, 1, 400, 400])
[loftr_wrapper.py] net forward
[loftr_wrapper.py] mconf, 0.20154039561748505 0.6117560267448425
[loftr_wrapper.py] pair_ids (50,)
[loftr_wrapper.py] corres: (50, 5)
  A MD-prior AP12 151/171 2.8s/kf | E-I=6.62 E-L=1.79 E-V2=110.47 E-V5b=68.55 E-V5d=68.74 E-V5x2=75.95 E-VI=77.32 | rot0 1.48
/home/kist/Desktop/BundleSAM3DGS/experiments/vggt_probe/models.py:30: FutureWarning: `torch.cuda.amp.autocast(args...)` is deprecated. Please use `torch.amp.autocast('cuda', args...)` instead.
  with torch.cuda.amp.autocast(dtype=torch.bfloat16):
/home/kist/venvs/vggt_probe/lib/python3.10/site-packages/vggt/models/vggt.py:65: FutureWarning: `torch.cuda.amp.autocast(args...)` is deprecated. Please use `torch.amp.autocast('cuda', args...)` instead.
  with torch.cuda.amp.autocast(enabled=False):
[loftr_wrapper.py] image0: torch.Size([1, 1, 400, 400])
/home/kist/Desktop/BundleSAM3DGS/loftr_wrapper.py:45: FutureWarning: `torch.cuda.amp.autocast(args...)` is deprecated. Please use `torch.amp.autocast('cuda', args...)` instead.
  with torch.cuda.amp.autocast(enabled=True):
[loftr_wrapper.py] net forward
[loftr_wrapper.py] mconf, 0.2010703831911087 0.7570898532867432
[loftr_wrapper.py] pair_ids (52,)
[loftr_wrapper.py] corres: (52, 5)
[loftr_wrapper.py] image0: torch.Size([1, 1, 400, 400])
[loftr_wrapper.py] net forward
[loftr_wrapper.py] mconf, 0.20012357831001282 0.5786889791488647
[loftr_wrapper.py] pair_ids (34,)
[loftr_wrapper.py] corres: (34, 5)
[loftr_wrapper.py] image0: torch.Size([1, 1, 400, 400])
[loftr_wrapper.py] net forward
[loftr_wrapper.py] mconf, 0.20216956734657288 0.8412756323814392
[loftr_wrapper.py] pair_ids (38,)
[loftr_wrapper.py] corres: (38, 5)
[loftr_wrapper.py] image0: torch.Size([1, 1, 400, 400])
[loftr_wrapper.py] net forward
[loftr_wrapper.py] mconf, 0.207181915640831 0.5894500613212585
[loftr_wrapper.py] pair_ids (29,)
[loftr_wrapper.py] corres: (29, 5)
[loftr_wrapper.py] image0: torch.Size([1, 1, 400, 400])
[loftr_wrapper.py] net forward
[loftr_wrapper.py] mconf, 0.2011481523513794 0.6396543979644775
[loftr_wrapper.py] pair_ids (25,)
[loftr_wrapper.py] corres: (25, 5)
[loftr_wrapper.py] image0: torch.Size([1, 1, 400, 400])
[loftr_wrapper.py] net forward
[loftr_wrapper.py] mconf, 0.2003503441810608 0.7833488583564758
[loftr_wrapper.py] pair_ids (32,)
[loftr_wrapper.py] corres: (32, 5)
[loftr_wrapper.py] image0: torch.Size([1, 1, 400, 400])
[loftr_wrapper.py] net forward
[loftr_wrapper.py] mconf, 0.2086125910282135 0.6704427599906921
[loftr_wrapper.py] pair_ids (36,)
[loftr_wrapper.py] corres: (36, 5)
[loftr_wrapper.py] image0: torch.Size([1, 1, 400, 400])
[loftr_wrapper.py] net forward
[loftr_wrapper.py] mconf, 0.20052598416805267 0.5415240526199341
[loftr_wrapper.py] pair_ids (44,)
[loftr_wrapper.py] corres: (44, 5)
[loftr_wrapper.py] image0: torch.Size([1, 1, 400, 400])
[loftr_wrapper.py] net forward
[loftr_wrapper.py] mconf, 0.20188094675540924 0.7335762977600098
[loftr_wrapper.py] pair_ids (49,)
[loftr_wrapper.py] corres: (49, 5)
[loftr_wrapper.py] image0: torch.Size([1, 1, 400, 400])
[loftr_wrapper.py] net forward
[loftr_wrapper.py] mconf, 0.20283383131027222 0.7162479758262634
[loftr_wrapper.py] pair_ids (34,)
[loftr_wrapper.py] corres: (34, 5)
[loftr_wrapper.py] image0: torch.Size([1, 1, 400, 400])
[loftr_wrapper.py] net forward
[loftr_wrapper.py] mconf, 0.20124617218971252 0.6227114796638489
[loftr_wrapper.py] pair_ids (44,)
[loftr_wrapper.py] corres: (44, 5)
[loftr_wrapper.py] image0: torch.Size([1, 1, 400, 400])
[loftr_wrapper.py] net forward
[loftr_wrapper.py] mconf, 0.20056882500648499 0.7243742346763611
[loftr_wrapper.py] pair_ids (38,)
[loftr_wrapper.py] corres: (38, 5)
[loftr_wrapper.py] image0: torch.Size([1, 1, 400, 400])
[loftr_wrapper.py] net forward
[loftr_wrapper.py] mconf, 0.20041579008102417 0.7480723261833191
[loftr_wrapper.py] pair_ids (43,)
[loftr_wrapper.py] corres: (43, 5)
[loftr_wrapper.py] image0: torch.Size([1, 1, 400, 400])
[loftr_wrapper.py] net forward
[loftr_wrapper.py] mconf, 0.2004288285970688 0.8851681351661682
[loftr_wrapper.py] pair_ids (60,)
[loftr_wrapper.py] corres: (60, 5)
[loftr_wrapper.py] image0: torch.Size([1, 1, 400, 400])
[loftr_wrapper.py] net forward
[loftr_wrapper.py] mconf, 0.20073182880878448 0.7877753973007202
[loftr_wrapper.py] pair_ids (51,)
[loftr_wrapper.py] corres: (51, 5)
[loftr_wrapper.py] image0: torch.Size([1, 1, 400, 400])
[loftr_wrapper.py] net forward
[loftr_wrapper.py] mconf, 0.20114950835704803 0.5205647945404053
[loftr_wrapper.py] pair_ids (34,)
[loftr_wrapper.py] corres: (34, 5)
[loftr_wrapper.py] image0: torch.Size([1, 1, 400, 400])
[loftr_wrapper.py] net forward
[loftr_wrapper.py] mconf, 0.20047301054000854 0.5669824481010437
[loftr_wrapper.py] pair_ids (29,)
[loftr_wrapper.py] corres: (29, 5)
[loftr_wrapper.py] image0: torch.Size([1, 1, 400, 400])
[loftr_wrapper.py] net forward
[loftr_wrapper.py] mconf, 0.20425361394882202 0.680600643157959
[loftr_wrapper.py] pair_ids (38,)
[loftr_wrapper.py] corres: (38, 5)
[loftr_wrapper.py] image0: torch.Size([1, 1, 400, 400])
[loftr_wrapper.py] net forward
[loftr_wrapper.py] mconf, 0.20061661303043365 0.7542864084243774
[loftr_wrapper.py] pair_ids (62,)
[loftr_wrapper.py] corres: (62, 5)
[loftr_wrapper.py] image0: torch.Size([1, 1, 400, 400])
[loftr_wrapper.py] net forward
[loftr_wrapper.py] mconf, 0.20070651173591614 0.7196372747421265
[loftr_wrapper.py] pair_ids (48,)
[loftr_wrapper.py] corres: (48, 5)
DONE A MD-prior AP12 jobs 171 448s | E-I=6.77/5% E-L=5.74/29% E-V2=104.35/0% E-V5b=71.92/0% E-V5d=72.08/0% E-V5x2=59.94/0% E-VI=68.16/0% | rot0 2.03
/home/kist/Desktop/BundleSAM3DGS/experiments/vggt_probe/models.py:30: FutureWarning: `torch.cuda.amp.autocast(args...)` is deprecated. Please use `torch.amp.autocast('cuda', args...)` instead.
  with torch.cuda.amp.autocast(dtype=torch.bfloat16):
/home/kist/venvs/vggt_probe/lib/python3.10/site-packages/vggt/models/vggt.py:65: FutureWarning: `torch.cuda.amp.autocast(args...)` is deprecated. Please use `torch.amp.autocast('cuda', args...)` instead.
  with torch.cuda.amp.autocast(enabled=False):
[loftr_wrapper.py] image0: torch.Size([1, 1, 400, 400])
/home/kist/Desktop/BundleSAM3DGS/loftr_wrapper.py:45: FutureWarning: `torch.cuda.amp.autocast(args...)` is deprecated. Please use `torch.amp.autocast('cuda', args...)` instead.
  with torch.cuda.amp.autocast(enabled=True):
[loftr_wrapper.py] net forward
[loftr_wrapper.py] mconf, 0.2016374170780182 0.9817929863929749
[loftr_wrapper.py] pair_ids (452,)
[loftr_wrapper.py] corres: (452, 5)
  A MD-prior AP13 1/166 2.5s/kf | E-I=3.78 E-L=0.99 E-V2=0.80 E-V5b=0.69 E-V5d=0.78 E-V5x2=1.22 E-VI=3.77 | rot0 0.00
/home/kist/Desktop/BundleSAM3DGS/experiments/vggt_probe/models.py:30: FutureWarning: `torch.cuda.amp.autocast(args...)` is deprecated. Please use `torch.amp.autocast('cuda', args...)` instead.
  with torch.cuda.amp.autocast(dtype=torch.bfloat16):
/home/kist/venvs/vggt_probe/lib/python3.10/site-packages/vggt/models/vggt.py:65: FutureWarning: `torch.cuda.amp.autocast(args...)` is deprecated. Please use `torch.amp.autocast('cuda', args...)` instead.
  with torch.cuda.amp.autocast(enabled=False):
[loftr_wrapper.py] image0: torch.Size([1, 1, 400, 400])
/home/kist/Desktop/BundleSAM3DGS/loftr_wrapper.py:45: FutureWarning: `torch.cuda.amp.autocast(args...)` is deprecated. Please use `torch.amp.autocast('cuda', args...)` instead.
  with torch.cuda.amp.autocast(enabled=True):
[loftr_wrapper.py] net forward
[loftr_wrapper.py] mconf, 0.20492984354496002 0.9791316390037537
[loftr_wrapper.py] pair_ids (416,)
[loftr_wrapper.py] corres: (416, 5)
[loftr_wrapper.py] image0: torch.Size([1, 1, 400, 400])
[loftr_wrapper.py] net forward
[loftr_wrapper.py] mconf, 0.20135648548603058 0.9919407367706299
[loftr_wrapper.py] pair_ids (342,)
[loftr_wrapper.py] corres: (342, 5)
[loftr_wrapper.py] image0: torch.Size([1, 1, 400, 400])
[loftr_wrapper.py] net forward
[loftr_wrapper.py] mconf, 0.20020100474357605 0.9895414710044861
[loftr_wrapper.py] pair_ids (346,)
[loftr_wrapper.py] corres: (346, 5)
[loftr_wrapper.py] image0: torch.Size([1, 1, 400, 400])
[loftr_wrapper.py] net forward
[loftr_wrapper.py] mconf, 0.2009185403585434 0.9814116358757019
[loftr_wrapper.py] pair_ids (372,)
[loftr_wrapper.py] corres: (372, 5)
[loftr_wrapper.py] image0: torch.Size([1, 1, 400, 400])
[loftr_wrapper.py] net forward
[loftr_wrapper.py] mconf, 0.20463770627975464 0.9866153597831726
[loftr_wrapper.py] pair_ids (214,)
[loftr_wrapper.py] corres: (214, 5)
[loftr_wrapper.py] image0: torch.Size([1, 1, 400, 400])
[loftr_wrapper.py] net forward
[loftr_wrapper.py] mconf, 0.20160137116909027 0.9904751181602478
[loftr_wrapper.py] pair_ids (211,)
[loftr_wrapper.py] corres: (211, 5)
[loftr_wrapper.py] image0: torch.Size([1, 1, 400, 400])
[loftr_wrapper.py] net forward
[loftr_wrapper.py] mconf, 0.20023955404758453 0.9919629096984863
[loftr_wrapper.py] pair_ids (210,)
[loftr_wrapper.py] corres: (210, 5)
[loftr_wrapper.py] image0: torch.Size([1, 1, 400, 400])
[loftr_wrapper.py] net forward
[loftr_wrapper.py] mconf, 0.2027028203010559 0.9950780868530273
[loftr_wrapper.py] pair_ids (190,)
[loftr_wrapper.py] corres: (190, 5)
[loftr_wrapper.py] image0: torch.Size([1, 1, 400, 400])
[loftr_wrapper.py] net forward
[loftr_wrapper.py] mconf, 0.20621207356452942 0.9821879267692566
[loftr_wrapper.py] pair_ids (127,)
[loftr_wrapper.py] corres: (127, 5)
[loftr_wrapper.py] image0: torch.Size([1, 1, 400, 400])
[loftr_wrapper.py] net forward
[loftr_wrapper.py] mconf, 0.2006760984659195 0.9930549263954163
[loftr_wrapper.py] pair_ids (127,)
[loftr_wrapper.py] corres: (127, 5)
[loftr_wrapper.py] image0: torch.Size([1, 1, 400, 400])
[loftr_wrapper.py] net forward
[loftr_wrapper.py] mconf, 0.20023874938488007 0.9514906406402588
[loftr_wrapper.py] pair_ids (124,)
[loftr_wrapper.py] corres: (124, 5)
[loftr_wrapper.py] image0: torch.Size([1, 1, 400, 400])
[loftr_wrapper.py] net forward
[loftr_wrapper.py] mconf, 0.20261605083942413 0.9797065854072571
[loftr_wrapper.py] pair_ids (134,)
[loftr_wrapper.py] corres: (134, 5)
[loftr_wrapper.py] image0: torch.Size([1, 1, 400, 400])
[loftr_wrapper.py] net forward
[loftr_wrapper.py] mconf, 0.20212610065937042 0.9768403768539429
[loftr_wrapper.py] pair_ids (104,)
[loftr_wrapper.py] corres: (104, 5)
[loftr_wrapper.py] image0: torch.Size([1, 1, 400, 400])
[loftr_wrapper.py] net forward
[loftr_wrapper.py] mconf, 0.20182079076766968 0.8878421187400818
[loftr_wrapper.py] pair_ids (108,)
[loftr_wrapper.py] corres: (108, 5)
[loftr_wrapper.py] image0: torch.Size([1, 1, 400, 400])
[loftr_wrapper.py] net forward
[loftr_wrapper.py] mconf, 0.20450185239315033 0.8466723561286926
[loftr_wrapper.py] pair_ids (113,)
[loftr_wrapper.py] corres: (113, 5)
[loftr_wrapper.py] image0: torch.Size([1, 1, 400, 400])
[loftr_wrapper.py] net forward
[loftr_wrapper.py] mconf, 0.20042628049850464 0.8050056099891663
[loftr_wrapper.py] pair_ids (80,)
[loftr_wrapper.py] corres: (80, 5)
[loftr_wrapper.py] image0: torch.Size([1, 1, 400, 400])
[loftr_wrapper.py] net forward
[loftr_wrapper.py] mconf, 0.20080988109111786 0.9671239256858826
[loftr_wrapper.py] pair_ids (95,)
[loftr_wrapper.py] corres: (95, 5)
[loftr_wrapper.py] image0: torch.Size([1, 1, 400, 400])
[loftr_wrapper.py] net forward
[loftr_wrapper.py] mconf, 0.20105893909931183 0.8825934529304504
[loftr_wrapper.py] pair_ids (95,)
[loftr_wrapper.py] corres: (95, 5)
[loftr_wrapper.py] image0: torch.Size([1, 1, 400, 400])
[loftr_wrapper.py] net forward
[loftr_wrapper.py] mconf, 0.20007149875164032 0.9539250731468201
[loftr_wrapper.py] pair_ids (135,)
[loftr_wrapper.py] corres: (135, 5)
[loftr_wrapper.py] image0: torch.Size([1, 1, 400, 400])
[loftr_wrapper.py] net forward
[loftr_wrapper.py] mconf, 0.20269766449928284 0.9660703539848328
[loftr_wrapper.py] pair_ids (136,)
[loftr_wrapper.py] corres: (136, 5)
[loftr_wrapper.py] image0: torch.Size([1, 1, 400, 400])
[loftr_wrapper.py] net forward
[loftr_wrapper.py] mconf, 0.20266737043857574 0.9907054305076599
[loftr_wrapper.py] pair_ids (137,)
[loftr_wrapper.py] corres: (137, 5)
[loftr_wrapper.py] image0: torch.Size([1, 1, 400, 400])
[loftr_wrapper.py] net forward
[loftr_wrapper.py] mconf, 0.20073753595352173 0.9833325147628784
[loftr_wrapper.py] pair_ids (198,)
[loftr_wrapper.py] corres: (198, 5)
[loftr_wrapper.py] image0: torch.Size([1, 1, 400, 400])
[loftr_wrapper.py] net forward
[loftr_wrapper.py] mconf, 0.2030264288187027 0.978955090045929
[loftr_wrapper.py] pair_ids (221,)
[loftr_wrapper.py] corres: (221, 5)
[loftr_wrapper.py] image0: torch.Size([1, 1, 400, 400])
[loftr_wrapper.py] net forward
[loftr_wrapper.py] mconf, 0.2024407833814621 0.9949115514755249
[loftr_wrapper.py] pair_ids (248,)
[loftr_wrapper.py] corres: (248, 5)
[loftr_wrapper.py] image0: torch.Size([1, 1, 400, 400])
[loftr_wrapper.py] net forward
[loftr_wrapper.py] mconf, 0.20283015072345734 0.9876779317855835
[loftr_wrapper.py] pair_ids (302,)
[loftr_wrapper.py] corres: (302, 5)
  A MD-prior AP13 26/166 3.1s/kf | E-I=3.39 E-L=2.56 E-V2=23.60 E-V5b=41.96 E-V5d=41.88 E-V5x2=13.96 E-VI=14.54 | rot0 2.13
/home/kist/Desktop/BundleSAM3DGS/experiments/vggt_probe/models.py:30: FutureWarning: `torch.cuda.amp.autocast(args...)` is deprecated. Please use `torch.amp.autocast('cuda', args...)` instead.
  with torch.cuda.amp.autocast(dtype=torch.bfloat16):
/home/kist/venvs/vggt_probe/lib/python3.10/site-packages/vggt/models/vggt.py:65: FutureWarning: `torch.cuda.amp.autocast(args...)` is deprecated. Please use `torch.amp.autocast('cuda', args...)` instead.
  with torch.cuda.amp.autocast(enabled=False):
[loftr_wrapper.py] image0: torch.Size([1, 1, 400, 400])
/home/kist/Desktop/BundleSAM3DGS/loftr_wrapper.py:45: FutureWarning: `torch.cuda.amp.autocast(args...)` is deprecated. Please use `torch.amp.autocast('cuda', args...)` instead.
  with torch.cuda.amp.autocast(enabled=True):
[loftr_wrapper.py] net forward
[loftr_wrapper.py] mconf, 0.20176948606967926 0.992521345615387
[loftr_wrapper.py] pair_ids (304,)
[loftr_wrapper.py] corres: (304, 5)
[loftr_wrapper.py] image0: torch.Size([1, 1, 400, 400])
[loftr_wrapper.py] net forward
[loftr_wrapper.py] mconf, 0.20072819292545319 0.9779955148696899
[loftr_wrapper.py] pair_ids (286,)
[loftr_wrapper.py] corres: (286, 5)
[loftr_wrapper.py] image0: torch.Size([1, 1, 400, 400])
[loftr_wrapper.py] net forward
[loftr_wrapper.py] mconf, 0.20480775833129883 0.9917398691177368
[loftr_wrapper.py] pair_ids (259,)
[loftr_wrapper.py] corres: (259, 5)
[loftr_wrapper.py] image0: torch.Size([1, 1, 400, 400])
[loftr_wrapper.py] net forward
[loftr_wrapper.py] mconf, 0.20288725197315216 0.986640989780426
[loftr_wrapper.py] pair_ids (246,)
[loftr_wrapper.py] corres: (246, 5)
[loftr_wrapper.py] image0: torch.Size([1, 1, 400, 400])
[loftr_wrapper.py] net forward
[loftr_wrapper.py] mconf, 0.2027963250875473 0.9728139042854309
[loftr_wrapper.py] pair_ids (230,)
[loftr_wrapper.py] corres: (230, 5)
[loftr_wrapper.py] image0: torch.Size([1, 1, 400, 400])
[loftr_wrapper.py] net forward
[loftr_wrapper.py] mconf, 0.20010994374752045 0.9004969596862793
[loftr_wrapper.py] pair_ids (143,)
[loftr_wrapper.py] corres: (143, 5)
[loftr_wrapper.py] image0: torch.Size([1, 1, 400, 400])
[loftr_wrapper.py] net forward
[loftr_wrapper.py] mconf, 0.20701268315315247 0.9632962346076965
[loftr_wrapper.py] pair_ids (145,)
[loftr_wrapper.py] corres: (145, 5)
[loftr_wrapper.py] image0: torch.Size([1, 1, 400, 400])
[loftr_wrapper.py] net forward
[loftr_wrapper.py] mconf, 0.20034851133823395 0.9374860525131226
[loftr_wrapper.py] pair_ids (125,)
[loftr_wrapper.py] corres: (125, 5)
[loftr_wrapper.py] image0: torch.Size([1, 1, 400, 400])
[loftr_wrapper.py] net forward
[loftr_wrapper.py] mconf, 0.20166067779064178 0.9532953500747681
[loftr_wrapper.py] pair_ids (96,)
[loftr_wrapper.py] corres: (96, 5)
[loftr_wrapper.py] image0: torch.Size([1, 1, 400, 400])
[loftr_wrapper.py] net forward
[loftr_wrapper.py] mconf, 0.20164789259433746 0.8351259231567383
[loftr_wrapper.py] pair_ids (78,)
[loftr_wrapper.py] corres: (78, 5)
[loftr_wrapper.py] image0: torch.Size([1, 1, 400, 400])
[loftr_wrapper.py] net forward
[loftr_wrapper.py] mconf, 0.20001548528671265 0.7815393209457397
[loftr_wrapper.py] pair_ids (60,)
[loftr_wrapper.py] corres: (60, 5)
[loftr_wrapper.py] image0: torch.Size([1, 1, 400, 400])
[loftr_wrapper.py] net forward
[loftr_wrapper.py] mconf, 0.20002736151218414 0.8136128783226013
[loftr_wrapper.py] pair_ids (66,)
[loftr_wrapper.py] corres: (66, 5)
[loftr_wrapper.py] image0: torch.Size([1, 1, 400, 400])
[loftr_wrapper.py] net forward
[loftr_wrapper.py] mconf, 0.20046058297157288 0.8492632508277893
[loftr_wrapper.py] pair_ids (65,)
[loftr_wrapper.py] corres: (65, 5)
[loftr_wrapper.py] image0: torch.Size([1, 1, 400, 400])
[loftr_wrapper.py] net forward
[loftr_wrapper.py] mconf, 0.2017897367477417 0.7080361843109131
[loftr_wrapper.py] pair_ids (50,)
[loftr_wrapper.py] corres: (50, 5)
[loftr_wrapper.py] image0: torch.Size([1, 1, 400, 400])
[loftr_wrapper.py] net forward
[loftr_wrapper.py] mconf, 0.20606598258018494 0.7497186064720154
[loftr_wrapper.py] pair_ids (33,)
[loftr_wrapper.py] corres: (33, 5)
[loftr_wrapper.py] image0: torch.Size([1, 1, 400, 400])
[loftr_wrapper.py] net forward
[loftr_wrapper.py] mconf, 0.2079775035381317 0.7507662177085876
[loftr_wrapper.py] pair_ids (34,)
[loftr_wrapper.py] corres: (34, 5)
[loftr_wrapper.py] image0: torch.Size([1, 1, 400, 400])
[loftr_wrapper.py] net forward
[loftr_wrapper.py] mconf, 0.20116941630840302 0.655272364616394
[loftr_wrapper.py] pair_ids (47,)
[loftr_wrapper.py] corres: (47, 5)
[loftr_wrapper.py] image0: torch.Size([1, 1, 400, 400])
[loftr_wrapper.py] net forward
[loftr_wrapper.py] mconf, 0.20106150209903717 0.6192263960838318
[loftr_wrapper.py] pair_ids (51,)
[loftr_wrapper.py] corres: (51, 5)
[loftr_wrapper.py] image0: torch.Size([1, 1, 400, 400])
[loftr_wrapper.py] net forward
[loftr_wrapper.py] mconf, 0.2007165253162384 0.8682441115379333
[loftr_wrapper.py] pair_ids (74,)
[loftr_wrapper.py] corres: (74, 5)
[loftr_wrapper.py] image0: torch.Size([1, 1, 400, 400])
[loftr_wrapper.py] net forward
[loftr_wrapper.py] mconf, 0.20088784396648407 0.6040589213371277
[loftr_wrapper.py] pair_ids (46,)
[loftr_wrapper.py] corres: (46, 5)
[loftr_wrapper.py] image0: torch.Size([1, 1, 400, 400])
[loftr_wrapper.py] net forward
[loftr_wrapper.py] mconf, 0.2090071737766266 0.6047269701957703
[loftr_wrapper.py] pair_ids (41,)
[loftr_wrapper.py] corres: (41, 5)
[loftr_wrapper.py] image0: torch.Size([1, 1, 400, 400])
[loftr_wrapper.py] net forward
[loftr_wrapper.py] mconf, 0.2010418325662613 0.7468017935752869
[loftr_wrapper.py] pair_ids (45,)
[loftr_wrapper.py] corres: (45, 5)
[loftr_wrapper.py] image0: torch.Size([1, 1, 400, 400])
[loftr_wrapper.py] net forward
[loftr_wrapper.py] mconf, 0.20007090270519257 0.6389521956443787
[loftr_wrapper.py] pair_ids (26,)
[loftr_wrapper.py] corres: (26, 5)
[loftr_wrapper.py] image0: torch.Size([1, 1, 400, 400])
[loftr_wrapper.py] net forward
[loftr_wrapper.py] mconf, 0.20009593665599823 0.6637831330299377
[loftr_wrapper.py] pair_ids (37,)
[loftr_wrapper.py] corres: (37, 5)
[loftr_wrapper.py] image0: torch.Size([1, 1, 400, 400])
[loftr_wrapper.py] net forward
[loftr_wrapper.py] mconf, 0.20255132019519806 0.4557356834411621
[loftr_wrapper.py] pair_ids (34,)
[loftr_wrapper.py] corres: (34, 5)
  A MD-prior AP13 51/166 2.7s/kf | E-I=5.59 E-L=3.64 E-V2=84.20 E-V5b=80.51 E-V5d=80.84 E-V5x2=34.43 E-VI=57.16 | rot0 3.50
/home/kist/Desktop/BundleSAM3DGS/experiments/vggt_probe/models.py:30: FutureWarning: `torch.cuda.amp.autocast(args...)` is deprecated. Please use `torch.amp.autocast('cuda', args...)` instead.
  with torch.cuda.amp.autocast(dtype=torch.bfloat16):
/home/kist/venvs/vggt_probe/lib/python3.10/site-packages/vggt/models/vggt.py:65: FutureWarning: `torch.cuda.amp.autocast(args...)` is deprecated. Please use `torch.amp.autocast('cuda', args...)` instead.
  with torch.cuda.amp.autocast(enabled=False):
[loftr_wrapper.py] image0: torch.Size([1, 1, 400, 400])
/home/kist/Desktop/BundleSAM3DGS/loftr_wrapper.py:45: FutureWarning: `torch.cuda.amp.autocast(args...)` is deprecated. Please use `torch.amp.autocast('cuda', args...)` instead.
  with torch.cuda.amp.autocast(enabled=True):
[loftr_wrapper.py] net forward
[loftr_wrapper.py] mconf, 0.20053310692310333 0.6821721792221069
[loftr_wrapper.py] pair_ids (32,)
[loftr_wrapper.py] corres: (32, 5)
[loftr_wrapper.py] image0: torch.Size([1, 1, 400, 400])
[loftr_wrapper.py] net forward
[loftr_wrapper.py] mconf, 0.20376458764076233 0.7621546387672424
[loftr_wrapper.py] pair_ids (32,)
[loftr_wrapper.py] corres: (32, 5)
[loftr_wrapper.py] image0: torch.Size([1, 1, 400, 400])
[loftr_wrapper.py] net forward
[loftr_wrapper.py] mconf, 0.20014002919197083 0.7432202100753784
[loftr_wrapper.py] pair_ids (48,)
[loftr_wrapper.py] corres: (48, 5)
[loftr_wrapper.py] image0: torch.Size([1, 1, 400, 400])
[loftr_wrapper.py] net forward
[loftr_wrapper.py] mconf, 0.2002037912607193 0.5569931268692017
[loftr_wrapper.py] pair_ids (47,)
[loftr_wrapper.py] corres: (47, 5)
[loftr_wrapper.py] image0: torch.Size([1, 1, 400, 400])
[loftr_wrapper.py] net forward
[loftr_wrapper.py] mconf, 0.2022923231124878 0.8957100510597229
[loftr_wrapper.py] pair_ids (32,)
[loftr_wrapper.py] corres: (32, 5)
[loftr_wrapper.py] image0: torch.Size([1, 1, 400, 400])
[loftr_wrapper.py] net forward
[loftr_wrapper.py] mconf, 0.20165036618709564 0.7828052639961243
[loftr_wrapper.py] pair_ids (24,)
[loftr_wrapper.py] corres: (24, 5)
[loftr_wrapper.py] image0: torch.Size([1, 1, 400, 400])
[loftr_wrapper.py] net forward
[loftr_wrapper.py] mconf, 0.20016273856163025 0.7719594836235046
[loftr_wrapper.py] pair_ids (29,)
[loftr_wrapper.py] corres: (29, 5)
[loftr_wrapper.py] image0: torch.Size([1, 1, 400, 400])
[loftr_wrapper.py] net forward
[loftr_wrapper.py] mconf, 0.2169554978609085 0.43172675371170044
[loftr_wrapper.py] pair_ids (15,)
[loftr_wrapper.py] corres: (15, 5)
[loftr_wrapper.py] image0: torch.Size([1, 1, 400, 400])
[loftr_wrapper.py] net forward
[loftr_wrapper.py] mconf, 0.20822320878505707 0.5405060648918152
[loftr_wrapper.py] pair_ids (16,)
[loftr_wrapper.py] corres: (16, 5)
[loftr_wrapper.py] image0: torch.Size([1, 1, 400, 400])
[loftr_wrapper.py] net forward
[loftr_wrapper.py] mconf, 0.20848622918128967 0.5610167384147644
[loftr_wrapper.py] pair_ids (13,)
[loftr_wrapper.py] corres: (13, 5)
[loftr_wrapper.py] image0: torch.Size([1, 1, 400, 400])
[loftr_wrapper.py] net forward
[loftr_wrapper.py] mconf, 0.2042008638381958 0.5940713882446289
[loftr_wrapper.py] pair_ids (34,)
[loftr_wrapper.py] corres: (34, 5)
[loftr_wrapper.py] image0: torch.Size([1, 1, 400, 400])
[loftr_wrapper.py] net forward
[loftr_wrapper.py] mconf, 0.202800452709198 0.703601598739624
[loftr_wrapper.py] pair_ids (60,)
[loftr_wrapper.py] corres: (60, 5)
[loftr_wrapper.py] image0: torch.Size([1, 1, 400, 400])
[loftr_wrapper.py] net forward
[loftr_wrapper.py] mconf, 0.20425182580947876 0.9013726115226746
[loftr_wrapper.py] pair_ids (96,)
[loftr_wrapper.py] corres: (96, 5)
[loftr_wrapper.py] image0: torch.Size([1, 1, 400, 400])
[loftr_wrapper.py] net forward
[loftr_wrapper.py] mconf, 0.2000533491373062 0.9882391095161438
[loftr_wrapper.py] pair_ids (124,)
[loftr_wrapper.py] corres: (124, 5)
[loftr_wrapper.py] image0: torch.Size([1, 1, 400, 400])
[loftr_wrapper.py] net forward
[loftr_wrapper.py] mconf, 0.20194502174854279 0.9458200931549072
[loftr_wrapper.py] pair_ids (129,)
[loftr_wrapper.py] corres: (129, 5)
[loftr_wrapper.py] image0: torch.Size([1, 1, 400, 400])
[loftr_wrapper.py] net forward
[loftr_wrapper.py] mconf, 0.20058239996433258 0.9649577140808105
[loftr_wrapper.py] pair_ids (138,)
[loftr_wrapper.py] corres: (138, 5)
[loftr_wrapper.py] image0: torch.Size([1, 1, 400, 400])
[loftr_wrapper.py] net forward
[loftr_wrapper.py] mconf, 0.20480866730213165 0.9681683778762817
[loftr_wrapper.py] pair_ids (146,)
[loftr_wrapper.py] corres: (146, 5)
[loftr_wrapper.py] image0: torch.Size([1, 1, 400, 400])
[loftr_wrapper.py] net forward
[loftr_wrapper.py] mconf, 0.2007083147764206 0.9176130294799805
[loftr_wrapper.py] pair_ids (146,)
[loftr_wrapper.py] corres: (146, 5)
[loftr_wrapper.py] image0: torch.Size([1, 1, 400, 400])
[loftr_wrapper.py] net forward
[loftr_wrapper.py] mconf, 0.20059356093406677 0.973963737487793
[loftr_wrapper.py] pair_ids (139,)
[loftr_wrapper.py] corres: (139, 5)
[loftr_wrapper.py] image0: torch.Size([1, 1, 400, 400])
[loftr_wrapper.py] net forward
[loftr_wrapper.py] mconf, 0.2018285095691681 0.8883292078971863
[loftr_wrapper.py] pair_ids (118,)
[loftr_wrapper.py] corres: (118, 5)
[loftr_wrapper.py] image0: torch.Size([1, 1, 400, 400])
[loftr_wrapper.py] net forward
[loftr_wrapper.py] mconf, 0.20080336928367615 0.9571754336357117
[loftr_wrapper.py] pair_ids (118,)
[loftr_wrapper.py] corres: (118, 5)
[loftr_wrapper.py] image0: torch.Size([1, 1, 400, 400])
[loftr_wrapper.py] net forward
[loftr_wrapper.py] mconf, 0.20027177035808563 0.9483733773231506
[loftr_wrapper.py] pair_ids (113,)
[loftr_wrapper.py] corres: (113, 5)
[loftr_wrapper.py] image0: torch.Size([1, 1, 400, 400])
[loftr_wrapper.py] net forward
[loftr_wrapper.py] mconf, 0.2014579176902771 0.9726819396018982
[loftr_wrapper.py] pair_ids (120,)
[loftr_wrapper.py] corres: (120, 5)
[loftr_wrapper.py] image0: torch.Size([1, 1, 400, 400])
[loftr_wrapper.py] net forward
[loftr_wrapper.py] mconf, 0.2010633796453476 0.94370037317276
[loftr_wrapper.py] pair_ids (114,)
[loftr_wrapper.py] corres: (114, 5)
[loftr_wrapper.py] image0: torch.Size([1, 1, 400, 400])
[loftr_wrapper.py] net forward
[loftr_wrapper.py] mconf, 0.20372658967971802 0.9760497808456421
[loftr_wrapper.py] pair_ids (75,)
[loftr_wrapper.py] corres: (75, 5)
  A MD-prior AP13 76/166 2.6s/kf | E-I=6.61 E-L=4.76 E-V2=130.16 E-V5b=87.98 E-V5d=87.86 E-V5x2=102.01 E-VI=106.82 | rot0 4.25
/home/kist/Desktop/BundleSAM3DGS/experiments/vggt_probe/models.py:30: FutureWarning: `torch.cuda.amp.autocast(args...)` is deprecated. Please use `torch.amp.autocast('cuda', args...)` instead.
  with torch.cuda.amp.autocast(dtype=torch.bfloat16):
/home/kist/venvs/vggt_probe/lib/python3.10/site-packages/vggt/models/vggt.py:65: FutureWarning: `torch.cuda.amp.autocast(args...)` is deprecated. Please use `torch.amp.autocast('cuda', args...)` instead.
  with torch.cuda.amp.autocast(enabled=False):
[loftr_wrapper.py] image0: torch.Size([1, 1, 400, 400])
/home/kist/Desktop/BundleSAM3DGS/loftr_wrapper.py:45: FutureWarning: `torch.cuda.amp.autocast(args...)` is deprecated. Please use `torch.amp.autocast('cuda', args...)` instead.
  with torch.cuda.amp.autocast(enabled=True):
[loftr_wrapper.py] net forward
[loftr_wrapper.py] mconf, 0.20401935279369354 0.89098060131073
[loftr_wrapper.py] pair_ids (62,)
[loftr_wrapper.py] corres: (62, 5)
[loftr_wrapper.py] image0: torch.Size([1, 1, 400, 400])
[loftr_wrapper.py] net forward
[loftr_wrapper.py] mconf, 0.20493309199810028 0.8978166580200195
[loftr_wrapper.py] pair_ids (54,)
[loftr_wrapper.py] corres: (54, 5)
[loftr_wrapper.py] image0: torch.Size([1, 1, 400, 400])
[loftr_wrapper.py] net forward
[loftr_wrapper.py] mconf, 0.20088379085063934 0.8110772371292114
[loftr_wrapper.py] pair_ids (59,)
[loftr_wrapper.py] corres: (59, 5)
[loftr_wrapper.py] image0: torch.Size([1, 1, 400, 400])
[loftr_wrapper.py] net forward
[loftr_wrapper.py] mconf, 0.2066967487335205 0.6799538731575012
[loftr_wrapper.py] pair_ids (74,)
[loftr_wrapper.py] corres: (74, 5)
[loftr_wrapper.py] image0: torch.Size([1, 1, 400, 400])
[loftr_wrapper.py] net forward
[loftr_wrapper.py] mconf, 0.2016039490699768 0.8248541951179504
[loftr_wrapper.py] pair_ids (89,)
[loftr_wrapper.py] corres: (89, 5)
[loftr_wrapper.py] image0: torch.Size([1, 1, 400, 400])
[loftr_wrapper.py] net forward
[loftr_wrapper.py] mconf, 0.20028695464134216 0.8786546587944031
[loftr_wrapper.py] pair_ids (70,)
[loftr_wrapper.py] corres: (70, 5)
[loftr_wrapper.py] image0: torch.Size([1, 1, 400, 400])
[loftr_wrapper.py] net forward
[loftr_wrapper.py] mconf, 0.20058639347553253 0.8477927446365356
[loftr_wrapper.py] pair_ids (82,)
[loftr_wrapper.py] corres: (82, 5)
[loftr_wrapper.py] image0: torch.Size([1, 1, 400, 400])
[loftr_wrapper.py] net forward
[loftr_wrapper.py] mconf, 0.20482516288757324 0.7556990385055542
[loftr_wrapper.py] pair_ids (70,)
[loftr_wrapper.py] corres: (70, 5)
[loftr_wrapper.py] image0: torch.Size([1, 1, 400, 400])
[loftr_wrapper.py] net forward
[loftr_wrapper.py] mconf, 0.20132364332675934 0.8340710401535034
[loftr_wrapper.py] pair_ids (103,)
[loftr_wrapper.py] corres: (103, 5)
[loftr_wrapper.py] image0: torch.Size([1, 1, 400, 400])
[loftr_wrapper.py] net forward
[loftr_wrapper.py] mconf, 0.2039242535829544 0.7689793705940247
[loftr_wrapper.py] pair_ids (77,)
[loftr_wrapper.py] corres: (77, 5)
[loftr_wrapper.py] image0: torch.Size([1, 1, 400, 400])
[loftr_wrapper.py] net forward
[loftr_wrapper.py] mconf, 0.20064756274223328 0.7211620807647705
[loftr_wrapper.py] pair_ids (53,)
[loftr_wrapper.py] corres: (53, 5)
[loftr_wrapper.py] image0: torch.Size([1, 1, 400, 400])
[loftr_wrapper.py] net forward
[loftr_wrapper.py] mconf, 0.20206649601459503 0.7214288115501404
[loftr_wrapper.py] pair_ids (56,)
[loftr_wrapper.py] corres: (56, 5)
[loftr_wrapper.py] image0: torch.Size([1, 1, 400, 400])
[loftr_wrapper.py] net forward
[loftr_wrapper.py] mconf, 0.20645397901535034 0.7973244786262512
[loftr_wrapper.py] pair_ids (55,)
[loftr_wrapper.py] corres: (55, 5)
[loftr_wrapper.py] image0: torch.Size([1, 1, 400, 400])
[loftr_wrapper.py] net forward
[loftr_wrapper.py] mconf, 0.20195840299129486 0.7294853925704956
[loftr_wrapper.py] pair_ids (45,)
[loftr_wrapper.py] corres: (45, 5)
[loftr_wrapper.py] image0: torch.Size([1, 1, 400, 400])
[loftr_wrapper.py] net forward
[loftr_wrapper.py] mconf, 0.20267018675804138 0.7817540764808655
[loftr_wrapper.py] pair_ids (58,)
[loftr_wrapper.py] corres: (58, 5)
[loftr_wrapper.py] image0: torch.Size([1, 1, 400, 400])
[loftr_wrapper.py] net forward
[loftr_wrapper.py] mconf, 0.20599082112312317 0.8546150922775269
[loftr_wrapper.py] pair_ids (76,)
[loftr_wrapper.py] corres: (76, 5)
[loftr_wrapper.py] image0: torch.Size([1, 1, 400, 400])
[loftr_wrapper.py] net forward
[loftr_wrapper.py] mconf, 0.20071355998516083 0.8674939274787903
[loftr_wrapper.py] pair_ids (66,)
[loftr_wrapper.py] corres: (66, 5)
[loftr_wrapper.py] image0: torch.Size([1, 1, 400, 400])
[loftr_wrapper.py] net forward
[loftr_wrapper.py] mconf, 0.2050989419221878 0.9426705837249756
[loftr_wrapper.py] pair_ids (76,)
[loftr_wrapper.py] corres: (76, 5)
[loftr_wrapper.py] image0: torch.Size([1, 1, 400, 400])
[loftr_wrapper.py] net forward
[loftr_wrapper.py] mconf, 0.20333565771579742 0.9257736802101135
[loftr_wrapper.py] pair_ids (94,)
[loftr_wrapper.py] corres: (94, 5)
[loftr_wrapper.py] image0: torch.Size([1, 1, 400, 400])
[loftr_wrapper.py] net forward
[loftr_wrapper.py] mconf, 0.20026299357414246 0.9368896484375
[loftr_wrapper.py] pair_ids (72,)
[loftr_wrapper.py] corres: (72, 5)
[loftr_wrapper.py] image0: torch.Size([1, 1, 400, 400])
[loftr_wrapper.py] net forward
[loftr_wrapper.py] mconf, 0.20505648851394653 0.8319195508956909
[loftr_wrapper.py] pair_ids (88,)
[loftr_wrapper.py] corres: (88, 5)
[loftr_wrapper.py] image0: torch.Size([1, 1, 400, 400])
[loftr_wrapper.py] net forward
[loftr_wrapper.py] mconf, 0.20061178505420685 0.8194030523300171
[loftr_wrapper.py] pair_ids (89,)
[loftr_wrapper.py] corres: (89, 5)
[loftr_wrapper.py] image0: torch.Size([1, 1, 400, 400])
[loftr_wrapper.py] net forward
[loftr_wrapper.py] mconf, 0.2002500295639038 0.9517807960510254
[loftr_wrapper.py] pair_ids (107,)
[loftr_wrapper.py] corres: (107, 5)
[loftr_wrapper.py] image0: torch.Size([1, 1, 400, 400])
[loftr_wrapper.py] net forward
[loftr_wrapper.py] mconf, 0.2006906270980835 0.8733509182929993
[loftr_wrapper.py] pair_ids (88,)
[loftr_wrapper.py] corres: (88, 5)
[loftr_wrapper.py] image0: torch.Size([1, 1, 400, 400])
[loftr_wrapper.py] net forward
[loftr_wrapper.py] mconf, 0.2042127549648285 0.8120859265327454
[loftr_wrapper.py] pair_ids (103,)
[loftr_wrapper.py] corres: (103, 5)
  A MD-prior AP13 101/166 2.5s/kf | E-I=5.99 E-L=4.61 E-V2=124.43 E-V5b=75.34 E-V5d=75.66 E-V5x2=99.86 E-VI=103.43 | rot0 2.15
/home/kist/Desktop/BundleSAM3DGS/experiments/vggt_probe/models.py:30: FutureWarning: `torch.cuda.amp.autocast(args...)` is deprecated. Please use `torch.amp.autocast('cuda', args...)` instead.
  with torch.cuda.amp.autocast(dtype=torch.bfloat16):
/home/kist/venvs/vggt_probe/lib/python3.10/site-packages/vggt/models/vggt.py:65: FutureWarning: `torch.cuda.amp.autocast(args...)` is deprecated. Please use `torch.amp.autocast('cuda', args...)` instead.
  with torch.cuda.amp.autocast(enabled=False):
[loftr_wrapper.py] image0: torch.Size([1, 1, 400, 400])
/home/kist/Desktop/BundleSAM3DGS/loftr_wrapper.py:45: FutureWarning: `torch.cuda.amp.autocast(args...)` is deprecated. Please use `torch.amp.autocast('cuda', args...)` instead.
  with torch.cuda.amp.autocast(enabled=True):
[loftr_wrapper.py] net forward
[loftr_wrapper.py] mconf, 0.20349247753620148 0.8459879159927368
[loftr_wrapper.py] pair_ids (104,)
[loftr_wrapper.py] corres: (104, 5)
[loftr_wrapper.py] image0: torch.Size([1, 1, 400, 400])
[loftr_wrapper.py] net forward
[loftr_wrapper.py] mconf, 0.201212540268898 0.7847887873649597
[loftr_wrapper.py] pair_ids (92,)
[loftr_wrapper.py] corres: (92, 5)
[loftr_wrapper.py] image0: torch.Size([1, 1, 400, 400])
[loftr_wrapper.py] net forward
[loftr_wrapper.py] mconf, 0.20302098989486694 0.9306096434593201
[loftr_wrapper.py] pair_ids (97,)
[loftr_wrapper.py] corres: (97, 5)
[loftr_wrapper.py] image0: torch.Size([1, 1, 400, 400])
[loftr_wrapper.py] net forward
[loftr_wrapper.py] mconf, 0.2068720906972885 0.8135571479797363
[loftr_wrapper.py] pair_ids (73,)
[loftr_wrapper.py] corres: (73, 5)
[loftr_wrapper.py] image0: torch.Size([1, 1, 400, 400])
[loftr_wrapper.py] net forward
[loftr_wrapper.py] mconf, 0.2006368488073349 0.8721692562103271
[loftr_wrapper.py] pair_ids (66,)
[loftr_wrapper.py] corres: (66, 5)
[loftr_wrapper.py] image0: torch.Size([1, 1, 400, 400])
[loftr_wrapper.py] net forward
[loftr_wrapper.py] mconf, 0.20019325613975525 0.9363232851028442
[loftr_wrapper.py] pair_ids (52,)
[loftr_wrapper.py] corres: (52, 5)
[loftr_wrapper.py] image0: torch.Size([1, 1, 400, 400])
[loftr_wrapper.py] net forward
[loftr_wrapper.py] mconf, 0.20121550559997559 0.6692491173744202
[loftr_wrapper.py] pair_ids (38,)
[loftr_wrapper.py] corres: (38, 5)
[loftr_wrapper.py] image0: torch.Size([1, 1, 400, 400])
[loftr_wrapper.py] net forward
[loftr_wrapper.py] mconf, 0.21147280931472778 0.5356289744377136
[loftr_wrapper.py] pair_ids (31,)
[loftr_wrapper.py] corres: (31, 5)
[loftr_wrapper.py] image0: torch.Size([1, 1, 400, 400])
[loftr_wrapper.py] net forward
[loftr_wrapper.py] mconf, 0.20397092401981354 0.8255472183227539
[loftr_wrapper.py] pair_ids (32,)
[loftr_wrapper.py] corres: (32, 5)
[loftr_wrapper.py] image0: torch.Size([1, 1, 400, 400])
[loftr_wrapper.py] net forward
[loftr_wrapper.py] mconf, 0.20575004816055298 0.7760944366455078
[loftr_wrapper.py] pair_ids (39,)
[loftr_wrapper.py] corres: (39, 5)
[loftr_wrapper.py] image0: torch.Size([1, 1, 400, 400])
[loftr_wrapper.py] net forward
[loftr_wrapper.py] mconf, 0.20067062973976135 0.6246049404144287
[loftr_wrapper.py] pair_ids (28,)
[loftr_wrapper.py] corres: (28, 5)
[loftr_wrapper.py] image0: torch.Size([1, 1, 400, 400])
[loftr_wrapper.py] net forward
[loftr_wrapper.py] mconf, 0.21090492606163025 0.6318247318267822
[loftr_wrapper.py] pair_ids (15,)
[loftr_wrapper.py] corres: (15, 5)
[loftr_wrapper.py] image0: torch.Size([1, 1, 400, 400])
[loftr_wrapper.py] net forward
[loftr_wrapper.py] mconf, 0.20444528758525848 0.7860774993896484
[loftr_wrapper.py] pair_ids (56,)
[loftr_wrapper.py] corres: (56, 5)
[loftr_wrapper.py] image0: torch.Size([1, 1, 400, 400])
[loftr_wrapper.py] net forward
[loftr_wrapper.py] mconf, 0.20090588927268982 0.9916747808456421
[loftr_wrapper.py] pair_ids (97,)
[loftr_wrapper.py] corres: (97, 5)
[loftr_wrapper.py] image0: torch.Size([1, 1, 400, 400])
[loftr_wrapper.py] net forward
[loftr_wrapper.py] mconf, 0.2003013640642166 0.9371265172958374
[loftr_wrapper.py] pair_ids (96,)
[loftr_wrapper.py] corres: (96, 5)
[loftr_wrapper.py] image0: torch.Size([1, 1, 400, 400])
[loftr_wrapper.py] net forward
[loftr_wrapper.py] mconf, 0.2033209502696991 0.9799603223800659
[loftr_wrapper.py] pair_ids (113,)
[loftr_wrapper.py] corres: (113, 5)
[loftr_wrapper.py] image0: torch.Size([1, 1, 400, 400])
[loftr_wrapper.py] net forward
[loftr_wrapper.py] mconf, 0.2023787647485733 0.9877835512161255
[loftr_wrapper.py] pair_ids (143,)
[loftr_wrapper.py] corres: (143, 5)
[loftr_wrapper.py] image0: torch.Size([1, 1, 400, 400])
[loftr_wrapper.py] net forward
[loftr_wrapper.py] mconf, 0.20029768347740173 0.9884902238845825
[loftr_wrapper.py] pair_ids (111,)
[loftr_wrapper.py] corres: (111, 5)
[loftr_wrapper.py] image0: torch.Size([1, 1, 400, 400])
[loftr_wrapper.py] net forward
[loftr_wrapper.py] mconf, 0.20011767745018005 0.982728123664856
[loftr_wrapper.py] pair_ids (133,)
[loftr_wrapper.py] corres: (133, 5)
[loftr_wrapper.py] image0: torch.Size([1, 1, 400, 400])
[loftr_wrapper.py] net forward
[loftr_wrapper.py] mconf, 0.20137915015220642 0.9592490196228027
[loftr_wrapper.py] pair_ids (90,)
[loftr_wrapper.py] corres: (90, 5)
[loftr_wrapper.py] image0: torch.Size([1, 1, 400, 400])
[loftr_wrapper.py] net forward
[loftr_wrapper.py] mconf, 0.2010810226202011 0.6358121633529663
[loftr_wrapper.py] pair_ids (91,)
[loftr_wrapper.py] corres: (91, 5)
[loftr_wrapper.py] image0: torch.Size([1, 1, 400, 400])
[loftr_wrapper.py] net forward
[loftr_wrapper.py] mconf, 0.20627588033676147 0.8542180061340332
[loftr_wrapper.py] pair_ids (58,)
[loftr_wrapper.py] corres: (58, 5)
[loftr_wrapper.py] image0: torch.Size([1, 1, 400, 400])
[loftr_wrapper.py] net forward
[loftr_wrapper.py] mconf, 0.20019517838954926 0.7748153805732727
[loftr_wrapper.py] pair_ids (40,)
[loftr_wrapper.py] corres: (40, 5)
[loftr_wrapper.py] image0: torch.Size([1, 1, 400, 400])
[loftr_wrapper.py] net forward
[loftr_wrapper.py] mconf, 0.20348957180976868 0.6614171862602234
[loftr_wrapper.py] pair_ids (42,)
[loftr_wrapper.py] corres: (42, 5)
[loftr_wrapper.py] image0: torch.Size([1, 1, 400, 400])
[loftr_wrapper.py] net forward
[loftr_wrapper.py] mconf, 0.20190836489200592 0.79693603515625
[loftr_wrapper.py] pair_ids (51,)
[loftr_wrapper.py] corres: (51, 5)
  A MD-prior AP13 126/166 2.5s/kf | E-I=3.45 E-L=4.03 E-V2=115.19 E-V5b=99.47 E-V5d=99.71 E-V5x2=46.21 E-VI=75.43 | rot0 2.41
/home/kist/Desktop/BundleSAM3DGS/experiments/vggt_probe/models.py:30: FutureWarning: `torch.cuda.amp.autocast(args...)` is deprecated. Please use `torch.amp.autocast('cuda', args...)` instead.
  with torch.cuda.amp.autocast(dtype=torch.bfloat16):
/home/kist/venvs/vggt_probe/lib/python3.10/site-packages/vggt/models/vggt.py:65: FutureWarning: `torch.cuda.amp.autocast(args...)` is deprecated. Please use `torch.amp.autocast('cuda', args...)` instead.
  with torch.cuda.amp.autocast(enabled=False):
[loftr_wrapper.py] image0: torch.Size([1, 1, 400, 400])
/home/kist/Desktop/BundleSAM3DGS/loftr_wrapper.py:45: FutureWarning: `torch.cuda.amp.autocast(args...)` is deprecated. Please use `torch.amp.autocast('cuda', args...)` instead.
  with torch.cuda.amp.autocast(enabled=True):
[loftr_wrapper.py] net forward
[loftr_wrapper.py] mconf, 0.20033341646194458 0.6761556267738342
[loftr_wrapper.py] pair_ids (65,)
[loftr_wrapper.py] corres: (65, 5)
[loftr_wrapper.py] image0: torch.Size([1, 1, 400, 400])
[loftr_wrapper.py] net forward
[loftr_wrapper.py] mconf, 0.2018975019454956 0.609350323677063
[loftr_wrapper.py] pair_ids (46,)
[loftr_wrapper.py] corres: (46, 5)
[loftr_wrapper.py] image0: torch.Size([1, 1, 400, 400])
[loftr_wrapper.py] net forward
[loftr_wrapper.py] mconf, 0.20009326934814453 0.8220716118812561
[loftr_wrapper.py] pair_ids (53,)
[loftr_wrapper.py] corres: (53, 5)
[loftr_wrapper.py] image0: torch.Size([1, 1, 400, 400])
[loftr_wrapper.py] net forward
[loftr_wrapper.py] mconf, 0.21047881245613098 0.7659103274345398
[loftr_wrapper.py] pair_ids (51,)
[loftr_wrapper.py] corres: (51, 5)
[loftr_wrapper.py] image0: torch.Size([1, 1, 400, 400])
[loftr_wrapper.py] net forward
[loftr_wrapper.py] mconf, 0.20285002887248993 0.8094785213470459
[loftr_wrapper.py] pair_ids (36,)
[loftr_wrapper.py] corres: (36, 5)
[loftr_wrapper.py] image0: torch.Size([1, 1, 400, 400])
[loftr_wrapper.py] net forward
[loftr_wrapper.py] mconf, 0.20299072563648224 0.7935458421707153
[loftr_wrapper.py] pair_ids (42,)
[loftr_wrapper.py] corres: (42, 5)
[loftr_wrapper.py] image0: torch.Size([1, 1, 400, 400])
[loftr_wrapper.py] net forward
[loftr_wrapper.py] mconf, 0.2025577872991562 0.6076142191886902
[loftr_wrapper.py] pair_ids (34,)
[loftr_wrapper.py] corres: (34, 5)
[loftr_wrapper.py] image0: torch.Size([1, 1, 400, 400])
[loftr_wrapper.py] net forward
[loftr_wrapper.py] mconf, 0.20061630010604858 0.7299336194992065
[loftr_wrapper.py] pair_ids (35,)
[loftr_wrapper.py] corres: (35, 5)
[loftr_wrapper.py] image0: torch.Size([1, 1, 400, 400])
[loftr_wrapper.py] net forward
[loftr_wrapper.py] mconf, 0.20588211715221405 0.7617030143737793
[loftr_wrapper.py] pair_ids (36,)
[loftr_wrapper.py] corres: (36, 5)
[loftr_wrapper.py] image0: torch.Size([1, 1, 400, 400])
[loftr_wrapper.py] net forward
[loftr_wrapper.py] mconf, 0.20679980516433716 0.566129207611084
[loftr_wrapper.py] pair_ids (23,)
[loftr_wrapper.py] corres: (23, 5)
[loftr_wrapper.py] image0: torch.Size([1, 1, 400, 400])
[loftr_wrapper.py] net forward
[loftr_wrapper.py] mconf, 0.20181025564670563 0.5908828377723694
[loftr_wrapper.py] pair_ids (41,)
[loftr_wrapper.py] corres: (41, 5)
[loftr_wrapper.py] image0: torch.Size([1, 1, 400, 400])
[loftr_wrapper.py] net forward
[loftr_wrapper.py] mconf, 0.2024015188217163 0.5011905431747437
[loftr_wrapper.py] pair_ids (25,)
[loftr_wrapper.py] corres: (25, 5)
[loftr_wrapper.py] image0: torch.Size([1, 1, 400, 400])
[loftr_wrapper.py] net forward
[loftr_wrapper.py] mconf, 0.20005977153778076 0.6483237147331238
[loftr_wrapper.py] pair_ids (45,)
[loftr_wrapper.py] corres: (45, 5)
[loftr_wrapper.py] image0: torch.Size([1, 1, 400, 400])
[loftr_wrapper.py] net forward
[loftr_wrapper.py] mconf, 0.2005547434091568 0.6440591216087341
[loftr_wrapper.py] pair_ids (52,)
[loftr_wrapper.py] corres: (52, 5)
[loftr_wrapper.py] image0: torch.Size([1, 1, 400, 400])
[loftr_wrapper.py] net forward
[loftr_wrapper.py] mconf, 0.20195144414901733 0.7952544689178467
[loftr_wrapper.py] pair_ids (42,)
[loftr_wrapper.py] corres: (42, 5)
[loftr_wrapper.py] image0: torch.Size([1, 1, 400, 400])
[loftr_wrapper.py] net forward
[loftr_wrapper.py] mconf, 0.20119482278823853 0.7088841199874878
[loftr_wrapper.py] pair_ids (57,)
[loftr_wrapper.py] corres: (57, 5)
[loftr_wrapper.py] image0: torch.Size([1, 1, 400, 400])
[loftr_wrapper.py] net forward
[loftr_wrapper.py] mconf, 0.20045998692512512 0.8135868906974792
[loftr_wrapper.py] pair_ids (63,)
[loftr_wrapper.py] corres: (63, 5)
[loftr_wrapper.py] image0: torch.Size([1, 1, 400, 400])
[loftr_wrapper.py] net forward
[loftr_wrapper.py] mconf, 0.20278041064739227 0.7382230758666992
[loftr_wrapper.py] pair_ids (54,)
[loftr_wrapper.py] corres: (54, 5)
[loftr_wrapper.py] image0: torch.Size([1, 1, 400, 400])
[loftr_wrapper.py] net forward
[loftr_wrapper.py] mconf, 0.2031162530183792 0.8279867768287659
[loftr_wrapper.py] pair_ids (66,)
[loftr_wrapper.py] corres: (66, 5)
[loftr_wrapper.py] image0: torch.Size([1, 1, 400, 400])
[loftr_wrapper.py] net forward
[loftr_wrapper.py] mconf, 0.20110900700092316 0.7236418724060059
[loftr_wrapper.py] pair_ids (45,)
[loftr_wrapper.py] corres: (45, 5)
[loftr_wrapper.py] image0: torch.Size([1, 1, 400, 400])
[loftr_wrapper.py] net forward
[loftr_wrapper.py] mconf, 0.21065737307071686 0.523720920085907
[loftr_wrapper.py] pair_ids (43,)
[loftr_wrapper.py] corres: (43, 5)
[loftr_wrapper.py] image0: torch.Size([1, 1, 400, 400])
[loftr_wrapper.py] net forward
[loftr_wrapper.py] mconf, 0.20002906024456024 0.7590349316596985
[loftr_wrapper.py] pair_ids (58,)
[loftr_wrapper.py] corres: (58, 5)
[loftr_wrapper.py] image0: torch.Size([1, 1, 400, 400])
[loftr_wrapper.py] net forward
[loftr_wrapper.py] mconf, 0.20125995576381683 0.7003636360168457
[loftr_wrapper.py] pair_ids (54,)
[loftr_wrapper.py] corres: (54, 5)
[loftr_wrapper.py] image0: torch.Size([1, 1, 400, 400])
[loftr_wrapper.py] net forward
[loftr_wrapper.py] mconf, 0.20121072232723236 0.8261198401451111
[loftr_wrapper.py] pair_ids (69,)
[loftr_wrapper.py] corres: (69, 5)
[loftr_wrapper.py] image0: torch.Size([1, 1, 400, 400])
[loftr_wrapper.py] net forward
[loftr_wrapper.py] mconf, 0.2015598565340042 0.8445305824279785
[loftr_wrapper.py] pair_ids (76,)
[loftr_wrapper.py] corres: (76, 5)
  A MD-prior AP13 151/166 2.7s/kf | E-I=2.59 E-L=11.63 E-V2=95.76 E-V5b=94.96 E-V5d=95.19 E-V5x2=44.48 E-VI=44.48 | rot0 1.79
/home/kist/Desktop/BundleSAM3DGS/experiments/vggt_probe/models.py:30: FutureWarning: `torch.cuda.amp.autocast(args...)` is deprecated. Please use `torch.amp.autocast('cuda', args...)` instead.
  with torch.cuda.amp.autocast(dtype=torch.bfloat16):
/home/kist/venvs/vggt_probe/lib/python3.10/site-packages/vggt/models/vggt.py:65: FutureWarning: `torch.cuda.amp.autocast(args...)` is deprecated. Please use `torch.amp.autocast('cuda', args...)` instead.
  with torch.cuda.amp.autocast(enabled=False):
[loftr_wrapper.py] image0: torch.Size([1, 1, 400, 400])
/home/kist/Desktop/BundleSAM3DGS/loftr_wrapper.py:45: FutureWarning: `torch.cuda.amp.autocast(args...)` is deprecated. Please use `torch.amp.autocast('cuda', args...)` instead.
  with torch.cuda.amp.autocast(enabled=True):
[loftr_wrapper.py] net forward
[loftr_wrapper.py] mconf, 0.20032240450382233 0.7333958745002747
[loftr_wrapper.py] pair_ids (70,)
[loftr_wrapper.py] corres: (70, 5)
[loftr_wrapper.py] image0: torch.Size([1, 1, 400, 400])
[loftr_wrapper.py] net forward
[loftr_wrapper.py] mconf, 0.21519260108470917 0.6568740606307983
[loftr_wrapper.py] pair_ids (26,)
[loftr_wrapper.py] corres: (26, 5)
[loftr_wrapper.py] image0: torch.Size([1, 1, 400, 400])
[loftr_wrapper.py] net forward
[loftr_wrapper.py] mconf, 0.20781701803207397 0.6279395818710327
[loftr_wrapper.py] pair_ids (46,)
[loftr_wrapper.py] corres: (46, 5)
[loftr_wrapper.py] image0: torch.Size([1, 1, 400, 400])
[loftr_wrapper.py] net forward
[loftr_wrapper.py] mconf, 0.21043887734413147 0.7237476110458374
[loftr_wrapper.py] pair_ids (41,)
[loftr_wrapper.py] corres: (41, 5)
[loftr_wrapper.py] image0: torch.Size([1, 1, 400, 400])
[loftr_wrapper.py] net forward
[loftr_wrapper.py] mconf, 0.2012207806110382 0.6630714535713196
[loftr_wrapper.py] pair_ids (38,)
[loftr_wrapper.py] corres: (38, 5)
[loftr_wrapper.py] image0: torch.Size([1, 1, 400, 400])
[loftr_wrapper.py] net forward
[loftr_wrapper.py] mconf, 0.20346000790596008 0.49258682131767273
[loftr_wrapper.py] pair_ids (32,)
[loftr_wrapper.py] corres: (32, 5)
[loftr_wrapper.py] image0: torch.Size([1, 1, 400, 400])
[loftr_wrapper.py] net forward
[loftr_wrapper.py] mconf, 0.20101745426654816 0.6191081404685974
[loftr_wrapper.py] pair_ids (30,)
[loftr_wrapper.py] corres: (30, 5)
[loftr_wrapper.py] image0: torch.Size([1, 1, 400, 400])
[loftr_wrapper.py] net forward
[loftr_wrapper.py] mconf, 0.20513369143009186 0.7728922367095947
[loftr_wrapper.py] pair_ids (32,)
[loftr_wrapper.py] corres: (32, 5)
[loftr_wrapper.py] image0: torch.Size([1, 1, 400, 400])
[loftr_wrapper.py] net forward
[loftr_wrapper.py] mconf, 0.20295824110507965 0.8162791728973389
[loftr_wrapper.py] pair_ids (43,)
[loftr_wrapper.py] corres: (43, 5)
[loftr_wrapper.py] image0: torch.Size([1, 1, 400, 400])
[loftr_wrapper.py] net forward
[loftr_wrapper.py] mconf, 0.20127923786640167 0.7157174348831177
[loftr_wrapper.py] pair_ids (60,)
[loftr_wrapper.py] corres: (60, 5)
[loftr_wrapper.py] image0: torch.Size([1, 1, 400, 400])
[loftr_wrapper.py] net forward
[loftr_wrapper.py] mconf, 0.21195192635059357 0.7057220339775085
[loftr_wrapper.py] pair_ids (38,)
[loftr_wrapper.py] corres: (38, 5)
[loftr_wrapper.py] image0: torch.Size([1, 1, 400, 400])
[loftr_wrapper.py] net forward
[loftr_wrapper.py] mconf, 0.2130555957555771 0.7839515805244446
[loftr_wrapper.py] pair_ids (51,)
[loftr_wrapper.py] corres: (51, 5)
[loftr_wrapper.py] image0: torch.Size([1, 1, 400, 400])
[loftr_wrapper.py] net forward
[loftr_wrapper.py] mconf, 0.20011049509048462 0.7478625178337097
[loftr_wrapper.py] pair_ids (52,)
[loftr_wrapper.py] corres: (52, 5)
[loftr_wrapper.py] image0: torch.Size([1, 1, 400, 400])
[loftr_wrapper.py] net forward
[loftr_wrapper.py] mconf, 0.2032497376203537 0.7601944804191589
[loftr_wrapper.py] pair_ids (64,)
[loftr_wrapper.py] corres: (64, 5)
[loftr_wrapper.py] image0: torch.Size([1, 1, 400, 400])
[loftr_wrapper.py] net forward
[loftr_wrapper.py] mconf, 0.20126795768737793 0.6920271515846252
[loftr_wrapper.py] pair_ids (48,)
[loftr_wrapper.py] corres: (48, 5)
DONE A MD-prior AP13 jobs 166 425s | E-I=3.83/11% E-L=3.63/30% E-V2=106.64/2% E-V5b=80.97/2% E-V5d=81.22/2% E-V5x2=43.31/1% E-VI=54.32/1% | rot0 2.31
/home/kist/Desktop/BundleSAM3DGS/experiments/vggt_probe/models.py:30: FutureWarning: `torch.cuda.amp.autocast(args...)` is deprecated. Please use `torch.amp.autocast('cuda', args...)` instead.
  with torch.cuda.amp.autocast(dtype=torch.bfloat16):
/home/kist/venvs/vggt_probe/lib/python3.10/site-packages/vggt/models/vggt.py:65: FutureWarning: `torch.cuda.amp.autocast(args...)` is deprecated. Please use `torch.amp.autocast('cuda', args...)` instead.
  with torch.cuda.amp.autocast(enabled=False):
[loftr_wrapper.py] image0: torch.Size([1, 1, 400, 400])
/home/kist/Desktop/BundleSAM3DGS/loftr_wrapper.py:45: FutureWarning: `torch.cuda.amp.autocast(args...)` is deprecated. Please use `torch.amp.autocast('cuda', args...)` instead.
  with torch.cuda.amp.autocast(enabled=True):
[loftr_wrapper.py] net forward
[loftr_wrapper.py] mconf, 0.20157429575920105 0.930461585521698
[loftr_wrapper.py] pair_ids (342,)
[loftr_wrapper.py] corres: (342, 5)
  A MD-prior AP14 1/167 2.6s/kf | E-I=1.40 E-L=0.37 E-V2=125.78 E-V5b=174.76 E-V5d=175.67 E-V5x2=66.33 E-VI=95.93 | rot0 0.00
/home/kist/Desktop/BundleSAM3DGS/experiments/vggt_probe/models.py:30: FutureWarning: `torch.cuda.amp.autocast(args...)` is deprecated. Please use `torch.amp.autocast('cuda', args...)` instead.
  with torch.cuda.amp.autocast(dtype=torch.bfloat16):
/home/kist/venvs/vggt_probe/lib/python3.10/site-packages/vggt/models/vggt.py:65: FutureWarning: `torch.cuda.amp.autocast(args...)` is deprecated. Please use `torch.amp.autocast('cuda', args...)` instead.
  with torch.cuda.amp.autocast(enabled=False):
[loftr_wrapper.py] image0: torch.Size([1, 1, 400, 400])
/home/kist/Desktop/BundleSAM3DGS/loftr_wrapper.py:45: FutureWarning: `torch.cuda.amp.autocast(args...)` is deprecated. Please use `torch.amp.autocast('cuda', args...)` instead.
  with torch.cuda.amp.autocast(enabled=True):
[loftr_wrapper.py] net forward
[loftr_wrapper.py] mconf, 0.20038342475891113 0.9559395909309387
[loftr_wrapper.py] pair_ids (411,)
[loftr_wrapper.py] corres: (411, 5)
[loftr_wrapper.py] image0: torch.Size([1, 1, 400, 400])
[loftr_wrapper.py] net forward
[loftr_wrapper.py] mconf, 0.2000073939561844 0.9763046503067017
[loftr_wrapper.py] pair_ids (410,)
[loftr_wrapper.py] corres: (410, 5)
[loftr_wrapper.py] image0: torch.Size([1, 1, 400, 400])
[loftr_wrapper.py] net forward
[loftr_wrapper.py] mconf, 0.2026904970407486 0.9813045859336853
[loftr_wrapper.py] pair_ids (408,)
[loftr_wrapper.py] corres: (408, 5)
[loftr_wrapper.py] image0: torch.Size([1, 1, 400, 400])
[loftr_wrapper.py] net forward
[loftr_wrapper.py] mconf, 0.20015601813793182 0.9890117645263672
[loftr_wrapper.py] pair_ids (492,)
[loftr_wrapper.py] corres: (492, 5)
[loftr_wrapper.py] image0: torch.Size([1, 1, 400, 400])
[loftr_wrapper.py] net forward
[loftr_wrapper.py] mconf, 0.20051321387290955 0.9498012065887451
[loftr_wrapper.py] pair_ids (249,)
[loftr_wrapper.py] corres: (249, 5)
[loftr_wrapper.py] image0: torch.Size([1, 1, 400, 400])
[loftr_wrapper.py] net forward
[loftr_wrapper.py] mconf, 0.20292602479457855 0.9396615624427795
[loftr_wrapper.py] pair_ids (246,)
[loftr_wrapper.py] corres: (246, 5)
[loftr_wrapper.py] image0: torch.Size([1, 1, 400, 400])
[loftr_wrapper.py] net forward
[loftr_wrapper.py] mconf, 0.2006329745054245 0.8513123989105225
[loftr_wrapper.py] pair_ids (163,)
[loftr_wrapper.py] corres: (163, 5)
[loftr_wrapper.py] image0: torch.Size([1, 1, 400, 400])
[loftr_wrapper.py] net forward
[loftr_wrapper.py] mconf, 0.20030707120895386 0.9661123156547546
[loftr_wrapper.py] pair_ids (170,)
[loftr_wrapper.py] corres: (170, 5)
[loftr_wrapper.py] image0: torch.Size([1, 1, 400, 400])
[loftr_wrapper.py] net forward
[loftr_wrapper.py] mconf, 0.20012755692005157 0.7880280017852783
[loftr_wrapper.py] pair_ids (129,)
[loftr_wrapper.py] corres: (129, 5)
[loftr_wrapper.py] image0: torch.Size([1, 1, 400, 400])
[loftr_wrapper.py] net forward
[loftr_wrapper.py] mconf, 0.20018751919269562 0.954295814037323
[loftr_wrapper.py] pair_ids (108,)
[loftr_wrapper.py] corres: (108, 5)
[loftr_wrapper.py] image0: torch.Size([1, 1, 400, 400])
[loftr_wrapper.py] net forward
[loftr_wrapper.py] mconf, 0.20345114171504974 0.8480035066604614
[loftr_wrapper.py] pair_ids (91,)
[loftr_wrapper.py] corres: (91, 5)
[loftr_wrapper.py] image0: torch.Size([1, 1, 400, 400])
[loftr_wrapper.py] net forward
[loftr_wrapper.py] mconf, 0.20112095773220062 0.6876925230026245
[loftr_wrapper.py] pair_ids (83,)
[loftr_wrapper.py] corres: (83, 5)
[loftr_wrapper.py] image0: torch.Size([1, 1, 400, 400])
[loftr_wrapper.py] net forward
[loftr_wrapper.py] mconf, 0.20125751197338104 0.6545919179916382
[loftr_wrapper.py] pair_ids (100,)
[loftr_wrapper.py] corres: (100, 5)
[loftr_wrapper.py] image0: torch.Size([1, 1, 400, 400])
[loftr_wrapper.py] net forward
[loftr_wrapper.py] mconf, 0.20110967755317688 0.6476739048957825
[loftr_wrapper.py] pair_ids (76,)
[loftr_wrapper.py] corres: (76, 5)
[loftr_wrapper.py] image0: torch.Size([1, 1, 400, 400])
[loftr_wrapper.py] net forward
[loftr_wrapper.py] mconf, 0.20151203870773315 0.8773228526115417
[loftr_wrapper.py] pair_ids (74,)
[loftr_wrapper.py] corres: (74, 5)
[loftr_wrapper.py] image0: torch.Size([1, 1, 400, 400])
[loftr_wrapper.py] net forward
[loftr_wrapper.py] mconf, 0.20458278059959412 0.7327122688293457
[loftr_wrapper.py] pair_ids (81,)
[loftr_wrapper.py] corres: (81, 5)
[loftr_wrapper.py] image0: torch.Size([1, 1, 400, 400])
[loftr_wrapper.py] net forward
[loftr_wrapper.py] mconf, 0.20121453702449799 0.777004599571228
[loftr_wrapper.py] pair_ids (78,)
[loftr_wrapper.py] corres: (78, 5)
[loftr_wrapper.py] image0: torch.Size([1, 1, 400, 400])
[loftr_wrapper.py] net forward
[loftr_wrapper.py] mconf, 0.20123445987701416 0.6575866937637329
[loftr_wrapper.py] pair_ids (52,)
[loftr_wrapper.py] corres: (52, 5)
[loftr_wrapper.py] image0: torch.Size([1, 1, 400, 400])
[loftr_wrapper.py] net forward
[loftr_wrapper.py] mconf, 0.20330160856246948 0.8123666048049927
[loftr_wrapper.py] pair_ids (58,)
[loftr_wrapper.py] corres: (58, 5)
[loftr_wrapper.py] image0: torch.Size([1, 1, 400, 400])
[loftr_wrapper.py] net forward
[loftr_wrapper.py] mconf, 0.2007497102022171 0.7900775074958801
[loftr_wrapper.py] pair_ids (61,)
[loftr_wrapper.py] corres: (61, 5)
[loftr_wrapper.py] image0: torch.Size([1, 1, 400, 400])
[loftr_wrapper.py] net forward
[loftr_wrapper.py] mconf, 0.20028558373451233 0.8129820823669434
[loftr_wrapper.py] pair_ids (95,)
[loftr_wrapper.py] corres: (95, 5)
[loftr_wrapper.py] image0: torch.Size([1, 1, 400, 400])
[loftr_wrapper.py] net forward
[loftr_wrapper.py] mconf, 0.20013515651226044 0.8184013366699219
[loftr_wrapper.py] pair_ids (111,)
[loftr_wrapper.py] corres: (111, 5)
[loftr_wrapper.py] image0: torch.Size([1, 1, 400, 400])
[loftr_wrapper.py] net forward
[loftr_wrapper.py] mconf, 0.20208445191383362 0.8377112746238708
[loftr_wrapper.py] pair_ids (124,)
[loftr_wrapper.py] corres: (124, 5)
[loftr_wrapper.py] image0: torch.Size([1, 1, 400, 400])
[loftr_wrapper.py] net forward
[loftr_wrapper.py] mconf, 0.20059171319007874 0.965316653251648
[loftr_wrapper.py] pair_ids (161,)
[loftr_wrapper.py] corres: (161, 5)
[loftr_wrapper.py] image0: torch.Size([1, 1, 400, 400])
[loftr_wrapper.py] net forward
[loftr_wrapper.py] mconf, 0.20341283082962036 0.8713370561599731
[loftr_wrapper.py] pair_ids (188,)
[loftr_wrapper.py] corres: (188, 5)
  A MD-prior AP14 26/167 2.6s/kf | E-I=3.64 E-L=3.13 E-V2=7.91 E-V5b=108.08 E-V5d=108.32 E-V5x2=33.88 E-VI=36.93 | rot0 1.92
/home/kist/Desktop/BundleSAM3DGS/experiments/vggt_probe/models.py:30: FutureWarning: `torch.cuda.amp.autocast(args...)` is deprecated. Please use `torch.amp.autocast('cuda', args...)` instead.
  with torch.cuda.amp.autocast(dtype=torch.bfloat16):
/home/kist/venvs/vggt_probe/lib/python3.10/site-packages/vggt/models/vggt.py:65: FutureWarning: `torch.cuda.amp.autocast(args...)` is deprecated. Please use `torch.amp.autocast('cuda', args...)` instead.
  with torch.cuda.amp.autocast(enabled=False):
[loftr_wrapper.py] image0: torch.Size([1, 1, 400, 400])
/home/kist/Desktop/BundleSAM3DGS/loftr_wrapper.py:45: FutureWarning: `torch.cuda.amp.autocast(args...)` is deprecated. Please use `torch.amp.autocast('cuda', args...)` instead.
  with torch.cuda.amp.autocast(enabled=True):
[loftr_wrapper.py] net forward
[loftr_wrapper.py] mconf, 0.2020280510187149 0.9421689510345459
[loftr_wrapper.py] pair_ids (265,)
[loftr_wrapper.py] corres: (265, 5)
[loftr_wrapper.py] image0: torch.Size([1, 1, 400, 400])
[loftr_wrapper.py] net forward
[loftr_wrapper.py] mconf, 0.2026142030954361 0.9915914535522461
[loftr_wrapper.py] pair_ids (234,)
[loftr_wrapper.py] corres: (234, 5)
[loftr_wrapper.py] image0: torch.Size([1, 1, 400, 400])
[loftr_wrapper.py] net forward
[loftr_wrapper.py] mconf, 0.2017401158809662 0.9400129318237305
[loftr_wrapper.py] pair_ids (238,)
[loftr_wrapper.py] corres: (238, 5)
[loftr_wrapper.py] image0: torch.Size([1, 1, 400, 400])
[loftr_wrapper.py] net forward
[loftr_wrapper.py] mconf, 0.2001158744096756 0.9928249716758728
[loftr_wrapper.py] pair_ids (225,)
[loftr_wrapper.py] corres: (225, 5)
[loftr_wrapper.py] image0: torch.Size([1, 1, 400, 400])
[loftr_wrapper.py] net forward
[loftr_wrapper.py] mconf, 0.20120485126972198 0.9346306324005127
[loftr_wrapper.py] pair_ids (191,)
[loftr_wrapper.py] corres: (191, 5)
[loftr_wrapper.py] image0: torch.Size([1, 1, 400, 400])
[loftr_wrapper.py] net forward
[loftr_wrapper.py] mconf, 0.20151634514331818 0.9847573041915894
[loftr_wrapper.py] pair_ids (171,)
[loftr_wrapper.py] corres: (171, 5)
[loftr_wrapper.py] image0: torch.Size([1, 1, 400, 400])
[loftr_wrapper.py] net forward
[loftr_wrapper.py] mconf, 0.20143283903598785 0.8809617757797241
[loftr_wrapper.py] pair_ids (188,)
[loftr_wrapper.py] corres: (188, 5)
[loftr_wrapper.py] image0: torch.Size([1, 1, 400, 400])
[loftr_wrapper.py] net forward
[loftr_wrapper.py] mconf, 0.20088401436805725 0.9711493849754333
[loftr_wrapper.py] pair_ids (178,)
[loftr_wrapper.py] corres: (178, 5)
[loftr_wrapper.py] image0: torch.Size([1, 1, 400, 400])
[loftr_wrapper.py] net forward
[loftr_wrapper.py] mconf, 0.2021239846944809 0.921248733997345
[loftr_wrapper.py] pair_ids (163,)
[loftr_wrapper.py] corres: (163, 5)
[loftr_wrapper.py] image0: torch.Size([1, 1, 400, 400])
[loftr_wrapper.py] net forward
[loftr_wrapper.py] mconf, 0.2013888657093048 0.9281070828437805
[loftr_wrapper.py] pair_ids (146,)
[loftr_wrapper.py] corres: (146, 5)
[loftr_wrapper.py] image0: torch.Size([1, 1, 400, 400])
[loftr_wrapper.py] net forward
[loftr_wrapper.py] mconf, 0.20132741332054138 0.985505223274231
[loftr_wrapper.py] pair_ids (149,)
[loftr_wrapper.py] corres: (149, 5)
[loftr_wrapper.py] image0: torch.Size([1, 1, 400, 400])
[loftr_wrapper.py] net forward
[loftr_wrapper.py] mconf, 0.2006574273109436 0.9435323476791382
[loftr_wrapper.py] pair_ids (144,)
[loftr_wrapper.py] corres: (144, 5)
[loftr_wrapper.py] image0: torch.Size([1, 1, 400, 400])
[loftr_wrapper.py] net forward
[loftr_wrapper.py] mconf, 0.2006904035806656 0.9843966960906982
[loftr_wrapper.py] pair_ids (148,)
[loftr_wrapper.py] corres: (148, 5)
[loftr_wrapper.py] image0: torch.Size([1, 1, 400, 400])
[loftr_wrapper.py] net forward
[loftr_wrapper.py] mconf, 0.20399326086044312 0.9457219243049622
[loftr_wrapper.py] pair_ids (120,)
[loftr_wrapper.py] corres: (120, 5)
[loftr_wrapper.py] image0: torch.Size([1, 1, 400, 400])
[loftr_wrapper.py] net forward
[loftr_wrapper.py] mconf, 0.20225657522678375 0.9533061385154724
[loftr_wrapper.py] pair_ids (110,)
[loftr_wrapper.py] corres: (110, 5)
[loftr_wrapper.py] image0: torch.Size([1, 1, 400, 400])
[loftr_wrapper.py] net forward
[loftr_wrapper.py] mconf, 0.20005877315998077 0.8162301182746887
[loftr_wrapper.py] pair_ids (112,)
[loftr_wrapper.py] corres: (112, 5)
[loftr_wrapper.py] image0: torch.Size([1, 1, 400, 400])
[loftr_wrapper.py] net forward
[loftr_wrapper.py] mconf, 0.20022644102573395 0.7892612218856812
[loftr_wrapper.py] pair_ids (114,)
[loftr_wrapper.py] corres: (114, 5)
[loftr_wrapper.py] image0: torch.Size([1, 1, 400, 400])
[loftr_wrapper.py] net forward
[loftr_wrapper.py] mconf, 0.20506629347801208 0.8094603419303894
[loftr_wrapper.py] pair_ids (82,)
[loftr_wrapper.py] corres: (82, 5)
[loftr_wrapper.py] image0: torch.Size([1, 1, 400, 400])
[loftr_wrapper.py] net forward
[loftr_wrapper.py] mconf, 0.20364761352539062 0.5392500758171082
[loftr_wrapper.py] pair_ids (71,)
[loftr_wrapper.py] corres: (71, 5)
[loftr_wrapper.py] image0: torch.Size([1, 1, 400, 400])
[loftr_wrapper.py] net forward
[loftr_wrapper.py] mconf, 0.20005154609680176 0.8521023988723755
[loftr_wrapper.py] pair_ids (77,)
[loftr_wrapper.py] corres: (77, 5)
[loftr_wrapper.py] image0: torch.Size([1, 1, 400, 400])
[loftr_wrapper.py] net forward
[loftr_wrapper.py] mconf, 0.20135551691055298 0.6629008054733276
[loftr_wrapper.py] pair_ids (78,)
[loftr_wrapper.py] corres: (78, 5)
[loftr_wrapper.py] image0: torch.Size([1, 1, 400, 400])
[loftr_wrapper.py] net forward
[loftr_wrapper.py] mconf, 0.20026196539402008 0.6124063730239868
[loftr_wrapper.py] pair_ids (84,)
[loftr_wrapper.py] corres: (84, 5)
[loftr_wrapper.py] image0: torch.Size([1, 1, 400, 400])
[loftr_wrapper.py] net forward
[loftr_wrapper.py] mconf, 0.2066311538219452 0.718534529209137
[loftr_wrapper.py] pair_ids (80,)
[loftr_wrapper.py] corres: (80, 5)
[loftr_wrapper.py] image0: torch.Size([1, 1, 400, 400])
[loftr_wrapper.py] net forward
[loftr_wrapper.py] mconf, 0.20084509253501892 0.8502708077430725
[loftr_wrapper.py] pair_ids (74,)
[loftr_wrapper.py] corres: (74, 5)
[loftr_wrapper.py] image0: torch.Size([1, 1, 400, 400])
[loftr_wrapper.py] net forward
[loftr_wrapper.py] mconf, 0.20421306788921356 0.6376023888587952
[loftr_wrapper.py] pair_ids (42,)
[loftr_wrapper.py] corres: (42, 5)
  A MD-prior AP14 51/167 2.4s/kf | E-I=6.74 E-L=4.14 E-V2=77.57 E-V5b=133.53 E-V5d=133.52 E-V5x2=47.28 E-VI=47.28 | rot0 3.07
/home/kist/Desktop/BundleSAM3DGS/experiments/vggt_probe/models.py:30: FutureWarning: `torch.cuda.amp.autocast(args...)` is deprecated. Please use `torch.amp.autocast('cuda', args...)` instead.
  with torch.cuda.amp.autocast(dtype=torch.bfloat16):
/home/kist/venvs/vggt_probe/lib/python3.10/site-packages/vggt/models/vggt.py:65: FutureWarning: `torch.cuda.amp.autocast(args...)` is deprecated. Please use `torch.amp.autocast('cuda', args...)` instead.
  with torch.cuda.amp.autocast(enabled=False):
[loftr_wrapper.py] image0: torch.Size([1, 1, 400, 400])
/home/kist/Desktop/BundleSAM3DGS/loftr_wrapper.py:45: FutureWarning: `torch.cuda.amp.autocast(args...)` is deprecated. Please use `torch.amp.autocast('cuda', args...)` instead.
  with torch.cuda.amp.autocast(enabled=True):
[loftr_wrapper.py] net forward
[loftr_wrapper.py] mconf, 0.2063789665699005 0.8437488675117493
[loftr_wrapper.py] pair_ids (63,)
[loftr_wrapper.py] corres: (63, 5)
[loftr_wrapper.py] image0: torch.Size([1, 1, 400, 400])
[loftr_wrapper.py] net forward
[loftr_wrapper.py] mconf, 0.2012973129749298 0.8163080811500549
[loftr_wrapper.py] pair_ids (67,)
[loftr_wrapper.py] corres: (67, 5)
[loftr_wrapper.py] image0: torch.Size([1, 1, 400, 400])
[loftr_wrapper.py] net forward
[loftr_wrapper.py] mconf, 0.20220135152339935 0.6330531239509583
[loftr_wrapper.py] pair_ids (59,)
[loftr_wrapper.py] corres: (59, 5)
[loftr_wrapper.py] image0: torch.Size([1, 1, 400, 400])
[loftr_wrapper.py] net forward
[loftr_wrapper.py] mconf, 0.20015661418437958 0.72429358959198
[loftr_wrapper.py] pair_ids (77,)
[loftr_wrapper.py] corres: (77, 5)
[loftr_wrapper.py] image0: torch.Size([1, 1, 400, 400])
[loftr_wrapper.py] net forward
[loftr_wrapper.py] mconf, 0.20649084448814392 0.7113451361656189
[loftr_wrapper.py] pair_ids (60,)
[loftr_wrapper.py] corres: (60, 5)
[loftr_wrapper.py] image0: torch.Size([1, 1, 400, 400])
[loftr_wrapper.py] net forward
[loftr_wrapper.py] mconf, 0.20046061277389526 0.7215876579284668
[loftr_wrapper.py] pair_ids (78,)
[loftr_wrapper.py] corres: (78, 5)
[loftr_wrapper.py] image0: torch.Size([1, 1, 400, 400])
[loftr_wrapper.py] net forward
[loftr_wrapper.py] mconf, 0.20154644548892975 0.6988849639892578
[loftr_wrapper.py] pair_ids (82,)
[loftr_wrapper.py] corres: (82, 5)
[loftr_wrapper.py] image0: torch.Size([1, 1, 400, 400])
[loftr_wrapper.py] net forward
[loftr_wrapper.py] mconf, 0.20070475339889526 0.7472515106201172
[loftr_wrapper.py] pair_ids (81,)
[loftr_wrapper.py] corres: (81, 5)
[loftr_wrapper.py] image0: torch.Size([1, 1, 400, 400])
[loftr_wrapper.py] net forward
[loftr_wrapper.py] mconf, 0.20032505691051483 0.8860349059104919
[loftr_wrapper.py] pair_ids (83,)
[loftr_wrapper.py] corres: (83, 5)
[loftr_wrapper.py] image0: torch.Size([1, 1, 400, 400])
[loftr_wrapper.py] net forward
[loftr_wrapper.py] mconf, 0.20032687485218048 0.7008145451545715
[loftr_wrapper.py] pair_ids (87,)
[loftr_wrapper.py] corres: (87, 5)
[loftr_wrapper.py] image0: torch.Size([1, 1, 400, 400])
[loftr_wrapper.py] net forward
[loftr_wrapper.py] mconf, 0.20085792243480682 0.8426681756973267
[loftr_wrapper.py] pair_ids (86,)
[loftr_wrapper.py] corres: (86, 5)
[loftr_wrapper.py] image0: torch.Size([1, 1, 400, 400])
[loftr_wrapper.py] net forward
[loftr_wrapper.py] mconf, 0.20105943083763123 0.9263785481452942
[loftr_wrapper.py] pair_ids (100,)
[loftr_wrapper.py] corres: (100, 5)
[loftr_wrapper.py] image0: torch.Size([1, 1, 400, 400])
[loftr_wrapper.py] net forward
[loftr_wrapper.py] mconf, 0.20109955966472626 0.9782272577285767
[loftr_wrapper.py] pair_ids (111,)
[loftr_wrapper.py] corres: (111, 5)
[loftr_wrapper.py] image0: torch.Size([1, 1, 400, 400])
[loftr_wrapper.py] net forward
[loftr_wrapper.py] mconf, 0.2007470577955246 0.8579596281051636
[loftr_wrapper.py] pair_ids (120,)
[loftr_wrapper.py] corres: (120, 5)
[loftr_wrapper.py] image0: torch.Size([1, 1, 400, 400])
[loftr_wrapper.py] net forward
[loftr_wrapper.py] mconf, 0.20264887809753418 0.8370527029037476
[loftr_wrapper.py] pair_ids (120,)
[loftr_wrapper.py] corres: (120, 5)
[loftr_wrapper.py] image0: torch.Size([1, 1, 400, 400])
[loftr_wrapper.py] net forward
[loftr_wrapper.py] mconf, 0.20635738968849182 0.8552301526069641
[loftr_wrapper.py] pair_ids (133,)
[loftr_wrapper.py] corres: (133, 5)
[loftr_wrapper.py] image0: torch.Size([1, 1, 400, 400])
[loftr_wrapper.py] net forward
[loftr_wrapper.py] mconf, 0.20003192126750946 0.9215742349624634
[loftr_wrapper.py] pair_ids (102,)
[loftr_wrapper.py] corres: (102, 5)
[loftr_wrapper.py] image0: torch.Size([1, 1, 400, 400])
[loftr_wrapper.py] net forward
[loftr_wrapper.py] mconf, 0.20042426884174347 0.6497399210929871
[loftr_wrapper.py] pair_ids (46,)
[loftr_wrapper.py] corres: (46, 5)
[loftr_wrapper.py] image0: torch.Size([1, 1, 400, 400])
[loftr_wrapper.py] net forward
[loftr_wrapper.py] mconf, 0.2019607275724411 0.6322439312934875
[loftr_wrapper.py] pair_ids (52,)
[loftr_wrapper.py] corres: (52, 5)
[loftr_wrapper.py] image0: torch.Size([1, 1, 400, 400])
[loftr_wrapper.py] net forward
[loftr_wrapper.py] mconf, 0.21184056997299194 0.772936999797821
[loftr_wrapper.py] pair_ids (68,)
[loftr_wrapper.py] corres: (68, 5)
[loftr_wrapper.py] image0: torch.Size([1, 1, 400, 400])
[loftr_wrapper.py] net forward
[loftr_wrapper.py] mconf, 0.2058359980583191 0.7184080481529236
[loftr_wrapper.py] pair_ids (63,)
[loftr_wrapper.py] corres: (63, 5)
[loftr_wrapper.py] image0: torch.Size([1, 1, 400, 400])
[loftr_wrapper.py] net forward
[loftr_wrapper.py] mconf, 0.20276489853858948 0.7136150598526001
[loftr_wrapper.py] pair_ids (61,)
[loftr_wrapper.py] corres: (61, 5)
[loftr_wrapper.py] image0: torch.Size([1, 1, 400, 400])
[loftr_wrapper.py] net forward
[loftr_wrapper.py] mconf, 0.2034599632024765 0.8557502031326294
[loftr_wrapper.py] pair_ids (68,)
[loftr_wrapper.py] corres: (68, 5)
[loftr_wrapper.py] image0: torch.Size([1, 1, 400, 400])
[loftr_wrapper.py] net forward
[loftr_wrapper.py] mconf, 0.20108577609062195 0.6745948791503906
[loftr_wrapper.py] pair_ids (67,)
[loftr_wrapper.py] corres: (67, 5)
[loftr_wrapper.py] image0: torch.Size([1, 1, 400, 400])
[loftr_wrapper.py] net forward
[loftr_wrapper.py] mconf, 0.20048777759075165 0.7757335305213928
[loftr_wrapper.py] pair_ids (79,)
[loftr_wrapper.py] corres: (79, 5)
  A MD-prior AP14 76/167 1.5s/kf | E-I=7.30 E-L=5.16 E-V2=113.55 E-V5b=97.89 E-V5d=97.77 E-V5x2=51.40 E-VI=75.84 | rot0 3.61
/home/kist/Desktop/BundleSAM3DGS/experiments/vggt_probe/models.py:30: FutureWarning: `torch.cuda.amp.autocast(args...)` is deprecated. Please use `torch.amp.autocast('cuda', args...)` instead.
  with torch.cuda.amp.autocast(dtype=torch.bfloat16):
/home/kist/venvs/vggt_probe/lib/python3.10/site-packages/vggt/models/vggt.py:65: FutureWarning: `torch.cuda.amp.autocast(args...)` is deprecated. Please use `torch.amp.autocast('cuda', args...)` instead.
  with torch.cuda.amp.autocast(enabled=False):
[loftr_wrapper.py] image0: torch.Size([1, 1, 400, 400])
/home/kist/Desktop/BundleSAM3DGS/loftr_wrapper.py:45: FutureWarning: `torch.cuda.amp.autocast(args...)` is deprecated. Please use `torch.amp.autocast('cuda', args...)` instead.
  with torch.cuda.amp.autocast(enabled=True):
[loftr_wrapper.py] net forward
[loftr_wrapper.py] mconf, 0.2000630497932434 0.7093135118484497
[loftr_wrapper.py] pair_ids (61,)
[loftr_wrapper.py] corres: (61, 5)
[loftr_wrapper.py] image0: torch.Size([1, 1, 400, 400])
[loftr_wrapper.py] net forward
[loftr_wrapper.py] mconf, 0.20135442912578583 0.6815405488014221
[loftr_wrapper.py] pair_ids (54,)
[loftr_wrapper.py] corres: (54, 5)
[loftr_wrapper.py] image0: torch.Size([1, 1, 400, 400])
[loftr_wrapper.py] net forward
[loftr_wrapper.py] mconf, 0.20019777119159698 0.833617091178894
[loftr_wrapper.py] pair_ids (65,)
[loftr_wrapper.py] corres: (65, 5)
[loftr_wrapper.py] image0: torch.Size([1, 1, 400, 400])
[loftr_wrapper.py] net forward
[loftr_wrapper.py] mconf, 0.2001028209924698 0.7092454433441162
[loftr_wrapper.py] pair_ids (61,)
[loftr_wrapper.py] corres: (61, 5)
[loftr_wrapper.py] image0: torch.Size([1, 1, 400, 400])
[loftr_wrapper.py] net forward
[loftr_wrapper.py] mconf, 0.2005421221256256 0.6963445544242859
[loftr_wrapper.py] pair_ids (66,)
[loftr_wrapper.py] corres: (66, 5)
[loftr_wrapper.py] image0: torch.Size([1, 1, 400, 400])
[loftr_wrapper.py] net forward
[loftr_wrapper.py] mconf, 0.20061466097831726 0.8234981894493103
[loftr_wrapper.py] pair_ids (67,)
[loftr_wrapper.py] corres: (67, 5)
[loftr_wrapper.py] image0: torch.Size([1, 1, 400, 400])
[loftr_wrapper.py] net forward
[loftr_wrapper.py] mconf, 0.20198355615139008 0.6868515610694885
[loftr_wrapper.py] pair_ids (68,)
[loftr_wrapper.py] corres: (68, 5)
[loftr_wrapper.py] image0: torch.Size([1, 1, 400, 400])
[loftr_wrapper.py] net forward
[loftr_wrapper.py] mconf, 0.2007419466972351 0.7033967971801758
[loftr_wrapper.py] pair_ids (59,)
[loftr_wrapper.py] corres: (59, 5)
[loftr_wrapper.py] image0: torch.Size([1, 1, 400, 400])
[loftr_wrapper.py] net forward
[loftr_wrapper.py] mconf, 0.2002565860748291 0.6988403797149658
[loftr_wrapper.py] pair_ids (60,)
[loftr_wrapper.py] corres: (60, 5)
[loftr_wrapper.py] image0: torch.Size([1, 1, 400, 400])
[loftr_wrapper.py] net forward
[loftr_wrapper.py] mconf, 0.20078349113464355 0.5947496891021729
[loftr_wrapper.py] pair_ids (55,)
[loftr_wrapper.py] corres: (55, 5)
[loftr_wrapper.py] image0: torch.Size([1, 1, 400, 400])
[loftr_wrapper.py] net forward
[loftr_wrapper.py] mconf, 0.20099937915802002 0.7316333651542664
[loftr_wrapper.py] pair_ids (78,)
[loftr_wrapper.py] corres: (78, 5)
[loftr_wrapper.py] image0: torch.Size([1, 1, 400, 400])
[loftr_wrapper.py] net forward
[loftr_wrapper.py] mconf, 0.2011430859565735 0.646051824092865
[loftr_wrapper.py] pair_ids (82,)
[loftr_wrapper.py] corres: (82, 5)
[loftr_wrapper.py] image0: torch.Size([1, 1, 400, 400])
[loftr_wrapper.py] net forward
[loftr_wrapper.py] mconf, 0.20117421448230743 0.8654190897941589
[loftr_wrapper.py] pair_ids (91,)
[loftr_wrapper.py] corres: (91, 5)
[loftr_wrapper.py] image0: torch.Size([1, 1, 400, 400])
[loftr_wrapper.py] net forward
[loftr_wrapper.py] mconf, 0.20105504989624023 0.8168414831161499
[loftr_wrapper.py] pair_ids (89,)
[loftr_wrapper.py] corres: (89, 5)
[loftr_wrapper.py] image0: torch.Size([1, 1, 400, 400])
[loftr_wrapper.py] net forward
[loftr_wrapper.py] mconf, 0.20598942041397095 0.9009534120559692
[loftr_wrapper.py] pair_ids (76,)
[loftr_wrapper.py] corres: (76, 5)
[loftr_wrapper.py] image0: torch.Size([1, 1, 400, 400])
[loftr_wrapper.py] net forward
[loftr_wrapper.py] mconf, 0.20184344053268433 0.6904332637786865
[loftr_wrapper.py] pair_ids (79,)
[loftr_wrapper.py] corres: (79, 5)
[loftr_wrapper.py] image0: torch.Size([1, 1, 400, 400])
[loftr_wrapper.py] net forward
[loftr_wrapper.py] mconf, 0.20641791820526123 0.5668727159500122
[loftr_wrapper.py] pair_ids (61,)
[loftr_wrapper.py] corres: (61, 5)
[loftr_wrapper.py] image0: torch.Size([1, 1, 400, 400])
[loftr_wrapper.py] net forward
[loftr_wrapper.py] mconf, 0.2003650665283203 0.7433923482894897
[loftr_wrapper.py] pair_ids (97,)
[loftr_wrapper.py] corres: (97, 5)
[loftr_wrapper.py] image0: torch.Size([1, 1, 400, 400])
[loftr_wrapper.py] net forward
[loftr_wrapper.py] mconf, 0.20063824951648712 0.6983113884925842
[loftr_wrapper.py] pair_ids (91,)
[loftr_wrapper.py] corres: (91, 5)
[loftr_wrapper.py] image0: torch.Size([1, 1, 400, 400])
[loftr_wrapper.py] net forward
[loftr_wrapper.py] mconf, 0.2042599320411682 0.7373049855232239
[loftr_wrapper.py] pair_ids (88,)
[loftr_wrapper.py] corres: (88, 5)
[loftr_wrapper.py] image0: torch.Size([1, 1, 400, 400])
[loftr_wrapper.py] net forward
[loftr_wrapper.py] mconf, 0.20541536808013916 0.7741721272468567
[loftr_wrapper.py] pair_ids (66,)
[loftr_wrapper.py] corres: (66, 5)
[loftr_wrapper.py] image0: torch.Size([1, 1, 400, 400])
[loftr_wrapper.py] net forward
[loftr_wrapper.py] mconf, 0.20064513385295868 0.8301137685775757
[loftr_wrapper.py] pair_ids (90,)
[loftr_wrapper.py] corres: (90, 5)
[loftr_wrapper.py] image0: torch.Size([1, 1, 400, 400])
[loftr_wrapper.py] net forward
[loftr_wrapper.py] mconf, 0.20126384496688843 0.8260190486907959
[loftr_wrapper.py] pair_ids (85,)
[loftr_wrapper.py] corres: (85, 5)
[loftr_wrapper.py] image0: torch.Size([1, 1, 400, 400])
[loftr_wrapper.py] net forward
[loftr_wrapper.py] mconf, 0.2004084289073944 0.7363475561141968
[loftr_wrapper.py] pair_ids (91,)
[loftr_wrapper.py] corres: (91, 5)
[loftr_wrapper.py] image0: torch.Size([1, 1, 400, 400])
[loftr_wrapper.py] net forward
[loftr_wrapper.py] mconf, 0.20105616748332977 0.8306629657745361
[loftr_wrapper.py] pair_ids (74,)
[loftr_wrapper.py] corres: (74, 5)
  A MD-prior AP14 101/167 1.4s/kf | E-I=5.83 E-L=12.43 E-V2=108.57 E-V5b=89.70 E-V5d=89.55 E-V5x2=94.63 E-VI=94.63 | rot0 2.18
/home/kist/Desktop/BundleSAM3DGS/experiments/vggt_probe/models.py:30: FutureWarning: `torch.cuda.amp.autocast(args...)` is deprecated. Please use `torch.amp.autocast('cuda', args...)` instead.
  with torch.cuda.amp.autocast(dtype=torch.bfloat16):
/home/kist/venvs/vggt_probe/lib/python3.10/site-packages/vggt/models/vggt.py:65: FutureWarning: `torch.cuda.amp.autocast(args...)` is deprecated. Please use `torch.amp.autocast('cuda', args...)` instead.
  with torch.cuda.amp.autocast(enabled=False):
[loftr_wrapper.py] image0: torch.Size([1, 1, 400, 400])
/home/kist/Desktop/BundleSAM3DGS/loftr_wrapper.py:45: FutureWarning: `torch.cuda.amp.autocast(args...)` is deprecated. Please use `torch.amp.autocast('cuda', args...)` instead.
  with torch.cuda.amp.autocast(enabled=True):
[loftr_wrapper.py] net forward
[loftr_wrapper.py] mconf, 0.20019519329071045 0.8568858504295349
[loftr_wrapper.py] pair_ids (76,)
[loftr_wrapper.py] corres: (76, 5)
[loftr_wrapper.py] image0: torch.Size([1, 1, 400, 400])
[loftr_wrapper.py] net forward
[loftr_wrapper.py] mconf, 0.20037789642810822 0.9023852348327637
[loftr_wrapper.py] pair_ids (84,)
[loftr_wrapper.py] corres: (84, 5)
[loftr_wrapper.py] image0: torch.Size([1, 1, 400, 400])
[loftr_wrapper.py] net forward
[loftr_wrapper.py] mconf, 0.20366355776786804 0.8085268139839172
[loftr_wrapper.py] pair_ids (91,)
[loftr_wrapper.py] corres: (91, 5)
[loftr_wrapper.py] image0: torch.Size([1, 1, 400, 400])
[loftr_wrapper.py] net forward
[loftr_wrapper.py] mconf, 0.20082741975784302 0.84023118019104
[loftr_wrapper.py] pair_ids (73,)
[loftr_wrapper.py] corres: (73, 5)
[loftr_wrapper.py] image0: torch.Size([1, 1, 400, 400])
[loftr_wrapper.py] net forward
[loftr_wrapper.py] mconf, 0.20172452926635742 0.787308394908905
[loftr_wrapper.py] pair_ids (67,)
[loftr_wrapper.py] corres: (67, 5)
[loftr_wrapper.py] image0: torch.Size([1, 1, 400, 400])
[loftr_wrapper.py] net forward
[loftr_wrapper.py] mconf, 0.2024945765733719 0.7271021008491516
[loftr_wrapper.py] pair_ids (60,)
[loftr_wrapper.py] corres: (60, 5)
[loftr_wrapper.py] image0: torch.Size([1, 1, 400, 400])
[loftr_wrapper.py] net forward
[loftr_wrapper.py] mconf, 0.2003515064716339 0.6482038497924805
[loftr_wrapper.py] pair_ids (59,)
[loftr_wrapper.py] corres: (59, 5)
[loftr_wrapper.py] image0: torch.Size([1, 1, 400, 400])
[loftr_wrapper.py] net forward
[loftr_wrapper.py] mconf, 0.2018134444952011 0.6098688244819641
[loftr_wrapper.py] pair_ids (67,)
[loftr_wrapper.py] corres: (67, 5)
[loftr_wrapper.py] image0: torch.Size([1, 1, 400, 400])
[loftr_wrapper.py] net forward
[loftr_wrapper.py] mconf, 0.2037733644247055 0.6689797639846802
[loftr_wrapper.py] pair_ids (63,)
[loftr_wrapper.py] corres: (63, 5)
[loftr_wrapper.py] image0: torch.Size([1, 1, 400, 400])
[loftr_wrapper.py] net forward
[loftr_wrapper.py] mconf, 0.20584061741828918 0.6720918416976929
[loftr_wrapper.py] pair_ids (51,)
[loftr_wrapper.py] corres: (51, 5)
[loftr_wrapper.py] image0: torch.Size([1, 1, 400, 400])
[loftr_wrapper.py] net forward
[loftr_wrapper.py] mconf, 0.20031172037124634 0.6595081686973572
[loftr_wrapper.py] pair_ids (49,)
[loftr_wrapper.py] corres: (49, 5)
[loftr_wrapper.py] image0: torch.Size([1, 1, 400, 400])
[loftr_wrapper.py] net forward
[loftr_wrapper.py] mconf, 0.20193412899971008 0.6756637692451477
[loftr_wrapper.py] pair_ids (59,)
[loftr_wrapper.py] corres: (59, 5)
[loftr_wrapper.py] image0: torch.Size([1, 1, 400, 400])
[loftr_wrapper.py] net forward
[loftr_wrapper.py] mconf, 0.20383282005786896 0.6384552717208862
[loftr_wrapper.py] pair_ids (59,)
[loftr_wrapper.py] corres: (59, 5)
[loftr_wrapper.py] image0: torch.Size([1, 1, 400, 400])
[loftr_wrapper.py] net forward
[loftr_wrapper.py] mconf, 0.20615990459918976 0.569674551486969
[loftr_wrapper.py] pair_ids (51,)
[loftr_wrapper.py] corres: (51, 5)
[loftr_wrapper.py] image0: torch.Size([1, 1, 400, 400])
[loftr_wrapper.py] net forward
[loftr_wrapper.py] mconf, 0.2019001692533493 0.675341010093689
[loftr_wrapper.py] pair_ids (38,)
[loftr_wrapper.py] corres: (38, 5)
[loftr_wrapper.py] image0: torch.Size([1, 1, 400, 400])
[loftr_wrapper.py] net forward
[loftr_wrapper.py] mconf, 0.20110124349594116 0.8183761239051819
[loftr_wrapper.py] pair_ids (53,)
[loftr_wrapper.py] corres: (53, 5)
[loftr_wrapper.py] image0: torch.Size([1, 1, 400, 400])
[loftr_wrapper.py] net forward
[loftr_wrapper.py] mconf, 0.20046868920326233 0.7797129154205322
[loftr_wrapper.py] pair_ids (66,)
[loftr_wrapper.py] corres: (66, 5)
[loftr_wrapper.py] image0: torch.Size([1, 1, 400, 400])
[loftr_wrapper.py] net forward
[loftr_wrapper.py] mconf, 0.20122841000556946 0.8073537349700928
[loftr_wrapper.py] pair_ids (69,)
[loftr_wrapper.py] corres: (69, 5)
[loftr_wrapper.py] image0: torch.Size([1, 1, 400, 400])
[loftr_wrapper.py] net forward
[loftr_wrapper.py] mconf, 0.208011656999588 0.7820414304733276
[loftr_wrapper.py] pair_ids (46,)
[loftr_wrapper.py] corres: (46, 5)
[loftr_wrapper.py] image0: torch.Size([1, 1, 400, 400])
[loftr_wrapper.py] net forward
[loftr_wrapper.py] mconf, 0.20318607985973358 0.742555558681488
[loftr_wrapper.py] pair_ids (38,)
[loftr_wrapper.py] corres: (38, 5)
[loftr_wrapper.py] image0: torch.Size([1, 1, 400, 400])
[loftr_wrapper.py] net forward
[loftr_wrapper.py] mconf, 0.20193664729595184 0.6865687370300293
[loftr_wrapper.py] pair_ids (30,)
[loftr_wrapper.py] corres: (30, 5)
[loftr_wrapper.py] image0: torch.Size([1, 1, 400, 400])
[loftr_wrapper.py] net forward
[loftr_wrapper.py] mconf, 0.20489604771137238 0.4866699278354645
[loftr_wrapper.py] pair_ids (33,)
[loftr_wrapper.py] corres: (33, 5)
[loftr_wrapper.py] image0: torch.Size([1, 1, 400, 400])
[loftr_wrapper.py] net forward
[loftr_wrapper.py] mconf, 0.20361390709877014 0.5239758491516113
[loftr_wrapper.py] pair_ids (30,)
[loftr_wrapper.py] corres: (30, 5)
[loftr_wrapper.py] image0: torch.Size([1, 1, 400, 400])
[loftr_wrapper.py] net forward
[loftr_wrapper.py] mconf, 0.20090097188949585 0.6664670705795288
[loftr_wrapper.py] pair_ids (51,)
[loftr_wrapper.py] corres: (51, 5)
[loftr_wrapper.py] image0: torch.Size([1, 1, 400, 400])
[loftr_wrapper.py] net forward
[loftr_wrapper.py] mconf, 0.20124606788158417 0.7896092534065247
[loftr_wrapper.py] pair_ids (60,)
[loftr_wrapper.py] corres: (60, 5)
  A MD-prior AP14 126/167 2.5s/kf | E-I=6.09 E-L=4.51 E-V2=124.39 E-V5b=116.09 E-V5d=116.19 E-V5x2=66.57 E-VI=81.06 | rot0 1.56
/home/kist/Desktop/BundleSAM3DGS/experiments/vggt_probe/models.py:30: FutureWarning: `torch.cuda.amp.autocast(args...)` is deprecated. Please use `torch.amp.autocast('cuda', args...)` instead.
  with torch.cuda.amp.autocast(dtype=torch.bfloat16):
/home/kist/venvs/vggt_probe/lib/python3.10/site-packages/vggt/models/vggt.py:65: FutureWarning: `torch.cuda.amp.autocast(args...)` is deprecated. Please use `torch.amp.autocast('cuda', args...)` instead.
  with torch.cuda.amp.autocast(enabled=False):
[loftr_wrapper.py] image0: torch.Size([1, 1, 400, 400])
/home/kist/Desktop/BundleSAM3DGS/loftr_wrapper.py:45: FutureWarning: `torch.cuda.amp.autocast(args...)` is deprecated. Please use `torch.amp.autocast('cuda', args...)` instead.
  with torch.cuda.amp.autocast(enabled=True):
[loftr_wrapper.py] net forward
[loftr_wrapper.py] mconf, 0.20383113622665405 0.5488960146903992
[loftr_wrapper.py] pair_ids (41,)
[loftr_wrapper.py] corres: (41, 5)
[loftr_wrapper.py] image0: torch.Size([1, 1, 400, 400])
[loftr_wrapper.py] net forward
[loftr_wrapper.py] mconf, 0.20060251653194427 0.7221260070800781
[loftr_wrapper.py] pair_ids (68,)
[loftr_wrapper.py] corres: (68, 5)
[loftr_wrapper.py] image0: torch.Size([1, 1, 400, 400])
[loftr_wrapper.py] net forward
[loftr_wrapper.py] mconf, 0.20159216225147247 0.6016982793807983
[loftr_wrapper.py] pair_ids (77,)
[loftr_wrapper.py] corres: (77, 5)
[loftr_wrapper.py] image0: torch.Size([1, 1, 400, 400])
[loftr_wrapper.py] net forward
[loftr_wrapper.py] mconf, 0.2002699226140976 0.6448683142662048
[loftr_wrapper.py] pair_ids (71,)
[loftr_wrapper.py] corres: (71, 5)
[loftr_wrapper.py] image0: torch.Size([1, 1, 400, 400])
[loftr_wrapper.py] net forward
[loftr_wrapper.py] mconf, 0.20070825517177582 0.7596721649169922
[loftr_wrapper.py] pair_ids (66,)
[loftr_wrapper.py] corres: (66, 5)
[loftr_wrapper.py] image0: torch.Size([1, 1, 400, 400])
[loftr_wrapper.py] net forward
[loftr_wrapper.py] mconf, 0.20153014361858368 0.6605692505836487
[loftr_wrapper.py] pair_ids (33,)
[loftr_wrapper.py] corres: (33, 5)
[loftr_wrapper.py] image0: torch.Size([1, 1, 400, 400])
[loftr_wrapper.py] net forward
[loftr_wrapper.py] mconf, 0.20047277212142944 0.6170116066932678
[loftr_wrapper.py] pair_ids (30,)
[loftr_wrapper.py] corres: (30, 5)
[loftr_wrapper.py] image0: torch.Size([1, 1, 400, 400])
[loftr_wrapper.py] net forward
[loftr_wrapper.py] mconf, 0.20066894590854645 0.6282657384872437
[loftr_wrapper.py] pair_ids (54,)
[loftr_wrapper.py] corres: (54, 5)
[loftr_wrapper.py] image0: torch.Size([1, 1, 400, 400])
[loftr_wrapper.py] net forward
[loftr_wrapper.py] mconf, 0.20289933681488037 0.7819594144821167
[loftr_wrapper.py] pair_ids (51,)
[loftr_wrapper.py] corres: (51, 5)
[loftr_wrapper.py] image0: torch.Size([1, 1, 400, 400])
[loftr_wrapper.py] net forward
[loftr_wrapper.py] mconf, 0.20284031331539154 0.6186963319778442
[loftr_wrapper.py] pair_ids (47,)
[loftr_wrapper.py] corres: (47, 5)
[loftr_wrapper.py] image0: torch.Size([1, 1, 400, 400])
[loftr_wrapper.py] net forward
[loftr_wrapper.py] mconf, 0.20127379894256592 0.7337660193443298
[loftr_wrapper.py] pair_ids (56,)
[loftr_wrapper.py] corres: (56, 5)
[loftr_wrapper.py] image0: torch.Size([1, 1, 400, 400])
[loftr_wrapper.py] net forward
[loftr_wrapper.py] mconf, 0.20395193994045258 0.6779482364654541
[loftr_wrapper.py] pair_ids (38,)
[loftr_wrapper.py] corres: (38, 5)
[loftr_wrapper.py] image0: torch.Size([1, 1, 400, 400])
[loftr_wrapper.py] net forward
[loftr_wrapper.py] mconf, 0.2005736380815506 0.7710643410682678
[loftr_wrapper.py] pair_ids (42,)
[loftr_wrapper.py] corres: (42, 5)
[loftr_wrapper.py] image0: torch.Size([1, 1, 400, 400])
[loftr_wrapper.py] net forward
[loftr_wrapper.py] mconf, 0.2000826746225357 0.7710941433906555
[loftr_wrapper.py] pair_ids (44,)
[loftr_wrapper.py] corres: (44, 5)
[loftr_wrapper.py] image0: torch.Size([1, 1, 400, 400])
[loftr_wrapper.py] net forward
[loftr_wrapper.py] mconf, 0.2000984102487564 0.6902449727058411
[loftr_wrapper.py] pair_ids (55,)
[loftr_wrapper.py] corres: (55, 5)
[loftr_wrapper.py] image0: torch.Size([1, 1, 400, 400])
[loftr_wrapper.py] net forward
[loftr_wrapper.py] mconf, 0.20002144575119019 0.7582709193229675
[loftr_wrapper.py] pair_ids (65,)
[loftr_wrapper.py] corres: (65, 5)
[loftr_wrapper.py] image0: torch.Size([1, 1, 400, 400])
[loftr_wrapper.py] net forward
[loftr_wrapper.py] mconf, 0.20232757925987244 0.7757346034049988
[loftr_wrapper.py] pair_ids (51,)
[loftr_wrapper.py] corres: (51, 5)
[loftr_wrapper.py] image0: torch.Size([1, 1, 400, 400])
[loftr_wrapper.py] net forward
[loftr_wrapper.py] mconf, 0.20220905542373657 0.5509694814682007
[loftr_wrapper.py] pair_ids (50,)
[loftr_wrapper.py] corres: (50, 5)
[loftr_wrapper.py] image0: torch.Size([1, 1, 400, 400])
[loftr_wrapper.py] net forward
[loftr_wrapper.py] mconf, 0.21519729495048523 0.7098206877708435
[loftr_wrapper.py] pair_ids (41,)
[loftr_wrapper.py] corres: (41, 5)
[loftr_wrapper.py] image0: torch.Size([1, 1, 400, 400])
[loftr_wrapper.py] net forward
[loftr_wrapper.py] mconf, 0.20301717519760132 0.87317955493927
[loftr_wrapper.py] pair_ids (35,)
[loftr_wrapper.py] corres: (35, 5)
[loftr_wrapper.py] image0: torch.Size([1, 1, 400, 400])
[loftr_wrapper.py] net forward
[loftr_wrapper.py] mconf, 0.20425978302955627 0.8407099843025208
[loftr_wrapper.py] pair_ids (41,)
[loftr_wrapper.py] corres: (41, 5)
[loftr_wrapper.py] image0: torch.Size([1, 1, 400, 400])
[loftr_wrapper.py] net forward
[loftr_wrapper.py] mconf, 0.2009870409965515 0.8233781456947327
[loftr_wrapper.py] pair_ids (41,)
[loftr_wrapper.py] corres: (41, 5)
[loftr_wrapper.py] image0: torch.Size([1, 1, 400, 400])
[loftr_wrapper.py] net forward
[loftr_wrapper.py] mconf, 0.20011085271835327 0.8540336489677429
[loftr_wrapper.py] pair_ids (45,)
[loftr_wrapper.py] corres: (45, 5)
[loftr_wrapper.py] image0: torch.Size([1, 1, 400, 400])
[loftr_wrapper.py] net forward
[loftr_wrapper.py] mconf, 0.2004004865884781 0.635539174079895
[loftr_wrapper.py] pair_ids (51,)
[loftr_wrapper.py] corres: (51, 5)
[loftr_wrapper.py] image0: torch.Size([1, 1, 400, 400])
[loftr_wrapper.py] net forward
[loftr_wrapper.py] mconf, 0.2011793702840805 0.7978920936584473
[loftr_wrapper.py] pair_ids (56,)
[loftr_wrapper.py] corres: (56, 5)
  A MD-prior AP14 151/167 2.5s/kf | E-I=4.17 E-L=5.10 E-V2=107.79 E-V5b=63.35 E-V5d=63.35 E-V5x2=100.62 E-VI=112.95 | rot0 1.20
/home/kist/Desktop/BundleSAM3DGS/experiments/vggt_probe/models.py:30: FutureWarning: `torch.cuda.amp.autocast(args...)` is deprecated. Please use `torch.amp.autocast('cuda', args...)` instead.
  with torch.cuda.amp.autocast(dtype=torch.bfloat16):
/home/kist/venvs/vggt_probe/lib/python3.10/site-packages/vggt/models/vggt.py:65: FutureWarning: `torch.cuda.amp.autocast(args...)` is deprecated. Please use `torch.amp.autocast('cuda', args...)` instead.
  with torch.cuda.amp.autocast(enabled=False):
[loftr_wrapper.py] image0: torch.Size([1, 1, 400, 400])
/home/kist/Desktop/BundleSAM3DGS/loftr_wrapper.py:45: FutureWarning: `torch.cuda.amp.autocast(args...)` is deprecated. Please use `torch.amp.autocast('cuda', args...)` instead.
  with torch.cuda.amp.autocast(enabled=True):
[loftr_wrapper.py] net forward
[loftr_wrapper.py] mconf, 0.20053167641162872 0.593392550945282
[loftr_wrapper.py] pair_ids (51,)
[loftr_wrapper.py] corres: (51, 5)
[loftr_wrapper.py] image0: torch.Size([1, 1, 400, 400])
[loftr_wrapper.py] net forward
[loftr_wrapper.py] mconf, 0.20156916975975037 0.6941904425621033
[loftr_wrapper.py] pair_ids (50,)
[loftr_wrapper.py] corres: (50, 5)
[loftr_wrapper.py] image0: torch.Size([1, 1, 400, 400])
[loftr_wrapper.py] net forward
[loftr_wrapper.py] mconf, 0.2010136842727661 0.6940770745277405
[loftr_wrapper.py] pair_ids (67,)
[loftr_wrapper.py] corres: (67, 5)
[loftr_wrapper.py] image0: torch.Size([1, 1, 400, 400])
[loftr_wrapper.py] net forward
[loftr_wrapper.py] mconf, 0.20028752088546753 0.8503270745277405
[loftr_wrapper.py] pair_ids (60,)
[loftr_wrapper.py] corres: (60, 5)
[loftr_wrapper.py] image0: torch.Size([1, 1, 400, 400])
[loftr_wrapper.py] net forward
[loftr_wrapper.py] mconf, 0.2033182680606842 0.6125856637954712
[loftr_wrapper.py] pair_ids (43,)
[loftr_wrapper.py] corres: (43, 5)
[loftr_wrapper.py] image0: torch.Size([1, 1, 400, 400])
[loftr_wrapper.py] net forward
[loftr_wrapper.py] mconf, 0.20238097012043 0.8982094526290894
[loftr_wrapper.py] pair_ids (56,)
[loftr_wrapper.py] corres: (56, 5)
[loftr_wrapper.py] image0: torch.Size([1, 1, 400, 400])
[loftr_wrapper.py] net forward
[loftr_wrapper.py] mconf, 0.20198208093643188 0.7171281576156616
[loftr_wrapper.py] pair_ids (37,)
[loftr_wrapper.py] corres: (37, 5)
[loftr_wrapper.py] image0: torch.Size([1, 1, 400, 400])
[loftr_wrapper.py] net forward
[loftr_wrapper.py] mconf, 0.20058654248714447 0.7916844487190247
[loftr_wrapper.py] pair_ids (41,)
[loftr_wrapper.py] corres: (41, 5)
[loftr_wrapper.py] image0: torch.Size([1, 1, 400, 400])
[loftr_wrapper.py] net forward
[loftr_wrapper.py] mconf, 0.2034331113100052 0.7871928811073303
[loftr_wrapper.py] pair_ids (54,)
[loftr_wrapper.py] corres: (54, 5)
[loftr_wrapper.py] image0: torch.Size([1, 1, 400, 400])
[loftr_wrapper.py] net forward
[loftr_wrapper.py] mconf, 0.20104563236236572 0.7461949586868286
[loftr_wrapper.py] pair_ids (59,)
[loftr_wrapper.py] corres: (59, 5)
[loftr_wrapper.py] image0: torch.Size([1, 1, 400, 400])
[loftr_wrapper.py] net forward
[loftr_wrapper.py] mconf, 0.20069162547588348 0.8587616682052612
[loftr_wrapper.py] pair_ids (41,)
[loftr_wrapper.py] corres: (41, 5)
[loftr_wrapper.py] image0: torch.Size([1, 1, 400, 400])
[loftr_wrapper.py] net forward
[loftr_wrapper.py] mconf, 0.21424086391925812 0.7718410491943359
[loftr_wrapper.py] pair_ids (47,)
[loftr_wrapper.py] corres: (47, 5)
[loftr_wrapper.py] image0: torch.Size([1, 1, 400, 400])
[loftr_wrapper.py] net forward
[loftr_wrapper.py] mconf, 0.20007172226905823 0.8357467651367188
[loftr_wrapper.py] pair_ids (47,)
[loftr_wrapper.py] corres: (47, 5)
[loftr_wrapper.py] image0: torch.Size([1, 1, 400, 400])
[loftr_wrapper.py] net forward
[loftr_wrapper.py] mconf, 0.20315830409526825 0.7909353375434875
[loftr_wrapper.py] pair_ids (47,)
[loftr_wrapper.py] corres: (47, 5)
[loftr_wrapper.py] image0: torch.Size([1, 1, 400, 400])
[loftr_wrapper.py] net forward
[loftr_wrapper.py] mconf, 0.20119300484657288 0.8487166166305542
[loftr_wrapper.py] pair_ids (65,)
[loftr_wrapper.py] corres: (65, 5)
[loftr_wrapper.py] image0: torch.Size([1, 1, 400, 400])
[loftr_wrapper.py] net forward
[loftr_wrapper.py] mconf, 0.20099739730358124 0.7454125285148621
[loftr_wrapper.py] pair_ids (38,)
[loftr_wrapper.py] corres: (38, 5)
DONE A MD-prior AP14 jobs 167 410s | E-I=5.24/25% E-L=5.10/31% E-V2=106.64/2% E-V5b=100.29/0% E-V5d=100.36/0% E-V5x2=75.84/0% E-VI=82.73/1% | rot0 1.80
/home/kist/Desktop/BundleSAM3DGS/experiments/vggt_probe/models.py:30: FutureWarning: `torch.cuda.amp.autocast(args...)` is deprecated. Please use `torch.amp.autocast('cuda', args...)` instead.
  with torch.cuda.amp.autocast(dtype=torch.bfloat16):
/home/kist/venvs/vggt_probe/lib/python3.10/site-packages/vggt/models/vggt.py:65: FutureWarning: `torch.cuda.amp.autocast(args...)` is deprecated. Please use `torch.amp.autocast('cuda', args...)` instead.
  with torch.cuda.amp.autocast(enabled=False):
[loftr_wrapper.py] image0: torch.Size([1, 1, 400, 400])
/home/kist/Desktop/BundleSAM3DGS/loftr_wrapper.py:45: FutureWarning: `torch.cuda.amp.autocast(args...)` is deprecated. Please use `torch.amp.autocast('cuda', args...)` instead.
  with torch.cuda.amp.autocast(enabled=True):
[loftr_wrapper.py] net forward
[loftr_wrapper.py] mconf, 0.20062680542469025 0.9952101707458496
[loftr_wrapper.py] pair_ids (797,)
[loftr_wrapper.py] corres: (797, 5)
  A MD-prior MPM10 1/237 2.4s/kf | E-I=5.38 E-L=3.69 E-V2=127.42 E-V5b=53.67 E-V5d=53.82 E-V5x2=12.44 E-VI=12.44 | rot0 0.00
/home/kist/Desktop/BundleSAM3DGS/experiments/vggt_probe/models.py:30: FutureWarning: `torch.cuda.amp.autocast(args...)` is deprecated. Please use `torch.amp.autocast('cuda', args...)` instead.
  with torch.cuda.amp.autocast(dtype=torch.bfloat16):
/home/kist/venvs/vggt_probe/lib/python3.10/site-packages/vggt/models/vggt.py:65: FutureWarning: `torch.cuda.amp.autocast(args...)` is deprecated. Please use `torch.amp.autocast('cuda', args...)` instead.
  with torch.cuda.amp.autocast(enabled=False):
[loftr_wrapper.py] image0: torch.Size([1, 1, 400, 400])
/home/kist/Desktop/BundleSAM3DGS/loftr_wrapper.py:45: FutureWarning: `torch.cuda.amp.autocast(args...)` is deprecated. Please use `torch.amp.autocast('cuda', args...)` instead.
  with torch.cuda.amp.autocast(enabled=True):
[loftr_wrapper.py] net forward
[loftr_wrapper.py] mconf, 0.2007974237203598 0.9891911745071411
[loftr_wrapper.py] pair_ids (632,)
[loftr_wrapper.py] corres: (632, 5)
[loftr_wrapper.py] image0: torch.Size([1, 1, 400, 400])
[loftr_wrapper.py] net forward
[loftr_wrapper.py] mconf, 0.20016129314899445 0.9926295280456543
[loftr_wrapper.py] pair_ids (673,)
[loftr_wrapper.py] corres: (673, 5)
[loftr_wrapper.py] image0: torch.Size([1, 1, 400, 400])
[loftr_wrapper.py] net forward
[loftr_wrapper.py] mconf, 0.20001894235610962 0.9926442503929138
[loftr_wrapper.py] pair_ids (659,)
[loftr_wrapper.py] corres: (659, 5)
[loftr_wrapper.py] image0: torch.Size([1, 1, 400, 400])
[loftr_wrapper.py] net forward
[loftr_wrapper.py] mconf, 0.2013995349407196 0.9921884536743164
[loftr_wrapper.py] pair_ids (571,)
[loftr_wrapper.py] corres: (571, 5)
[loftr_wrapper.py] image0: torch.Size([1, 1, 400, 400])
[loftr_wrapper.py] net forward
[loftr_wrapper.py] mconf, 0.20110377669334412 0.969071090221405
[loftr_wrapper.py] pair_ids (378,)
[loftr_wrapper.py] corres: (378, 5)
[loftr_wrapper.py] image0: torch.Size([1, 1, 400, 400])
[loftr_wrapper.py] net forward
[loftr_wrapper.py] mconf, 0.20033329725265503 0.9821944236755371
[loftr_wrapper.py] pair_ids (275,)
[loftr_wrapper.py] corres: (275, 5)
[loftr_wrapper.py] image0: torch.Size([1, 1, 400, 400])
[loftr_wrapper.py] net forward
[loftr_wrapper.py] mconf, 0.20063933730125427 0.9329147934913635
[loftr_wrapper.py] pair_ids (239,)
[loftr_wrapper.py] corres: (239, 5)
[loftr_wrapper.py] image0: torch.Size([1, 1, 400, 400])
[loftr_wrapper.py] net forward
[loftr_wrapper.py] mconf, 0.2002125084400177 0.9597635269165039
[loftr_wrapper.py] pair_ids (220,)
[loftr_wrapper.py] corres: (220, 5)
[loftr_wrapper.py] image0: torch.Size([1, 1, 400, 400])
[loftr_wrapper.py] net forward
[loftr_wrapper.py] mconf, 0.20141229033470154 0.9556204080581665
[loftr_wrapper.py] pair_ids (132,)
[loftr_wrapper.py] corres: (132, 5)
[loftr_wrapper.py] image0: torch.Size([1, 1, 400, 400])
[loftr_wrapper.py] net forward
[loftr_wrapper.py] mconf, 0.20404279232025146 0.7957267165184021
[loftr_wrapper.py] pair_ids (90,)
[loftr_wrapper.py] corres: (90, 5)
[loftr_wrapper.py] image0: torch.Size([1, 1, 400, 400])
[loftr_wrapper.py] net forward
[loftr_wrapper.py] mconf, 0.2029425948858261 0.7096825242042542
[loftr_wrapper.py] pair_ids (59,)
[loftr_wrapper.py] corres: (59, 5)
[loftr_wrapper.py] image0: torch.Size([1, 1, 400, 400])
[loftr_wrapper.py] net forward
[loftr_wrapper.py] mconf, 0.20137369632720947 0.7881496548652649
[loftr_wrapper.py] pair_ids (39,)
[loftr_wrapper.py] corres: (39, 5)
[loftr_wrapper.py] image0: torch.Size([1, 1, 400, 400])
[loftr_wrapper.py] net forward
[loftr_wrapper.py] mconf, 0.20208659768104553 0.649232029914856
[loftr_wrapper.py] pair_ids (54,)
[loftr_wrapper.py] corres: (54, 5)
[loftr_wrapper.py] image0: torch.Size([1, 1, 400, 400])
[loftr_wrapper.py] net forward
[loftr_wrapper.py] mconf, 0.20046289265155792 0.5669574737548828
[loftr_wrapper.py] pair_ids (50,)
[loftr_wrapper.py] corres: (50, 5)
[loftr_wrapper.py] image0: torch.Size([1, 1, 400, 400])
[loftr_wrapper.py] net forward
[loftr_wrapper.py] mconf, 0.20047955214977264 0.7399757504463196
[loftr_wrapper.py] pair_ids (49,)
[loftr_wrapper.py] corres: (49, 5)
[loftr_wrapper.py] image0: torch.Size([1, 1, 400, 400])
[loftr_wrapper.py] net forward
[loftr_wrapper.py] mconf, 0.2016742080450058 0.7495819330215454
[loftr_wrapper.py] pair_ids (54,)
[loftr_wrapper.py] corres: (54, 5)
[loftr_wrapper.py] image0: torch.Size([1, 1, 400, 400])
[loftr_wrapper.py] net forward
[loftr_wrapper.py] mconf, 0.20167697966098785 0.647454559803009
[loftr_wrapper.py] pair_ids (58,)
[loftr_wrapper.py] corres: (58, 5)
[loftr_wrapper.py] image0: torch.Size([1, 1, 400, 400])
[loftr_wrapper.py] net forward
[loftr_wrapper.py] mconf, 0.21993659436702728 0.716457724571228
[loftr_wrapper.py] pair_ids (67,)
[loftr_wrapper.py] corres: (67, 5)
[loftr_wrapper.py] image0: torch.Size([1, 1, 400, 400])
[loftr_wrapper.py] net forward
[loftr_wrapper.py] mconf, 0.20005905628204346 0.6372082233428955
[loftr_wrapper.py] pair_ids (53,)
[loftr_wrapper.py] corres: (53, 5)
[loftr_wrapper.py] image0: torch.Size([1, 1, 400, 400])
[loftr_wrapper.py] net forward
[loftr_wrapper.py] mconf, 0.20042291283607483 0.7771344780921936
[loftr_wrapper.py] pair_ids (44,)
[loftr_wrapper.py] corres: (44, 5)
[loftr_wrapper.py] image0: torch.Size([1, 1, 400, 400])
[loftr_wrapper.py] net forward
[loftr_wrapper.py] mconf, 0.20916423201560974 0.620417058467865
[loftr_wrapper.py] pair_ids (47,)
[loftr_wrapper.py] corres: (47, 5)
[loftr_wrapper.py] image0: torch.Size([1, 1, 400, 400])
[loftr_wrapper.py] net forward
[loftr_wrapper.py] mconf, 0.20038887858390808 0.6425837874412537
[loftr_wrapper.py] pair_ids (70,)
[loftr_wrapper.py] corres: (70, 5)
[loftr_wrapper.py] image0: torch.Size([1, 1, 400, 400])
[loftr_wrapper.py] net forward
[loftr_wrapper.py] mconf, 0.20051997900009155 0.5821126699447632
[loftr_wrapper.py] pair_ids (51,)
[loftr_wrapper.py] corres: (51, 5)
[loftr_wrapper.py] image0: torch.Size([1, 1, 400, 400])
[loftr_wrapper.py] net forward
[loftr_wrapper.py] mconf, 0.2015381008386612 0.6365631818771362
[loftr_wrapper.py] pair_ids (53,)
[loftr_wrapper.py] corres: (53, 5)
[loftr_wrapper.py] image0: torch.Size([1, 1, 400, 400])
[loftr_wrapper.py] net forward
[loftr_wrapper.py] mconf, 0.20341762900352478 0.8753731846809387
[loftr_wrapper.py] pair_ids (62,)
[loftr_wrapper.py] corres: (62, 5)
  A MD-prior MPM10 26/237 1.4s/kf | E-I=8.93 E-L=6.08 E-V2=66.12 E-V5b=83.80 E-V5d=83.93 E-V5x2=70.83 E-VI=70.83 | rot0 2.40
/home/kist/Desktop/BundleSAM3DGS/experiments/vggt_probe/models.py:30: FutureWarning: `torch.cuda.amp.autocast(args...)` is deprecated. Please use `torch.amp.autocast('cuda', args...)` instead.
  with torch.cuda.amp.autocast(dtype=torch.bfloat16):
/home/kist/venvs/vggt_probe/lib/python3.10/site-packages/vggt/models/vggt.py:65: FutureWarning: `torch.cuda.amp.autocast(args...)` is deprecated. Please use `torch.amp.autocast('cuda', args...)` instead.
  with torch.cuda.amp.autocast(enabled=False):
[loftr_wrapper.py] image0: torch.Size([1, 1, 400, 400])
/home/kist/Desktop/BundleSAM3DGS/loftr_wrapper.py:45: FutureWarning: `torch.cuda.amp.autocast(args...)` is deprecated. Please use `torch.amp.autocast('cuda', args...)` instead.
  with torch.cuda.amp.autocast(enabled=True):
[loftr_wrapper.py] net forward
[loftr_wrapper.py] mconf, 0.20046217739582062 0.7596273422241211
[loftr_wrapper.py] pair_ids (51,)
[loftr_wrapper.py] corres: (51, 5)
[loftr_wrapper.py] image0: torch.Size([1, 1, 400, 400])
[loftr_wrapper.py] net forward
[loftr_wrapper.py] mconf, 0.2019985169172287 0.6237348914146423
[loftr_wrapper.py] pair_ids (30,)
[loftr_wrapper.py] corres: (30, 5)
[loftr_wrapper.py] image0: torch.Size([1, 1, 400, 400])
[loftr_wrapper.py] net forward
[loftr_wrapper.py] mconf, 0.2015129178762436 0.6990101933479309
[loftr_wrapper.py] pair_ids (42,)
[loftr_wrapper.py] corres: (42, 5)
[loftr_wrapper.py] image0: torch.Size([1, 1, 400, 400])
[loftr_wrapper.py] net forward
[loftr_wrapper.py] mconf, 0.21039415895938873 0.694366991519928
[loftr_wrapper.py] pair_ids (31,)
[loftr_wrapper.py] corres: (31, 5)
[loftr_wrapper.py] image0: torch.Size([1, 1, 400, 400])
[loftr_wrapper.py] net forward
[loftr_wrapper.py] mconf, 0.20541571080684662 0.710195779800415
[loftr_wrapper.py] pair_ids (41,)
[loftr_wrapper.py] corres: (41, 5)
[loftr_wrapper.py] image0: torch.Size([1, 1, 400, 400])
[loftr_wrapper.py] net forward
[loftr_wrapper.py] mconf, 0.20034466683864594 0.4754822850227356
[loftr_wrapper.py] pair_ids (40,)
[loftr_wrapper.py] corres: (40, 5)
[loftr_wrapper.py] image0: torch.Size([1, 1, 400, 400])
[loftr_wrapper.py] net forward
[loftr_wrapper.py] mconf, 0.20060665905475616 0.747128963470459
[loftr_wrapper.py] pair_ids (51,)
[loftr_wrapper.py] corres: (51, 5)
[loftr_wrapper.py] image0: torch.Size([1, 1, 400, 400])
[loftr_wrapper.py] net forward
[loftr_wrapper.py] mconf, 0.2003689408302307 0.620566189289093
[loftr_wrapper.py] pair_ids (56,)
[loftr_wrapper.py] corres: (56, 5)
[loftr_wrapper.py] image0: torch.Size([1, 1, 400, 400])
[loftr_wrapper.py] net forward
[loftr_wrapper.py] mconf, 0.20657195150852203 0.609120786190033
[loftr_wrapper.py] pair_ids (46,)
[loftr_wrapper.py] corres: (46, 5)
[loftr_wrapper.py] image0: torch.Size([1, 1, 400, 400])
[loftr_wrapper.py] net forward
[loftr_wrapper.py] mconf, 0.20211833715438843 0.5986505150794983
[loftr_wrapper.py] pair_ids (28,)
[loftr_wrapper.py] corres: (28, 5)
[loftr_wrapper.py] image0: torch.Size([1, 1, 400, 400])
[loftr_wrapper.py] net forward
[loftr_wrapper.py] mconf, 0.2039496749639511 0.7156659960746765
[loftr_wrapper.py] pair_ids (41,)
[loftr_wrapper.py] corres: (41, 5)
[loftr_wrapper.py] image0: torch.Size([1, 1, 400, 400])
[loftr_wrapper.py] net forward
[loftr_wrapper.py] mconf, 0.20003686845302582 0.7605904936790466
[loftr_wrapper.py] pair_ids (40,)
[loftr_wrapper.py] corres: (40, 5)
[loftr_wrapper.py] image0: torch.Size([1, 1, 400, 400])
[loftr_wrapper.py] net forward
[loftr_wrapper.py] mconf, 0.20558708906173706 0.687130868434906
[loftr_wrapper.py] pair_ids (41,)
[loftr_wrapper.py] corres: (41, 5)
[loftr_wrapper.py] image0: torch.Size([1, 1, 400, 400])
[loftr_wrapper.py] net forward
[loftr_wrapper.py] mconf, 0.20110279321670532 0.7140905261039734
[loftr_wrapper.py] pair_ids (45,)
[loftr_wrapper.py] corres: (45, 5)
[loftr_wrapper.py] image0: torch.Size([1, 1, 400, 400])
[loftr_wrapper.py] net forward
[loftr_wrapper.py] mconf, 0.20070655643939972 0.716331422328949
[loftr_wrapper.py] pair_ids (31,)
[loftr_wrapper.py] corres: (31, 5)
[loftr_wrapper.py] image0: torch.Size([1, 1, 400, 400])
[loftr_wrapper.py] net forward
[loftr_wrapper.py] mconf, 0.20290616154670715 0.6679099202156067
[loftr_wrapper.py] pair_ids (51,)
[loftr_wrapper.py] corres: (51, 5)
[loftr_wrapper.py] image0: torch.Size([1, 1, 400, 400])
[loftr_wrapper.py] net forward
[loftr_wrapper.py] mconf, 0.2003902941942215 0.7571237087249756
[loftr_wrapper.py] pair_ids (22,)
[loftr_wrapper.py] corres: (22, 5)
[loftr_wrapper.py] image0: torch.Size([1, 1, 400, 400])
[loftr_wrapper.py] net forward
[loftr_wrapper.py] mconf, 0.20427042245864868 0.9602203369140625
[loftr_wrapper.py] pair_ids (51,)
[loftr_wrapper.py] corres: (51, 5)
[loftr_wrapper.py] image0: torch.Size([1, 1, 400, 400])
[loftr_wrapper.py] net forward
[loftr_wrapper.py] mconf, 0.2004842460155487 0.6533563137054443
[loftr_wrapper.py] pair_ids (58,)
[loftr_wrapper.py] corres: (58, 5)
[loftr_wrapper.py] image0: torch.Size([1, 1, 400, 400])
[loftr_wrapper.py] net forward
[loftr_wrapper.py] mconf, 0.20064538717269897 0.64380943775177
[loftr_wrapper.py] pair_ids (48,)
[loftr_wrapper.py] corres: (48, 5)
[loftr_wrapper.py] image0: torch.Size([1, 1, 400, 400])
[loftr_wrapper.py] net forward
[loftr_wrapper.py] mconf, 0.2037297934293747 0.7012160420417786
[loftr_wrapper.py] pair_ids (55,)
[loftr_wrapper.py] corres: (55, 5)
[loftr_wrapper.py] image0: torch.Size([1, 1, 400, 400])
[loftr_wrapper.py] net forward
[loftr_wrapper.py] mconf, 0.2013813704252243 0.8084577322006226
[loftr_wrapper.py] pair_ids (72,)
[loftr_wrapper.py] corres: (72, 5)
[loftr_wrapper.py] image0: torch.Size([1, 1, 400, 400])
[loftr_wrapper.py] net forward
[loftr_wrapper.py] mconf, 0.20129626989364624 0.6480441093444824
[loftr_wrapper.py] pair_ids (68,)
[loftr_wrapper.py] corres: (68, 5)
[loftr_wrapper.py] image0: torch.Size([1, 1, 400, 400])
[loftr_wrapper.py] net forward
[loftr_wrapper.py] mconf, 0.20390895009040833 0.6553404331207275
[loftr_wrapper.py] pair_ids (77,)
[loftr_wrapper.py] corres: (77, 5)
[loftr_wrapper.py] image0: torch.Size([1, 1, 400, 400])
[loftr_wrapper.py] net forward
[loftr_wrapper.py] mconf, 0.20351488888263702 0.7837299108505249
[loftr_wrapper.py] pair_ids (80,)
[loftr_wrapper.py] corres: (80, 5)
  A MD-prior MPM10 51/237 2.3s/kf | E-I=12.34 E-L=31.23 E-V2=109.12 E-V5b=113.49 E-V5d=113.49 E-V5x2=81.24 E-VI=81.24 | rot0 14.52
/home/kist/Desktop/BundleSAM3DGS/experiments/vggt_probe/models.py:30: FutureWarning: `torch.cuda.amp.autocast(args...)` is deprecated. Please use `torch.amp.autocast('cuda', args...)` instead.
  with torch.cuda.amp.autocast(dtype=torch.bfloat16):
/home/kist/venvs/vggt_probe/lib/python3.10/site-packages/vggt/models/vggt.py:65: FutureWarning: `torch.cuda.amp.autocast(args...)` is deprecated. Please use `torch.amp.autocast('cuda', args...)` instead.
  with torch.cuda.amp.autocast(enabled=False):
[loftr_wrapper.py] image0: torch.Size([1, 1, 400, 400])
/home/kist/Desktop/BundleSAM3DGS/loftr_wrapper.py:45: FutureWarning: `torch.cuda.amp.autocast(args...)` is deprecated. Please use `torch.amp.autocast('cuda', args...)` instead.
  with torch.cuda.amp.autocast(enabled=True):
[loftr_wrapper.py] net forward
[loftr_wrapper.py] mconf, 0.202641561627388 0.7767142057418823
[loftr_wrapper.py] pair_ids (74,)
[loftr_wrapper.py] corres: (74, 5)
[loftr_wrapper.py] image0: torch.Size([1, 1, 400, 400])
[loftr_wrapper.py] net forward
[loftr_wrapper.py] mconf, 0.2000819742679596 0.7276378870010376
[loftr_wrapper.py] pair_ids (110,)
[loftr_wrapper.py] corres: (110, 5)
[loftr_wrapper.py] image0: torch.Size([1, 1, 400, 400])
[loftr_wrapper.py] net forward
[loftr_wrapper.py] mconf, 0.20105670392513275 0.8601793050765991
[loftr_wrapper.py] pair_ids (74,)
[loftr_wrapper.py] corres: (74, 5)
[loftr_wrapper.py] image0: torch.Size([1, 1, 400, 400])
[loftr_wrapper.py] net forward
[loftr_wrapper.py] mconf, 0.2030041515827179 0.8675164580345154
[loftr_wrapper.py] pair_ids (128,)
[loftr_wrapper.py] corres: (128, 5)
[loftr_wrapper.py] image0: torch.Size([1, 1, 400, 400])
[loftr_wrapper.py] net forward
[loftr_wrapper.py] mconf, 0.20350982248783112 0.8239229917526245
[loftr_wrapper.py] pair_ids (94,)
[loftr_wrapper.py] corres: (94, 5)
[loftr_wrapper.py] image0: torch.Size([1, 1, 400, 400])
[loftr_wrapper.py] net forward
[loftr_wrapper.py] mconf, 0.20023395121097565 0.7976627945899963
[loftr_wrapper.py] pair_ids (85,)
[loftr_wrapper.py] corres: (85, 5)
[loftr_wrapper.py] image0: torch.Size([1, 1, 400, 400])
[loftr_wrapper.py] net forward
[loftr_wrapper.py] mconf, 0.202697291970253 0.7193524837493896
[loftr_wrapper.py] pair_ids (97,)
[loftr_wrapper.py] corres: (97, 5)
[loftr_wrapper.py] image0: torch.Size([1, 1, 400, 400])
[loftr_wrapper.py] net forward
[loftr_wrapper.py] mconf, 0.20601311326026917 0.7414116859436035
[loftr_wrapper.py] pair_ids (81,)
[loftr_wrapper.py] corres: (81, 5)
[loftr_wrapper.py] image0: torch.Size([1, 1, 400, 400])
[loftr_wrapper.py] net forward
[loftr_wrapper.py] mconf, 0.20195122063159943 0.7113997340202332
[loftr_wrapper.py] pair_ids (83,)
[loftr_wrapper.py] corres: (83, 5)
[loftr_wrapper.py] image0: torch.Size([1, 1, 400, 400])
[loftr_wrapper.py] net forward
[loftr_wrapper.py] mconf, 0.20050634443759918 0.794845461845398
[loftr_wrapper.py] pair_ids (110,)
[loftr_wrapper.py] corres: (110, 5)
[loftr_wrapper.py] image0: torch.Size([1, 1, 400, 400])
[loftr_wrapper.py] net forward
[loftr_wrapper.py] mconf, 0.2003440409898758 0.8322445750236511
[loftr_wrapper.py] pair_ids (81,)
[loftr_wrapper.py] corres: (81, 5)
[loftr_wrapper.py] image0: torch.Size([1, 1, 400, 400])
[loftr_wrapper.py] net forward
[loftr_wrapper.py] mconf, 0.20163670182228088 0.8234755992889404
[loftr_wrapper.py] pair_ids (90,)
[loftr_wrapper.py] corres: (90, 5)
[loftr_wrapper.py] image0: torch.Size([1, 1, 400, 400])
[loftr_wrapper.py] net forward
[loftr_wrapper.py] mconf, 0.20120219886302948 0.6571248173713684
[loftr_wrapper.py] pair_ids (70,)
[loftr_wrapper.py] corres: (70, 5)
[loftr_wrapper.py] image0: torch.Size([1, 1, 400, 400])
[loftr_wrapper.py] net forward
[loftr_wrapper.py] mconf, 0.20021694898605347 0.823992133140564
[loftr_wrapper.py] pair_ids (78,)
[loftr_wrapper.py] corres: (78, 5)
[loftr_wrapper.py] image0: torch.Size([1, 1, 400, 400])
[loftr_wrapper.py] net forward
[loftr_wrapper.py] mconf, 0.20019568502902985 0.7241485118865967
[loftr_wrapper.py] pair_ids (85,)
[loftr_wrapper.py] corres: (85, 5)
[loftr_wrapper.py] image0: torch.Size([1, 1, 400, 400])
[loftr_wrapper.py] net forward
[loftr_wrapper.py] mconf, 0.20169921219348907 0.6966174244880676
[loftr_wrapper.py] pair_ids (50,)
[loftr_wrapper.py] corres: (50, 5)
[loftr_wrapper.py] image0: torch.Size([1, 1, 400, 400])
[loftr_wrapper.py] net forward
[loftr_wrapper.py] mconf, 0.20571349561214447 0.6892605423927307
[loftr_wrapper.py] pair_ids (66,)
[loftr_wrapper.py] corres: (66, 5)
[loftr_wrapper.py] image0: torch.Size([1, 1, 400, 400])
[loftr_wrapper.py] net forward
[loftr_wrapper.py] mconf, 0.2057035267353058 0.7907330989837646
[loftr_wrapper.py] pair_ids (80,)
[loftr_wrapper.py] corres: (80, 5)
[loftr_wrapper.py] image0: torch.Size([1, 1, 400, 400])
[loftr_wrapper.py] net forward
[loftr_wrapper.py] mconf, 0.20093794167041779 0.7456297278404236
[loftr_wrapper.py] pair_ids (82,)
[loftr_wrapper.py] corres: (82, 5)
[loftr_wrapper.py] image0: torch.Size([1, 1, 400, 400])
[loftr_wrapper.py] net forward
[loftr_wrapper.py] mconf, 0.20076824724674225 0.7755032777786255
[loftr_wrapper.py] pair_ids (71,)
[loftr_wrapper.py] corres: (71, 5)
[loftr_wrapper.py] image0: torch.Size([1, 1, 400, 400])
[loftr_wrapper.py] net forward
[loftr_wrapper.py] mconf, 0.20020604133605957 0.7295136451721191
[loftr_wrapper.py] pair_ids (89,)
[loftr_wrapper.py] corres: (89, 5)
[loftr_wrapper.py] image0: torch.Size([1, 1, 400, 400])
[loftr_wrapper.py] net forward
[loftr_wrapper.py] mconf, 0.20006893575191498 0.7621142864227295
[loftr_wrapper.py] pair_ids (92,)
[loftr_wrapper.py] corres: (92, 5)
[loftr_wrapper.py] image0: torch.Size([1, 1, 400, 400])
[loftr_wrapper.py] net forward
[loftr_wrapper.py] mconf, 0.2007145881652832 0.8940013647079468
[loftr_wrapper.py] pair_ids (109,)
[loftr_wrapper.py] corres: (109, 5)
[loftr_wrapper.py] image0: torch.Size([1, 1, 400, 400])
[loftr_wrapper.py] net forward
[loftr_wrapper.py] mconf, 0.20097728073596954 0.7564253807067871
[loftr_wrapper.py] pair_ids (93,)
[loftr_wrapper.py] corres: (93, 5)
[loftr_wrapper.py] image0: torch.Size([1, 1, 400, 400])
[loftr_wrapper.py] net forward
[loftr_wrapper.py] mconf, 0.20149612426757812 0.7986482381820679
[loftr_wrapper.py] pair_ids (94,)
[loftr_wrapper.py] corres: (94, 5)
  A MD-prior MPM10 76/237 2.3s/kf | E-I=8.32 E-L=8.11 E-V2=95.72 E-V5b=56.17 E-V5d=56.16 E-V5x2=71.75 E-VI=71.75 | rot0 14.20
/home/kist/Desktop/BundleSAM3DGS/experiments/vggt_probe/models.py:30: FutureWarning: `torch.cuda.amp.autocast(args...)` is deprecated. Please use `torch.amp.autocast('cuda', args...)` instead.
  with torch.cuda.amp.autocast(dtype=torch.bfloat16):
/home/kist/venvs/vggt_probe/lib/python3.10/site-packages/vggt/models/vggt.py:65: FutureWarning: `torch.cuda.amp.autocast(args...)` is deprecated. Please use `torch.amp.autocast('cuda', args...)` instead.
  with torch.cuda.amp.autocast(enabled=False):
[loftr_wrapper.py] image0: torch.Size([1, 1, 400, 400])
/home/kist/Desktop/BundleSAM3DGS/loftr_wrapper.py:45: FutureWarning: `torch.cuda.amp.autocast(args...)` is deprecated. Please use `torch.amp.autocast('cuda', args...)` instead.
  with torch.cuda.amp.autocast(enabled=True):
[loftr_wrapper.py] net forward
[loftr_wrapper.py] mconf, 0.20201674103736877 0.7864749431610107
[loftr_wrapper.py] pair_ids (100,)
[loftr_wrapper.py] corres: (100, 5)
[loftr_wrapper.py] image0: torch.Size([1, 1, 400, 400])
[loftr_wrapper.py] net forward
[loftr_wrapper.py] mconf, 0.20027956366539001 0.774855375289917
[loftr_wrapper.py] pair_ids (81,)
[loftr_wrapper.py] corres: (81, 5)
[loftr_wrapper.py] image0: torch.Size([1, 1, 400, 400])
[loftr_wrapper.py] net forward
[loftr_wrapper.py] mconf, 0.20349419116973877 0.6960141062736511
[loftr_wrapper.py] pair_ids (80,)
[loftr_wrapper.py] corres: (80, 5)
[loftr_wrapper.py] image0: torch.Size([1, 1, 400, 400])
[loftr_wrapper.py] net forward
[loftr_wrapper.py] mconf, 0.20235338807106018 0.8602340221405029
[loftr_wrapper.py] pair_ids (107,)
[loftr_wrapper.py] corres: (107, 5)
[loftr_wrapper.py] image0: torch.Size([1, 1, 400, 400])
[loftr_wrapper.py] net forward
[loftr_wrapper.py] mconf, 0.20025251805782318 0.7765976786613464
[loftr_wrapper.py] pair_ids (85,)
[loftr_wrapper.py] corres: (85, 5)
[loftr_wrapper.py] image0: torch.Size([1, 1, 400, 400])
[loftr_wrapper.py] net forward
[loftr_wrapper.py] mconf, 0.20233677327632904 0.8375995755195618
[loftr_wrapper.py] pair_ids (80,)
[loftr_wrapper.py] corres: (80, 5)
[loftr_wrapper.py] image0: torch.Size([1, 1, 400, 400])
[loftr_wrapper.py] net forward
[loftr_wrapper.py] mconf, 0.20189359784126282 0.8853541016578674
[loftr_wrapper.py] pair_ids (66,)
[loftr_wrapper.py] corres: (66, 5)
[loftr_wrapper.py] image0: torch.Size([1, 1, 400, 400])
[loftr_wrapper.py] net forward
[loftr_wrapper.py] mconf, 0.20006339251995087 0.5987656116485596
[loftr_wrapper.py] pair_ids (61,)
[loftr_wrapper.py] corres: (61, 5)
[loftr_wrapper.py] image0: torch.Size([1, 1, 400, 400])
[loftr_wrapper.py] net forward
[loftr_wrapper.py] mconf, 0.20229271054267883 0.48611393570899963
[loftr_wrapper.py] pair_ids (47,)
[loftr_wrapper.py] corres: (47, 5)
[loftr_wrapper.py] image0: torch.Size([1, 1, 400, 400])
[loftr_wrapper.py] net forward
[loftr_wrapper.py] mconf, 0.2000531703233719 0.7662369012832642
[loftr_wrapper.py] pair_ids (48,)
[loftr_wrapper.py] corres: (48, 5)
[loftr_wrapper.py] image0: torch.Size([1, 1, 400, 400])
[loftr_wrapper.py] net forward
[loftr_wrapper.py] mconf, 0.2048967182636261 0.8713454008102417
[loftr_wrapper.py] pair_ids (22,)
[loftr_wrapper.py] corres: (22, 5)
[loftr_wrapper.py] image0: torch.Size([1, 1, 400, 400])
[loftr_wrapper.py] net forward
[loftr_wrapper.py] mconf, 0.20142404735088348 0.5439647436141968
[loftr_wrapper.py] pair_ids (26,)
[loftr_wrapper.py] corres: (26, 5)
[loftr_wrapper.py] image0: torch.Size([1, 1, 400, 400])
[loftr_wrapper.py] net forward
[loftr_wrapper.py] mconf, 0.20222465693950653 0.5437048077583313
[loftr_wrapper.py] pair_ids (29,)
[loftr_wrapper.py] corres: (29, 5)
[loftr_wrapper.py] image0: torch.Size([1, 1, 400, 400])
[loftr_wrapper.py] net forward
[loftr_wrapper.py] mconf, 0.20100556313991547 0.693265974521637
[loftr_wrapper.py] pair_ids (31,)
[loftr_wrapper.py] corres: (31, 5)
[loftr_wrapper.py] image0: torch.Size([1, 1, 400, 400])
[loftr_wrapper.py] net forward
[loftr_wrapper.py] mconf, 0.20802079141139984 0.8223196268081665
[loftr_wrapper.py] pair_ids (40,)
[loftr_wrapper.py] corres: (40, 5)
[loftr_wrapper.py] image0: torch.Size([1, 1, 400, 400])
[loftr_wrapper.py] net forward
[loftr_wrapper.py] mconf, 0.20016662776470184 0.5937985777854919
[loftr_wrapper.py] pair_ids (28,)
[loftr_wrapper.py] corres: (28, 5)
[loftr_wrapper.py] image0: torch.Size([1, 1, 400, 400])
[loftr_wrapper.py] net forward
[loftr_wrapper.py] mconf, 0.2010517120361328 0.7456419467926025
[loftr_wrapper.py] pair_ids (49,)
[loftr_wrapper.py] corres: (49, 5)
[loftr_wrapper.py] image0: torch.Size([1, 1, 400, 400])
[loftr_wrapper.py] net forward
[loftr_wrapper.py] mconf, 0.20029540359973907 0.7630044221878052
[loftr_wrapper.py] pair_ids (57,)
[loftr_wrapper.py] corres: (57, 5)
[loftr_wrapper.py] image0: torch.Size([1, 1, 400, 400])
[loftr_wrapper.py] net forward
[loftr_wrapper.py] mconf, 0.20218797028064728 0.6148774027824402
[loftr_wrapper.py] pair_ids (50,)
[loftr_wrapper.py] corres: (50, 5)
[loftr_wrapper.py] image0: torch.Size([1, 1, 400, 400])
[loftr_wrapper.py] net forward
[loftr_wrapper.py] mconf, 0.20238661766052246 0.6214158535003662
[loftr_wrapper.py] pair_ids (57,)
[loftr_wrapper.py] corres: (57, 5)
[loftr_wrapper.py] image0: torch.Size([1, 1, 400, 400])
[loftr_wrapper.py] net forward
[loftr_wrapper.py] mconf, 0.2046739012002945 0.7218132019042969
[loftr_wrapper.py] pair_ids (81,)
[loftr_wrapper.py] corres: (81, 5)
[loftr_wrapper.py] image0: torch.Size([1, 1, 400, 400])
[loftr_wrapper.py] net forward
[loftr_wrapper.py] mconf, 0.20230180025100708 0.7229699492454529
[loftr_wrapper.py] pair_ids (70,)
[loftr_wrapper.py] corres: (70, 5)
[loftr_wrapper.py] image0: torch.Size([1, 1, 400, 400])
[loftr_wrapper.py] net forward
[loftr_wrapper.py] mconf, 0.20006543397903442 0.8950415253639221
[loftr_wrapper.py] pair_ids (113,)
[loftr_wrapper.py] corres: (113, 5)
[loftr_wrapper.py] image0: torch.Size([1, 1, 400, 400])
[loftr_wrapper.py] net forward
[loftr_wrapper.py] mconf, 0.20097455382347107 0.9128789901733398
[loftr_wrapper.py] pair_ids (83,)
[loftr_wrapper.py] corres: (83, 5)
[loftr_wrapper.py] image0: torch.Size([1, 1, 400, 400])
[loftr_wrapper.py] net forward
[loftr_wrapper.py] mconf, 0.20048871636390686 0.7867122292518616
[loftr_wrapper.py] pair_ids (77,)
[loftr_wrapper.py] corres: (77, 5)
  A MD-prior MPM10 101/237 2.3s/kf | E-I=9.33 E-L=9.60 E-V2=161.02 E-V5b=143.09 E-V5d=143.14 E-V5x2=78.60 E-VI=78.60 | rot0 3.81
/home/kist/Desktop/BundleSAM3DGS/experiments/vggt_probe/models.py:30: FutureWarning: `torch.cuda.amp.autocast(args...)` is deprecated. Please use `torch.amp.autocast('cuda', args...)` instead.
  with torch.cuda.amp.autocast(dtype=torch.bfloat16):
/home/kist/venvs/vggt_probe/lib/python3.10/site-packages/vggt/models/vggt.py:65: FutureWarning: `torch.cuda.amp.autocast(args...)` is deprecated. Please use `torch.amp.autocast('cuda', args...)` instead.
  with torch.cuda.amp.autocast(enabled=False):
[loftr_wrapper.py] image0: torch.Size([1, 1, 400, 400])
/home/kist/Desktop/BundleSAM3DGS/loftr_wrapper.py:45: FutureWarning: `torch.cuda.amp.autocast(args...)` is deprecated. Please use `torch.amp.autocast('cuda', args...)` instead.
  with torch.cuda.amp.autocast(enabled=True):
[loftr_wrapper.py] net forward
[loftr_wrapper.py] mconf, 0.2057754099369049 0.8550751805305481
[loftr_wrapper.py] pair_ids (57,)
[loftr_wrapper.py] corres: (57, 5)
[loftr_wrapper.py] image0: torch.Size([1, 1, 400, 400])
[loftr_wrapper.py] net forward
[loftr_wrapper.py] mconf, 0.20082516968250275 0.810921311378479
[loftr_wrapper.py] pair_ids (78,)
[loftr_wrapper.py] corres: (78, 5)
[loftr_wrapper.py] image0: torch.Size([1, 1, 400, 400])
[loftr_wrapper.py] net forward
[loftr_wrapper.py] mconf, 0.20066030323505402 0.8118200898170471
[loftr_wrapper.py] pair_ids (84,)
[loftr_wrapper.py] corres: (84, 5)
[loftr_wrapper.py] image0: torch.Size([1, 1, 400, 400])
[loftr_wrapper.py] net forward
[loftr_wrapper.py] mconf, 0.20140504837036133 0.888224720954895
[loftr_wrapper.py] pair_ids (70,)
[loftr_wrapper.py] corres: (70, 5)
[loftr_wrapper.py] image0: torch.Size([1, 1, 400, 400])
[loftr_wrapper.py] net forward
[loftr_wrapper.py] mconf, 0.2023760825395584 0.7459393739700317
[loftr_wrapper.py] pair_ids (68,)
[loftr_wrapper.py] corres: (68, 5)
[loftr_wrapper.py] image0: torch.Size([1, 1, 400, 400])
[loftr_wrapper.py] net forward
[loftr_wrapper.py] mconf, 0.20256567001342773 0.896824836730957
[loftr_wrapper.py] pair_ids (77,)
[loftr_wrapper.py] corres: (77, 5)
[loftr_wrapper.py] image0: torch.Size([1, 1, 400, 400])
[loftr_wrapper.py] net forward
[loftr_wrapper.py] mconf, 0.2001313716173172 0.7547540664672852
[loftr_wrapper.py] pair_ids (87,)
[loftr_wrapper.py] corres: (87, 5)
[loftr_wrapper.py] image0: torch.Size([1, 1, 400, 400])
[loftr_wrapper.py] net forward
[loftr_wrapper.py] mconf, 0.20188617706298828 0.6364274621009827
[loftr_wrapper.py] pair_ids (67,)
[loftr_wrapper.py] corres: (67, 5)
[loftr_wrapper.py] image0: torch.Size([1, 1, 400, 400])
[loftr_wrapper.py] net forward
[loftr_wrapper.py] mconf, 0.20220443606376648 0.8292943239212036
[loftr_wrapper.py] pair_ids (77,)
[loftr_wrapper.py] corres: (77, 5)
[loftr_wrapper.py] image0: torch.Size([1, 1, 400, 400])
[loftr_wrapper.py] net forward
[loftr_wrapper.py] mconf, 0.20315389335155487 0.7032207250595093
[loftr_wrapper.py] pair_ids (58,)
[loftr_wrapper.py] corres: (58, 5)
[loftr_wrapper.py] image0: torch.Size([1, 1, 400, 400])
[loftr_wrapper.py] net forward
[loftr_wrapper.py] mconf, 0.20120497047901154 0.844900369644165
[loftr_wrapper.py] pair_ids (61,)
[loftr_wrapper.py] corres: (61, 5)
[loftr_wrapper.py] image0: torch.Size([1, 1, 400, 400])
[loftr_wrapper.py] net forward
[loftr_wrapper.py] mconf, 0.20194634795188904 0.7694414854049683
[loftr_wrapper.py] pair_ids (64,)
[loftr_wrapper.py] corres: (64, 5)
[loftr_wrapper.py] image0: torch.Size([1, 1, 400, 400])
[loftr_wrapper.py] net forward
[loftr_wrapper.py] mconf, 0.2018689215183258 0.7221732139587402
[loftr_wrapper.py] pair_ids (59,)
[loftr_wrapper.py] corres: (59, 5)
[loftr_wrapper.py] image0: torch.Size([1, 1, 400, 400])
[loftr_wrapper.py] net forward
[loftr_wrapper.py] mconf, 0.2018006294965744 0.7366400361061096
[loftr_wrapper.py] pair_ids (80,)
[loftr_wrapper.py] corres: (80, 5)
[loftr_wrapper.py] image0: torch.Size([1, 1, 400, 400])
[loftr_wrapper.py] net forward
[loftr_wrapper.py] mconf, 0.20118719339370728 0.7923139333724976
[loftr_wrapper.py] pair_ids (54,)
[loftr_wrapper.py] corres: (54, 5)
[loftr_wrapper.py] image0: torch.Size([1, 1, 400, 400])
[loftr_wrapper.py] net forward
[loftr_wrapper.py] mconf, 0.20169824361801147 0.7771936655044556
[loftr_wrapper.py] pair_ids (48,)
[loftr_wrapper.py] corres: (48, 5)
[loftr_wrapper.py] image0: torch.Size([1, 1, 400, 400])
[loftr_wrapper.py] net forward
[loftr_wrapper.py] mconf, 0.2021249234676361 0.6533610820770264
[loftr_wrapper.py] pair_ids (66,)
[loftr_wrapper.py] corres: (66, 5)
[loftr_wrapper.py] image0: torch.Size([1, 1, 400, 400])
[loftr_wrapper.py] net forward
[loftr_wrapper.py] mconf, 0.2000720500946045 0.7583802938461304
[loftr_wrapper.py] pair_ids (68,)
[loftr_wrapper.py] corres: (68, 5)
[loftr_wrapper.py] image0: torch.Size([1, 1, 400, 400])
[loftr_wrapper.py] net forward
[loftr_wrapper.py] mconf, 0.2017638385295868 0.6811140775680542
[loftr_wrapper.py] pair_ids (54,)
[loftr_wrapper.py] corres: (54, 5)
[loftr_wrapper.py] image0: torch.Size([1, 1, 400, 400])
[loftr_wrapper.py] net forward
[loftr_wrapper.py] mconf, 0.20117229223251343 0.8649381399154663
[loftr_wrapper.py] pair_ids (66,)
[loftr_wrapper.py] corres: (66, 5)
[loftr_wrapper.py] image0: torch.Size([1, 1, 400, 400])
[loftr_wrapper.py] net forward
[loftr_wrapper.py] mconf, 0.20052683353424072 0.735503613948822
[loftr_wrapper.py] pair_ids (74,)
[loftr_wrapper.py] corres: (74, 5)
[loftr_wrapper.py] image0: torch.Size([1, 1, 400, 400])
[loftr_wrapper.py] net forward
[loftr_wrapper.py] mconf, 0.20273593068122864 0.8526232838630676
[loftr_wrapper.py] pair_ids (70,)
[loftr_wrapper.py] corres: (70, 5)
[loftr_wrapper.py] image0: torch.Size([1, 1, 400, 400])
[loftr_wrapper.py] net forward
[loftr_wrapper.py] mconf, 0.2012006789445877 0.7174454927444458
[loftr_wrapper.py] pair_ids (68,)
[loftr_wrapper.py] corres: (68, 5)
[loftr_wrapper.py] image0: torch.Size([1, 1, 400, 400])
[loftr_wrapper.py] net forward
[loftr_wrapper.py] mconf, 0.2001071572303772 0.871704638004303
[loftr_wrapper.py] pair_ids (76,)
[loftr_wrapper.py] corres: (76, 5)
[loftr_wrapper.py] image0: torch.Size([1, 1, 400, 400])
[loftr_wrapper.py] net forward
[loftr_wrapper.py] mconf, 0.2000693380832672 0.6963125467300415
[loftr_wrapper.py] pair_ids (86,)
[loftr_wrapper.py] corres: (86, 5)
  A MD-prior MPM10 126/237 2.3s/kf | E-I=9.39 E-L=11.70 E-V2=96.51 E-V5b=78.93 E-V5d=78.97 E-V5x2=98.97 E-VI=98.97 | rot0 6.64
/home/kist/Desktop/BundleSAM3DGS/experiments/vggt_probe/models.py:30: FutureWarning: `torch.cuda.amp.autocast(args...)` is deprecated. Please use `torch.amp.autocast('cuda', args...)` instead.
  with torch.cuda.amp.autocast(dtype=torch.bfloat16):
/home/kist/venvs/vggt_probe/lib/python3.10/site-packages/vggt/models/vggt.py:65: FutureWarning: `torch.cuda.amp.autocast(args...)` is deprecated. Please use `torch.amp.autocast('cuda', args...)` instead.
  with torch.cuda.amp.autocast(enabled=False):
[loftr_wrapper.py] image0: torch.Size([1, 1, 400, 400])
/home/kist/Desktop/BundleSAM3DGS/loftr_wrapper.py:45: FutureWarning: `torch.cuda.amp.autocast(args...)` is deprecated. Please use `torch.amp.autocast('cuda', args...)` instead.
  with torch.cuda.amp.autocast(enabled=True):
[loftr_wrapper.py] net forward
[loftr_wrapper.py] mconf, 0.20068877935409546 0.8036206364631653
[loftr_wrapper.py] pair_ids (66,)
[loftr_wrapper.py] corres: (66, 5)
[loftr_wrapper.py] image0: torch.Size([1, 1, 400, 400])
[loftr_wrapper.py] net forward
[loftr_wrapper.py] mconf, 0.2024003118276596 0.6771765351295471
[loftr_wrapper.py] pair_ids (59,)
[loftr_wrapper.py] corres: (59, 5)
[loftr_wrapper.py] image0: torch.Size([1, 1, 400, 400])
[loftr_wrapper.py] net forward
[loftr_wrapper.py] mconf, 0.20026151835918427 0.8808580040931702
[loftr_wrapper.py] pair_ids (62,)
[loftr_wrapper.py] corres: (62, 5)
[loftr_wrapper.py] image0: torch.Size([1, 1, 400, 400])
[loftr_wrapper.py] net forward
[loftr_wrapper.py] mconf, 0.2008150964975357 0.6087321043014526
[loftr_wrapper.py] pair_ids (64,)
[loftr_wrapper.py] corres: (64, 5)
[loftr_wrapper.py] image0: torch.Size([1, 1, 400, 400])
[loftr_wrapper.py] net forward
[loftr_wrapper.py] mconf, 0.20041663944721222 0.7537246942520142
[loftr_wrapper.py] pair_ids (57,)
[loftr_wrapper.py] corres: (57, 5)
[loftr_wrapper.py] image0: torch.Size([1, 1, 400, 400])
[loftr_wrapper.py] net forward
[loftr_wrapper.py] mconf, 0.20818474888801575 0.8881136775016785
[loftr_wrapper.py] pair_ids (83,)
[loftr_wrapper.py] corres: (83, 5)
[loftr_wrapper.py] image0: torch.Size([1, 1, 400, 400])
[loftr_wrapper.py] net forward
[loftr_wrapper.py] mconf, 0.20005783438682556 0.8665823936462402
[loftr_wrapper.py] pair_ids (82,)
[loftr_wrapper.py] corres: (82, 5)
[loftr_wrapper.py] image0: torch.Size([1, 1, 400, 400])
[loftr_wrapper.py] net forward
[loftr_wrapper.py] mconf, 0.20208925008773804 0.5934410095214844
[loftr_wrapper.py] pair_ids (57,)
[loftr_wrapper.py] corres: (57, 5)
[loftr_wrapper.py] image0: torch.Size([1, 1, 400, 400])
[loftr_wrapper.py] net forward
[loftr_wrapper.py] mconf, 0.20219238102436066 0.6681305170059204
[loftr_wrapper.py] pair_ids (64,)
[loftr_wrapper.py] corres: (64, 5)
[loftr_wrapper.py] image0: torch.Size([1, 1, 400, 400])
[loftr_wrapper.py] net forward
[loftr_wrapper.py] mconf, 0.2042534351348877 0.8392757773399353
[loftr_wrapper.py] pair_ids (51,)
[loftr_wrapper.py] corres: (51, 5)
[loftr_wrapper.py] image0: torch.Size([1, 1, 400, 400])
[loftr_wrapper.py] net forward
[loftr_wrapper.py] mconf, 0.2025706022977829 0.8095735907554626
[loftr_wrapper.py] pair_ids (60,)
[loftr_wrapper.py] corres: (60, 5)
[loftr_wrapper.py] image0: torch.Size([1, 1, 400, 400])
[loftr_wrapper.py] net forward
[loftr_wrapper.py] mconf, 0.2004185914993286 0.7181746959686279
[loftr_wrapper.py] pair_ids (72,)
[loftr_wrapper.py] corres: (72, 5)
[loftr_wrapper.py] image0: torch.Size([1, 1, 400, 400])
[loftr_wrapper.py] net forward
[loftr_wrapper.py] mconf, 0.2040776014328003 0.671263575553894
[loftr_wrapper.py] pair_ids (55,)
[loftr_wrapper.py] corres: (55, 5)
[loftr_wrapper.py] image0: torch.Size([1, 1, 400, 400])
[loftr_wrapper.py] net forward
[loftr_wrapper.py] mconf, 0.20716354250907898 0.631740391254425
[loftr_wrapper.py] pair_ids (57,)
[loftr_wrapper.py] corres: (57, 5)
[loftr_wrapper.py] image0: torch.Size([1, 1, 400, 400])
[loftr_wrapper.py] net forward
[loftr_wrapper.py] mconf, 0.20052707195281982 0.7465081810951233
[loftr_wrapper.py] pair_ids (57,)
[loftr_wrapper.py] corres: (57, 5)
[loftr_wrapper.py] image0: torch.Size([1, 1, 400, 400])
[loftr_wrapper.py] net forward
[loftr_wrapper.py] mconf, 0.20093314349651337 0.7336918711662292
[loftr_wrapper.py] pair_ids (57,)
[loftr_wrapper.py] corres: (57, 5)
[loftr_wrapper.py] image0: torch.Size([1, 1, 400, 400])
[loftr_wrapper.py] net forward
[loftr_wrapper.py] mconf, 0.2009139358997345 0.841783344745636
[loftr_wrapper.py] pair_ids (54,)
[loftr_wrapper.py] corres: (54, 5)
[loftr_wrapper.py] image0: torch.Size([1, 1, 400, 400])
[loftr_wrapper.py] net forward
[loftr_wrapper.py] mconf, 0.2032981663942337 0.8183714151382446
[loftr_wrapper.py] pair_ids (46,)
[loftr_wrapper.py] corres: (46, 5)
[loftr_wrapper.py] image0: torch.Size([1, 1, 400, 400])
[loftr_wrapper.py] net forward
[loftr_wrapper.py] mconf, 0.20138707756996155 0.8871412873268127
[loftr_wrapper.py] pair_ids (58,)
[loftr_wrapper.py] corres: (58, 5)
[loftr_wrapper.py] image0: torch.Size([1, 1, 400, 400])
[loftr_wrapper.py] net forward
[loftr_wrapper.py] mconf, 0.2000984251499176 0.6662986874580383
[loftr_wrapper.py] pair_ids (65,)
[loftr_wrapper.py] corres: (65, 5)
[loftr_wrapper.py] image0: torch.Size([1, 1, 400, 400])
[loftr_wrapper.py] net forward
[loftr_wrapper.py] mconf, 0.2018423080444336 0.7802255749702454
[loftr_wrapper.py] pair_ids (104,)
[loftr_wrapper.py] corres: (104, 5)
[loftr_wrapper.py] image0: torch.Size([1, 1, 400, 400])
[loftr_wrapper.py] net forward
[loftr_wrapper.py] mconf, 0.20291917026042938 0.7431532144546509
[loftr_wrapper.py] pair_ids (71,)
[loftr_wrapper.py] corres: (71, 5)
[loftr_wrapper.py] image0: torch.Size([1, 1, 400, 400])
[loftr_wrapper.py] net forward
[loftr_wrapper.py] mconf, 0.20134465396404266 0.9105812907218933
[loftr_wrapper.py] pair_ids (101,)
[loftr_wrapper.py] corres: (101, 5)
[loftr_wrapper.py] image0: torch.Size([1, 1, 400, 400])
[loftr_wrapper.py] net forward
[loftr_wrapper.py] mconf, 0.20062077045440674 0.6099737286567688
[loftr_wrapper.py] pair_ids (107,)
[loftr_wrapper.py] corres: (107, 5)
[loftr_wrapper.py] image0: torch.Size([1, 1, 400, 400])
[loftr_wrapper.py] net forward
[loftr_wrapper.py] mconf, 0.2023123949766159 0.7585212588310242
[loftr_wrapper.py] pair_ids (111,)
[loftr_wrapper.py] corres: (111, 5)
  A MD-prior MPM10 151/237 2.4s/kf | E-I=7.85 E-L=5.78 E-V2=168.08 E-V5b=162.29 E-V5d=162.19 E-V5x2=14.46 E-VI=23.78 | rot0 4.82
/home/kist/Desktop/BundleSAM3DGS/experiments/vggt_probe/models.py:30: FutureWarning: `torch.cuda.amp.autocast(args...)` is deprecated. Please use `torch.amp.autocast('cuda', args...)` instead.
  with torch.cuda.amp.autocast(dtype=torch.bfloat16):
/home/kist/venvs/vggt_probe/lib/python3.10/site-packages/vggt/models/vggt.py:65: FutureWarning: `torch.cuda.amp.autocast(args...)` is deprecated. Please use `torch.amp.autocast('cuda', args...)` instead.
  with torch.cuda.amp.autocast(enabled=False):
[loftr_wrapper.py] image0: torch.Size([1, 1, 400, 400])
/home/kist/Desktop/BundleSAM3DGS/loftr_wrapper.py:45: FutureWarning: `torch.cuda.amp.autocast(args...)` is deprecated. Please use `torch.amp.autocast('cuda', args...)` instead.
  with torch.cuda.amp.autocast(enabled=True):
[loftr_wrapper.py] net forward
[loftr_wrapper.py] mconf, 0.2000952661037445 0.707598090171814
[loftr_wrapper.py] pair_ids (120,)
[loftr_wrapper.py] corres: (120, 5)
[loftr_wrapper.py] image0: torch.Size([1, 1, 400, 400])
[loftr_wrapper.py] net forward
[loftr_wrapper.py] mconf, 0.20006322860717773 0.8047055602073669
[loftr_wrapper.py] pair_ids (104,)
[loftr_wrapper.py] corres: (104, 5)
[loftr_wrapper.py] image0: torch.Size([1, 1, 400, 400])
[loftr_wrapper.py] net forward
[loftr_wrapper.py] mconf, 0.20075681805610657 0.707406222820282
[loftr_wrapper.py] pair_ids (101,)
[loftr_wrapper.py] corres: (101, 5)
[loftr_wrapper.py] image0: torch.Size([1, 1, 400, 400])
[loftr_wrapper.py] net forward
[loftr_wrapper.py] mconf, 0.20145218074321747 0.742502748966217
[loftr_wrapper.py] pair_ids (93,)
[loftr_wrapper.py] corres: (93, 5)
[loftr_wrapper.py] image0: torch.Size([1, 1, 400, 400])
[loftr_wrapper.py] net forward
[loftr_wrapper.py] mconf, 0.20117022097110748 0.8392191529273987
[loftr_wrapper.py] pair_ids (101,)
[loftr_wrapper.py] corres: (101, 5)
[loftr_wrapper.py] image0: torch.Size([1, 1, 400, 400])
[loftr_wrapper.py] net forward
[loftr_wrapper.py] mconf, 0.20020540058612823 0.7174647450447083
[loftr_wrapper.py] pair_ids (99,)
[loftr_wrapper.py] corres: (99, 5)
[loftr_wrapper.py] image0: torch.Size([1, 1, 400, 400])
[loftr_wrapper.py] net forward
[loftr_wrapper.py] mconf, 0.2022438794374466 0.8885526061058044
[loftr_wrapper.py] pair_ids (96,)
[loftr_wrapper.py] corres: (96, 5)
[loftr_wrapper.py] image0: torch.Size([1, 1, 400, 400])
[loftr_wrapper.py] net forward
[loftr_wrapper.py] mconf, 0.20284128189086914 0.7760794162750244
[loftr_wrapper.py] pair_ids (102,)
[loftr_wrapper.py] corres: (102, 5)
[loftr_wrapper.py] image0: torch.Size([1, 1, 400, 400])
[loftr_wrapper.py] net forward
[loftr_wrapper.py] mconf, 0.20096355676651 0.738883376121521
[loftr_wrapper.py] pair_ids (80,)
[loftr_wrapper.py] corres: (80, 5)
[loftr_wrapper.py] image0: torch.Size([1, 1, 400, 400])
[loftr_wrapper.py] net forward
[loftr_wrapper.py] mconf, 0.20105941593647003 0.8599761724472046
[loftr_wrapper.py] pair_ids (79,)
[loftr_wrapper.py] corres: (79, 5)
[loftr_wrapper.py] image0: torch.Size([1, 1, 400, 400])
[loftr_wrapper.py] net forward
[loftr_wrapper.py] mconf, 0.20080509781837463 0.6165345311164856
[loftr_wrapper.py] pair_ids (58,)
[loftr_wrapper.py] corres: (58, 5)
[loftr_wrapper.py] image0: torch.Size([1, 1, 400, 400])
[loftr_wrapper.py] net forward
[loftr_wrapper.py] mconf, 0.20300990343093872 0.5222858786582947
[loftr_wrapper.py] pair_ids (55,)
[loftr_wrapper.py] corres: (55, 5)
[loftr_wrapper.py] image0: torch.Size([1, 1, 400, 400])
[loftr_wrapper.py] net forward
[loftr_wrapper.py] mconf, 0.20001523196697235 0.6575410962104797
[loftr_wrapper.py] pair_ids (62,)
[loftr_wrapper.py] corres: (62, 5)
[loftr_wrapper.py] image0: torch.Size([1, 1, 400, 400])
[loftr_wrapper.py] net forward
[loftr_wrapper.py] mconf, 0.20797099173069 0.5675308108329773
[loftr_wrapper.py] pair_ids (45,)
[loftr_wrapper.py] corres: (45, 5)
[loftr_wrapper.py] image0: torch.Size([1, 1, 400, 400])
[loftr_wrapper.py] net forward
[loftr_wrapper.py] mconf, 0.20026351511478424 0.6929364204406738
[loftr_wrapper.py] pair_ids (44,)
[loftr_wrapper.py] corres: (44, 5)
[loftr_wrapper.py] image0: torch.Size([1, 1, 400, 400])
[loftr_wrapper.py] net forward
[loftr_wrapper.py] mconf, 0.2038133293390274 0.7701829671859741
[loftr_wrapper.py] pair_ids (59,)
[loftr_wrapper.py] corres: (59, 5)
[loftr_wrapper.py] image0: torch.Size([1, 1, 400, 400])
[loftr_wrapper.py] net forward
[loftr_wrapper.py] mconf, 0.2016107738018036 0.8267534375190735
[loftr_wrapper.py] pair_ids (71,)
[loftr_wrapper.py] corres: (71, 5)
[loftr_wrapper.py] image0: torch.Size([1, 1, 400, 400])
[loftr_wrapper.py] net forward
[loftr_wrapper.py] mconf, 0.20076552033424377 0.6893576979637146
[loftr_wrapper.py] pair_ids (73,)
[loftr_wrapper.py] corres: (73, 5)
[loftr_wrapper.py] image0: torch.Size([1, 1, 400, 400])
[loftr_wrapper.py] net forward
[loftr_wrapper.py] mconf, 0.2000034749507904 0.7486050724983215
[loftr_wrapper.py] pair_ids (86,)
[loftr_wrapper.py] corres: (86, 5)
[loftr_wrapper.py] image0: torch.Size([1, 1, 400, 400])
[loftr_wrapper.py] net forward
[loftr_wrapper.py] mconf, 0.20110641419887543 0.728300929069519
[loftr_wrapper.py] pair_ids (83,)
[loftr_wrapper.py] corres: (83, 5)
[loftr_wrapper.py] image0: torch.Size([1, 1, 400, 400])
[loftr_wrapper.py] net forward
[loftr_wrapper.py] mconf, 0.2042805403470993 0.5847769975662231
[loftr_wrapper.py] pair_ids (64,)
[loftr_wrapper.py] corres: (64, 5)
[loftr_wrapper.py] image0: torch.Size([1, 1, 400, 400])
[loftr_wrapper.py] net forward
[loftr_wrapper.py] mconf, 0.20167264342308044 0.7487255334854126
[loftr_wrapper.py] pair_ids (69,)
[loftr_wrapper.py] corres: (69, 5)
[loftr_wrapper.py] image0: torch.Size([1, 1, 400, 400])
[loftr_wrapper.py] net forward
[loftr_wrapper.py] mconf, 0.2002939134836197 0.8426528573036194
[loftr_wrapper.py] pair_ids (67,)
[loftr_wrapper.py] corres: (67, 5)
[loftr_wrapper.py] image0: torch.Size([1, 1, 400, 400])
[loftr_wrapper.py] net forward
[loftr_wrapper.py] mconf, 0.2004658430814743 0.6426599025726318
[loftr_wrapper.py] pair_ids (63,)
[loftr_wrapper.py] corres: (63, 5)
[loftr_wrapper.py] image0: torch.Size([1, 1, 400, 400])
[loftr_wrapper.py] net forward
[loftr_wrapper.py] mconf, 0.20068387687206268 0.6647450923919678
[loftr_wrapper.py] pair_ids (51,)
[loftr_wrapper.py] corres: (51, 5)
  A MD-prior MPM10 176/237 2.3s/kf | E-I=8.96 E-L=13.68 E-V2=94.81 E-V5b=100.79 E-V5d=100.80 E-V5x2=73.41 E-VI=81.53 | rot0 6.69
/home/kist/Desktop/BundleSAM3DGS/experiments/vggt_probe/models.py:30: FutureWarning: `torch.cuda.amp.autocast(args...)` is deprecated. Please use `torch.amp.autocast('cuda', args...)` instead.
  with torch.cuda.amp.autocast(dtype=torch.bfloat16):
/home/kist/venvs/vggt_probe/lib/python3.10/site-packages/vggt/models/vggt.py:65: FutureWarning: `torch.cuda.amp.autocast(args...)` is deprecated. Please use `torch.amp.autocast('cuda', args...)` instead.
  with torch.cuda.amp.autocast(enabled=False):
[loftr_wrapper.py] image0: torch.Size([1, 1, 400, 400])
/home/kist/Desktop/BundleSAM3DGS/loftr_wrapper.py:45: FutureWarning: `torch.cuda.amp.autocast(args...)` is deprecated. Please use `torch.amp.autocast('cuda', args...)` instead.
  with torch.cuda.amp.autocast(enabled=True):
[loftr_wrapper.py] net forward
[loftr_wrapper.py] mconf, 0.20469163358211517 0.550281286239624
[loftr_wrapper.py] pair_ids (42,)
[loftr_wrapper.py] corres: (42, 5)
[loftr_wrapper.py] image0: torch.Size([1, 1, 400, 400])
[loftr_wrapper.py] net forward
[loftr_wrapper.py] mconf, 0.20271989703178406 0.7099044322967529
[loftr_wrapper.py] pair_ids (41,)
[loftr_wrapper.py] corres: (41, 5)
[loftr_wrapper.py] image0: torch.Size([1, 1, 400, 400])
[loftr_wrapper.py] net forward
[loftr_wrapper.py] mconf, 0.20247086882591248 0.6821551322937012
[loftr_wrapper.py] pair_ids (57,)
[loftr_wrapper.py] corres: (57, 5)
[loftr_wrapper.py] image0: torch.Size([1, 1, 400, 400])
[loftr_wrapper.py] net forward
[loftr_wrapper.py] mconf, 0.20050731301307678 0.7435430288314819
[loftr_wrapper.py] pair_ids (64,)
[loftr_wrapper.py] corres: (64, 5)
[loftr_wrapper.py] image0: torch.Size([1, 1, 400, 400])
[loftr_wrapper.py] net forward
[loftr_wrapper.py] mconf, 0.2001851201057434 0.6663860082626343
[loftr_wrapper.py] pair_ids (64,)
[loftr_wrapper.py] corres: (64, 5)
[loftr_wrapper.py] image0: torch.Size([1, 1, 400, 400])
[loftr_wrapper.py] net forward
[loftr_wrapper.py] mconf, 0.20310641825199127 0.8149709105491638
[loftr_wrapper.py] pair_ids (63,)
[loftr_wrapper.py] corres: (63, 5)
[loftr_wrapper.py] image0: torch.Size([1, 1, 400, 400])
[loftr_wrapper.py] net forward
[loftr_wrapper.py] mconf, 0.20279943943023682 0.6903135776519775
[loftr_wrapper.py] pair_ids (76,)
[loftr_wrapper.py] corres: (76, 5)
[loftr_wrapper.py] image0: torch.Size([1, 1, 400, 400])
[loftr_wrapper.py] net forward
[loftr_wrapper.py] mconf, 0.2007734477519989 0.7533329129219055
[loftr_wrapper.py] pair_ids (59,)
[loftr_wrapper.py] corres: (59, 5)
[loftr_wrapper.py] image0: torch.Size([1, 1, 400, 400])
[loftr_wrapper.py] net forward
[loftr_wrapper.py] mconf, 0.20015989243984222 0.7840825915336609
[loftr_wrapper.py] pair_ids (78,)
[loftr_wrapper.py] corres: (78, 5)
[loftr_wrapper.py] image0: torch.Size([1, 1, 400, 400])
[loftr_wrapper.py] net forward
[loftr_wrapper.py] mconf, 0.20251184701919556 0.7123731374740601
[loftr_wrapper.py] pair_ids (49,)
[loftr_wrapper.py] corres: (49, 5)
[loftr_wrapper.py] image0: torch.Size([1, 1, 400, 400])
[loftr_wrapper.py] net forward
[loftr_wrapper.py] mconf, 0.2023676186800003 0.8679853677749634
[loftr_wrapper.py] pair_ids (76,)
[loftr_wrapper.py] corres: (76, 5)
[loftr_wrapper.py] image0: torch.Size([1, 1, 400, 400])
[loftr_wrapper.py] net forward
[loftr_wrapper.py] mconf, 0.20061840116977692 0.6695220470428467
[loftr_wrapper.py] pair_ids (72,)
[loftr_wrapper.py] corres: (72, 5)
[loftr_wrapper.py] image0: torch.Size([1, 1, 400, 400])
[loftr_wrapper.py] net forward
[loftr_wrapper.py] mconf, 0.20169758796691895 0.7022544741630554
[loftr_wrapper.py] pair_ids (75,)
[loftr_wrapper.py] corres: (75, 5)
[loftr_wrapper.py] image0: torch.Size([1, 1, 400, 400])
[loftr_wrapper.py] net forward
[loftr_wrapper.py] mconf, 0.20320041477680206 0.8078078031539917
[loftr_wrapper.py] pair_ids (87,)
[loftr_wrapper.py] corres: (87, 5)
[loftr_wrapper.py] image0: torch.Size([1, 1, 400, 400])
[loftr_wrapper.py] net forward
[loftr_wrapper.py] mconf, 0.20103780925273895 0.739965558052063
[loftr_wrapper.py] pair_ids (69,)
[loftr_wrapper.py] corres: (69, 5)
[loftr_wrapper.py] image0: torch.Size([1, 1, 400, 400])
[loftr_wrapper.py] net forward
[loftr_wrapper.py] mconf, 0.2001662701368332 0.8718470335006714
[loftr_wrapper.py] pair_ids (78,)
[loftr_wrapper.py] corres: (78, 5)
[loftr_wrapper.py] image0: torch.Size([1, 1, 400, 400])
[loftr_wrapper.py] net forward
[loftr_wrapper.py] mconf, 0.20154130458831787 0.7344767451286316
[loftr_wrapper.py] pair_ids (51,)
[loftr_wrapper.py] corres: (51, 5)
[loftr_wrapper.py] image0: torch.Size([1, 1, 400, 400])
[loftr_wrapper.py] net forward
[loftr_wrapper.py] mconf, 0.20085933804512024 0.6755862832069397
[loftr_wrapper.py] pair_ids (49,)
[loftr_wrapper.py] corres: (49, 5)
[loftr_wrapper.py] image0: torch.Size([1, 1, 400, 400])
[loftr_wrapper.py] net forward
[loftr_wrapper.py] mconf, 0.20009969174861908 0.8821784853935242
[loftr_wrapper.py] pair_ids (54,)
[loftr_wrapper.py] corres: (54, 5)
[loftr_wrapper.py] image0: torch.Size([1, 1, 400, 400])
[loftr_wrapper.py] net forward
[loftr_wrapper.py] mconf, 0.20416060090065002 0.6716708540916443
[loftr_wrapper.py] pair_ids (49,)
[loftr_wrapper.py] corres: (49, 5)
[loftr_wrapper.py] image0: torch.Size([1, 1, 400, 400])
[loftr_wrapper.py] net forward
[loftr_wrapper.py] mconf, 0.2025754451751709 0.5331045985221863
[loftr_wrapper.py] pair_ids (69,)
[loftr_wrapper.py] corres: (69, 5)
[loftr_wrapper.py] image0: torch.Size([1, 1, 400, 400])
[loftr_wrapper.py] net forward
[loftr_wrapper.py] mconf, 0.20011942088603973 0.7971721887588501
[loftr_wrapper.py] pair_ids (54,)
[loftr_wrapper.py] corres: (54, 5)
[loftr_wrapper.py] image0: torch.Size([1, 1, 400, 400])
[loftr_wrapper.py] net forward
[loftr_wrapper.py] mconf, 0.2012602835893631 0.6326082944869995
[loftr_wrapper.py] pair_ids (67,)
[loftr_wrapper.py] corres: (67, 5)
[loftr_wrapper.py] image0: torch.Size([1, 1, 400, 400])
[loftr_wrapper.py] net forward
[loftr_wrapper.py] mconf, 0.20176996290683746 0.6163769960403442
[loftr_wrapper.py] pair_ids (66,)
[loftr_wrapper.py] corres: (66, 5)
[loftr_wrapper.py] image0: torch.Size([1, 1, 400, 400])
[loftr_wrapper.py] net forward
[loftr_wrapper.py] mconf, 0.20180770754814148 0.7281613945960999
[loftr_wrapper.py] pair_ids (72,)
[loftr_wrapper.py] corres: (72, 5)
  A MD-prior MPM10 201/237 1.4s/kf | E-I=11.81 E-L=9.03 E-V2=84.57 E-V5b=115.34 E-V5d=115.39 E-V5x2=86.04 E-VI=86.04 | rot0 6.26
/home/kist/Desktop/BundleSAM3DGS/experiments/vggt_probe/models.py:30: FutureWarning: `torch.cuda.amp.autocast(args...)` is deprecated. Please use `torch.amp.autocast('cuda', args...)` instead.
  with torch.cuda.amp.autocast(dtype=torch.bfloat16):
/home/kist/venvs/vggt_probe/lib/python3.10/site-packages/vggt/models/vggt.py:65: FutureWarning: `torch.cuda.amp.autocast(args...)` is deprecated. Please use `torch.amp.autocast('cuda', args...)` instead.
  with torch.cuda.amp.autocast(enabled=False):
[loftr_wrapper.py] image0: torch.Size([1, 1, 400, 400])
/home/kist/Desktop/BundleSAM3DGS/loftr_wrapper.py:45: FutureWarning: `torch.cuda.amp.autocast(args...)` is deprecated. Please use `torch.amp.autocast('cuda', args...)` instead.
  with torch.cuda.amp.autocast(enabled=True):
[loftr_wrapper.py] net forward
[loftr_wrapper.py] mconf, 0.2011415958404541 0.7935373187065125
[loftr_wrapper.py] pair_ids (63,)
[loftr_wrapper.py] corres: (63, 5)
[loftr_wrapper.py] image0: torch.Size([1, 1, 400, 400])
[loftr_wrapper.py] net forward
[loftr_wrapper.py] mconf, 0.20066149532794952 0.7643855214118958
[loftr_wrapper.py] pair_ids (66,)
[loftr_wrapper.py] corres: (66, 5)
[loftr_wrapper.py] image0: torch.Size([1, 1, 400, 400])
[loftr_wrapper.py] net forward
[loftr_wrapper.py] mconf, 0.2021600753068924 0.8568068146705627
[loftr_wrapper.py] pair_ids (79,)
[loftr_wrapper.py] corres: (79, 5)
[loftr_wrapper.py] image0: torch.Size([1, 1, 400, 400])
[loftr_wrapper.py] net forward
[loftr_wrapper.py] mconf, 0.2005222886800766 0.6453607678413391
[loftr_wrapper.py] pair_ids (67,)
[loftr_wrapper.py] corres: (67, 5)
[loftr_wrapper.py] image0: torch.Size([1, 1, 400, 400])
[loftr_wrapper.py] net forward
[loftr_wrapper.py] mconf, 0.20177341997623444 0.6609258651733398
[loftr_wrapper.py] pair_ids (52,)
[loftr_wrapper.py] corres: (52, 5)
[loftr_wrapper.py] image0: torch.Size([1, 1, 400, 400])
[loftr_wrapper.py] net forward
[loftr_wrapper.py] mconf, 0.2028050571680069 0.75654536485672
[loftr_wrapper.py] pair_ids (55,)
[loftr_wrapper.py] corres: (55, 5)
[loftr_wrapper.py] image0: torch.Size([1, 1, 400, 400])
[loftr_wrapper.py] net forward
[loftr_wrapper.py] mconf, 0.20362743735313416 0.8485187292098999
[loftr_wrapper.py] pair_ids (64,)
[loftr_wrapper.py] corres: (64, 5)
[loftr_wrapper.py] image0: torch.Size([1, 1, 400, 400])
[loftr_wrapper.py] net forward
[loftr_wrapper.py] mconf, 0.20418962836265564 0.8010258078575134
[loftr_wrapper.py] pair_ids (59,)
[loftr_wrapper.py] corres: (59, 5)
[loftr_wrapper.py] image0: torch.Size([1, 1, 400, 400])
[loftr_wrapper.py] net forward
[loftr_wrapper.py] mconf, 0.20203638076782227 0.6942760944366455
[loftr_wrapper.py] pair_ids (73,)
[loftr_wrapper.py] corres: (73, 5)
[loftr_wrapper.py] image0: torch.Size([1, 1, 400, 400])
[loftr_wrapper.py] net forward
[loftr_wrapper.py] mconf, 0.204126238822937 0.793660044670105
[loftr_wrapper.py] pair_ids (57,)
[loftr_wrapper.py] corres: (57, 5)
[loftr_wrapper.py] image0: torch.Size([1, 1, 400, 400])
[loftr_wrapper.py] net forward
[loftr_wrapper.py] mconf, 0.2007608413696289 0.8172867298126221
[loftr_wrapper.py] pair_ids (73,)
[loftr_wrapper.py] corres: (73, 5)
[loftr_wrapper.py] image0: torch.Size([1, 1, 400, 400])
[loftr_wrapper.py] net forward
[loftr_wrapper.py] mconf, 0.20074166357517242 0.6038418412208557
[loftr_wrapper.py] pair_ids (46,)
[loftr_wrapper.py] corres: (46, 5)
[loftr_wrapper.py] image0: torch.Size([1, 1, 400, 400])
[loftr_wrapper.py] net forward
[loftr_wrapper.py] mconf, 0.20115414261817932 0.8698497414588928
[loftr_wrapper.py] pair_ids (61,)
[loftr_wrapper.py] corres: (61, 5)
[loftr_wrapper.py] image0: torch.Size([1, 1, 400, 400])
[loftr_wrapper.py] net forward
[loftr_wrapper.py] mconf, 0.2002280205488205 0.7751396298408508
[loftr_wrapper.py] pair_ids (55,)
[loftr_wrapper.py] corres: (55, 5)
[loftr_wrapper.py] image0: torch.Size([1, 1, 400, 400])
[loftr_wrapper.py] net forward
[loftr_wrapper.py] mconf, 0.20280687510967255 0.6188101172447205
[loftr_wrapper.py] pair_ids (44,)
[loftr_wrapper.py] corres: (44, 5)
[loftr_wrapper.py] image0: torch.Size([1, 1, 400, 400])
[loftr_wrapper.py] net forward
[loftr_wrapper.py] mconf, 0.20177854597568512 0.8797394037246704
[loftr_wrapper.py] pair_ids (58,)
[loftr_wrapper.py] corres: (58, 5)
[loftr_wrapper.py] image0: torch.Size([1, 1, 400, 400])
[loftr_wrapper.py] net forward
[loftr_wrapper.py] mconf, 0.2005557417869568 0.7917239665985107
[loftr_wrapper.py] pair_ids (104,)
[loftr_wrapper.py] corres: (104, 5)
[loftr_wrapper.py] image0: torch.Size([1, 1, 400, 400])
[loftr_wrapper.py] net forward
[loftr_wrapper.py] mconf, 0.20376695692539215 0.8718041777610779
[loftr_wrapper.py] pair_ids (80,)
[loftr_wrapper.py] corres: (80, 5)
[loftr_wrapper.py] image0: torch.Size([1, 1, 400, 400])
[loftr_wrapper.py] net forward
[loftr_wrapper.py] mconf, 0.20155654847621918 0.8210816979408264
[loftr_wrapper.py] pair_ids (131,)
[loftr_wrapper.py] corres: (131, 5)
[loftr_wrapper.py] image0: torch.Size([1, 1, 400, 400])
[loftr_wrapper.py] net forward
[loftr_wrapper.py] mconf, 0.20098884403705597 0.9007411003112793
[loftr_wrapper.py] pair_ids (157,)
[loftr_wrapper.py] corres: (157, 5)
[loftr_wrapper.py] image0: torch.Size([1, 1, 400, 400])
[loftr_wrapper.py] net forward
[loftr_wrapper.py] mconf, 0.20412686467170715 0.6810417771339417
[loftr_wrapper.py] pair_ids (132,)
[loftr_wrapper.py] corres: (132, 5)
[loftr_wrapper.py] image0: torch.Size([1, 1, 400, 400])
[loftr_wrapper.py] net forward
[loftr_wrapper.py] mconf, 0.2010663002729416 0.8471429944038391
[loftr_wrapper.py] pair_ids (126,)
[loftr_wrapper.py] corres: (126, 5)
[loftr_wrapper.py] image0: torch.Size([1, 1, 400, 400])
[loftr_wrapper.py] net forward
[loftr_wrapper.py] mconf, 0.20141777396202087 0.7676858305931091
[loftr_wrapper.py] pair_ids (146,)
[loftr_wrapper.py] corres: (146, 5)
[loftr_wrapper.py] image0: torch.Size([1, 1, 400, 400])
[loftr_wrapper.py] net forward
[loftr_wrapper.py] mconf, 0.20019561052322388 0.8977285623550415
[loftr_wrapper.py] pair_ids (125,)
[loftr_wrapper.py] corres: (125, 5)
[loftr_wrapper.py] image0: torch.Size([1, 1, 400, 400])
[loftr_wrapper.py] net forward
[loftr_wrapper.py] mconf, 0.2008163034915924 0.7819423079490662
[loftr_wrapper.py] pair_ids (114,)
[loftr_wrapper.py] corres: (114, 5)
  A MD-prior MPM10 226/237 2.3s/kf | E-I=9.74 E-L=11.09 E-V2=77.45 E-V5b=73.91 E-V5d=74.04 E-V5x2=68.73 E-VI=71.04 | rot0 3.66
/home/kist/Desktop/BundleSAM3DGS/experiments/vggt_probe/models.py:30: FutureWarning: `torch.cuda.amp.autocast(args...)` is deprecated. Please use `torch.amp.autocast('cuda', args...)` instead.
  with torch.cuda.amp.autocast(dtype=torch.bfloat16):
/home/kist/venvs/vggt_probe/lib/python3.10/site-packages/vggt/models/vggt.py:65: FutureWarning: `torch.cuda.amp.autocast(args...)` is deprecated. Please use `torch.amp.autocast('cuda', args...)` instead.
  with torch.cuda.amp.autocast(enabled=False):
[loftr_wrapper.py] image0: torch.Size([1, 1, 400, 400])
/home/kist/Desktop/BundleSAM3DGS/loftr_wrapper.py:45: FutureWarning: `torch.cuda.amp.autocast(args...)` is deprecated. Please use `torch.amp.autocast('cuda', args...)` instead.
  with torch.cuda.amp.autocast(enabled=True):
[loftr_wrapper.py] net forward
[loftr_wrapper.py] mconf, 0.2033565193414688 0.8140071630477905
[loftr_wrapper.py] pair_ids (113,)
[loftr_wrapper.py] corres: (113, 5)
[loftr_wrapper.py] image0: torch.Size([1, 1, 400, 400])
[loftr_wrapper.py] net forward
[loftr_wrapper.py] mconf, 0.20348043739795685 0.9097840785980225
[loftr_wrapper.py] pair_ids (89,)
[loftr_wrapper.py] corres: (89, 5)
[loftr_wrapper.py] image0: torch.Size([1, 1, 400, 400])
[loftr_wrapper.py] net forward
[loftr_wrapper.py] mconf, 0.2002098262310028 0.9025692939758301
[loftr_wrapper.py] pair_ids (77,)
[loftr_wrapper.py] corres: (77, 5)
[loftr_wrapper.py] image0: torch.Size([1, 1, 400, 400])
[loftr_wrapper.py] net forward
[loftr_wrapper.py] mconf, 0.2019532471895218 0.8666927814483643
[loftr_wrapper.py] pair_ids (77,)
[loftr_wrapper.py] corres: (77, 5)
[loftr_wrapper.py] image0: torch.Size([1, 1, 400, 400])
[loftr_wrapper.py] net forward
[loftr_wrapper.py] mconf, 0.20039412379264832 0.9377750754356384
[loftr_wrapper.py] pair_ids (113,)
[loftr_wrapper.py] corres: (113, 5)
[loftr_wrapper.py] image0: torch.Size([1, 1, 400, 400])
[loftr_wrapper.py] net forward
[loftr_wrapper.py] mconf, 0.2000351995229721 0.6884342432022095
[loftr_wrapper.py] pair_ids (67,)
[loftr_wrapper.py] corres: (67, 5)
[loftr_wrapper.py] image0: torch.Size([1, 1, 400, 400])
[loftr_wrapper.py] net forward
[loftr_wrapper.py] mconf, 0.20251037180423737 0.8294803500175476
[loftr_wrapper.py] pair_ids (97,)
[loftr_wrapper.py] corres: (97, 5)
[loftr_wrapper.py] image0: torch.Size([1, 1, 400, 400])
[loftr_wrapper.py] net forward
[loftr_wrapper.py] mconf, 0.20099343359470367 0.9481570720672607
[loftr_wrapper.py] pair_ids (123,)
[loftr_wrapper.py] corres: (123, 5)
[loftr_wrapper.py] image0: torch.Size([1, 1, 400, 400])
[loftr_wrapper.py] net forward
[loftr_wrapper.py] mconf, 0.20038531720638275 0.8735749125480652
[loftr_wrapper.py] pair_ids (103,)
[loftr_wrapper.py] corres: (103, 5)
[loftr_wrapper.py] image0: torch.Size([1, 1, 400, 400])
[loftr_wrapper.py] net forward
[loftr_wrapper.py] mconf, 0.20259404182434082 0.9538293480873108
[loftr_wrapper.py] pair_ids (117,)
[loftr_wrapper.py] corres: (117, 5)
[loftr_wrapper.py] image0: torch.Size([1, 1, 400, 400])
[loftr_wrapper.py] net forward
[loftr_wrapper.py] mconf, 0.20358949899673462 0.9336023330688477
[loftr_wrapper.py] pair_ids (160,)
[loftr_wrapper.py] corres: (160, 5)
DONE A MD-prior MPM10 jobs 237 535s | E-I=8.99/1% E-L=10.56/7% E-V2=105.30/0% E-V5b=94.86/0% E-V5d=94.82/0% E-V5x2=71.04/0% E-VI=74.85/0% | rot0 5.81
/home/kist/Desktop/BundleSAM3DGS/experiments/vggt_probe/models.py:30: FutureWarning: `torch.cuda.amp.autocast(args...)` is deprecated. Please use `torch.amp.autocast('cuda', args...)` instead.
  with torch.cuda.amp.autocast(dtype=torch.bfloat16):
/home/kist/venvs/vggt_probe/lib/python3.10/site-packages/vggt/models/vggt.py:65: FutureWarning: `torch.cuda.amp.autocast(args...)` is deprecated. Please use `torch.amp.autocast('cuda', args...)` instead.
  with torch.cuda.amp.autocast(enabled=False):
[loftr_wrapper.py] image0: torch.Size([1, 1, 400, 400])
/home/kist/Desktop/BundleSAM3DGS/loftr_wrapper.py:45: FutureWarning: `torch.cuda.amp.autocast(args...)` is deprecated. Please use `torch.amp.autocast('cuda', args...)` instead.
  with torch.cuda.amp.autocast(enabled=True):
[loftr_wrapper.py] net forward
[loftr_wrapper.py] mconf, 0.2008829265832901 0.9734699726104736
[loftr_wrapper.py] pair_ids (392,)
[loftr_wrapper.py] corres: (392, 5)
  A MD-prior MPM11 1/249 2.3s/kf | E-I=5.50 E-L=1.08 E-V2=0.18 E-V5b=2.11 E-V5d=2.30 E-V5x2=2.68 E-VI=5.43 | rot0 0.00
/home/kist/Desktop/BundleSAM3DGS/experiments/vggt_probe/models.py:30: FutureWarning: `torch.cuda.amp.autocast(args...)` is deprecated. Please use `torch.amp.autocast('cuda', args...)` instead.
  with torch.cuda.amp.autocast(dtype=torch.bfloat16):
/home/kist/venvs/vggt_probe/lib/python3.10/site-packages/vggt/models/vggt.py:65: FutureWarning: `torch.cuda.amp.autocast(args...)` is deprecated. Please use `torch.amp.autocast('cuda', args...)` instead.
  with torch.cuda.amp.autocast(enabled=False):
[loftr_wrapper.py] image0: torch.Size([1, 1, 400, 400])
/home/kist/Desktop/BundleSAM3DGS/loftr_wrapper.py:45: FutureWarning: `torch.cuda.amp.autocast(args...)` is deprecated. Please use `torch.amp.autocast('cuda', args...)` instead.
  with torch.cuda.amp.autocast(enabled=True):
[loftr_wrapper.py] net forward
[loftr_wrapper.py] mconf, 0.20057350397109985 0.8924664258956909
[loftr_wrapper.py] pair_ids (348,)
[loftr_wrapper.py] corres: (348, 5)
[loftr_wrapper.py] image0: torch.Size([1, 1, 400, 400])
[loftr_wrapper.py] net forward
[loftr_wrapper.py] mconf, 0.20116446912288666 0.9525396823883057
[loftr_wrapper.py] pair_ids (422,)
[loftr_wrapper.py] corres: (422, 5)
[loftr_wrapper.py] image0: torch.Size([1, 1, 400, 400])
[loftr_wrapper.py] net forward
[loftr_wrapper.py] mconf, 0.20285040140151978 0.9729189276695251
[loftr_wrapper.py] pair_ids (424,)
[loftr_wrapper.py] corres: (424, 5)
[loftr_wrapper.py] image0: torch.Size([1, 1, 400, 400])
[loftr_wrapper.py] net forward
[loftr_wrapper.py] mconf, 0.20084451138973236 0.9829919338226318
[loftr_wrapper.py] pair_ids (451,)
[loftr_wrapper.py] corres: (451, 5)
[loftr_wrapper.py] image0: torch.Size([1, 1, 400, 400])
[loftr_wrapper.py] net forward
[loftr_wrapper.py] mconf, 0.2016734927892685 0.975230872631073
[loftr_wrapper.py] pair_ids (368,)
[loftr_wrapper.py] corres: (368, 5)
[loftr_wrapper.py] image0: torch.Size([1, 1, 400, 400])
[loftr_wrapper.py] net forward
[loftr_wrapper.py] mconf, 0.20154911279678345 0.9539137482643127
[loftr_wrapper.py] pair_ids (283,)
[loftr_wrapper.py] corres: (283, 5)
[loftr_wrapper.py] image0: torch.Size([1, 1, 400, 400])
[loftr_wrapper.py] net forward
[loftr_wrapper.py] mconf, 0.2002059817314148 0.9751405715942383
[loftr_wrapper.py] pair_ids (276,)
[loftr_wrapper.py] corres: (276, 5)
[loftr_wrapper.py] image0: torch.Size([1, 1, 400, 400])
[loftr_wrapper.py] net forward
[loftr_wrapper.py] mconf, 0.20114333927631378 0.9470595717430115
[loftr_wrapper.py] pair_ids (206,)
[loftr_wrapper.py] corres: (206, 5)
[loftr_wrapper.py] image0: torch.Size([1, 1, 400, 400])
[loftr_wrapper.py] net forward
[loftr_wrapper.py] mconf, 0.20203866064548492 0.9661269187927246
[loftr_wrapper.py] pair_ids (133,)
[loftr_wrapper.py] corres: (133, 5)
[loftr_wrapper.py] image0: torch.Size([1, 1, 400, 400])
[loftr_wrapper.py] net forward
[loftr_wrapper.py] mconf, 0.2036461979150772 0.8460594415664673
[loftr_wrapper.py] pair_ids (101,)
[loftr_wrapper.py] corres: (101, 5)
[loftr_wrapper.py] image0: torch.Size([1, 1, 400, 400])
[loftr_wrapper.py] net forward
[loftr_wrapper.py] mconf, 0.20006035268306732 0.8585914969444275
[loftr_wrapper.py] pair_ids (65,)
[loftr_wrapper.py] corres: (65, 5)
[loftr_wrapper.py] image0: torch.Size([1, 1, 400, 400])
[loftr_wrapper.py] net forward
[loftr_wrapper.py] mconf, 0.2002502977848053 0.7157081365585327
[loftr_wrapper.py] pair_ids (72,)
[loftr_wrapper.py] corres: (72, 5)
[loftr_wrapper.py] image0: torch.Size([1, 1, 400, 400])
[loftr_wrapper.py] net forward
[loftr_wrapper.py] mconf, 0.2021777480840683 0.6702281832695007
[loftr_wrapper.py] pair_ids (67,)
[loftr_wrapper.py] corres: (67, 5)
[loftr_wrapper.py] image0: torch.Size([1, 1, 400, 400])
[loftr_wrapper.py] net forward
[loftr_wrapper.py] mconf, 0.2033323049545288 0.7888708710670471
[loftr_wrapper.py] pair_ids (61,)
[loftr_wrapper.py] corres: (61, 5)
[loftr_wrapper.py] image0: torch.Size([1, 1, 400, 400])
[loftr_wrapper.py] net forward
[loftr_wrapper.py] mconf, 0.20169401168823242 0.8096297383308411
[loftr_wrapper.py] pair_ids (64,)
[loftr_wrapper.py] corres: (64, 5)
[loftr_wrapper.py] image0: torch.Size([1, 1, 400, 400])
[loftr_wrapper.py] net forward
[loftr_wrapper.py] mconf, 0.20104967057704926 0.7094559073448181
[loftr_wrapper.py] pair_ids (64,)
[loftr_wrapper.py] corres: (64, 5)
[loftr_wrapper.py] image0: torch.Size([1, 1, 400, 400])
[loftr_wrapper.py] net forward
[loftr_wrapper.py] mconf, 0.2001313418149948 0.9048998951911926
[loftr_wrapper.py] pair_ids (149,)
[loftr_wrapper.py] corres: (149, 5)
[loftr_wrapper.py] image0: torch.Size([1, 1, 400, 400])
[loftr_wrapper.py] net forward
[loftr_wrapper.py] mconf, 0.20046280324459076 0.7761385440826416
[loftr_wrapper.py] pair_ids (132,)
[loftr_wrapper.py] corres: (132, 5)
[loftr_wrapper.py] image0: torch.Size([1, 1, 400, 400])
[loftr_wrapper.py] net forward
[loftr_wrapper.py] mconf, 0.2007622867822647 0.9138872027397156
[loftr_wrapper.py] pair_ids (154,)
[loftr_wrapper.py] corres: (154, 5)
[loftr_wrapper.py] image0: torch.Size([1, 1, 400, 400])
[loftr_wrapper.py] net forward
[loftr_wrapper.py] mconf, 0.20129796862602234 0.8462908864021301
[loftr_wrapper.py] pair_ids (129,)
[loftr_wrapper.py] corres: (129, 5)
[loftr_wrapper.py] image0: torch.Size([1, 1, 400, 400])
[loftr_wrapper.py] net forward
[loftr_wrapper.py] mconf, 0.20114576816558838 0.7691904306411743
[loftr_wrapper.py] pair_ids (99,)
[loftr_wrapper.py] corres: (99, 5)
[loftr_wrapper.py] image0: torch.Size([1, 1, 400, 400])
[loftr_wrapper.py] net forward
[loftr_wrapper.py] mconf, 0.20122230052947998 0.9190962910652161
[loftr_wrapper.py] pair_ids (104,)
[loftr_wrapper.py] corres: (104, 5)
[loftr_wrapper.py] image0: torch.Size([1, 1, 400, 400])
[loftr_wrapper.py] net forward
[loftr_wrapper.py] mconf, 0.2008281797170639 0.7483487129211426
[loftr_wrapper.py] pair_ids (86,)
[loftr_wrapper.py] corres: (86, 5)
[loftr_wrapper.py] image0: torch.Size([1, 1, 400, 400])
[loftr_wrapper.py] net forward
[loftr_wrapper.py] mconf, 0.20027589797973633 0.6760079264640808
[loftr_wrapper.py] pair_ids (76,)
[loftr_wrapper.py] corres: (76, 5)
[loftr_wrapper.py] image0: torch.Size([1, 1, 400, 400])
[loftr_wrapper.py] net forward
[loftr_wrapper.py] mconf, 0.20237824320793152 0.7720804810523987
[loftr_wrapper.py] pair_ids (70,)
[loftr_wrapper.py] corres: (70, 5)
  A MD-prior MPM11 26/249 2.3s/kf | E-I=14.56 E-L=6.29 E-V2=50.52 E-V5b=38.32 E-V5d=38.53 E-V5x2=28.39 E-VI=28.39 | rot0 4.59
/home/kist/Desktop/BundleSAM3DGS/experiments/vggt_probe/models.py:30: FutureWarning: `torch.cuda.amp.autocast(args...)` is deprecated. Please use `torch.amp.autocast('cuda', args...)` instead.
  with torch.cuda.amp.autocast(dtype=torch.bfloat16):
/home/kist/venvs/vggt_probe/lib/python3.10/site-packages/vggt/models/vggt.py:65: FutureWarning: `torch.cuda.amp.autocast(args...)` is deprecated. Please use `torch.amp.autocast('cuda', args...)` instead.
  with torch.cuda.amp.autocast(enabled=False):
[loftr_wrapper.py] image0: torch.Size([1, 1, 400, 400])
/home/kist/Desktop/BundleSAM3DGS/loftr_wrapper.py:45: FutureWarning: `torch.cuda.amp.autocast(args...)` is deprecated. Please use `torch.amp.autocast('cuda', args...)` instead.
  with torch.cuda.amp.autocast(enabled=True):
[loftr_wrapper.py] net forward
[loftr_wrapper.py] mconf, 0.20010077953338623 0.8644822835922241
[loftr_wrapper.py] pair_ids (61,)
[loftr_wrapper.py] corres: (61, 5)
[loftr_wrapper.py] image0: torch.Size([1, 1, 400, 400])
[loftr_wrapper.py] net forward
[loftr_wrapper.py] mconf, 0.2011716067790985 0.8801414370536804
[loftr_wrapper.py] pair_ids (50,)
[loftr_wrapper.py] corres: (50, 5)
[loftr_wrapper.py] image0: torch.Size([1, 1, 400, 400])
[loftr_wrapper.py] net forward
[loftr_wrapper.py] mconf, 0.2018241584300995 0.6495512127876282
[loftr_wrapper.py] pair_ids (46,)
[loftr_wrapper.py] corres: (46, 5)
[loftr_wrapper.py] image0: torch.Size([1, 1, 400, 400])
[loftr_wrapper.py] net forward
[loftr_wrapper.py] mconf, 0.20173299312591553 0.5025211572647095
[loftr_wrapper.py] pair_ids (42,)
[loftr_wrapper.py] corres: (42, 5)
[loftr_wrapper.py] image0: torch.Size([1, 1, 400, 400])
[loftr_wrapper.py] net forward
[loftr_wrapper.py] mconf, 0.20248956978321075 0.7818555235862732
[loftr_wrapper.py] pair_ids (51,)
[loftr_wrapper.py] corres: (51, 5)
[loftr_wrapper.py] image0: torch.Size([1, 1, 400, 400])
[loftr_wrapper.py] net forward
[loftr_wrapper.py] mconf, 0.2013123780488968 0.780013918876648
[loftr_wrapper.py] pair_ids (43,)
[loftr_wrapper.py] corres: (43, 5)
[loftr_wrapper.py] image0: torch.Size([1, 1, 400, 400])
[loftr_wrapper.py] net forward
[loftr_wrapper.py] mconf, 0.2031865417957306 0.6457570195198059
[loftr_wrapper.py] pair_ids (26,)
[loftr_wrapper.py] corres: (26, 5)
[loftr_wrapper.py] image0: torch.Size([1, 1, 400, 400])
[loftr_wrapper.py] net forward
[loftr_wrapper.py] mconf, 0.20396173000335693 0.5537832975387573
[loftr_wrapper.py] pair_ids (39,)
[loftr_wrapper.py] corres: (39, 5)
[loftr_wrapper.py] image0: torch.Size([1, 1, 400, 400])
[loftr_wrapper.py] net forward
[loftr_wrapper.py] mconf, 0.2002306431531906 0.7430728077888489
[loftr_wrapper.py] pair_ids (45,)
[loftr_wrapper.py] corres: (45, 5)
[loftr_wrapper.py] image0: torch.Size([1, 1, 400, 400])
[loftr_wrapper.py] net forward
[loftr_wrapper.py] mconf, 0.20045514404773712 0.8257278800010681
[loftr_wrapper.py] pair_ids (42,)
[loftr_wrapper.py] corres: (42, 5)
[loftr_wrapper.py] image0: torch.Size([1, 1, 400, 400])
[loftr_wrapper.py] net forward
[loftr_wrapper.py] mconf, 0.2057279348373413 0.8197063207626343
[loftr_wrapper.py] pair_ids (45,)
[loftr_wrapper.py] corres: (45, 5)
[loftr_wrapper.py] image0: torch.Size([1, 1, 400, 400])
[loftr_wrapper.py] net forward
[loftr_wrapper.py] mconf, 0.2042188197374344 0.7269261479377747
[loftr_wrapper.py] pair_ids (38,)
[loftr_wrapper.py] corres: (38, 5)
[loftr_wrapper.py] image0: torch.Size([1, 1, 400, 400])
[loftr_wrapper.py] net forward
[loftr_wrapper.py] mconf, 0.20044028759002686 0.6247656941413879
[loftr_wrapper.py] pair_ids (50,)
[loftr_wrapper.py] corres: (50, 5)
[loftr_wrapper.py] image0: torch.Size([1, 1, 400, 400])
[loftr_wrapper.py] net forward
[loftr_wrapper.py] mconf, 0.20006918907165527 0.7875191569328308
[loftr_wrapper.py] pair_ids (45,)
[loftr_wrapper.py] corres: (45, 5)
[loftr_wrapper.py] image0: torch.Size([1, 1, 400, 400])
[loftr_wrapper.py] net forward
[loftr_wrapper.py] mconf, 0.20261938869953156 0.838715136051178
[loftr_wrapper.py] pair_ids (54,)
[loftr_wrapper.py] corres: (54, 5)
[loftr_wrapper.py] image0: torch.Size([1, 1, 400, 400])
[loftr_wrapper.py] net forward
[loftr_wrapper.py] mconf, 0.20116667449474335 0.7405214905738831
[loftr_wrapper.py] pair_ids (57,)
[loftr_wrapper.py] corres: (57, 5)
[loftr_wrapper.py] image0: torch.Size([1, 1, 400, 400])
[loftr_wrapper.py] net forward
[loftr_wrapper.py] mconf, 0.2020963579416275 0.6628193259239197
[loftr_wrapper.py] pair_ids (71,)
[loftr_wrapper.py] corres: (71, 5)
[loftr_wrapper.py] image0: torch.Size([1, 1, 400, 400])
[loftr_wrapper.py] net forward
[loftr_wrapper.py] mconf, 0.20014718174934387 0.5820404887199402
[loftr_wrapper.py] pair_ids (62,)
[loftr_wrapper.py] corres: (62, 5)
[loftr_wrapper.py] image0: torch.Size([1, 1, 400, 400])
[loftr_wrapper.py] net forward
[loftr_wrapper.py] mconf, 0.20533542335033417 0.7122339606285095
[loftr_wrapper.py] pair_ids (59,)
[loftr_wrapper.py] corres: (59, 5)
[loftr_wrapper.py] image0: torch.Size([1, 1, 400, 400])
[loftr_wrapper.py] net forward
[loftr_wrapper.py] mconf, 0.20131807029247284 0.6865767240524292
[loftr_wrapper.py] pair_ids (68,)
[loftr_wrapper.py] corres: (68, 5)
[loftr_wrapper.py] image0: torch.Size([1, 1, 400, 400])
[loftr_wrapper.py] net forward
[loftr_wrapper.py] mconf, 0.20513978600502014 0.7203764319419861
[loftr_wrapper.py] pair_ids (78,)
[loftr_wrapper.py] corres: (78, 5)
[loftr_wrapper.py] image0: torch.Size([1, 1, 400, 400])
[loftr_wrapper.py] net forward
[loftr_wrapper.py] mconf, 0.2017037719488144 0.9191960692405701
[loftr_wrapper.py] pair_ids (88,)
[loftr_wrapper.py] corres: (88, 5)
[loftr_wrapper.py] image0: torch.Size([1, 1, 400, 400])
[loftr_wrapper.py] net forward
[loftr_wrapper.py] mconf, 0.20192115008831024 0.8895774483680725
[loftr_wrapper.py] pair_ids (77,)
[loftr_wrapper.py] corres: (77, 5)
[loftr_wrapper.py] image0: torch.Size([1, 1, 400, 400])
[loftr_wrapper.py] net forward
[loftr_wrapper.py] mconf, 0.20241282880306244 0.8474020957946777
[loftr_wrapper.py] pair_ids (77,)
[loftr_wrapper.py] corres: (77, 5)
[loftr_wrapper.py] image0: torch.Size([1, 1, 400, 400])
[loftr_wrapper.py] net forward
[loftr_wrapper.py] mconf, 0.2020312398672104 0.8633144497871399
[loftr_wrapper.py] pair_ids (84,)
[loftr_wrapper.py] corres: (84, 5)
  A MD-prior MPM11 51/249 2.3s/kf | E-I=14.10 E-L=16.99 E-V2=89.74 E-V5b=53.99 E-V5d=54.01 E-V5x2=54.01 E-VI=79.00 | rot0 7.23
/home/kist/Desktop/BundleSAM3DGS/experiments/vggt_probe/models.py:30: FutureWarning: `torch.cuda.amp.autocast(args...)` is deprecated. Please use `torch.amp.autocast('cuda', args...)` instead.
  with torch.cuda.amp.autocast(dtype=torch.bfloat16):
/home/kist/venvs/vggt_probe/lib/python3.10/site-packages/vggt/models/vggt.py:65: FutureWarning: `torch.cuda.amp.autocast(args...)` is deprecated. Please use `torch.amp.autocast('cuda', args...)` instead.
  with torch.cuda.amp.autocast(enabled=False):
[loftr_wrapper.py] image0: torch.Size([1, 1, 400, 400])
/home/kist/Desktop/BundleSAM3DGS/loftr_wrapper.py:45: FutureWarning: `torch.cuda.amp.autocast(args...)` is deprecated. Please use `torch.amp.autocast('cuda', args...)` instead.
  with torch.cuda.amp.autocast(enabled=True):
[loftr_wrapper.py] net forward
[loftr_wrapper.py] mconf, 0.20112141966819763 0.8014700412750244
[loftr_wrapper.py] pair_ids (73,)
[loftr_wrapper.py] corres: (73, 5)
[loftr_wrapper.py] image0: torch.Size([1, 1, 400, 400])
[loftr_wrapper.py] net forward
[loftr_wrapper.py] mconf, 0.20478665828704834 0.8544203639030457
[loftr_wrapper.py] pair_ids (62,)
[loftr_wrapper.py] corres: (62, 5)
[loftr_wrapper.py] image0: torch.Size([1, 1, 400, 400])
[loftr_wrapper.py] net forward
[loftr_wrapper.py] mconf, 0.2019353210926056 0.7551026940345764
[loftr_wrapper.py] pair_ids (81,)
[loftr_wrapper.py] corres: (81, 5)
[loftr_wrapper.py] image0: torch.Size([1, 1, 400, 400])
[loftr_wrapper.py] net forward
[loftr_wrapper.py] mconf, 0.20119844377040863 0.9095221757888794
[loftr_wrapper.py] pair_ids (71,)
[loftr_wrapper.py] corres: (71, 5)
[loftr_wrapper.py] image0: torch.Size([1, 1, 400, 400])
[loftr_wrapper.py] net forward
[loftr_wrapper.py] mconf, 0.2006808966398239 0.6778124570846558
[loftr_wrapper.py] pair_ids (53,)
[loftr_wrapper.py] corres: (53, 5)
[loftr_wrapper.py] image0: torch.Size([1, 1, 400, 400])
[loftr_wrapper.py] net forward
[loftr_wrapper.py] mconf, 0.20054559409618378 0.7961218953132629
[loftr_wrapper.py] pair_ids (70,)
[loftr_wrapper.py] corres: (70, 5)
[loftr_wrapper.py] image0: torch.Size([1, 1, 400, 400])
[loftr_wrapper.py] net forward
[loftr_wrapper.py] mconf, 0.20366378128528595 0.8597541451454163
[loftr_wrapper.py] pair_ids (74,)
[loftr_wrapper.py] corres: (74, 5)
[loftr_wrapper.py] image0: torch.Size([1, 1, 400, 400])
[loftr_wrapper.py] net forward
[loftr_wrapper.py] mconf, 0.20039725303649902 0.6046642661094666
[loftr_wrapper.py] pair_ids (79,)
[loftr_wrapper.py] corres: (79, 5)
[loftr_wrapper.py] image0: torch.Size([1, 1, 400, 400])
[loftr_wrapper.py] net forward
[loftr_wrapper.py] mconf, 0.20281140506267548 0.8195526003837585
[loftr_wrapper.py] pair_ids (56,)
[loftr_wrapper.py] corres: (56, 5)
[loftr_wrapper.py] image0: torch.Size([1, 1, 400, 400])
[loftr_wrapper.py] net forward
[loftr_wrapper.py] mconf, 0.2075839787721634 0.7241334319114685
[loftr_wrapper.py] pair_ids (54,)
[loftr_wrapper.py] corres: (54, 5)
[loftr_wrapper.py] image0: torch.Size([1, 1, 400, 400])
[loftr_wrapper.py] net forward
[loftr_wrapper.py] mconf, 0.20164911448955536 0.8420058488845825
[loftr_wrapper.py] pair_ids (68,)
[loftr_wrapper.py] corres: (68, 5)
[loftr_wrapper.py] image0: torch.Size([1, 1, 400, 400])
[loftr_wrapper.py] net forward
[loftr_wrapper.py] mconf, 0.20542864501476288 0.7894314527511597
[loftr_wrapper.py] pair_ids (45,)
[loftr_wrapper.py] corres: (45, 5)
[loftr_wrapper.py] image0: torch.Size([1, 1, 400, 400])
[loftr_wrapper.py] net forward
[loftr_wrapper.py] mconf, 0.20596469938755035 0.8451206088066101
[loftr_wrapper.py] pair_ids (47,)
[loftr_wrapper.py] corres: (47, 5)
[loftr_wrapper.py] image0: torch.Size([1, 1, 400, 400])
[loftr_wrapper.py] net forward
[loftr_wrapper.py] mconf, 0.20543214678764343 0.8712692856788635
[loftr_wrapper.py] pair_ids (45,)
[loftr_wrapper.py] corres: (45, 5)
[loftr_wrapper.py] image0: torch.Size([1, 1, 400, 400])
[loftr_wrapper.py] net forward
[loftr_wrapper.py] mconf, 0.200408473610878 0.6256228089332581
[loftr_wrapper.py] pair_ids (45,)
[loftr_wrapper.py] corres: (45, 5)
[loftr_wrapper.py] image0: torch.Size([1, 1, 400, 400])
[loftr_wrapper.py] net forward
[loftr_wrapper.py] mconf, 0.20179899036884308 0.5417391657829285
[loftr_wrapper.py] pair_ids (41,)
[loftr_wrapper.py] corres: (41, 5)
[loftr_wrapper.py] image0: torch.Size([1, 1, 400, 400])
[loftr_wrapper.py] net forward
[loftr_wrapper.py] mconf, 0.20012180507183075 0.682161271572113
[loftr_wrapper.py] pair_ids (38,)
[loftr_wrapper.py] corres: (38, 5)
[loftr_wrapper.py] image0: torch.Size([1, 1, 400, 400])
[loftr_wrapper.py] net forward
[loftr_wrapper.py] mconf, 0.20110496878623962 0.8203360438346863
[loftr_wrapper.py] pair_ids (40,)
[loftr_wrapper.py] corres: (40, 5)
[loftr_wrapper.py] image0: torch.Size([1, 1, 400, 400])
[loftr_wrapper.py] net forward
[loftr_wrapper.py] mconf, 0.20837074518203735 0.8215575218200684
[loftr_wrapper.py] pair_ids (39,)
[loftr_wrapper.py] corres: (39, 5)
[loftr_wrapper.py] image0: torch.Size([1, 1, 400, 400])
[loftr_wrapper.py] net forward
[loftr_wrapper.py] mconf, 0.2003239095211029 0.5930163860321045
[loftr_wrapper.py] pair_ids (55,)
[loftr_wrapper.py] corres: (55, 5)
[loftr_wrapper.py] image0: torch.Size([1, 1, 400, 400])
[loftr_wrapper.py] net forward
[loftr_wrapper.py] mconf, 0.20268629491329193 0.8442469239234924
[loftr_wrapper.py] pair_ids (70,)
[loftr_wrapper.py] corres: (70, 5)
[loftr_wrapper.py] image0: torch.Size([1, 1, 400, 400])
[loftr_wrapper.py] net forward
[loftr_wrapper.py] mconf, 0.20311523973941803 0.5833340287208557
[loftr_wrapper.py] pair_ids (61,)
[loftr_wrapper.py] corres: (61, 5)
[loftr_wrapper.py] image0: torch.Size([1, 1, 400, 400])
[loftr_wrapper.py] net forward
[loftr_wrapper.py] mconf, 0.20186488330364227 0.5363263487815857
[loftr_wrapper.py] pair_ids (59,)
[loftr_wrapper.py] corres: (59, 5)
[loftr_wrapper.py] image0: torch.Size([1, 1, 400, 400])
[loftr_wrapper.py] net forward
[loftr_wrapper.py] mconf, 0.20031508803367615 0.6031987071037292
[loftr_wrapper.py] pair_ids (51,)
[loftr_wrapper.py] corres: (51, 5)
[loftr_wrapper.py] image0: torch.Size([1, 1, 400, 400])
[loftr_wrapper.py] net forward
[loftr_wrapper.py] mconf, 0.2003812938928604 0.5859924554824829
[loftr_wrapper.py] pair_ids (49,)
[loftr_wrapper.py] corres: (49, 5)
  A MD-prior MPM11 76/249 1.4s/kf | E-I=14.88 E-L=39.61 E-V2=108.03 E-V5b=111.65 E-V5d=111.53 E-V5x2=23.24 E-VI=28.26 | rot0 5.18
/home/kist/Desktop/BundleSAM3DGS/experiments/vggt_probe/models.py:30: FutureWarning: `torch.cuda.amp.autocast(args...)` is deprecated. Please use `torch.amp.autocast('cuda', args...)` instead.
  with torch.cuda.amp.autocast(dtype=torch.bfloat16):
/home/kist/venvs/vggt_probe/lib/python3.10/site-packages/vggt/models/vggt.py:65: FutureWarning: `torch.cuda.amp.autocast(args...)` is deprecated. Please use `torch.amp.autocast('cuda', args...)` instead.
  with torch.cuda.amp.autocast(enabled=False):
[loftr_wrapper.py] image0: torch.Size([1, 1, 400, 400])
/home/kist/Desktop/BundleSAM3DGS/loftr_wrapper.py:45: FutureWarning: `torch.cuda.amp.autocast(args...)` is deprecated. Please use `torch.amp.autocast('cuda', args...)` instead.
  with torch.cuda.amp.autocast(enabled=True):
[loftr_wrapper.py] net forward
[loftr_wrapper.py] mconf, 0.20341983437538147 0.6488240361213684
[loftr_wrapper.py] pair_ids (55,)
[loftr_wrapper.py] corres: (55, 5)
[loftr_wrapper.py] image0: torch.Size([1, 1, 400, 400])
[loftr_wrapper.py] net forward
[loftr_wrapper.py] mconf, 0.20102061331272125 0.616163969039917
[loftr_wrapper.py] pair_ids (59,)
[loftr_wrapper.py] corres: (59, 5)
[loftr_wrapper.py] image0: torch.Size([1, 1, 400, 400])
[loftr_wrapper.py] net forward
[loftr_wrapper.py] mconf, 0.20021650195121765 0.7707642912864685
[loftr_wrapper.py] pair_ids (52,)
[loftr_wrapper.py] corres: (52, 5)
[loftr_wrapper.py] image0: torch.Size([1, 1, 400, 400])
[loftr_wrapper.py] net forward
[loftr_wrapper.py] mconf, 0.20111338794231415 0.6990762948989868
[loftr_wrapper.py] pair_ids (56,)
[loftr_wrapper.py] corres: (56, 5)
[loftr_wrapper.py] image0: torch.Size([1, 1, 400, 400])
[loftr_wrapper.py] net forward
[loftr_wrapper.py] mconf, 0.20255987346172333 0.6419641971588135
[loftr_wrapper.py] pair_ids (52,)
[loftr_wrapper.py] corres: (52, 5)
[loftr_wrapper.py] image0: torch.Size([1, 1, 400, 400])
[loftr_wrapper.py] net forward
[loftr_wrapper.py] mconf, 0.20786044001579285 0.672940731048584
[loftr_wrapper.py] pair_ids (47,)
[loftr_wrapper.py] corres: (47, 5)
[loftr_wrapper.py] image0: torch.Size([1, 1, 400, 400])
[loftr_wrapper.py] net forward
[loftr_wrapper.py] mconf, 0.2041485458612442 0.7761337161064148
[loftr_wrapper.py] pair_ids (38,)
[loftr_wrapper.py] corres: (38, 5)
[loftr_wrapper.py] image0: torch.Size([1, 1, 400, 400])
[loftr_wrapper.py] net forward
[loftr_wrapper.py] mconf, 0.20054109394550323 0.5734767317771912
[loftr_wrapper.py] pair_ids (36,)
[loftr_wrapper.py] corres: (36, 5)
[loftr_wrapper.py] image0: torch.Size([1, 1, 400, 400])
[loftr_wrapper.py] net forward
[loftr_wrapper.py] mconf, 0.2008221298456192 0.6518192291259766
[loftr_wrapper.py] pair_ids (41,)
[loftr_wrapper.py] corres: (41, 5)
[loftr_wrapper.py] image0: torch.Size([1, 1, 400, 400])
[loftr_wrapper.py] net forward
[loftr_wrapper.py] mconf, 0.20078358054161072 0.627636730670929
[loftr_wrapper.py] pair_ids (57,)
[loftr_wrapper.py] corres: (57, 5)
[loftr_wrapper.py] image0: torch.Size([1, 1, 400, 400])
[loftr_wrapper.py] net forward
[loftr_wrapper.py] mconf, 0.2019132673740387 0.8165716528892517
[loftr_wrapper.py] pair_ids (54,)
[loftr_wrapper.py] corres: (54, 5)
[loftr_wrapper.py] image0: torch.Size([1, 1, 400, 400])
[loftr_wrapper.py] net forward
[loftr_wrapper.py] mconf, 0.20215639472007751 0.5546244382858276
[loftr_wrapper.py] pair_ids (64,)
[loftr_wrapper.py] corres: (64, 5)
[loftr_wrapper.py] image0: torch.Size([1, 1, 400, 400])
[loftr_wrapper.py] net forward
[loftr_wrapper.py] mconf, 0.20049823820590973 0.5902709364891052
[loftr_wrapper.py] pair_ids (56,)
[loftr_wrapper.py] corres: (56, 5)
[loftr_wrapper.py] image0: torch.Size([1, 1, 400, 400])
[loftr_wrapper.py] net forward
[loftr_wrapper.py] mconf, 0.20371133089065552 0.8271216750144958
[loftr_wrapper.py] pair_ids (67,)
[loftr_wrapper.py] corres: (67, 5)
[loftr_wrapper.py] image0: torch.Size([1, 1, 400, 400])
[loftr_wrapper.py] net forward
[loftr_wrapper.py] mconf, 0.20152895152568817 0.6392795443534851
[loftr_wrapper.py] pair_ids (59,)
[loftr_wrapper.py] corres: (59, 5)
[loftr_wrapper.py] image0: torch.Size([1, 1, 400, 400])
[loftr_wrapper.py] net forward
[loftr_wrapper.py] mconf, 0.20147156715393066 0.6638765931129456
[loftr_wrapper.py] pair_ids (74,)
[loftr_wrapper.py] corres: (74, 5)
[loftr_wrapper.py] image0: torch.Size([1, 1, 400, 400])
[loftr_wrapper.py] net forward
[loftr_wrapper.py] mconf, 0.20081713795661926 0.7928757667541504
[loftr_wrapper.py] pair_ids (66,)
[loftr_wrapper.py] corres: (66, 5)
[loftr_wrapper.py] image0: torch.Size([1, 1, 400, 400])
[loftr_wrapper.py] net forward
[loftr_wrapper.py] mconf, 0.20019477605819702 0.6302388310432434
[loftr_wrapper.py] pair_ids (51,)
[loftr_wrapper.py] corres: (51, 5)
[loftr_wrapper.py] image0: torch.Size([1, 1, 400, 400])
[loftr_wrapper.py] net forward
[loftr_wrapper.py] mconf, 0.20124483108520508 0.6772170662879944
[loftr_wrapper.py] pair_ids (55,)
[loftr_wrapper.py] corres: (55, 5)
[loftr_wrapper.py] image0: torch.Size([1, 1, 400, 400])
[loftr_wrapper.py] net forward
[loftr_wrapper.py] mconf, 0.20375125110149384 0.6596651077270508
[loftr_wrapper.py] pair_ids (62,)
[loftr_wrapper.py] corres: (62, 5)
[loftr_wrapper.py] image0: torch.Size([1, 1, 400, 400])
[loftr_wrapper.py] net forward
[loftr_wrapper.py] mconf, 0.2057899385690689 0.7239036560058594
[loftr_wrapper.py] pair_ids (55,)
[loftr_wrapper.py] corres: (55, 5)
[loftr_wrapper.py] image0: torch.Size([1, 1, 400, 400])
[loftr_wrapper.py] net forward
[loftr_wrapper.py] mconf, 0.2013893723487854 0.6752554774284363
[loftr_wrapper.py] pair_ids (44,)
[loftr_wrapper.py] corres: (44, 5)
[loftr_wrapper.py] image0: torch.Size([1, 1, 400, 400])
[loftr_wrapper.py] net forward
[loftr_wrapper.py] mconf, 0.20273154973983765 0.6580343842506409
[loftr_wrapper.py] pair_ids (57,)
[loftr_wrapper.py] corres: (57, 5)
[loftr_wrapper.py] image0: torch.Size([1, 1, 400, 400])
[loftr_wrapper.py] net forward
[loftr_wrapper.py] mconf, 0.2003040462732315 0.7460157871246338
[loftr_wrapper.py] pair_ids (56,)
[loftr_wrapper.py] corres: (56, 5)
[loftr_wrapper.py] image0: torch.Size([1, 1, 400, 400])
[loftr_wrapper.py] net forward
[loftr_wrapper.py] mconf, 0.2055213302373886 0.7967055439949036
[loftr_wrapper.py] pair_ids (59,)
[loftr_wrapper.py] corres: (59, 5)
  A MD-prior MPM11 101/249 1.4s/kf | E-I=16.65 E-L=10.78 E-V2=112.74 E-V5b=94.60 E-V5d=94.69 E-V5x2=78.75 E-VI=83.84 | rot0 5.56
/home/kist/Desktop/BundleSAM3DGS/experiments/vggt_probe/models.py:30: FutureWarning: `torch.cuda.amp.autocast(args...)` is deprecated. Please use `torch.amp.autocast('cuda', args...)` instead.
  with torch.cuda.amp.autocast(dtype=torch.bfloat16):
/home/kist/venvs/vggt_probe/lib/python3.10/site-packages/vggt/models/vggt.py:65: FutureWarning: `torch.cuda.amp.autocast(args...)` is deprecated. Please use `torch.amp.autocast('cuda', args...)` instead.
  with torch.cuda.amp.autocast(enabled=False):
[loftr_wrapper.py] image0: torch.Size([1, 1, 400, 400])
/home/kist/Desktop/BundleSAM3DGS/loftr_wrapper.py:45: FutureWarning: `torch.cuda.amp.autocast(args...)` is deprecated. Please use `torch.amp.autocast('cuda', args...)` instead.
  with torch.cuda.amp.autocast(enabled=True):
[loftr_wrapper.py] net forward
[loftr_wrapper.py] mconf, 0.20189978182315826 0.6711265444755554
[loftr_wrapper.py] pair_ids (60,)
[loftr_wrapper.py] corres: (60, 5)
[loftr_wrapper.py] image0: torch.Size([1, 1, 400, 400])
[loftr_wrapper.py] net forward
[loftr_wrapper.py] mconf, 0.20594754815101624 0.6513712406158447
[loftr_wrapper.py] pair_ids (60,)
[loftr_wrapper.py] corres: (60, 5)
[loftr_wrapper.py] image0: torch.Size([1, 1, 400, 400])
[loftr_wrapper.py] net forward
[loftr_wrapper.py] mconf, 0.2041967660188675 0.8778386116027832
[loftr_wrapper.py] pair_ids (47,)
[loftr_wrapper.py] corres: (47, 5)
[loftr_wrapper.py] image0: torch.Size([1, 1, 400, 400])
[loftr_wrapper.py] net forward
[loftr_wrapper.py] mconf, 0.2012019157409668 0.6764248609542847
[loftr_wrapper.py] pair_ids (63,)
[loftr_wrapper.py] corres: (63, 5)
[loftr_wrapper.py] image0: torch.Size([1, 1, 400, 400])
[loftr_wrapper.py] net forward
[loftr_wrapper.py] mconf, 0.20672330260276794 0.7499591708183289
[loftr_wrapper.py] pair_ids (58,)
[loftr_wrapper.py] corres: (58, 5)
[loftr_wrapper.py] image0: torch.Size([1, 1, 400, 400])
[loftr_wrapper.py] net forward
[loftr_wrapper.py] mconf, 0.2023175209760666 0.8399380445480347
[loftr_wrapper.py] pair_ids (66,)
[loftr_wrapper.py] corres: (66, 5)
[loftr_wrapper.py] image0: torch.Size([1, 1, 400, 400])
[loftr_wrapper.py] net forward
[loftr_wrapper.py] mconf, 0.20387880504131317 0.8301845788955688
[loftr_wrapper.py] pair_ids (56,)
[loftr_wrapper.py] corres: (56, 5)
[loftr_wrapper.py] image0: torch.Size([1, 1, 400, 400])
[loftr_wrapper.py] net forward
[loftr_wrapper.py] mconf, 0.20002397894859314 0.698294997215271
[loftr_wrapper.py] pair_ids (65,)
[loftr_wrapper.py] corres: (65, 5)
[loftr_wrapper.py] image0: torch.Size([1, 1, 400, 400])
[loftr_wrapper.py] net forward
[loftr_wrapper.py] mconf, 0.20585760474205017 0.648675799369812
[loftr_wrapper.py] pair_ids (57,)
[loftr_wrapper.py] corres: (57, 5)
[loftr_wrapper.py] image0: torch.Size([1, 1, 400, 400])
[loftr_wrapper.py] net forward
[loftr_wrapper.py] mconf, 0.20105554163455963 0.6895434260368347
[loftr_wrapper.py] pair_ids (50,)
[loftr_wrapper.py] corres: (50, 5)
[loftr_wrapper.py] image0: torch.Size([1, 1, 400, 400])
[loftr_wrapper.py] net forward
[loftr_wrapper.py] mconf, 0.20088717341423035 0.6221541166305542
[loftr_wrapper.py] pair_ids (48,)
[loftr_wrapper.py] corres: (48, 5)
[loftr_wrapper.py] image0: torch.Size([1, 1, 400, 400])
[loftr_wrapper.py] net forward
[loftr_wrapper.py] mconf, 0.20659847557544708 0.6782529950141907
[loftr_wrapper.py] pair_ids (37,)
[loftr_wrapper.py] corres: (37, 5)
[loftr_wrapper.py] image0: torch.Size([1, 1, 400, 400])
[loftr_wrapper.py] net forward
[loftr_wrapper.py] mconf, 0.20160475373268127 0.711558997631073
[loftr_wrapper.py] pair_ids (35,)
[loftr_wrapper.py] corres: (35, 5)
[loftr_wrapper.py] image0: torch.Size([1, 1, 400, 400])
[loftr_wrapper.py] net forward
[loftr_wrapper.py] mconf, 0.2018263190984726 0.7064061164855957
[loftr_wrapper.py] pair_ids (55,)
[loftr_wrapper.py] corres: (55, 5)
[loftr_wrapper.py] image0: torch.Size([1, 1, 400, 400])
[loftr_wrapper.py] net forward
[loftr_wrapper.py] mconf, 0.20042237639427185 0.6542572379112244
[loftr_wrapper.py] pair_ids (62,)
[loftr_wrapper.py] corres: (62, 5)
[loftr_wrapper.py] image0: torch.Size([1, 1, 400, 400])
[loftr_wrapper.py] net forward
[loftr_wrapper.py] mconf, 0.20398321747779846 0.6917332410812378
[loftr_wrapper.py] pair_ids (65,)
[loftr_wrapper.py] corres: (65, 5)
[loftr_wrapper.py] image0: torch.Size([1, 1, 400, 400])
[loftr_wrapper.py] net forward
[loftr_wrapper.py] mconf, 0.20377075672149658 0.7504611611366272
[loftr_wrapper.py] pair_ids (50,)
[loftr_wrapper.py] corres: (50, 5)
[loftr_wrapper.py] image0: torch.Size([1, 1, 400, 400])
[loftr_wrapper.py] net forward
[loftr_wrapper.py] mconf, 0.20481975376605988 0.82023686170578
[loftr_wrapper.py] pair_ids (71,)
[loftr_wrapper.py] corres: (71, 5)
[loftr_wrapper.py] image0: torch.Size([1, 1, 400, 400])
[loftr_wrapper.py] net forward
[loftr_wrapper.py] mconf, 0.20046953856945038 0.8054013252258301
[loftr_wrapper.py] pair_ids (68,)
[loftr_wrapper.py] corres: (68, 5)
[loftr_wrapper.py] image0: torch.Size([1, 1, 400, 400])
[loftr_wrapper.py] net forward
[loftr_wrapper.py] mconf, 0.20275700092315674 0.9216747879981995
[loftr_wrapper.py] pair_ids (58,)
[loftr_wrapper.py] corres: (58, 5)
[loftr_wrapper.py] image0: torch.Size([1, 1, 400, 400])
[loftr_wrapper.py] net forward
[loftr_wrapper.py] mconf, 0.20227549970149994 0.7357630729675293
[loftr_wrapper.py] pair_ids (55,)
[loftr_wrapper.py] corres: (55, 5)
[loftr_wrapper.py] image0: torch.Size([1, 1, 400, 400])
[loftr_wrapper.py] net forward
[loftr_wrapper.py] mconf, 0.20439450442790985 0.5866513252258301
[loftr_wrapper.py] pair_ids (43,)
[loftr_wrapper.py] corres: (43, 5)
[loftr_wrapper.py] image0: torch.Size([1, 1, 400, 400])
[loftr_wrapper.py] net forward
[loftr_wrapper.py] mconf, 0.2025028020143509 0.7829283475875854
[loftr_wrapper.py] pair_ids (56,)
[loftr_wrapper.py] corres: (56, 5)
[loftr_wrapper.py] image0: torch.Size([1, 1, 400, 400])
[loftr_wrapper.py] net forward
[loftr_wrapper.py] mconf, 0.20088693499565125 0.61248379945755
[loftr_wrapper.py] pair_ids (50,)
[loftr_wrapper.py] corres: (50, 5)
[loftr_wrapper.py] image0: torch.Size([1, 1, 400, 400])
[loftr_wrapper.py] net forward
[loftr_wrapper.py] mconf, 0.20707851648330688 0.6861846446990967
[loftr_wrapper.py] pair_ids (43,)
[loftr_wrapper.py] corres: (43, 5)
  A MD-prior MPM11 126/249 2.3s/kf | E-I=11.45 E-L=20.49 E-V2=78.63 E-V5b=71.28 E-V5d=71.28 E-V5x2=116.86 E-VI=116.86 | rot0 4.08
/home/kist/Desktop/BundleSAM3DGS/experiments/vggt_probe/models.py:30: FutureWarning: `torch.cuda.amp.autocast(args...)` is deprecated. Please use `torch.amp.autocast('cuda', args...)` instead.
  with torch.cuda.amp.autocast(dtype=torch.bfloat16):
/home/kist/venvs/vggt_probe/lib/python3.10/site-packages/vggt/models/vggt.py:65: FutureWarning: `torch.cuda.amp.autocast(args...)` is deprecated. Please use `torch.amp.autocast('cuda', args...)` instead.
  with torch.cuda.amp.autocast(enabled=False):
[loftr_wrapper.py] image0: torch.Size([1, 1, 400, 400])
/home/kist/Desktop/BundleSAM3DGS/loftr_wrapper.py:45: FutureWarning: `torch.cuda.amp.autocast(args...)` is deprecated. Please use `torch.amp.autocast('cuda', args...)` instead.
  with torch.cuda.amp.autocast(enabled=True):
[loftr_wrapper.py] net forward
[loftr_wrapper.py] mconf, 0.2038610875606537 0.7675548195838928
[loftr_wrapper.py] pair_ids (60,)
[loftr_wrapper.py] corres: (60, 5)
[loftr_wrapper.py] image0: torch.Size([1, 1, 400, 400])
[loftr_wrapper.py] net forward
[loftr_wrapper.py] mconf, 0.20043545961380005 0.6880065202713013
[loftr_wrapper.py] pair_ids (50,)
[loftr_wrapper.py] corres: (50, 5)
[loftr_wrapper.py] image0: torch.Size([1, 1, 400, 400])
[loftr_wrapper.py] net forward
[loftr_wrapper.py] mconf, 0.20075570046901703 0.6532595157623291
[loftr_wrapper.py] pair_ids (49,)
[loftr_wrapper.py] corres: (49, 5)
[loftr_wrapper.py] image0: torch.Size([1, 1, 400, 400])
[loftr_wrapper.py] net forward
[loftr_wrapper.py] mconf, 0.20673251152038574 0.6691730618476868
[loftr_wrapper.py] pair_ids (39,)
[loftr_wrapper.py] corres: (39, 5)
[loftr_wrapper.py] image0: torch.Size([1, 1, 400, 400])
[loftr_wrapper.py] net forward
[loftr_wrapper.py] mconf, 0.20458626747131348 0.7225721478462219
[loftr_wrapper.py] pair_ids (38,)
[loftr_wrapper.py] corres: (38, 5)
[loftr_wrapper.py] image0: torch.Size([1, 1, 400, 400])
[loftr_wrapper.py] net forward
[loftr_wrapper.py] mconf, 0.20012153685092926 0.5575592517852783
[loftr_wrapper.py] pair_ids (47,)
[loftr_wrapper.py] corres: (47, 5)
[loftr_wrapper.py] image0: torch.Size([1, 1, 400, 400])
[loftr_wrapper.py] net forward
[loftr_wrapper.py] mconf, 0.20085667073726654 0.7797069549560547
[loftr_wrapper.py] pair_ids (85,)
[loftr_wrapper.py] corres: (85, 5)
[loftr_wrapper.py] image0: torch.Size([1, 1, 400, 400])
[loftr_wrapper.py] net forward
[loftr_wrapper.py] mconf, 0.20084165036678314 0.7790437340736389
[loftr_wrapper.py] pair_ids (81,)
[loftr_wrapper.py] corres: (81, 5)
[loftr_wrapper.py] image0: torch.Size([1, 1, 400, 400])
[loftr_wrapper.py] net forward
[loftr_wrapper.py] mconf, 0.20068040490150452 0.8098031878471375
[loftr_wrapper.py] pair_ids (98,)
[loftr_wrapper.py] corres: (98, 5)
[loftr_wrapper.py] image0: torch.Size([1, 1, 400, 400])
[loftr_wrapper.py] net forward
[loftr_wrapper.py] mconf, 0.2002512365579605 0.8789097666740417
[loftr_wrapper.py] pair_ids (97,)
[loftr_wrapper.py] corres: (97, 5)
[loftr_wrapper.py] image0: torch.Size([1, 1, 400, 400])
[loftr_wrapper.py] net forward
[loftr_wrapper.py] mconf, 0.20072931051254272 0.7098305821418762
[loftr_wrapper.py] pair_ids (84,)
[loftr_wrapper.py] corres: (84, 5)
[loftr_wrapper.py] image0: torch.Size([1, 1, 400, 400])
[loftr_wrapper.py] net forward
[loftr_wrapper.py] mconf, 0.2000901997089386 0.5893183946609497
[loftr_wrapper.py] pair_ids (63,)
[loftr_wrapper.py] corres: (63, 5)
[loftr_wrapper.py] image0: torch.Size([1, 1, 400, 400])
[loftr_wrapper.py] net forward
[loftr_wrapper.py] mconf, 0.20031097531318665 0.8736485838890076
[loftr_wrapper.py] pair_ids (53,)
[loftr_wrapper.py] corres: (53, 5)
[loftr_wrapper.py] image0: torch.Size([1, 1, 400, 400])
[loftr_wrapper.py] net forward
[loftr_wrapper.py] mconf, 0.20235604047775269 0.6488319635391235
[loftr_wrapper.py] pair_ids (56,)
[loftr_wrapper.py] corres: (56, 5)
[loftr_wrapper.py] image0: torch.Size([1, 1, 400, 400])
[loftr_wrapper.py] net forward
[loftr_wrapper.py] mconf, 0.2002921998500824 0.7637484073638916
[loftr_wrapper.py] pair_ids (68,)
[loftr_wrapper.py] corres: (68, 5)
[loftr_wrapper.py] image0: torch.Size([1, 1, 400, 400])
[loftr_wrapper.py] net forward
[loftr_wrapper.py] mconf, 0.2010706514120102 0.753221333026886
[loftr_wrapper.py] pair_ids (61,)
[loftr_wrapper.py] corres: (61, 5)
[loftr_wrapper.py] image0: torch.Size([1, 1, 400, 400])
[loftr_wrapper.py] net forward
[loftr_wrapper.py] mconf, 0.2010607123374939 0.5856205224990845
[loftr_wrapper.py] pair_ids (56,)
[loftr_wrapper.py] corres: (56, 5)
[loftr_wrapper.py] image0: torch.Size([1, 1, 400, 400])
[loftr_wrapper.py] net forward
[loftr_wrapper.py] mconf, 0.20139674842357635 0.6625673770904541
[loftr_wrapper.py] pair_ids (78,)
[loftr_wrapper.py] corres: (78, 5)
[loftr_wrapper.py] image0: torch.Size([1, 1, 400, 400])
[loftr_wrapper.py] net forward
[loftr_wrapper.py] mconf, 0.2026578187942505 0.7249332070350647
[loftr_wrapper.py] pair_ids (60,)
[loftr_wrapper.py] corres: (60, 5)
[loftr_wrapper.py] image0: torch.Size([1, 1, 400, 400])
[loftr_wrapper.py] net forward
[loftr_wrapper.py] mconf, 0.20496228337287903 0.9131136536598206
[loftr_wrapper.py] pair_ids (65,)
[loftr_wrapper.py] corres: (65, 5)
[loftr_wrapper.py] image0: torch.Size([1, 1, 400, 400])
[loftr_wrapper.py] net forward
[loftr_wrapper.py] mconf, 0.20010654628276825 0.5419092178344727
[loftr_wrapper.py] pair_ids (49,)
[loftr_wrapper.py] corres: (49, 5)
[loftr_wrapper.py] image0: torch.Size([1, 1, 400, 400])
[loftr_wrapper.py] net forward
[loftr_wrapper.py] mconf, 0.20110228657722473 0.6837614178657532
[loftr_wrapper.py] pair_ids (52,)
[loftr_wrapper.py] corres: (52, 5)
[loftr_wrapper.py] image0: torch.Size([1, 1, 400, 400])
[loftr_wrapper.py] net forward
[loftr_wrapper.py] mconf, 0.20666922628879547 0.5805624127388
[loftr_wrapper.py] pair_ids (54,)
[loftr_wrapper.py] corres: (54, 5)
[loftr_wrapper.py] image0: torch.Size([1, 1, 400, 400])
[loftr_wrapper.py] net forward
[loftr_wrapper.py] mconf, 0.2062930315732956 0.7727603316307068
[loftr_wrapper.py] pair_ids (47,)
[loftr_wrapper.py] corres: (47, 5)
[loftr_wrapper.py] image0: torch.Size([1, 1, 400, 400])
[loftr_wrapper.py] net forward
[loftr_wrapper.py] mconf, 0.20036497712135315 0.6952358484268188
[loftr_wrapper.py] pair_ids (41,)
[loftr_wrapper.py] corres: (41, 5)
  A MD-prior MPM11 151/249 2.3s/kf | E-I=12.60 E-L=17.76 E-V2=124.28 E-V5b=63.41 E-V5d=63.34 E-V5x2=87.91 E-VI=87.91 | rot0 5.55
/home/kist/Desktop/BundleSAM3DGS/experiments/vggt_probe/models.py:30: FutureWarning: `torch.cuda.amp.autocast(args...)` is deprecated. Please use `torch.amp.autocast('cuda', args...)` instead.
  with torch.cuda.amp.autocast(dtype=torch.bfloat16):
/home/kist/venvs/vggt_probe/lib/python3.10/site-packages/vggt/models/vggt.py:65: FutureWarning: `torch.cuda.amp.autocast(args...)` is deprecated. Please use `torch.amp.autocast('cuda', args...)` instead.
  with torch.cuda.amp.autocast(enabled=False):
[loftr_wrapper.py] image0: torch.Size([1, 1, 400, 400])
/home/kist/Desktop/BundleSAM3DGS/loftr_wrapper.py:45: FutureWarning: `torch.cuda.amp.autocast(args...)` is deprecated. Please use `torch.amp.autocast('cuda', args...)` instead.
  with torch.cuda.amp.autocast(enabled=True):
[loftr_wrapper.py] net forward
[loftr_wrapper.py] mconf, 0.20099036395549774 0.7646764516830444
[loftr_wrapper.py] pair_ids (45,)
[loftr_wrapper.py] corres: (45, 5)
[loftr_wrapper.py] image0: torch.Size([1, 1, 400, 400])
[loftr_wrapper.py] net forward
[loftr_wrapper.py] mconf, 0.20026656985282898 0.7897353172302246
[loftr_wrapper.py] pair_ids (63,)
[loftr_wrapper.py] corres: (63, 5)
[loftr_wrapper.py] image0: torch.Size([1, 1, 400, 400])
[loftr_wrapper.py] net forward
[loftr_wrapper.py] mconf, 0.2004600167274475 0.6890679597854614
[loftr_wrapper.py] pair_ids (59,)
[loftr_wrapper.py] corres: (59, 5)
[loftr_wrapper.py] image0: torch.Size([1, 1, 400, 400])
[loftr_wrapper.py] net forward
[loftr_wrapper.py] mconf, 0.20113985240459442 0.6573110818862915
[loftr_wrapper.py] pair_ids (41,)
[loftr_wrapper.py] corres: (41, 5)
[loftr_wrapper.py] image0: torch.Size([1, 1, 400, 400])
[loftr_wrapper.py] net forward
[loftr_wrapper.py] mconf, 0.2004280984401703 0.720184862613678
[loftr_wrapper.py] pair_ids (62,)
[loftr_wrapper.py] corres: (62, 5)
[loftr_wrapper.py] image0: torch.Size([1, 1, 400, 400])
[loftr_wrapper.py] net forward
[loftr_wrapper.py] mconf, 0.2045523077249527 0.8061174154281616
[loftr_wrapper.py] pair_ids (54,)
[loftr_wrapper.py] corres: (54, 5)
[loftr_wrapper.py] image0: torch.Size([1, 1, 400, 400])
[loftr_wrapper.py] net forward
[loftr_wrapper.py] mconf, 0.2067010998725891 0.9089128971099854
[loftr_wrapper.py] pair_ids (70,)
[loftr_wrapper.py] corres: (70, 5)
[loftr_wrapper.py] image0: torch.Size([1, 1, 400, 400])
[loftr_wrapper.py] net forward
[loftr_wrapper.py] mconf, 0.20551839470863342 0.7991694808006287
[loftr_wrapper.py] pair_ids (79,)
[loftr_wrapper.py] corres: (79, 5)
[loftr_wrapper.py] image0: torch.Size([1, 1, 400, 400])
[loftr_wrapper.py] net forward
[loftr_wrapper.py] mconf, 0.20166561007499695 0.7849804759025574
[loftr_wrapper.py] pair_ids (51,)
[loftr_wrapper.py] corres: (51, 5)
[loftr_wrapper.py] image0: torch.Size([1, 1, 400, 400])
[loftr_wrapper.py] net forward
[loftr_wrapper.py] mconf, 0.20110735297203064 0.8073749542236328
[loftr_wrapper.py] pair_ids (62,)
[loftr_wrapper.py] corres: (62, 5)
[loftr_wrapper.py] image0: torch.Size([1, 1, 400, 400])
[loftr_wrapper.py] net forward
[loftr_wrapper.py] mconf, 0.20084698498249054 0.7983836531639099
[loftr_wrapper.py] pair_ids (54,)
[loftr_wrapper.py] corres: (54, 5)
[loftr_wrapper.py] image0: torch.Size([1, 1, 400, 400])
[loftr_wrapper.py] net forward
[loftr_wrapper.py] mconf, 0.20503930747509003 0.7462193965911865
[loftr_wrapper.py] pair_ids (67,)
[loftr_wrapper.py] corres: (67, 5)
[loftr_wrapper.py] image0: torch.Size([1, 1, 400, 400])
[loftr_wrapper.py] net forward
[loftr_wrapper.py] mconf, 0.20737819373607635 0.7193779945373535
[loftr_wrapper.py] pair_ids (57,)
[loftr_wrapper.py] corres: (57, 5)
[loftr_wrapper.py] image0: torch.Size([1, 1, 400, 400])
[loftr_wrapper.py] net forward
[loftr_wrapper.py] mconf, 0.20860569179058075 0.8544242978096008
[loftr_wrapper.py] pair_ids (37,)
[loftr_wrapper.py] corres: (37, 5)
[loftr_wrapper.py] image0: torch.Size([1, 1, 400, 400])
[loftr_wrapper.py] net forward
[loftr_wrapper.py] mconf, 0.2011539787054062 0.8175817131996155
[loftr_wrapper.py] pair_ids (62,)
[loftr_wrapper.py] corres: (62, 5)
[loftr_wrapper.py] image0: torch.Size([1, 1, 400, 400])
[loftr_wrapper.py] net forward
[loftr_wrapper.py] mconf, 0.20543763041496277 0.899141252040863
[loftr_wrapper.py] pair_ids (60,)
[loftr_wrapper.py] corres: (60, 5)
[loftr_wrapper.py] image0: torch.Size([1, 1, 400, 400])
[loftr_wrapper.py] net forward
[loftr_wrapper.py] mconf, 0.20307278633117676 0.815698504447937
[loftr_wrapper.py] pair_ids (59,)
[loftr_wrapper.py] corres: (59, 5)
[loftr_wrapper.py] image0: torch.Size([1, 1, 400, 400])
[loftr_wrapper.py] net forward
[loftr_wrapper.py] mconf, 0.20968766510486603 0.8716684579849243
[loftr_wrapper.py] pair_ids (45,)
[loftr_wrapper.py] corres: (45, 5)
[loftr_wrapper.py] image0: torch.Size([1, 1, 400, 400])
[loftr_wrapper.py] net forward
[loftr_wrapper.py] mconf, 0.2032555788755417 0.7238084077835083
[loftr_wrapper.py] pair_ids (73,)
[loftr_wrapper.py] corres: (73, 5)
[loftr_wrapper.py] image0: torch.Size([1, 1, 400, 400])
[loftr_wrapper.py] net forward
[loftr_wrapper.py] mconf, 0.2008255273103714 0.7526419162750244
[loftr_wrapper.py] pair_ids (54,)
[loftr_wrapper.py] corres: (54, 5)
[loftr_wrapper.py] image0: torch.Size([1, 1, 400, 400])
[loftr_wrapper.py] net forward
[loftr_wrapper.py] mconf, 0.20051099359989166 0.7129396200180054
[loftr_wrapper.py] pair_ids (75,)
[loftr_wrapper.py] corres: (75, 5)
[loftr_wrapper.py] image0: torch.Size([1, 1, 400, 400])
[loftr_wrapper.py] net forward
[loftr_wrapper.py] mconf, 0.20130102336406708 0.6539987921714783
[loftr_wrapper.py] pair_ids (52,)
[loftr_wrapper.py] corres: (52, 5)
[loftr_wrapper.py] image0: torch.Size([1, 1, 400, 400])
[loftr_wrapper.py] net forward
[loftr_wrapper.py] mconf, 0.20130828022956848 0.8324351906776428
[loftr_wrapper.py] pair_ids (64,)
[loftr_wrapper.py] corres: (64, 5)
[loftr_wrapper.py] image0: torch.Size([1, 1, 400, 400])
[loftr_wrapper.py] net forward
[loftr_wrapper.py] mconf, 0.2026437669992447 0.7966772317886353
[loftr_wrapper.py] pair_ids (55,)
[loftr_wrapper.py] corres: (55, 5)
[loftr_wrapper.py] image0: torch.Size([1, 1, 400, 400])
[loftr_wrapper.py] net forward
[loftr_wrapper.py] mconf, 0.20011091232299805 0.530303418636322
[loftr_wrapper.py] pair_ids (35,)
[loftr_wrapper.py] corres: (35, 5)
  A MD-prior MPM11 176/249 2.3s/kf | E-I=12.91 E-L=8.16 E-V2=109.71 E-V5b=99.99 E-V5d=99.93 E-V5x2=115.45 E-VI=114.78 | rot0 3.02
/home/kist/Desktop/BundleSAM3DGS/experiments/vggt_probe/models.py:30: FutureWarning: `torch.cuda.amp.autocast(args...)` is deprecated. Please use `torch.amp.autocast('cuda', args...)` instead.
  with torch.cuda.amp.autocast(dtype=torch.bfloat16):
/home/kist/venvs/vggt_probe/lib/python3.10/site-packages/vggt/models/vggt.py:65: FutureWarning: `torch.cuda.amp.autocast(args...)` is deprecated. Please use `torch.amp.autocast('cuda', args...)` instead.
  with torch.cuda.amp.autocast(enabled=False):
[loftr_wrapper.py] image0: torch.Size([1, 1, 400, 400])
/home/kist/Desktop/BundleSAM3DGS/loftr_wrapper.py:45: FutureWarning: `torch.cuda.amp.autocast(args...)` is deprecated. Please use `torch.amp.autocast('cuda', args...)` instead.
  with torch.cuda.amp.autocast(enabled=True):
[loftr_wrapper.py] net forward
[loftr_wrapper.py] mconf, 0.20474447309970856 0.7646521925926208
[loftr_wrapper.py] pair_ids (65,)
[loftr_wrapper.py] corres: (65, 5)
[loftr_wrapper.py] image0: torch.Size([1, 1, 400, 400])
[loftr_wrapper.py] net forward
[loftr_wrapper.py] mconf, 0.2004622519016266 0.8350638151168823
[loftr_wrapper.py] pair_ids (65,)
[loftr_wrapper.py] corres: (65, 5)
[loftr_wrapper.py] image0: torch.Size([1, 1, 400, 400])
[loftr_wrapper.py] net forward
[loftr_wrapper.py] mconf, 0.2001921832561493 0.7073646187782288
[loftr_wrapper.py] pair_ids (51,)
[loftr_wrapper.py] corres: (51, 5)
[loftr_wrapper.py] image0: torch.Size([1, 1, 400, 400])
[loftr_wrapper.py] net forward
[loftr_wrapper.py] mconf, 0.2009553611278534 0.9072877764701843
[loftr_wrapper.py] pair_ids (92,)
[loftr_wrapper.py] corres: (92, 5)
[loftr_wrapper.py] image0: torch.Size([1, 1, 400, 400])
[loftr_wrapper.py] net forward
[loftr_wrapper.py] mconf, 0.20078951120376587 0.5628545880317688
[loftr_wrapper.py] pair_ids (70,)
[loftr_wrapper.py] corres: (70, 5)
[loftr_wrapper.py] image0: torch.Size([1, 1, 400, 400])
[loftr_wrapper.py] net forward
[loftr_wrapper.py] mconf, 0.20022810995578766 0.8586280941963196
[loftr_wrapper.py] pair_ids (70,)
[loftr_wrapper.py] corres: (70, 5)
[loftr_wrapper.py] image0: torch.Size([1, 1, 400, 400])
[loftr_wrapper.py] net forward
[loftr_wrapper.py] mconf, 0.20052920281887054 0.8874331116676331
[loftr_wrapper.py] pair_ids (96,)
[loftr_wrapper.py] corres: (96, 5)
[loftr_wrapper.py] image0: torch.Size([1, 1, 400, 400])
[loftr_wrapper.py] net forward
[loftr_wrapper.py] mconf, 0.20066891610622406 0.7618851065635681
[loftr_wrapper.py] pair_ids (96,)
[loftr_wrapper.py] corres: (96, 5)
[loftr_wrapper.py] image0: torch.Size([1, 1, 400, 400])
[loftr_wrapper.py] net forward
[loftr_wrapper.py] mconf, 0.20085014402866364 0.8557732105255127
[loftr_wrapper.py] pair_ids (119,)
[loftr_wrapper.py] corres: (119, 5)
[loftr_wrapper.py] image0: torch.Size([1, 1, 400, 400])
[loftr_wrapper.py] net forward
[loftr_wrapper.py] mconf, 0.20815090835094452 0.7589908242225647
[loftr_wrapper.py] pair_ids (75,)
[loftr_wrapper.py] corres: (75, 5)
[loftr_wrapper.py] image0: torch.Size([1, 1, 400, 400])
[loftr_wrapper.py] net forward
[loftr_wrapper.py] mconf, 0.2030642330646515 0.7687957882881165
[loftr_wrapper.py] pair_ids (79,)
[loftr_wrapper.py] corres: (79, 5)
[loftr_wrapper.py] image0: torch.Size([1, 1, 400, 400])
[loftr_wrapper.py] net forward
[loftr_wrapper.py] mconf, 0.2026953101158142 0.7970114350318909
[loftr_wrapper.py] pair_ids (81,)
[loftr_wrapper.py] corres: (81, 5)
[loftr_wrapper.py] image0: torch.Size([1, 1, 400, 400])
[loftr_wrapper.py] net forward
[loftr_wrapper.py] mconf, 0.20005877315998077 0.7005994319915771
[loftr_wrapper.py] pair_ids (94,)
[loftr_wrapper.py] corres: (94, 5)
[loftr_wrapper.py] image0: torch.Size([1, 1, 400, 400])
[loftr_wrapper.py] net forward
[loftr_wrapper.py] mconf, 0.20046746730804443 0.7021073698997498
[loftr_wrapper.py] pair_ids (72,)
[loftr_wrapper.py] corres: (72, 5)
[loftr_wrapper.py] image0: torch.Size([1, 1, 400, 400])
[loftr_wrapper.py] net forward
[loftr_wrapper.py] mconf, 0.20081132650375366 0.9030945897102356
[loftr_wrapper.py] pair_ids (73,)
[loftr_wrapper.py] corres: (73, 5)
[loftr_wrapper.py] image0: torch.Size([1, 1, 400, 400])
[loftr_wrapper.py] net forward
[loftr_wrapper.py] mconf, 0.2004242241382599 0.8420109152793884
[loftr_wrapper.py] pair_ids (63,)
[loftr_wrapper.py] corres: (63, 5)
[loftr_wrapper.py] image0: torch.Size([1, 1, 400, 400])
[loftr_wrapper.py] net forward
[loftr_wrapper.py] mconf, 0.20023921132087708 0.7653323411941528
[loftr_wrapper.py] pair_ids (63,)
[loftr_wrapper.py] corres: (63, 5)
[loftr_wrapper.py] image0: torch.Size([1, 1, 400, 400])
[loftr_wrapper.py] net forward
[loftr_wrapper.py] mconf, 0.2004079520702362 0.6757136583328247
[loftr_wrapper.py] pair_ids (75,)
[loftr_wrapper.py] corres: (75, 5)
[loftr_wrapper.py] image0: torch.Size([1, 1, 400, 400])
[loftr_wrapper.py] net forward
[loftr_wrapper.py] mconf, 0.2002720981836319 0.7508795857429504
[loftr_wrapper.py] pair_ids (65,)
[loftr_wrapper.py] corres: (65, 5)
[loftr_wrapper.py] image0: torch.Size([1, 1, 400, 400])
[loftr_wrapper.py] net forward
[loftr_wrapper.py] mconf, 0.20531302690505981 0.6527810096740723
[loftr_wrapper.py] pair_ids (52,)
[loftr_wrapper.py] corres: (52, 5)
[loftr_wrapper.py] image0: torch.Size([1, 1, 400, 400])
[loftr_wrapper.py] net forward
[loftr_wrapper.py] mconf, 0.20310378074645996 0.7335301637649536
[loftr_wrapper.py] pair_ids (56,)
[loftr_wrapper.py] corres: (56, 5)
[loftr_wrapper.py] image0: torch.Size([1, 1, 400, 400])
[loftr_wrapper.py] net forward
[loftr_wrapper.py] mconf, 0.2023947387933731 0.620857834815979
[loftr_wrapper.py] pair_ids (31,)
[loftr_wrapper.py] corres: (31, 5)
[loftr_wrapper.py] image0: torch.Size([1, 1, 400, 400])
[loftr_wrapper.py] net forward
[loftr_wrapper.py] mconf, 0.2004285454750061 0.7765434384346008
[loftr_wrapper.py] pair_ids (49,)
[loftr_wrapper.py] corres: (49, 5)
[loftr_wrapper.py] image0: torch.Size([1, 1, 400, 400])
[loftr_wrapper.py] net forward
[loftr_wrapper.py] mconf, 0.20124177634716034 0.891534149646759
[loftr_wrapper.py] pair_ids (55,)
[loftr_wrapper.py] corres: (55, 5)
[loftr_wrapper.py] image0: torch.Size([1, 1, 400, 400])
[loftr_wrapper.py] net forward
[loftr_wrapper.py] mconf, 0.20459674298763275 0.8985657095909119
[loftr_wrapper.py] pair_ids (58,)
[loftr_wrapper.py] corres: (58, 5)
  A MD-prior MPM11 201/249 2.3s/kf | E-I=15.54 E-L=14.95 E-V2=139.17 E-V5b=138.40 E-V5d=138.39 E-V5x2=92.44 E-VI=92.44 | rot0 7.33
/home/kist/Desktop/BundleSAM3DGS/experiments/vggt_probe/models.py:30: FutureWarning: `torch.cuda.amp.autocast(args...)` is deprecated. Please use `torch.amp.autocast('cuda', args...)` instead.
  with torch.cuda.amp.autocast(dtype=torch.bfloat16):
/home/kist/venvs/vggt_probe/lib/python3.10/site-packages/vggt/models/vggt.py:65: FutureWarning: `torch.cuda.amp.autocast(args...)` is deprecated. Please use `torch.amp.autocast('cuda', args...)` instead.
  with torch.cuda.amp.autocast(enabled=False):
[loftr_wrapper.py] image0: torch.Size([1, 1, 400, 400])
/home/kist/Desktop/BundleSAM3DGS/loftr_wrapper.py:45: FutureWarning: `torch.cuda.amp.autocast(args...)` is deprecated. Please use `torch.amp.autocast('cuda', args...)` instead.
  with torch.cuda.amp.autocast(enabled=True):
[loftr_wrapper.py] net forward
[loftr_wrapper.py] mconf, 0.20028851926326752 0.7290678024291992
[loftr_wrapper.py] pair_ids (52,)
[loftr_wrapper.py] corres: (52, 5)
[loftr_wrapper.py] image0: torch.Size([1, 1, 400, 400])
[loftr_wrapper.py] net forward
[loftr_wrapper.py] mconf, 0.20549480617046356 0.6400426030158997
[loftr_wrapper.py] pair_ids (28,)
[loftr_wrapper.py] corres: (28, 5)
[loftr_wrapper.py] image0: torch.Size([1, 1, 400, 400])
[loftr_wrapper.py] net forward
[loftr_wrapper.py] mconf, 0.20386217534542084 0.6868705153465271
[loftr_wrapper.py] pair_ids (43,)
[loftr_wrapper.py] corres: (43, 5)
[loftr_wrapper.py] image0: torch.Size([1, 1, 400, 400])
[loftr_wrapper.py] net forward
[loftr_wrapper.py] mconf, 0.200845867395401 0.67229825258255
[loftr_wrapper.py] pair_ids (53,)
[loftr_wrapper.py] corres: (53, 5)
[loftr_wrapper.py] image0: torch.Size([1, 1, 400, 400])
[loftr_wrapper.py] net forward
[loftr_wrapper.py] mconf, 0.2014206200838089 0.6703518033027649
[loftr_wrapper.py] pair_ids (47,)
[loftr_wrapper.py] corres: (47, 5)
[loftr_wrapper.py] image0: torch.Size([1, 1, 400, 400])
[loftr_wrapper.py] net forward
[loftr_wrapper.py] mconf, 0.20252546668052673 0.7808372378349304
[loftr_wrapper.py] pair_ids (37,)
[loftr_wrapper.py] corres: (37, 5)
[loftr_wrapper.py] image0: torch.Size([1, 1, 400, 400])
[loftr_wrapper.py] net forward
[loftr_wrapper.py] mconf, 0.20286014676094055 0.7794255018234253
[loftr_wrapper.py] pair_ids (44,)
[loftr_wrapper.py] corres: (44, 5)
[loftr_wrapper.py] image0: torch.Size([1, 1, 400, 400])
[loftr_wrapper.py] net forward
[loftr_wrapper.py] mconf, 0.20323409140110016 0.6570146679878235
[loftr_wrapper.py] pair_ids (47,)
[loftr_wrapper.py] corres: (47, 5)
[loftr_wrapper.py] image0: torch.Size([1, 1, 400, 400])
[loftr_wrapper.py] net forward
[loftr_wrapper.py] mconf, 0.21007351577281952 0.8421225547790527
[loftr_wrapper.py] pair_ids (60,)
[loftr_wrapper.py] corres: (60, 5)
[loftr_wrapper.py] image0: torch.Size([1, 1, 400, 400])
[loftr_wrapper.py] net forward
[loftr_wrapper.py] mconf, 0.2017294317483902 0.7272462844848633
[loftr_wrapper.py] pair_ids (56,)
[loftr_wrapper.py] corres: (56, 5)
[loftr_wrapper.py] image0: torch.Size([1, 1, 400, 400])
[loftr_wrapper.py] net forward
[loftr_wrapper.py] mconf, 0.20097792148590088 0.6632835268974304
[loftr_wrapper.py] pair_ids (50,)
[loftr_wrapper.py] corres: (50, 5)
[loftr_wrapper.py] image0: torch.Size([1, 1, 400, 400])
[loftr_wrapper.py] net forward
[loftr_wrapper.py] mconf, 0.20416653156280518 0.795215904712677
[loftr_wrapper.py] pair_ids (48,)
[loftr_wrapper.py] corres: (48, 5)
[loftr_wrapper.py] image0: torch.Size([1, 1, 400, 400])
[loftr_wrapper.py] net forward
[loftr_wrapper.py] mconf, 0.20368653535842896 0.635325014591217
[loftr_wrapper.py] pair_ids (46,)
[loftr_wrapper.py] corres: (46, 5)
[loftr_wrapper.py] image0: torch.Size([1, 1, 400, 400])
[loftr_wrapper.py] net forward
[loftr_wrapper.py] mconf, 0.20696863532066345 0.4690994322299957
[loftr_wrapper.py] pair_ids (30,)
[loftr_wrapper.py] corres: (30, 5)
[loftr_wrapper.py] image0: torch.Size([1, 1, 400, 400])
[loftr_wrapper.py] net forward
[loftr_wrapper.py] mconf, 0.20109891891479492 0.8520498871803284
[loftr_wrapper.py] pair_ids (46,)
[loftr_wrapper.py] corres: (46, 5)
[loftr_wrapper.py] image0: torch.Size([1, 1, 400, 400])
[loftr_wrapper.py] net forward
[loftr_wrapper.py] mconf, 0.20065346360206604 0.6705450415611267
[loftr_wrapper.py] pair_ids (45,)
[loftr_wrapper.py] corres: (45, 5)
[loftr_wrapper.py] image0: torch.Size([1, 1, 400, 400])
[loftr_wrapper.py] net forward
[loftr_wrapper.py] mconf, 0.20233386754989624 0.7216453552246094
[loftr_wrapper.py] pair_ids (44,)
[loftr_wrapper.py] corres: (44, 5)
[loftr_wrapper.py] image0: torch.Size([1, 1, 400, 400])
[loftr_wrapper.py] net forward
[loftr_wrapper.py] mconf, 0.20034931600093842 0.780144453048706
[loftr_wrapper.py] pair_ids (45,)
[loftr_wrapper.py] corres: (45, 5)
[loftr_wrapper.py] image0: torch.Size([1, 1, 400, 400])
[loftr_wrapper.py] net forward
[loftr_wrapper.py] mconf, 0.20050691068172455 0.6592239737510681
[loftr_wrapper.py] pair_ids (47,)
[loftr_wrapper.py] corres: (47, 5)
[loftr_wrapper.py] image0: torch.Size([1, 1, 400, 400])
[loftr_wrapper.py] net forward
[loftr_wrapper.py] mconf, 0.20029912889003754 0.6791645884513855
[loftr_wrapper.py] pair_ids (51,)
[loftr_wrapper.py] corres: (51, 5)
[loftr_wrapper.py] image0: torch.Size([1, 1, 400, 400])
[loftr_wrapper.py] net forward
[loftr_wrapper.py] mconf, 0.2035866230726242 0.6821070313453674
[loftr_wrapper.py] pair_ids (57,)
[loftr_wrapper.py] corres: (57, 5)
[loftr_wrapper.py] image0: torch.Size([1, 1, 400, 400])
[loftr_wrapper.py] net forward
[loftr_wrapper.py] mconf, 0.2019868940114975 0.7006548047065735
[loftr_wrapper.py] pair_ids (63,)
[loftr_wrapper.py] corres: (63, 5)
[loftr_wrapper.py] image0: torch.Size([1, 1, 400, 400])
[loftr_wrapper.py] net forward
[loftr_wrapper.py] mconf, 0.20145529508590698 0.7181174159049988
[loftr_wrapper.py] pair_ids (64,)
[loftr_wrapper.py] corres: (64, 5)
[loftr_wrapper.py] image0: torch.Size([1, 1, 400, 400])
[loftr_wrapper.py] net forward
[loftr_wrapper.py] mconf, 0.2005409300327301 0.697262704372406
[loftr_wrapper.py] pair_ids (59,)
[loftr_wrapper.py] corres: (59, 5)
[loftr_wrapper.py] image0: torch.Size([1, 1, 400, 400])
[loftr_wrapper.py] net forward
[loftr_wrapper.py] mconf, 0.20112751424312592 0.8600565195083618
[loftr_wrapper.py] pair_ids (42,)
[loftr_wrapper.py] corres: (42, 5)
  A MD-prior MPM11 226/249 1.4s/kf | E-I=12.55 E-L=23.83 E-V2=148.50 E-V5b=124.72 E-V5d=124.69 E-V5x2=85.88 E-VI=85.88 | rot0 7.40
/home/kist/Desktop/BundleSAM3DGS/experiments/vggt_probe/models.py:30: FutureWarning: `torch.cuda.amp.autocast(args...)` is deprecated. Please use `torch.amp.autocast('cuda', args...)` instead.
  with torch.cuda.amp.autocast(dtype=torch.bfloat16):
/home/kist/venvs/vggt_probe/lib/python3.10/site-packages/vggt/models/vggt.py:65: FutureWarning: `torch.cuda.amp.autocast(args...)` is deprecated. Please use `torch.amp.autocast('cuda', args...)` instead.
  with torch.cuda.amp.autocast(enabled=False):
[loftr_wrapper.py] image0: torch.Size([1, 1, 400, 400])
/home/kist/Desktop/BundleSAM3DGS/loftr_wrapper.py:45: FutureWarning: `torch.cuda.amp.autocast(args...)` is deprecated. Please use `torch.amp.autocast('cuda', args...)` instead.
  with torch.cuda.amp.autocast(enabled=True):
[loftr_wrapper.py] net forward
[loftr_wrapper.py] mconf, 0.20185835659503937 0.5145453214645386
[loftr_wrapper.py] pair_ids (48,)
[loftr_wrapper.py] corres: (48, 5)
[loftr_wrapper.py] image0: torch.Size([1, 1, 400, 400])
[loftr_wrapper.py] net forward
[loftr_wrapper.py] mconf, 0.21012122929096222 0.7793686389923096
[loftr_wrapper.py] pair_ids (36,)
[loftr_wrapper.py] corres: (36, 5)
[loftr_wrapper.py] image0: torch.Size([1, 1, 400, 400])
[loftr_wrapper.py] net forward
[loftr_wrapper.py] mconf, 0.20138736069202423 0.8016520142555237
[loftr_wrapper.py] pair_ids (50,)
[loftr_wrapper.py] corres: (50, 5)
[loftr_wrapper.py] image0: torch.Size([1, 1, 400, 400])
[loftr_wrapper.py] net forward
[loftr_wrapper.py] mconf, 0.20364046096801758 0.7413867712020874
[loftr_wrapper.py] pair_ids (51,)
[loftr_wrapper.py] corres: (51, 5)
[loftr_wrapper.py] image0: torch.Size([1, 1, 400, 400])
[loftr_wrapper.py] net forward
[loftr_wrapper.py] mconf, 0.20018678903579712 0.8491306900978088
[loftr_wrapper.py] pair_ids (75,)
[loftr_wrapper.py] corres: (75, 5)
[loftr_wrapper.py] image0: torch.Size([1, 1, 400, 400])
[loftr_wrapper.py] net forward
[loftr_wrapper.py] mconf, 0.20305688679218292 0.6937625408172607
[loftr_wrapper.py] pair_ids (73,)
[loftr_wrapper.py] corres: (73, 5)
[loftr_wrapper.py] image0: torch.Size([1, 1, 400, 400])
[loftr_wrapper.py] net forward
[loftr_wrapper.py] mconf, 0.20035633444786072 0.8294582962989807
[loftr_wrapper.py] pair_ids (59,)
[loftr_wrapper.py] corres: (59, 5)
[loftr_wrapper.py] image0: torch.Size([1, 1, 400, 400])
[loftr_wrapper.py] net forward
[loftr_wrapper.py] mconf, 0.20015285909175873 0.9247206449508667
[loftr_wrapper.py] pair_ids (50,)
[loftr_wrapper.py] corres: (50, 5)
[loftr_wrapper.py] image0: torch.Size([1, 1, 400, 400])
[loftr_wrapper.py] net forward
[loftr_wrapper.py] mconf, 0.20059385895729065 0.863898515701294
[loftr_wrapper.py] pair_ids (54,)
[loftr_wrapper.py] corres: (54, 5)
[loftr_wrapper.py] image0: torch.Size([1, 1, 400, 400])
[loftr_wrapper.py] net forward
[loftr_wrapper.py] mconf, 0.20107950270175934 0.8911319375038147
[loftr_wrapper.py] pair_ids (58,)
[loftr_wrapper.py] corres: (58, 5)
[loftr_wrapper.py] image0: torch.Size([1, 1, 400, 400])
[loftr_wrapper.py] net forward
[loftr_wrapper.py] mconf, 0.20238502323627472 0.6226184368133545
[loftr_wrapper.py] pair_ids (44,)
[loftr_wrapper.py] corres: (44, 5)
[loftr_wrapper.py] image0: torch.Size([1, 1, 400, 400])
[loftr_wrapper.py] net forward
[loftr_wrapper.py] mconf, 0.2002851516008377 0.7089075446128845
[loftr_wrapper.py] pair_ids (64,)
[loftr_wrapper.py] corres: (64, 5)
[loftr_wrapper.py] image0: torch.Size([1, 1, 400, 400])
[loftr_wrapper.py] net forward
[loftr_wrapper.py] mconf, 0.20105725526809692 0.6887699365615845
[loftr_wrapper.py] pair_ids (47,)
[loftr_wrapper.py] corres: (47, 5)
[loftr_wrapper.py] image0: torch.Size([1, 1, 400, 400])
[loftr_wrapper.py] net forward
[loftr_wrapper.py] mconf, 0.20047909021377563 0.5469205379486084
[loftr_wrapper.py] pair_ids (59,)
[loftr_wrapper.py] corres: (59, 5)
[loftr_wrapper.py] image0: torch.Size([1, 1, 400, 400])
[loftr_wrapper.py] net forward
[loftr_wrapper.py] mconf, 0.2003382444381714 0.6951630711555481
[loftr_wrapper.py] pair_ids (64,)
[loftr_wrapper.py] corres: (64, 5)
[loftr_wrapper.py] image0: torch.Size([1, 1, 400, 400])
[loftr_wrapper.py] net forward
[loftr_wrapper.py] mconf, 0.20143897831439972 0.839057981967926
[loftr_wrapper.py] pair_ids (88,)
[loftr_wrapper.py] corres: (88, 5)
[loftr_wrapper.py] image0: torch.Size([1, 1, 400, 400])
[loftr_wrapper.py] net forward
[loftr_wrapper.py] mconf, 0.20060010254383087 0.6683140397071838
[loftr_wrapper.py] pair_ids (73,)
[loftr_wrapper.py] corres: (73, 5)
[loftr_wrapper.py] image0: torch.Size([1, 1, 400, 400])
[loftr_wrapper.py] net forward
[loftr_wrapper.py] mconf, 0.20011568069458008 0.6937459707260132
[loftr_wrapper.py] pair_ids (75,)
[loftr_wrapper.py] corres: (75, 5)
[loftr_wrapper.py] image0: torch.Size([1, 1, 400, 400])
[loftr_wrapper.py] net forward
[loftr_wrapper.py] mconf, 0.20158858597278595 0.7470412254333496
[loftr_wrapper.py] pair_ids (96,)
[loftr_wrapper.py] corres: (96, 5)
[loftr_wrapper.py] image0: torch.Size([1, 1, 400, 400])
[loftr_wrapper.py] net forward
[loftr_wrapper.py] mconf, 0.2000395953655243 0.6248795986175537
[loftr_wrapper.py] pair_ids (52,)
[loftr_wrapper.py] corres: (52, 5)
[loftr_wrapper.py] image0: torch.Size([1, 1, 400, 400])
[loftr_wrapper.py] net forward
[loftr_wrapper.py] mconf, 0.20060762763023376 0.710896372795105
[loftr_wrapper.py] pair_ids (90,)
[loftr_wrapper.py] corres: (90, 5)
[loftr_wrapper.py] image0: torch.Size([1, 1, 400, 400])
[loftr_wrapper.py] net forward
[loftr_wrapper.py] mconf, 0.2002311795949936 0.961085855960846
[loftr_wrapper.py] pair_ids (132,)
[loftr_wrapper.py] corres: (132, 5)
[loftr_wrapper.py] image0: torch.Size([1, 1, 400, 400])
[loftr_wrapper.py] net forward
[loftr_wrapper.py] mconf, 0.2005080133676529 0.8369719982147217
[loftr_wrapper.py] pair_ids (177,)
[loftr_wrapper.py] corres: (177, 5)
DONE A MD-prior MPM11 jobs 249 543s | E-I=13.79/0% E-L=14.95/1% E-V2=108.93/0% E-V5b=89.07/0% E-V5d=88.66/0% E-V5x2=80.05/0% E-VI=81.90/0% | rot0 5.71
/home/kist/Desktop/BundleSAM3DGS/experiments/vggt_probe/models.py:30: FutureWarning: `torch.cuda.amp.autocast(args...)` is deprecated. Please use `torch.amp.autocast('cuda', args...)` instead.
  with torch.cuda.amp.autocast(dtype=torch.bfloat16):
/home/kist/venvs/vggt_probe/lib/python3.10/site-packages/vggt/models/vggt.py:65: FutureWarning: `torch.cuda.amp.autocast(args...)` is deprecated. Please use `torch.amp.autocast('cuda', args...)` instead.
  with torch.cuda.amp.autocast(enabled=False):
[loftr_wrapper.py] image0: torch.Size([1, 1, 400, 400])
/home/kist/Desktop/BundleSAM3DGS/loftr_wrapper.py:45: FutureWarning: `torch.cuda.amp.autocast(args...)` is deprecated. Please use `torch.amp.autocast('cuda', args...)` instead.
  with torch.cuda.amp.autocast(enabled=True):
[loftr_wrapper.py] net forward
[loftr_wrapper.py] mconf, 0.20525331795215607 0.9967392683029175
[loftr_wrapper.py] pair_ids (892,)
[loftr_wrapper.py] corres: (892, 5)
  A MD-prior MPM12 1/229 2.5s/kf | E-I=9.33 E-L=4.76 E-V2=158.72 E-V5b=148.92 E-V5d=148.74 E-V5x2=22.27 E-VI=22.27 | rot0 0.00
/home/kist/Desktop/BundleSAM3DGS/experiments/vggt_probe/models.py:30: FutureWarning: `torch.cuda.amp.autocast(args...)` is deprecated. Please use `torch.amp.autocast('cuda', args...)` instead.
  with torch.cuda.amp.autocast(dtype=torch.bfloat16):
/home/kist/venvs/vggt_probe/lib/python3.10/site-packages/vggt/models/vggt.py:65: FutureWarning: `torch.cuda.amp.autocast(args...)` is deprecated. Please use `torch.amp.autocast('cuda', args...)` instead.
  with torch.cuda.amp.autocast(enabled=False):
[loftr_wrapper.py] image0: torch.Size([1, 1, 400, 400])
/home/kist/Desktop/BundleSAM3DGS/loftr_wrapper.py:45: FutureWarning: `torch.cuda.amp.autocast(args...)` is deprecated. Please use `torch.amp.autocast('cuda', args...)` instead.
  with torch.cuda.amp.autocast(enabled=True):
[loftr_wrapper.py] net forward
[loftr_wrapper.py] mconf, 0.20096082985401154 0.9981903433799744
[loftr_wrapper.py] pair_ids (1045,)
[loftr_wrapper.py] corres: (1045, 5)
[loftr_wrapper.py] image0: torch.Size([1, 1, 400, 400])
[loftr_wrapper.py] net forward
[loftr_wrapper.py] mconf, 0.20171092450618744 0.9969671964645386
[loftr_wrapper.py] pair_ids (1033,)
[loftr_wrapper.py] corres: (1033, 5)
[loftr_wrapper.py] image0: torch.Size([1, 1, 400, 400])
[loftr_wrapper.py] net forward
[loftr_wrapper.py] mconf, 0.20128487050533295 0.9973292350769043
[loftr_wrapper.py] pair_ids (890,)
[loftr_wrapper.py] corres: (890, 5)
[loftr_wrapper.py] image0: torch.Size([1, 1, 400, 400])
[loftr_wrapper.py] net forward
[loftr_wrapper.py] mconf, 0.20011720061302185 0.991310715675354
[loftr_wrapper.py] pair_ids (865,)
[loftr_wrapper.py] corres: (865, 5)
[loftr_wrapper.py] image0: torch.Size([1, 1, 400, 400])
[loftr_wrapper.py] net forward
[loftr_wrapper.py] mconf, 0.20287823677062988 0.9897240996360779
[loftr_wrapper.py] pair_ids (718,)
[loftr_wrapper.py] corres: (718, 5)
[loftr_wrapper.py] image0: torch.Size([1, 1, 400, 400])
[loftr_wrapper.py] net forward
[loftr_wrapper.py] mconf, 0.2002469301223755 0.9900649189949036
[loftr_wrapper.py] pair_ids (654,)
[loftr_wrapper.py] corres: (654, 5)
[loftr_wrapper.py] image0: torch.Size([1, 1, 400, 400])
[loftr_wrapper.py] net forward
[loftr_wrapper.py] mconf, 0.20007213950157166 0.9907659292221069
[loftr_wrapper.py] pair_ids (570,)
[loftr_wrapper.py] corres: (570, 5)
[loftr_wrapper.py] image0: torch.Size([1, 1, 400, 400])
[loftr_wrapper.py] net forward
[loftr_wrapper.py] mconf, 0.20103132724761963 0.9836220741271973
[loftr_wrapper.py] pair_ids (528,)
[loftr_wrapper.py] corres: (528, 5)
[loftr_wrapper.py] image0: torch.Size([1, 1, 400, 400])
[loftr_wrapper.py] net forward
[loftr_wrapper.py] mconf, 0.20047502219676971 0.971243679523468
[loftr_wrapper.py] pair_ids (394,)
[loftr_wrapper.py] corres: (394, 5)
[loftr_wrapper.py] image0: torch.Size([1, 1, 400, 400])
[loftr_wrapper.py] net forward
[loftr_wrapper.py] mconf, 0.20026901364326477 0.9871384501457214
[loftr_wrapper.py] pair_ids (332,)
[loftr_wrapper.py] corres: (332, 5)
[loftr_wrapper.py] image0: torch.Size([1, 1, 400, 400])
[loftr_wrapper.py] net forward
[loftr_wrapper.py] mconf, 0.20318034291267395 0.9515929818153381
[loftr_wrapper.py] pair_ids (288,)
[loftr_wrapper.py] corres: (288, 5)
[loftr_wrapper.py] image0: torch.Size([1, 1, 400, 400])
[loftr_wrapper.py] net forward
[loftr_wrapper.py] mconf, 0.20043371617794037 0.9187523126602173
[loftr_wrapper.py] pair_ids (228,)
[loftr_wrapper.py] corres: (228, 5)
[loftr_wrapper.py] image0: torch.Size([1, 1, 400, 400])
[loftr_wrapper.py] net forward
[loftr_wrapper.py] mconf, 0.20240944623947144 0.8907914161682129
[loftr_wrapper.py] pair_ids (173,)
[loftr_wrapper.py] corres: (173, 5)
[loftr_wrapper.py] image0: torch.Size([1, 1, 400, 400])
[loftr_wrapper.py] net forward
[loftr_wrapper.py] mconf, 0.200364887714386 0.8091408610343933
[loftr_wrapper.py] pair_ids (128,)
[loftr_wrapper.py] corres: (128, 5)
[loftr_wrapper.py] image0: torch.Size([1, 1, 400, 400])
[loftr_wrapper.py] net forward
[loftr_wrapper.py] mconf, 0.2036939561367035 0.8876394033432007
[loftr_wrapper.py] pair_ids (134,)
[loftr_wrapper.py] corres: (134, 5)
[loftr_wrapper.py] image0: torch.Size([1, 1, 400, 400])
[loftr_wrapper.py] net forward
[loftr_wrapper.py] mconf, 0.20214270055294037 0.8657355308532715
[loftr_wrapper.py] pair_ids (119,)
[loftr_wrapper.py] corres: (119, 5)
[loftr_wrapper.py] image0: torch.Size([1, 1, 400, 400])
[loftr_wrapper.py] net forward
[loftr_wrapper.py] mconf, 0.20272164046764374 0.823068380355835
[loftr_wrapper.py] pair_ids (113,)
[loftr_wrapper.py] corres: (113, 5)
[loftr_wrapper.py] image0: torch.Size([1, 1, 400, 400])
[loftr_wrapper.py] net forward
[loftr_wrapper.py] mconf, 0.20246128737926483 0.9153451323509216
[loftr_wrapper.py] pair_ids (89,)
[loftr_wrapper.py] corres: (89, 5)
[loftr_wrapper.py] image0: torch.Size([1, 1, 400, 400])
[loftr_wrapper.py] net forward
[loftr_wrapper.py] mconf, 0.20065748691558838 0.9548652172088623
[loftr_wrapper.py] pair_ids (95,)
[loftr_wrapper.py] corres: (95, 5)
[loftr_wrapper.py] image0: torch.Size([1, 1, 400, 400])
[loftr_wrapper.py] net forward
[loftr_wrapper.py] mconf, 0.20074297487735748 0.8875392079353333
[loftr_wrapper.py] pair_ids (68,)
[loftr_wrapper.py] corres: (68, 5)
[loftr_wrapper.py] image0: torch.Size([1, 1, 400, 400])
[loftr_wrapper.py] net forward
[loftr_wrapper.py] mconf, 0.20142139494419098 0.7377141714096069
[loftr_wrapper.py] pair_ids (61,)
[loftr_wrapper.py] corres: (61, 5)
[loftr_wrapper.py] image0: torch.Size([1, 1, 400, 400])
[loftr_wrapper.py] net forward
[loftr_wrapper.py] mconf, 0.2045525312423706 0.9214575886726379
[loftr_wrapper.py] pair_ids (97,)
[loftr_wrapper.py] corres: (97, 5)
[loftr_wrapper.py] image0: torch.Size([1, 1, 400, 400])
[loftr_wrapper.py] net forward
[loftr_wrapper.py] mconf, 0.20107758045196533 0.7394769787788391
[loftr_wrapper.py] pair_ids (88,)
[loftr_wrapper.py] corres: (88, 5)
[loftr_wrapper.py] image0: torch.Size([1, 1, 400, 400])
[loftr_wrapper.py] net forward
[loftr_wrapper.py] mconf, 0.20038658380508423 0.8800321221351624
[loftr_wrapper.py] pair_ids (111,)
[loftr_wrapper.py] corres: (111, 5)
[loftr_wrapper.py] image0: torch.Size([1, 1, 400, 400])
[loftr_wrapper.py] net forward
[loftr_wrapper.py] mconf, 0.20013897120952606 0.8831591010093689
[loftr_wrapper.py] pair_ids (100,)
[loftr_wrapper.py] corres: (100, 5)
  A MD-prior MPM12 26/229 2.3s/kf | E-I=11.30 E-L=8.70 E-V2=78.46 E-V5b=100.00 E-V5d=100.06 E-V5x2=18.95 E-VI=26.98 | rot0 2.19
/home/kist/Desktop/BundleSAM3DGS/experiments/vggt_probe/models.py:30: FutureWarning: `torch.cuda.amp.autocast(args...)` is deprecated. Please use `torch.amp.autocast('cuda', args...)` instead.
  with torch.cuda.amp.autocast(dtype=torch.bfloat16):
/home/kist/venvs/vggt_probe/lib/python3.10/site-packages/vggt/models/vggt.py:65: FutureWarning: `torch.cuda.amp.autocast(args...)` is deprecated. Please use `torch.amp.autocast('cuda', args...)` instead.
  with torch.cuda.amp.autocast(enabled=False):
[loftr_wrapper.py] image0: torch.Size([1, 1, 400, 400])
/home/kist/Desktop/BundleSAM3DGS/loftr_wrapper.py:45: FutureWarning: `torch.cuda.amp.autocast(args...)` is deprecated. Please use `torch.amp.autocast('cuda', args...)` instead.
  with torch.cuda.amp.autocast(enabled=True):
[loftr_wrapper.py] net forward
[loftr_wrapper.py] mconf, 0.20001769065856934 0.9057166576385498
[loftr_wrapper.py] pair_ids (147,)
[loftr_wrapper.py] corres: (147, 5)
[loftr_wrapper.py] image0: torch.Size([1, 1, 400, 400])
[loftr_wrapper.py] net forward
[loftr_wrapper.py] mconf, 0.2017606794834137 0.879564106464386
[loftr_wrapper.py] pair_ids (166,)
[loftr_wrapper.py] corres: (166, 5)
[loftr_wrapper.py] image0: torch.Size([1, 1, 400, 400])
[loftr_wrapper.py] net forward
[loftr_wrapper.py] mconf, 0.20208336412906647 0.9493962526321411
[loftr_wrapper.py] pair_ids (214,)
[loftr_wrapper.py] corres: (214, 5)
[loftr_wrapper.py] image0: torch.Size([1, 1, 400, 400])
[loftr_wrapper.py] net forward
[loftr_wrapper.py] mconf, 0.20185212790966034 0.9626045823097229
[loftr_wrapper.py] pair_ids (276,)
[loftr_wrapper.py] corres: (276, 5)
[loftr_wrapper.py] image0: torch.Size([1, 1, 400, 400])
[loftr_wrapper.py] net forward
[loftr_wrapper.py] mconf, 0.20040719211101532 0.9713910222053528
[loftr_wrapper.py] pair_ids (309,)
[loftr_wrapper.py] corres: (309, 5)
[loftr_wrapper.py] image0: torch.Size([1, 1, 400, 400])
[loftr_wrapper.py] net forward
[loftr_wrapper.py] mconf, 0.20043544471263885 0.9732692241668701
[loftr_wrapper.py] pair_ids (293,)
[loftr_wrapper.py] corres: (293, 5)
[loftr_wrapper.py] image0: torch.Size([1, 1, 400, 400])
[loftr_wrapper.py] net forward
[loftr_wrapper.py] mconf, 0.20039330422878265 0.9848595857620239
[loftr_wrapper.py] pair_ids (313,)
[loftr_wrapper.py] corres: (313, 5)
[loftr_wrapper.py] image0: torch.Size([1, 1, 400, 400])
[loftr_wrapper.py] net forward
[loftr_wrapper.py] mconf, 0.20107802748680115 0.9851452708244324
[loftr_wrapper.py] pair_ids (360,)
[loftr_wrapper.py] corres: (360, 5)
[loftr_wrapper.py] image0: torch.Size([1, 1, 400, 400])
[loftr_wrapper.py] net forward
[loftr_wrapper.py] mconf, 0.20073749125003815 0.9924443364143372
[loftr_wrapper.py] pair_ids (430,)
[loftr_wrapper.py] corres: (430, 5)
[loftr_wrapper.py] image0: torch.Size([1, 1, 400, 400])
[loftr_wrapper.py] net forward
[loftr_wrapper.py] mconf, 0.20063281059265137 0.9798147678375244
[loftr_wrapper.py] pair_ids (418,)
[loftr_wrapper.py] corres: (418, 5)
[loftr_wrapper.py] image0: torch.Size([1, 1, 400, 400])
[loftr_wrapper.py] net forward
[loftr_wrapper.py] mconf, 0.20086386799812317 0.9787903428077698
[loftr_wrapper.py] pair_ids (465,)
[loftr_wrapper.py] corres: (465, 5)
[loftr_wrapper.py] image0: torch.Size([1, 1, 400, 400])
[loftr_wrapper.py] net forward
[loftr_wrapper.py] mconf, 0.20208796858787537 0.982894241809845
[loftr_wrapper.py] pair_ids (417,)
[loftr_wrapper.py] corres: (417, 5)
[loftr_wrapper.py] image0: torch.Size([1, 1, 400, 400])
[loftr_wrapper.py] net forward
[loftr_wrapper.py] mconf, 0.2009480595588684 0.9881473183631897
[loftr_wrapper.py] pair_ids (433,)
[loftr_wrapper.py] corres: (433, 5)
[loftr_wrapper.py] image0: torch.Size([1, 1, 400, 400])
[loftr_wrapper.py] net forward
[loftr_wrapper.py] mconf, 0.20037011802196503 0.9762760996818542
[loftr_wrapper.py] pair_ids (420,)
[loftr_wrapper.py] corres: (420, 5)
[loftr_wrapper.py] image0: torch.Size([1, 1, 400, 400])
[loftr_wrapper.py] net forward
[loftr_wrapper.py] mconf, 0.2021724432706833 0.970575749874115
[loftr_wrapper.py] pair_ids (421,)
[loftr_wrapper.py] corres: (421, 5)
[loftr_wrapper.py] image0: torch.Size([1, 1, 400, 400])
[loftr_wrapper.py] net forward
[loftr_wrapper.py] mconf, 0.20006690919399261 0.9564582109451294
[loftr_wrapper.py] pair_ids (359,)
[loftr_wrapper.py] corres: (359, 5)
[loftr_wrapper.py] image0: torch.Size([1, 1, 400, 400])
[loftr_wrapper.py] net forward
[loftr_wrapper.py] mconf, 0.20031419396400452 0.9483484029769897
[loftr_wrapper.py] pair_ids (320,)
[loftr_wrapper.py] corres: (320, 5)
[loftr_wrapper.py] image0: torch.Size([1, 1, 400, 400])
[loftr_wrapper.py] net forward
[loftr_wrapper.py] mconf, 0.20027723908424377 0.8731919527053833
[loftr_wrapper.py] pair_ids (251,)
[loftr_wrapper.py] corres: (251, 5)
[loftr_wrapper.py] image0: torch.Size([1, 1, 400, 400])
[loftr_wrapper.py] net forward
[loftr_wrapper.py] mconf, 0.20083244144916534 0.851768970489502
[loftr_wrapper.py] pair_ids (190,)
[loftr_wrapper.py] corres: (190, 5)
[loftr_wrapper.py] image0: torch.Size([1, 1, 400, 400])
[loftr_wrapper.py] net forward
[loftr_wrapper.py] mconf, 0.20014627277851105 0.7697650194168091
[loftr_wrapper.py] pair_ids (141,)
[loftr_wrapper.py] corres: (141, 5)
[loftr_wrapper.py] image0: torch.Size([1, 1, 400, 400])
[loftr_wrapper.py] net forward
[loftr_wrapper.py] mconf, 0.20001445710659027 0.8021886348724365
[loftr_wrapper.py] pair_ids (147,)
[loftr_wrapper.py] corres: (147, 5)
[loftr_wrapper.py] image0: torch.Size([1, 1, 400, 400])
[loftr_wrapper.py] net forward
[loftr_wrapper.py] mconf, 0.2000383585691452 0.8982091546058655
[loftr_wrapper.py] pair_ids (102,)
[loftr_wrapper.py] corres: (102, 5)
[loftr_wrapper.py] image0: torch.Size([1, 1, 400, 400])
[loftr_wrapper.py] net forward
[loftr_wrapper.py] mconf, 0.20359213650226593 0.7047905921936035
[loftr_wrapper.py] pair_ids (78,)
[loftr_wrapper.py] corres: (78, 5)
[loftr_wrapper.py] image0: torch.Size([1, 1, 400, 400])
[loftr_wrapper.py] net forward
[loftr_wrapper.py] mconf, 0.20094862580299377 0.7358279824256897
[loftr_wrapper.py] pair_ids (82,)
[loftr_wrapper.py] corres: (82, 5)
[loftr_wrapper.py] image0: torch.Size([1, 1, 400, 400])
[loftr_wrapper.py] net forward
[loftr_wrapper.py] mconf, 0.20122358202934265 0.7689371109008789
[loftr_wrapper.py] pair_ids (73,)
[loftr_wrapper.py] corres: (73, 5)
  A MD-prior MPM12 51/229 2.3s/kf | E-I=8.61 E-L=5.07 E-V2=107.19 E-V5b=123.99 E-V5d=124.01 E-V5x2=28.26 E-VI=21.92 | rot0 2.85
/home/kist/Desktop/BundleSAM3DGS/experiments/vggt_probe/models.py:30: FutureWarning: `torch.cuda.amp.autocast(args...)` is deprecated. Please use `torch.amp.autocast('cuda', args...)` instead.
  with torch.cuda.amp.autocast(dtype=torch.bfloat16):
/home/kist/venvs/vggt_probe/lib/python3.10/site-packages/vggt/models/vggt.py:65: FutureWarning: `torch.cuda.amp.autocast(args...)` is deprecated. Please use `torch.amp.autocast('cuda', args...)` instead.
  with torch.cuda.amp.autocast(enabled=False):
[loftr_wrapper.py] image0: torch.Size([1, 1, 400, 400])
/home/kist/Desktop/BundleSAM3DGS/loftr_wrapper.py:45: FutureWarning: `torch.cuda.amp.autocast(args...)` is deprecated. Please use `torch.amp.autocast('cuda', args...)` instead.
  with torch.cuda.amp.autocast(enabled=True):
[loftr_wrapper.py] net forward
[loftr_wrapper.py] mconf, 0.20010226964950562 0.7479326725006104
[loftr_wrapper.py] pair_ids (71,)
[loftr_wrapper.py] corres: (71, 5)
[loftr_wrapper.py] image0: torch.Size([1, 1, 400, 400])
[loftr_wrapper.py] net forward
[loftr_wrapper.py] mconf, 0.20054365694522858 0.867726743221283
[loftr_wrapper.py] pair_ids (97,)
[loftr_wrapper.py] corres: (97, 5)
[loftr_wrapper.py] image0: torch.Size([1, 1, 400, 400])
[loftr_wrapper.py] net forward
[loftr_wrapper.py] mconf, 0.20091833174228668 0.8639875650405884
[loftr_wrapper.py] pair_ids (88,)
[loftr_wrapper.py] corres: (88, 5)
[loftr_wrapper.py] image0: torch.Size([1, 1, 400, 400])
[loftr_wrapper.py] net forward
[loftr_wrapper.py] mconf, 0.20277197659015656 0.8842487931251526
[loftr_wrapper.py] pair_ids (84,)
[loftr_wrapper.py] corres: (84, 5)
[loftr_wrapper.py] image0: torch.Size([1, 1, 400, 400])
[loftr_wrapper.py] net forward
[loftr_wrapper.py] mconf, 0.20223398506641388 0.7791032195091248
[loftr_wrapper.py] pair_ids (105,)
[loftr_wrapper.py] corres: (105, 5)
[loftr_wrapper.py] image0: torch.Size([1, 1, 400, 400])
[loftr_wrapper.py] net forward
[loftr_wrapper.py] mconf, 0.20070546865463257 0.9490992426872253
[loftr_wrapper.py] pair_ids (96,)
[loftr_wrapper.py] corres: (96, 5)
[loftr_wrapper.py] image0: torch.Size([1, 1, 400, 400])
[loftr_wrapper.py] net forward
[loftr_wrapper.py] mconf, 0.20249105989933014 0.8359779119491577
[loftr_wrapper.py] pair_ids (148,)
[loftr_wrapper.py] corres: (148, 5)
[loftr_wrapper.py] image0: torch.Size([1, 1, 400, 400])
[loftr_wrapper.py] net forward
[loftr_wrapper.py] mconf, 0.2002093344926834 0.9669129252433777
[loftr_wrapper.py] pair_ids (132,)
[loftr_wrapper.py] corres: (132, 5)
[loftr_wrapper.py] image0: torch.Size([1, 1, 400, 400])
[loftr_wrapper.py] net forward
[loftr_wrapper.py] mconf, 0.20184625685214996 0.7749407887458801
[loftr_wrapper.py] pair_ids (123,)
[loftr_wrapper.py] corres: (123, 5)
[loftr_wrapper.py] image0: torch.Size([1, 1, 400, 400])
[loftr_wrapper.py] net forward
[loftr_wrapper.py] mconf, 0.20053693652153015 0.8404114842414856
[loftr_wrapper.py] pair_ids (132,)
[loftr_wrapper.py] corres: (132, 5)
[loftr_wrapper.py] image0: torch.Size([1, 1, 400, 400])
[loftr_wrapper.py] net forward
[loftr_wrapper.py] mconf, 0.2016276866197586 0.920181393623352
[loftr_wrapper.py] pair_ids (189,)
[loftr_wrapper.py] corres: (189, 5)
[loftr_wrapper.py] image0: torch.Size([1, 1, 400, 400])
[loftr_wrapper.py] net forward
[loftr_wrapper.py] mconf, 0.20100058615207672 0.9597952365875244
[loftr_wrapper.py] pair_ids (181,)
[loftr_wrapper.py] corres: (181, 5)
[loftr_wrapper.py] image0: torch.Size([1, 1, 400, 400])
[loftr_wrapper.py] net forward
[loftr_wrapper.py] mconf, 0.2000022679567337 0.9132496118545532
[loftr_wrapper.py] pair_ids (203,)
[loftr_wrapper.py] corres: (203, 5)
[loftr_wrapper.py] image0: torch.Size([1, 1, 400, 400])
[loftr_wrapper.py] net forward
[loftr_wrapper.py] mconf, 0.20003937184810638 0.9006356596946716
[loftr_wrapper.py] pair_ids (204,)
[loftr_wrapper.py] corres: (204, 5)
[loftr_wrapper.py] image0: torch.Size([1, 1, 400, 400])
[loftr_wrapper.py] net forward
[loftr_wrapper.py] mconf, 0.202034592628479 0.9505169987678528
[loftr_wrapper.py] pair_ids (262,)
[loftr_wrapper.py] corres: (262, 5)
[loftr_wrapper.py] image0: torch.Size([1, 1, 400, 400])
[loftr_wrapper.py] net forward
[loftr_wrapper.py] mconf, 0.2026033252477646 0.9494960904121399
[loftr_wrapper.py] pair_ids (279,)
[loftr_wrapper.py] corres: (279, 5)
[loftr_wrapper.py] image0: torch.Size([1, 1, 400, 400])
[loftr_wrapper.py] net forward
[loftr_wrapper.py] mconf, 0.20143328607082367 0.9393799901008606
[loftr_wrapper.py] pair_ids (301,)
[loftr_wrapper.py] corres: (301, 5)
[loftr_wrapper.py] image0: torch.Size([1, 1, 400, 400])
[loftr_wrapper.py] net forward
[loftr_wrapper.py] mconf, 0.20044997334480286 0.9816781282424927
[loftr_wrapper.py] pair_ids (315,)
[loftr_wrapper.py] corres: (315, 5)
[loftr_wrapper.py] image0: torch.Size([1, 1, 400, 400])
[loftr_wrapper.py] net forward
[loftr_wrapper.py] mconf, 0.2004966288805008 0.9752761125564575
[loftr_wrapper.py] pair_ids (330,)
[loftr_wrapper.py] corres: (330, 5)
[loftr_wrapper.py] image0: torch.Size([1, 1, 400, 400])
[loftr_wrapper.py] net forward
[loftr_wrapper.py] mconf, 0.2010941356420517 0.9833934903144836
[loftr_wrapper.py] pair_ids (358,)
[loftr_wrapper.py] corres: (358, 5)
[loftr_wrapper.py] image0: torch.Size([1, 1, 400, 400])
[loftr_wrapper.py] net forward
[loftr_wrapper.py] mconf, 0.2000288963317871 0.9787067770957947
[loftr_wrapper.py] pair_ids (414,)
[loftr_wrapper.py] corres: (414, 5)
[loftr_wrapper.py] image0: torch.Size([1, 1, 400, 400])
[loftr_wrapper.py] net forward
[loftr_wrapper.py] mconf, 0.20027686655521393 0.9910290837287903
[loftr_wrapper.py] pair_ids (564,)
[loftr_wrapper.py] corres: (564, 5)
[loftr_wrapper.py] image0: torch.Size([1, 1, 400, 400])
[loftr_wrapper.py] net forward
[loftr_wrapper.py] mconf, 0.20063485205173492 0.9830195903778076
[loftr_wrapper.py] pair_ids (619,)
[loftr_wrapper.py] corres: (619, 5)
[loftr_wrapper.py] image0: torch.Size([1, 1, 400, 400])
[loftr_wrapper.py] net forward
[loftr_wrapper.py] mconf, 0.20023901760578156 0.9902488589286804
[loftr_wrapper.py] pair_ids (799,)
[loftr_wrapper.py] corres: (799, 5)
[loftr_wrapper.py] image0: torch.Size([1, 1, 400, 400])
[loftr_wrapper.py] net forward
[loftr_wrapper.py] mconf, 0.2001846432685852 0.9843576550483704
[loftr_wrapper.py] pair_ids (721,)
[loftr_wrapper.py] corres: (721, 5)
  A MD-prior MPM12 76/229 2.4s/kf | E-I=10.84 E-L=9.12 E-V2=118.52 E-V5b=98.54 E-V5d=98.38 E-V5x2=52.19 E-VI=63.31 | rot0 3.83
/home/kist/Desktop/BundleSAM3DGS/experiments/vggt_probe/models.py:30: FutureWarning: `torch.cuda.amp.autocast(args...)` is deprecated. Please use `torch.amp.autocast('cuda', args...)` instead.
  with torch.cuda.amp.autocast(dtype=torch.bfloat16):
/home/kist/venvs/vggt_probe/lib/python3.10/site-packages/vggt/models/vggt.py:65: FutureWarning: `torch.cuda.amp.autocast(args...)` is deprecated. Please use `torch.amp.autocast('cuda', args...)` instead.
  with torch.cuda.amp.autocast(enabled=False):
[loftr_wrapper.py] image0: torch.Size([1, 1, 400, 400])
/home/kist/Desktop/BundleSAM3DGS/loftr_wrapper.py:45: FutureWarning: `torch.cuda.amp.autocast(args...)` is deprecated. Please use `torch.amp.autocast('cuda', args...)` instead.
  with torch.cuda.amp.autocast(enabled=True):
[loftr_wrapper.py] net forward
[loftr_wrapper.py] mconf, 0.20057031512260437 0.9870306253433228
[loftr_wrapper.py] pair_ids (677,)
[loftr_wrapper.py] corres: (677, 5)
[loftr_wrapper.py] image0: torch.Size([1, 1, 400, 400])
[loftr_wrapper.py] net forward
[loftr_wrapper.py] mconf, 0.20060588419437408 0.9880879521369934
[loftr_wrapper.py] pair_ids (643,)
[loftr_wrapper.py] corres: (643, 5)
[loftr_wrapper.py] image0: torch.Size([1, 1, 400, 400])
[loftr_wrapper.py] net forward
[loftr_wrapper.py] mconf, 0.2015284150838852 0.9684690237045288
[loftr_wrapper.py] pair_ids (495,)
[loftr_wrapper.py] corres: (495, 5)
[loftr_wrapper.py] image0: torch.Size([1, 1, 400, 400])
[loftr_wrapper.py] net forward
[loftr_wrapper.py] mconf, 0.20162715017795563 0.974649965763092
[loftr_wrapper.py] pair_ids (481,)
[loftr_wrapper.py] corres: (481, 5)
[loftr_wrapper.py] image0: torch.Size([1, 1, 400, 400])
[loftr_wrapper.py] net forward
[loftr_wrapper.py] mconf, 0.20102928578853607 0.984111487865448
[loftr_wrapper.py] pair_ids (483,)
[loftr_wrapper.py] corres: (483, 5)
[loftr_wrapper.py] image0: torch.Size([1, 1, 400, 400])
[loftr_wrapper.py] net forward
[loftr_wrapper.py] mconf, 0.20014499127864838 0.9853938817977905
[loftr_wrapper.py] pair_ids (461,)
[loftr_wrapper.py] corres: (461, 5)
[loftr_wrapper.py] image0: torch.Size([1, 1, 400, 400])
[loftr_wrapper.py] net forward
[loftr_wrapper.py] mconf, 0.20112121105194092 0.9916712045669556
[loftr_wrapper.py] pair_ids (449,)
[loftr_wrapper.py] corres: (449, 5)
[loftr_wrapper.py] image0: torch.Size([1, 1, 400, 400])
[loftr_wrapper.py] net forward
[loftr_wrapper.py] mconf, 0.20018842816352844 0.9848500490188599
[loftr_wrapper.py] pair_ids (384,)
[loftr_wrapper.py] corres: (384, 5)
[loftr_wrapper.py] image0: torch.Size([1, 1, 400, 400])
[loftr_wrapper.py] net forward
[loftr_wrapper.py] mconf, 0.20510920882225037 0.9852728247642517
[loftr_wrapper.py] pair_ids (364,)
[loftr_wrapper.py] corres: (364, 5)
[loftr_wrapper.py] image0: torch.Size([1, 1, 400, 400])
[loftr_wrapper.py] net forward
[loftr_wrapper.py] mconf, 0.20036232471466064 0.9802289009094238
[loftr_wrapper.py] pair_ids (360,)
[loftr_wrapper.py] corres: (360, 5)
[loftr_wrapper.py] image0: torch.Size([1, 1, 400, 400])
[loftr_wrapper.py] net forward
[loftr_wrapper.py] mconf, 0.2013833224773407 0.9768980145454407
[loftr_wrapper.py] pair_ids (331,)
[loftr_wrapper.py] corres: (331, 5)
[loftr_wrapper.py] image0: torch.Size([1, 1, 400, 400])
[loftr_wrapper.py] net forward
[loftr_wrapper.py] mconf, 0.20240509510040283 0.9796880483627319
[loftr_wrapper.py] pair_ids (324,)
[loftr_wrapper.py] corres: (324, 5)
[loftr_wrapper.py] image0: torch.Size([1, 1, 400, 400])
[loftr_wrapper.py] net forward
[loftr_wrapper.py] mconf, 0.20131872594356537 0.9872376322746277
[loftr_wrapper.py] pair_ids (263,)
[loftr_wrapper.py] corres: (263, 5)
[loftr_wrapper.py] image0: torch.Size([1, 1, 400, 400])
[loftr_wrapper.py] net forward
[loftr_wrapper.py] mconf, 0.20125910639762878 0.9140874743461609
[loftr_wrapper.py] pair_ids (199,)
[loftr_wrapper.py] corres: (199, 5)
[loftr_wrapper.py] image0: torch.Size([1, 1, 400, 400])
[loftr_wrapper.py] net forward
[loftr_wrapper.py] mconf, 0.2002113312482834 0.9578865766525269
[loftr_wrapper.py] pair_ids (209,)
[loftr_wrapper.py] corres: (209, 5)
[loftr_wrapper.py] image0: torch.Size([1, 1, 400, 400])
[loftr_wrapper.py] net forward
[loftr_wrapper.py] mconf, 0.2004028856754303 0.9636156558990479
[loftr_wrapper.py] pair_ids (200,)
[loftr_wrapper.py] corres: (200, 5)
[loftr_wrapper.py] image0: torch.Size([1, 1, 400, 400])
[loftr_wrapper.py] net forward
[loftr_wrapper.py] mconf, 0.2020527720451355 0.9820430874824524
[loftr_wrapper.py] pair_ids (219,)
[loftr_wrapper.py] corres: (219, 5)
[loftr_wrapper.py] image0: torch.Size([1, 1, 400, 400])
[loftr_wrapper.py] net forward
[loftr_wrapper.py] mconf, 0.20359225571155548 0.9363698363304138
[loftr_wrapper.py] pair_ids (203,)
[loftr_wrapper.py] corres: (203, 5)
[loftr_wrapper.py] image0: torch.Size([1, 1, 400, 400])
[loftr_wrapper.py] net forward
[loftr_wrapper.py] mconf, 0.20345927774906158 0.9433112740516663
[loftr_wrapper.py] pair_ids (138,)
[loftr_wrapper.py] corres: (138, 5)
[loftr_wrapper.py] image0: torch.Size([1, 1, 400, 400])
[loftr_wrapper.py] net forward
[loftr_wrapper.py] mconf, 0.200204998254776 0.9516012668609619
[loftr_wrapper.py] pair_ids (119,)
[loftr_wrapper.py] corres: (119, 5)
[loftr_wrapper.py] image0: torch.Size([1, 1, 400, 400])
[loftr_wrapper.py] net forward
[loftr_wrapper.py] mconf, 0.2011803686618805 0.9513159394264221
[loftr_wrapper.py] pair_ids (114,)
[loftr_wrapper.py] corres: (114, 5)
[loftr_wrapper.py] image0: torch.Size([1, 1, 400, 400])
[loftr_wrapper.py] net forward
[loftr_wrapper.py] mconf, 0.20161476731300354 0.9753760695457458
[loftr_wrapper.py] pair_ids (80,)
[loftr_wrapper.py] corres: (80, 5)
[loftr_wrapper.py] image0: torch.Size([1, 1, 400, 400])
[loftr_wrapper.py] net forward
[loftr_wrapper.py] mconf, 0.200517475605011 0.9776514768600464
[loftr_wrapper.py] pair_ids (93,)
[loftr_wrapper.py] corres: (93, 5)
[loftr_wrapper.py] image0: torch.Size([1, 1, 400, 400])
[loftr_wrapper.py] net forward
[loftr_wrapper.py] mconf, 0.20366188883781433 0.9500060081481934
[loftr_wrapper.py] pair_ids (94,)
[loftr_wrapper.py] corres: (94, 5)
[loftr_wrapper.py] image0: torch.Size([1, 1, 400, 400])
[loftr_wrapper.py] net forward
[loftr_wrapper.py] mconf, 0.20921705663204193 0.9732275605201721
[loftr_wrapper.py] pair_ids (106,)
[loftr_wrapper.py] corres: (106, 5)
  A MD-prior MPM12 101/229 2.4s/kf | E-I=8.78 E-L=5.76 E-V2=83.13 E-V5b=77.70 E-V5d=77.78 E-V5x2=113.21 E-VI=119.17 | rot0 3.38
/home/kist/Desktop/BundleSAM3DGS/experiments/vggt_probe/models.py:30: FutureWarning: `torch.cuda.amp.autocast(args...)` is deprecated. Please use `torch.amp.autocast('cuda', args...)` instead.
  with torch.cuda.amp.autocast(dtype=torch.bfloat16):
/home/kist/venvs/vggt_probe/lib/python3.10/site-packages/vggt/models/vggt.py:65: FutureWarning: `torch.cuda.amp.autocast(args...)` is deprecated. Please use `torch.amp.autocast('cuda', args...)` instead.
  with torch.cuda.amp.autocast(enabled=False):
[loftr_wrapper.py] image0: torch.Size([1, 1, 400, 400])
/home/kist/Desktop/BundleSAM3DGS/loftr_wrapper.py:45: FutureWarning: `torch.cuda.amp.autocast(args...)` is deprecated. Please use `torch.amp.autocast('cuda', args...)` instead.
  with torch.cuda.amp.autocast(enabled=True):
[loftr_wrapper.py] net forward
[loftr_wrapper.py] mconf, 0.20054122805595398 0.9549821019172668
[loftr_wrapper.py] pair_ids (97,)
[loftr_wrapper.py] corres: (97, 5)
[loftr_wrapper.py] image0: torch.Size([1, 1, 400, 400])
[loftr_wrapper.py] net forward
[loftr_wrapper.py] mconf, 0.2004309445619583 0.9532410502433777
[loftr_wrapper.py] pair_ids (120,)
[loftr_wrapper.py] corres: (120, 5)
[loftr_wrapper.py] image0: torch.Size([1, 1, 400, 400])
[loftr_wrapper.py] net forward
[loftr_wrapper.py] mconf, 0.2002057433128357 0.9732905030250549
[loftr_wrapper.py] pair_ids (84,)
[loftr_wrapper.py] corres: (84, 5)
[loftr_wrapper.py] image0: torch.Size([1, 1, 400, 400])
[loftr_wrapper.py] net forward
[loftr_wrapper.py] mconf, 0.2000897228717804 0.9145352244377136
[loftr_wrapper.py] pair_ids (104,)
[loftr_wrapper.py] corres: (104, 5)
[loftr_wrapper.py] image0: torch.Size([1, 1, 400, 400])
[loftr_wrapper.py] net forward
[loftr_wrapper.py] mconf, 0.20058448612689972 0.920517086982727
[loftr_wrapper.py] pair_ids (135,)
[loftr_wrapper.py] corres: (135, 5)
[loftr_wrapper.py] image0: torch.Size([1, 1, 400, 400])
[loftr_wrapper.py] net forward
[loftr_wrapper.py] mconf, 0.2006736695766449 0.927459180355072
[loftr_wrapper.py] pair_ids (107,)
[loftr_wrapper.py] corres: (107, 5)
[loftr_wrapper.py] image0: torch.Size([1, 1, 400, 400])
[loftr_wrapper.py] net forward
[loftr_wrapper.py] mconf, 0.2066456824541092 0.9149119257926941
[loftr_wrapper.py] pair_ids (71,)
[loftr_wrapper.py] corres: (71, 5)
[loftr_wrapper.py] image0: torch.Size([1, 1, 400, 400])
[loftr_wrapper.py] net forward
[loftr_wrapper.py] mconf, 0.20422455668449402 0.976552426815033
[loftr_wrapper.py] pair_ids (78,)
[loftr_wrapper.py] corres: (78, 5)
[loftr_wrapper.py] image0: torch.Size([1, 1, 400, 400])
[loftr_wrapper.py] net forward
[loftr_wrapper.py] mconf, 0.20152848958969116 0.8880306482315063
[loftr_wrapper.py] pair_ids (89,)
[loftr_wrapper.py] corres: (89, 5)
[loftr_wrapper.py] image0: torch.Size([1, 1, 400, 400])
[loftr_wrapper.py] net forward
[loftr_wrapper.py] mconf, 0.20060187578201294 0.8200093507766724
[loftr_wrapper.py] pair_ids (92,)
[loftr_wrapper.py] corres: (92, 5)
[loftr_wrapper.py] image0: torch.Size([1, 1, 400, 400])
[loftr_wrapper.py] net forward
[loftr_wrapper.py] mconf, 0.2027951329946518 0.7668207287788391
[loftr_wrapper.py] pair_ids (82,)
[loftr_wrapper.py] corres: (82, 5)
[loftr_wrapper.py] image0: torch.Size([1, 1, 400, 400])
[loftr_wrapper.py] net forward
[loftr_wrapper.py] mconf, 0.20040249824523926 0.6309220790863037
[loftr_wrapper.py] pair_ids (83,)
[loftr_wrapper.py] corres: (83, 5)
[loftr_wrapper.py] image0: torch.Size([1, 1, 400, 400])
[loftr_wrapper.py] net forward
[loftr_wrapper.py] mconf, 0.20248886942863464 0.7888867259025574
[loftr_wrapper.py] pair_ids (86,)
[loftr_wrapper.py] corres: (86, 5)
[loftr_wrapper.py] image0: torch.Size([1, 1, 400, 400])
[loftr_wrapper.py] net forward
[loftr_wrapper.py] mconf, 0.2000744491815567 0.8025916218757629
[loftr_wrapper.py] pair_ids (95,)
[loftr_wrapper.py] corres: (95, 5)
[loftr_wrapper.py] image0: torch.Size([1, 1, 400, 400])
[loftr_wrapper.py] net forward
[loftr_wrapper.py] mconf, 0.20064297318458557 0.686492919921875
[loftr_wrapper.py] pair_ids (122,)
[loftr_wrapper.py] corres: (122, 5)
[loftr_wrapper.py] image0: torch.Size([1, 1, 400, 400])
[loftr_wrapper.py] net forward
[loftr_wrapper.py] mconf, 0.2011149525642395 0.9481143355369568
[loftr_wrapper.py] pair_ids (158,)
[loftr_wrapper.py] corres: (158, 5)
[loftr_wrapper.py] image0: torch.Size([1, 1, 400, 400])
[loftr_wrapper.py] net forward
[loftr_wrapper.py] mconf, 0.2012900412082672 0.7889026999473572
[loftr_wrapper.py] pair_ids (162,)
[loftr_wrapper.py] corres: (162, 5)
[loftr_wrapper.py] image0: torch.Size([1, 1, 400, 400])
[loftr_wrapper.py] net forward
[loftr_wrapper.py] mconf, 0.20050346851348877 0.8447682857513428
[loftr_wrapper.py] pair_ids (156,)
[loftr_wrapper.py] corres: (156, 5)
[loftr_wrapper.py] image0: torch.Size([1, 1, 400, 400])
[loftr_wrapper.py] net forward
[loftr_wrapper.py] mconf, 0.2010146528482437 0.8102439045906067
[loftr_wrapper.py] pair_ids (125,)
[loftr_wrapper.py] corres: (125, 5)
[loftr_wrapper.py] image0: torch.Size([1, 1, 400, 400])
[loftr_wrapper.py] net forward
[loftr_wrapper.py] mconf, 0.20434799790382385 0.8960811495780945
[loftr_wrapper.py] pair_ids (105,)
[loftr_wrapper.py] corres: (105, 5)
[loftr_wrapper.py] image0: torch.Size([1, 1, 400, 400])
[loftr_wrapper.py] net forward
[loftr_wrapper.py] mconf, 0.20093145966529846 0.9727485179901123
[loftr_wrapper.py] pair_ids (98,)
[loftr_wrapper.py] corres: (98, 5)
[loftr_wrapper.py] image0: torch.Size([1, 1, 400, 400])
[loftr_wrapper.py] net forward
[loftr_wrapper.py] mconf, 0.20257756114006042 0.9137693047523499
[loftr_wrapper.py] pair_ids (93,)
[loftr_wrapper.py] corres: (93, 5)
[loftr_wrapper.py] image0: torch.Size([1, 1, 400, 400])
[loftr_wrapper.py] net forward
[loftr_wrapper.py] mconf, 0.20138871669769287 0.7409356236457825
[loftr_wrapper.py] pair_ids (85,)
[loftr_wrapper.py] corres: (85, 5)
[loftr_wrapper.py] image0: torch.Size([1, 1, 400, 400])
[loftr_wrapper.py] net forward
[loftr_wrapper.py] mconf, 0.20101048052310944 0.888597309589386
[loftr_wrapper.py] pair_ids (79,)
[loftr_wrapper.py] corres: (79, 5)
[loftr_wrapper.py] image0: torch.Size([1, 1, 400, 400])
[loftr_wrapper.py] net forward
[loftr_wrapper.py] mconf, 0.2017303705215454 0.8865081071853638
[loftr_wrapper.py] pair_ids (75,)
[loftr_wrapper.py] corres: (75, 5)
  A MD-prior MPM12 126/229 2.3s/kf | E-I=10.30 E-L=9.07 E-V2=121.11 E-V5b=60.04 E-V5d=60.10 E-V5x2=90.41 E-VI=90.41 | rot0 3.98
/home/kist/Desktop/BundleSAM3DGS/experiments/vggt_probe/models.py:30: FutureWarning: `torch.cuda.amp.autocast(args...)` is deprecated. Please use `torch.amp.autocast('cuda', args...)` instead.
  with torch.cuda.amp.autocast(dtype=torch.bfloat16):
/home/kist/venvs/vggt_probe/lib/python3.10/site-packages/vggt/models/vggt.py:65: FutureWarning: `torch.cuda.amp.autocast(args...)` is deprecated. Please use `torch.amp.autocast('cuda', args...)` instead.
  with torch.cuda.amp.autocast(enabled=False):
[loftr_wrapper.py] image0: torch.Size([1, 1, 400, 400])
/home/kist/Desktop/BundleSAM3DGS/loftr_wrapper.py:45: FutureWarning: `torch.cuda.amp.autocast(args...)` is deprecated. Please use `torch.amp.autocast('cuda', args...)` instead.
  with torch.cuda.amp.autocast(enabled=True):
[loftr_wrapper.py] net forward
[loftr_wrapper.py] mconf, 0.20527203381061554 0.8668870329856873
[loftr_wrapper.py] pair_ids (99,)
[loftr_wrapper.py] corres: (99, 5)
[loftr_wrapper.py] image0: torch.Size([1, 1, 400, 400])
[loftr_wrapper.py] net forward
[loftr_wrapper.py] mconf, 0.20441293716430664 0.8881374597549438
[loftr_wrapper.py] pair_ids (66,)
[loftr_wrapper.py] corres: (66, 5)
[loftr_wrapper.py] image0: torch.Size([1, 1, 400, 400])
[loftr_wrapper.py] net forward
[loftr_wrapper.py] mconf, 0.20083725452423096 0.9159231781959534
[loftr_wrapper.py] pair_ids (168,)
[loftr_wrapper.py] corres: (168, 5)
[loftr_wrapper.py] image0: torch.Size([1, 1, 400, 400])
[loftr_wrapper.py] net forward
[loftr_wrapper.py] mconf, 0.2010321021080017 0.9021145105361938
[loftr_wrapper.py] pair_ids (110,)
[loftr_wrapper.py] corres: (110, 5)
[loftr_wrapper.py] image0: torch.Size([1, 1, 400, 400])
[loftr_wrapper.py] net forward
[loftr_wrapper.py] mconf, 0.2005203813314438 0.9025073647499084
[loftr_wrapper.py] pair_ids (119,)
[loftr_wrapper.py] corres: (119, 5)
[loftr_wrapper.py] image0: torch.Size([1, 1, 400, 400])
[loftr_wrapper.py] net forward
[loftr_wrapper.py] mconf, 0.20096756517887115 0.8958606123924255
[loftr_wrapper.py] pair_ids (156,)
[loftr_wrapper.py] corres: (156, 5)
[loftr_wrapper.py] image0: torch.Size([1, 1, 400, 400])
[loftr_wrapper.py] net forward
[loftr_wrapper.py] mconf, 0.2026173174381256 0.9253865480422974
[loftr_wrapper.py] pair_ids (136,)
[loftr_wrapper.py] corres: (136, 5)
[loftr_wrapper.py] image0: torch.Size([1, 1, 400, 400])
[loftr_wrapper.py] net forward
[loftr_wrapper.py] mconf, 0.20044440031051636 0.9370389580726624
[loftr_wrapper.py] pair_ids (191,)
[loftr_wrapper.py] corres: (191, 5)
[loftr_wrapper.py] image0: torch.Size([1, 1, 400, 400])
[loftr_wrapper.py] net forward
[loftr_wrapper.py] mconf, 0.20251762866973877 0.9293794631958008
[loftr_wrapper.py] pair_ids (151,)
[loftr_wrapper.py] corres: (151, 5)
[loftr_wrapper.py] image0: torch.Size([1, 1, 400, 400])
[loftr_wrapper.py] net forward
[loftr_wrapper.py] mconf, 0.20006534457206726 0.8826135396957397
[loftr_wrapper.py] pair_ids (132,)
[loftr_wrapper.py] corres: (132, 5)
[loftr_wrapper.py] image0: torch.Size([1, 1, 400, 400])
[loftr_wrapper.py] net forward
[loftr_wrapper.py] mconf, 0.2016403079032898 0.9537659287452698
[loftr_wrapper.py] pair_ids (169,)
[loftr_wrapper.py] corres: (169, 5)
[loftr_wrapper.py] image0: torch.Size([1, 1, 400, 400])
[loftr_wrapper.py] net forward
[loftr_wrapper.py] mconf, 0.20083069801330566 0.9333909153938293
[loftr_wrapper.py] pair_ids (154,)
[loftr_wrapper.py] corres: (154, 5)
[loftr_wrapper.py] image0: torch.Size([1, 1, 400, 400])
[loftr_wrapper.py] net forward
[loftr_wrapper.py] mconf, 0.20386013388633728 0.9788063764572144
[loftr_wrapper.py] pair_ids (119,)
[loftr_wrapper.py] corres: (119, 5)
[loftr_wrapper.py] image0: torch.Size([1, 1, 400, 400])
[loftr_wrapper.py] net forward
[loftr_wrapper.py] mconf, 0.20096942782402039 0.9026488661766052
[loftr_wrapper.py] pair_ids (114,)
[loftr_wrapper.py] corres: (114, 5)
[loftr_wrapper.py] image0: torch.Size([1, 1, 400, 400])
[loftr_wrapper.py] net forward
[loftr_wrapper.py] mconf, 0.2034941464662552 0.9769337773323059
[loftr_wrapper.py] pair_ids (116,)
[loftr_wrapper.py] corres: (116, 5)
[loftr_wrapper.py] image0: torch.Size([1, 1, 400, 400])
[loftr_wrapper.py] net forward
[loftr_wrapper.py] mconf, 0.20192213356494904 0.9370564818382263
[loftr_wrapper.py] pair_ids (140,)
[loftr_wrapper.py] corres: (140, 5)
[loftr_wrapper.py] image0: torch.Size([1, 1, 400, 400])
[loftr_wrapper.py] net forward
[loftr_wrapper.py] mconf, 0.20062921941280365 0.9421243667602539
[loftr_wrapper.py] pair_ids (111,)
[loftr_wrapper.py] corres: (111, 5)
[loftr_wrapper.py] image0: torch.Size([1, 1, 400, 400])
[loftr_wrapper.py] net forward
[loftr_wrapper.py] mconf, 0.2052002251148224 0.9013388752937317
[loftr_wrapper.py] pair_ids (116,)
[loftr_wrapper.py] corres: (116, 5)
[loftr_wrapper.py] image0: torch.Size([1, 1, 400, 400])
[loftr_wrapper.py] net forward
[loftr_wrapper.py] mconf, 0.20023499429225922 0.8452988266944885
[loftr_wrapper.py] pair_ids (126,)
[loftr_wrapper.py] corres: (126, 5)
[loftr_wrapper.py] image0: torch.Size([1, 1, 400, 400])
[loftr_wrapper.py] net forward
[loftr_wrapper.py] mconf, 0.2003694623708725 0.8031416535377502
[loftr_wrapper.py] pair_ids (126,)
[loftr_wrapper.py] corres: (126, 5)
[loftr_wrapper.py] image0: torch.Size([1, 1, 400, 400])
[loftr_wrapper.py] net forward
[loftr_wrapper.py] mconf, 0.20173156261444092 0.8188647031784058
[loftr_wrapper.py] pair_ids (101,)
[loftr_wrapper.py] corres: (101, 5)
[loftr_wrapper.py] image0: torch.Size([1, 1, 400, 400])
[loftr_wrapper.py] net forward
[loftr_wrapper.py] mconf, 0.20453061163425446 0.9130513072013855
[loftr_wrapper.py] pair_ids (87,)
[loftr_wrapper.py] corres: (87, 5)
[loftr_wrapper.py] image0: torch.Size([1, 1, 400, 400])
[loftr_wrapper.py] net forward
[loftr_wrapper.py] mconf, 0.20040030777454376 0.9805840253829956
[loftr_wrapper.py] pair_ids (104,)
[loftr_wrapper.py] corres: (104, 5)
[loftr_wrapper.py] image0: torch.Size([1, 1, 400, 400])
[loftr_wrapper.py] net forward
[loftr_wrapper.py] mconf, 0.20218020677566528 0.8020544052124023
[loftr_wrapper.py] pair_ids (93,)
[loftr_wrapper.py] corres: (93, 5)
[loftr_wrapper.py] image0: torch.Size([1, 1, 400, 400])
[loftr_wrapper.py] net forward
[loftr_wrapper.py] mconf, 0.20069722831249237 0.7384088635444641
[loftr_wrapper.py] pair_ids (91,)
[loftr_wrapper.py] corres: (91, 5)
  A MD-prior MPM12 151/229 2.4s/kf | E-I=11.83 E-L=7.46 E-V2=114.09 E-V5b=115.90 E-V5d=116.04 E-V5x2=51.71 E-VI=62.76 | rot0 4.49
/home/kist/Desktop/BundleSAM3DGS/experiments/vggt_probe/models.py:30: FutureWarning: `torch.cuda.amp.autocast(args...)` is deprecated. Please use `torch.amp.autocast('cuda', args...)` instead.
  with torch.cuda.amp.autocast(dtype=torch.bfloat16):
/home/kist/venvs/vggt_probe/lib/python3.10/site-packages/vggt/models/vggt.py:65: FutureWarning: `torch.cuda.amp.autocast(args...)` is deprecated. Please use `torch.amp.autocast('cuda', args...)` instead.
  with torch.cuda.amp.autocast(enabled=False):
[loftr_wrapper.py] image0: torch.Size([1, 1, 400, 400])
/home/kist/Desktop/BundleSAM3DGS/loftr_wrapper.py:45: FutureWarning: `torch.cuda.amp.autocast(args...)` is deprecated. Please use `torch.amp.autocast('cuda', args...)` instead.
  with torch.cuda.amp.autocast(enabled=True):
[loftr_wrapper.py] net forward
[loftr_wrapper.py] mconf, 0.20104098320007324 0.7360820770263672
[loftr_wrapper.py] pair_ids (120,)
[loftr_wrapper.py] corres: (120, 5)
[loftr_wrapper.py] image0: torch.Size([1, 1, 400, 400])
[loftr_wrapper.py] net forward
[loftr_wrapper.py] mconf, 0.20001760125160217 0.8648883700370789
[loftr_wrapper.py] pair_ids (89,)
[loftr_wrapper.py] corres: (89, 5)
[loftr_wrapper.py] image0: torch.Size([1, 1, 400, 400])
[loftr_wrapper.py] net forward
[loftr_wrapper.py] mconf, 0.20213603973388672 0.8556568622589111
[loftr_wrapper.py] pair_ids (92,)
[loftr_wrapper.py] corres: (92, 5)
[loftr_wrapper.py] image0: torch.Size([1, 1, 400, 400])
[loftr_wrapper.py] net forward
[loftr_wrapper.py] mconf, 0.20111657679080963 0.7588249444961548
[loftr_wrapper.py] pair_ids (104,)
[loftr_wrapper.py] corres: (104, 5)
[loftr_wrapper.py] image0: torch.Size([1, 1, 400, 400])
[loftr_wrapper.py] net forward
[loftr_wrapper.py] mconf, 0.20052623748779297 0.8535367250442505
[loftr_wrapper.py] pair_ids (125,)
[loftr_wrapper.py] corres: (125, 5)
[loftr_wrapper.py] image0: torch.Size([1, 1, 400, 400])
[loftr_wrapper.py] net forward
[loftr_wrapper.py] mconf, 0.20119458436965942 0.8394460082054138
[loftr_wrapper.py] pair_ids (115,)
[loftr_wrapper.py] corres: (115, 5)
[loftr_wrapper.py] image0: torch.Size([1, 1, 400, 400])
[loftr_wrapper.py] net forward
[loftr_wrapper.py] mconf, 0.20647965371608734 0.8274050951004028
[loftr_wrapper.py] pair_ids (73,)
[loftr_wrapper.py] corres: (73, 5)
[loftr_wrapper.py] image0: torch.Size([1, 1, 400, 400])
[loftr_wrapper.py] net forward
[loftr_wrapper.py] mconf, 0.20065435767173767 0.8392664194107056
[loftr_wrapper.py] pair_ids (82,)
[loftr_wrapper.py] corres: (82, 5)
[loftr_wrapper.py] image0: torch.Size([1, 1, 400, 400])
[loftr_wrapper.py] net forward
[loftr_wrapper.py] mconf, 0.2041422724723816 0.7203490734100342
[loftr_wrapper.py] pair_ids (76,)
[loftr_wrapper.py] corres: (76, 5)
[loftr_wrapper.py] image0: torch.Size([1, 1, 400, 400])
[loftr_wrapper.py] net forward
[loftr_wrapper.py] mconf, 0.20060665905475616 0.7101688981056213
[loftr_wrapper.py] pair_ids (85,)
[loftr_wrapper.py] corres: (85, 5)
[loftr_wrapper.py] image0: torch.Size([1, 1, 400, 400])
[loftr_wrapper.py] net forward
[loftr_wrapper.py] mconf, 0.2001994550228119 0.8521251082420349
[loftr_wrapper.py] pair_ids (87,)
[loftr_wrapper.py] corres: (87, 5)
[loftr_wrapper.py] image0: torch.Size([1, 1, 400, 400])
[loftr_wrapper.py] net forward
[loftr_wrapper.py] mconf, 0.2010626196861267 0.7949953079223633
[loftr_wrapper.py] pair_ids (89,)
[loftr_wrapper.py] corres: (89, 5)
[loftr_wrapper.py] image0: torch.Size([1, 1, 400, 400])
[loftr_wrapper.py] net forward
[loftr_wrapper.py] mconf, 0.2039428949356079 0.7036998271942139
[loftr_wrapper.py] pair_ids (80,)
[loftr_wrapper.py] corres: (80, 5)
[loftr_wrapper.py] image0: torch.Size([1, 1, 400, 400])
[loftr_wrapper.py] net forward
[loftr_wrapper.py] mconf, 0.20212212204933167 0.7754742503166199
[loftr_wrapper.py] pair_ids (95,)
[loftr_wrapper.py] corres: (95, 5)
[loftr_wrapper.py] image0: torch.Size([1, 1, 400, 400])
[loftr_wrapper.py] net forward
[loftr_wrapper.py] mconf, 0.2016512155532837 0.7151455879211426
[loftr_wrapper.py] pair_ids (79,)
[loftr_wrapper.py] corres: (79, 5)
[loftr_wrapper.py] image0: torch.Size([1, 1, 400, 400])
[loftr_wrapper.py] net forward
[loftr_wrapper.py] mconf, 0.2000657320022583 0.6622033715248108
[loftr_wrapper.py] pair_ids (66,)
[loftr_wrapper.py] corres: (66, 5)
[loftr_wrapper.py] image0: torch.Size([1, 1, 400, 400])
[loftr_wrapper.py] net forward
[loftr_wrapper.py] mconf, 0.20071883499622345 0.6545169949531555
[loftr_wrapper.py] pair_ids (62,)
[loftr_wrapper.py] corres: (62, 5)
[loftr_wrapper.py] image0: torch.Size([1, 1, 400, 400])
[loftr_wrapper.py] net forward
[loftr_wrapper.py] mconf, 0.20005464553833008 0.7143278121948242
[loftr_wrapper.py] pair_ids (62,)
[loftr_wrapper.py] corres: (62, 5)
[loftr_wrapper.py] image0: torch.Size([1, 1, 400, 400])
[loftr_wrapper.py] net forward
[loftr_wrapper.py] mconf, 0.2001049816608429 0.7918145060539246
[loftr_wrapper.py] pair_ids (138,)
[loftr_wrapper.py] corres: (138, 5)
[loftr_wrapper.py] image0: torch.Size([1, 1, 400, 400])
[loftr_wrapper.py] net forward
[loftr_wrapper.py] mconf, 0.2058854103088379 0.9605533480644226
[loftr_wrapper.py] pair_ids (131,)
[loftr_wrapper.py] corres: (131, 5)
[loftr_wrapper.py] image0: torch.Size([1, 1, 400, 400])
[loftr_wrapper.py] net forward
[loftr_wrapper.py] mconf, 0.20452135801315308 0.9055051803588867
[loftr_wrapper.py] pair_ids (109,)
[loftr_wrapper.py] corres: (109, 5)
[loftr_wrapper.py] image0: torch.Size([1, 1, 400, 400])
[loftr_wrapper.py] net forward
[loftr_wrapper.py] mconf, 0.20020543038845062 0.8737920522689819
[loftr_wrapper.py] pair_ids (160,)
[loftr_wrapper.py] corres: (160, 5)
[loftr_wrapper.py] image0: torch.Size([1, 1, 400, 400])
[loftr_wrapper.py] net forward
[loftr_wrapper.py] mconf, 0.20097608864307404 0.8868283629417419
[loftr_wrapper.py] pair_ids (157,)
[loftr_wrapper.py] corres: (157, 5)
[loftr_wrapper.py] image0: torch.Size([1, 1, 400, 400])
[loftr_wrapper.py] net forward
[loftr_wrapper.py] mconf, 0.2009807676076889 0.9710627198219299
[loftr_wrapper.py] pair_ids (184,)
[loftr_wrapper.py] corres: (184, 5)
[loftr_wrapper.py] image0: torch.Size([1, 1, 400, 400])
[loftr_wrapper.py] net forward
[loftr_wrapper.py] mconf, 0.20170094072818756 0.9617182016372681
[loftr_wrapper.py] pair_ids (181,)
[loftr_wrapper.py] corres: (181, 5)
  A MD-prior MPM12 176/229 2.3s/kf | E-I=10.72 E-L=7.68 E-V2=119.47 E-V5b=103.57 E-V5d=103.65 E-V5x2=86.41 E-VI=91.99 | rot0 5.60
/home/kist/Desktop/BundleSAM3DGS/experiments/vggt_probe/models.py:30: FutureWarning: `torch.cuda.amp.autocast(args...)` is deprecated. Please use `torch.amp.autocast('cuda', args...)` instead.
  with torch.cuda.amp.autocast(dtype=torch.bfloat16):
/home/kist/venvs/vggt_probe/lib/python3.10/site-packages/vggt/models/vggt.py:65: FutureWarning: `torch.cuda.amp.autocast(args...)` is deprecated. Please use `torch.amp.autocast('cuda', args...)` instead.
  with torch.cuda.amp.autocast(enabled=False):
[loftr_wrapper.py] image0: torch.Size([1, 1, 400, 400])
/home/kist/Desktop/BundleSAM3DGS/loftr_wrapper.py:45: FutureWarning: `torch.cuda.amp.autocast(args...)` is deprecated. Please use `torch.amp.autocast('cuda', args...)` instead.
  with torch.cuda.amp.autocast(enabled=True):
[loftr_wrapper.py] net forward
[loftr_wrapper.py] mconf, 0.20120878517627716 0.9346552491188049
[loftr_wrapper.py] pair_ids (201,)
[loftr_wrapper.py] corres: (201, 5)
[loftr_wrapper.py] image0: torch.Size([1, 1, 400, 400])
[loftr_wrapper.py] net forward
[loftr_wrapper.py] mconf, 0.20423728227615356 0.8163595199584961
[loftr_wrapper.py] pair_ids (187,)
[loftr_wrapper.py] corres: (187, 5)
[loftr_wrapper.py] image0: torch.Size([1, 1, 400, 400])
[loftr_wrapper.py] net forward
[loftr_wrapper.py] mconf, 0.20171457529067993 0.7541177272796631
[loftr_wrapper.py] pair_ids (130,)
[loftr_wrapper.py] corres: (130, 5)
[loftr_wrapper.py] image0: torch.Size([1, 1, 400, 400])
[loftr_wrapper.py] net forward
[loftr_wrapper.py] mconf, 0.2024705559015274 0.9111348390579224
[loftr_wrapper.py] pair_ids (98,)
[loftr_wrapper.py] corres: (98, 5)
[loftr_wrapper.py] image0: torch.Size([1, 1, 400, 400])
[loftr_wrapper.py] net forward
[loftr_wrapper.py] mconf, 0.20153729617595673 0.7709439396858215
[loftr_wrapper.py] pair_ids (91,)
[loftr_wrapper.py] corres: (91, 5)
[loftr_wrapper.py] image0: torch.Size([1, 1, 400, 400])
[loftr_wrapper.py] net forward
[loftr_wrapper.py] mconf, 0.20033368468284607 0.7042665481567383
[loftr_wrapper.py] pair_ids (77,)
[loftr_wrapper.py] corres: (77, 5)
[loftr_wrapper.py] image0: torch.Size([1, 1, 400, 400])
[loftr_wrapper.py] net forward
[loftr_wrapper.py] mconf, 0.20090550184249878 0.7961629629135132
[loftr_wrapper.py] pair_ids (65,)
[loftr_wrapper.py] corres: (65, 5)
[loftr_wrapper.py] image0: torch.Size([1, 1, 400, 400])
[loftr_wrapper.py] net forward
[loftr_wrapper.py] mconf, 0.20334596931934357 0.7238715887069702
[loftr_wrapper.py] pair_ids (39,)
[loftr_wrapper.py] corres: (39, 5)
[loftr_wrapper.py] image0: torch.Size([1, 1, 400, 400])
[loftr_wrapper.py] net forward
[loftr_wrapper.py] mconf, 0.20897360146045685 0.8624838590621948
[loftr_wrapper.py] pair_ids (46,)
[loftr_wrapper.py] corres: (46, 5)
[loftr_wrapper.py] image0: torch.Size([1, 1, 400, 400])
[loftr_wrapper.py] net forward
[loftr_wrapper.py] mconf, 0.20018607378005981 0.8629262447357178
[loftr_wrapper.py] pair_ids (65,)
[loftr_wrapper.py] corres: (65, 5)
[loftr_wrapper.py] image0: torch.Size([1, 1, 400, 400])
[loftr_wrapper.py] net forward
[loftr_wrapper.py] mconf, 0.2006017118692398 0.9337900280952454
[loftr_wrapper.py] pair_ids (106,)
[loftr_wrapper.py] corres: (106, 5)
[loftr_wrapper.py] image0: torch.Size([1, 1, 400, 400])
[loftr_wrapper.py] net forward
[loftr_wrapper.py] mconf, 0.20064541697502136 0.8313648700714111
[loftr_wrapper.py] pair_ids (101,)
[loftr_wrapper.py] corres: (101, 5)
[loftr_wrapper.py] image0: torch.Size([1, 1, 400, 400])
[loftr_wrapper.py] net forward
[loftr_wrapper.py] mconf, 0.20005717873573303 0.7037090063095093
[loftr_wrapper.py] pair_ids (86,)
[loftr_wrapper.py] corres: (86, 5)
[loftr_wrapper.py] image0: torch.Size([1, 1, 400, 400])
[loftr_wrapper.py] net forward
[loftr_wrapper.py] mconf, 0.2000766396522522 0.8879883885383606
[loftr_wrapper.py] pair_ids (77,)
[loftr_wrapper.py] corres: (77, 5)
[loftr_wrapper.py] image0: torch.Size([1, 1, 400, 400])
[loftr_wrapper.py] net forward
[loftr_wrapper.py] mconf, 0.2003091275691986 0.8201387524604797
[loftr_wrapper.py] pair_ids (79,)
[loftr_wrapper.py] corres: (79, 5)
[loftr_wrapper.py] image0: torch.Size([1, 1, 400, 400])
[loftr_wrapper.py] net forward
[loftr_wrapper.py] mconf, 0.20026330649852753 0.6909276247024536
[loftr_wrapper.py] pair_ids (95,)
[loftr_wrapper.py] corres: (95, 5)
[loftr_wrapper.py] image0: torch.Size([1, 1, 400, 400])
[loftr_wrapper.py] net forward
[loftr_wrapper.py] mconf, 0.20710934698581696 0.7730876803398132
[loftr_wrapper.py] pair_ids (69,)
[loftr_wrapper.py] corres: (69, 5)
[loftr_wrapper.py] image0: torch.Size([1, 1, 400, 400])
[loftr_wrapper.py] net forward
[loftr_wrapper.py] mconf, 0.20018969476222992 0.6879521608352661
[loftr_wrapper.py] pair_ids (83,)
[loftr_wrapper.py] corres: (83, 5)
[loftr_wrapper.py] image0: torch.Size([1, 1, 400, 400])
[loftr_wrapper.py] net forward
[loftr_wrapper.py] mconf, 0.2035761922597885 0.8065297603607178
[loftr_wrapper.py] pair_ids (58,)
[loftr_wrapper.py] corres: (58, 5)
[loftr_wrapper.py] image0: torch.Size([1, 1, 400, 400])
[loftr_wrapper.py] net forward
[loftr_wrapper.py] mconf, 0.20072652399539948 0.8037285804748535
[loftr_wrapper.py] pair_ids (87,)
[loftr_wrapper.py] corres: (87, 5)
[loftr_wrapper.py] image0: torch.Size([1, 1, 400, 400])
[loftr_wrapper.py] net forward
[loftr_wrapper.py] mconf, 0.20230165123939514 0.7642548084259033
[loftr_wrapper.py] pair_ids (97,)
[loftr_wrapper.py] corres: (97, 5)
[loftr_wrapper.py] image0: torch.Size([1, 1, 400, 400])
[loftr_wrapper.py] net forward
[loftr_wrapper.py] mconf, 0.20111441612243652 0.8779416680335999
[loftr_wrapper.py] pair_ids (83,)
[loftr_wrapper.py] corres: (83, 5)
[loftr_wrapper.py] image0: torch.Size([1, 1, 400, 400])
[loftr_wrapper.py] net forward
[loftr_wrapper.py] mconf, 0.200576052069664 0.7170678377151489
[loftr_wrapper.py] pair_ids (82,)
[loftr_wrapper.py] corres: (82, 5)
[loftr_wrapper.py] image0: torch.Size([1, 1, 400, 400])
[loftr_wrapper.py] net forward
[loftr_wrapper.py] mconf, 0.2089013308286667 0.8726207613945007
[loftr_wrapper.py] pair_ids (84,)
[loftr_wrapper.py] corres: (84, 5)
[loftr_wrapper.py] image0: torch.Size([1, 1, 400, 400])
[loftr_wrapper.py] net forward
[loftr_wrapper.py] mconf, 0.20099377632141113 0.8395410180091858
[loftr_wrapper.py] pair_ids (62,)
[loftr_wrapper.py] corres: (62, 5)
  A MD-prior MPM12 201/229 2.3s/kf | E-I=9.16 E-L=9.49 E-V2=106.46 E-V5b=95.15 E-V5d=95.02 E-V5x2=80.99 E-VI=91.07 | rot0 4.38
/home/kist/Desktop/BundleSAM3DGS/experiments/vggt_probe/models.py:30: FutureWarning: `torch.cuda.amp.autocast(args...)` is deprecated. Please use `torch.amp.autocast('cuda', args...)` instead.
  with torch.cuda.amp.autocast(dtype=torch.bfloat16):
/home/kist/venvs/vggt_probe/lib/python3.10/site-packages/vggt/models/vggt.py:65: FutureWarning: `torch.cuda.amp.autocast(args...)` is deprecated. Please use `torch.amp.autocast('cuda', args...)` instead.
  with torch.cuda.amp.autocast(enabled=False):
[loftr_wrapper.py] image0: torch.Size([1, 1, 400, 400])
/home/kist/Desktop/BundleSAM3DGS/loftr_wrapper.py:45: FutureWarning: `torch.cuda.amp.autocast(args...)` is deprecated. Please use `torch.amp.autocast('cuda', args...)` instead.
  with torch.cuda.amp.autocast(enabled=True):
[loftr_wrapper.py] net forward
[loftr_wrapper.py] mconf, 0.2027195692062378 0.7594166994094849
[loftr_wrapper.py] pair_ids (85,)
[loftr_wrapper.py] corres: (85, 5)
[loftr_wrapper.py] image0: torch.Size([1, 1, 400, 400])
[loftr_wrapper.py] net forward
[loftr_wrapper.py] mconf, 0.2041877806186676 0.6813961267471313
[loftr_wrapper.py] pair_ids (59,)
[loftr_wrapper.py] corres: (59, 5)
[loftr_wrapper.py] image0: torch.Size([1, 1, 400, 400])
[loftr_wrapper.py] net forward
[loftr_wrapper.py] mconf, 0.20089450478553772 0.9225640296936035
[loftr_wrapper.py] pair_ids (99,)
[loftr_wrapper.py] corres: (99, 5)
[loftr_wrapper.py] image0: torch.Size([1, 1, 400, 400])
[loftr_wrapper.py] net forward
[loftr_wrapper.py] mconf, 0.2010766863822937 0.8238629698753357
[loftr_wrapper.py] pair_ids (76,)
[loftr_wrapper.py] corres: (76, 5)
[loftr_wrapper.py] image0: torch.Size([1, 1, 400, 400])
[loftr_wrapper.py] net forward
[loftr_wrapper.py] mconf, 0.20006012916564941 0.7390211820602417
[loftr_wrapper.py] pair_ids (148,)
[loftr_wrapper.py] corres: (148, 5)
[loftr_wrapper.py] image0: torch.Size([1, 1, 400, 400])
[loftr_wrapper.py] net forward
[loftr_wrapper.py] mconf, 0.20492449402809143 0.957879900932312
[loftr_wrapper.py] pair_ids (213,)
[loftr_wrapper.py] corres: (213, 5)
[loftr_wrapper.py] image0: torch.Size([1, 1, 400, 400])
[loftr_wrapper.py] net forward
[loftr_wrapper.py] mconf, 0.20051603019237518 0.8698556423187256
[loftr_wrapper.py] pair_ids (119,)
[loftr_wrapper.py] corres: (119, 5)
[loftr_wrapper.py] image0: torch.Size([1, 1, 400, 400])
[loftr_wrapper.py] net forward
[loftr_wrapper.py] mconf, 0.2003028243780136 0.8398324251174927
[loftr_wrapper.py] pair_ids (123,)
[loftr_wrapper.py] corres: (123, 5)
[loftr_wrapper.py] image0: torch.Size([1, 1, 400, 400])
[loftr_wrapper.py] net forward
[loftr_wrapper.py] mconf, 0.20139621198177338 0.848128616809845
[loftr_wrapper.py] pair_ids (136,)
[loftr_wrapper.py] corres: (136, 5)
[loftr_wrapper.py] image0: torch.Size([1, 1, 400, 400])
[loftr_wrapper.py] net forward
[loftr_wrapper.py] mconf, 0.20139916241168976 0.7449222803115845
[loftr_wrapper.py] pair_ids (94,)
[loftr_wrapper.py] corres: (94, 5)
[loftr_wrapper.py] image0: torch.Size([1, 1, 400, 400])
[loftr_wrapper.py] net forward
[loftr_wrapper.py] mconf, 0.2027902752161026 0.7482075691223145
[loftr_wrapper.py] pair_ids (114,)
[loftr_wrapper.py] corres: (114, 5)
[loftr_wrapper.py] image0: torch.Size([1, 1, 400, 400])
[loftr_wrapper.py] net forward
[loftr_wrapper.py] mconf, 0.20017312467098236 0.9526265859603882
[loftr_wrapper.py] pair_ids (135,)
[loftr_wrapper.py] corres: (135, 5)
[loftr_wrapper.py] image0: torch.Size([1, 1, 400, 400])
[loftr_wrapper.py] net forward
[loftr_wrapper.py] mconf, 0.2036411017179489 0.971015453338623
[loftr_wrapper.py] pair_ids (144,)
[loftr_wrapper.py] corres: (144, 5)
[loftr_wrapper.py] image0: torch.Size([1, 1, 400, 400])
[loftr_wrapper.py] net forward
[loftr_wrapper.py] mconf, 0.20585350692272186 0.9264509677886963
[loftr_wrapper.py] pair_ids (211,)
[loftr_wrapper.py] corres: (211, 5)
[loftr_wrapper.py] image0: torch.Size([1, 1, 400, 400])
[loftr_wrapper.py] net forward
[loftr_wrapper.py] mconf, 0.20090489089488983 0.9235583543777466
[loftr_wrapper.py] pair_ids (223,)
[loftr_wrapper.py] corres: (223, 5)
[loftr_wrapper.py] image0: torch.Size([1, 1, 400, 400])
[loftr_wrapper.py] net forward
[loftr_wrapper.py] mconf, 0.20180097222328186 0.9314576387405396
[loftr_wrapper.py] pair_ids (226,)
[loftr_wrapper.py] corres: (226, 5)
[loftr_wrapper.py] image0: torch.Size([1, 1, 400, 400])
[loftr_wrapper.py] net forward
[loftr_wrapper.py] mconf, 0.2013365924358368 0.9331066608428955
[loftr_wrapper.py] pair_ids (244,)
[loftr_wrapper.py] corres: (244, 5)
[loftr_wrapper.py] image0: torch.Size([1, 1, 400, 400])
[loftr_wrapper.py] net forward
[loftr_wrapper.py] mconf, 0.20061931014060974 0.9752546548843384
[loftr_wrapper.py] pair_ids (304,)
[loftr_wrapper.py] corres: (304, 5)
[loftr_wrapper.py] image0: torch.Size([1, 1, 400, 400])
[loftr_wrapper.py] net forward
[loftr_wrapper.py] mconf, 0.2008475512266159 0.988099992275238
[loftr_wrapper.py] pair_ids (329,)
[loftr_wrapper.py] corres: (329, 5)
[loftr_wrapper.py] image0: torch.Size([1, 1, 400, 400])
[loftr_wrapper.py] net forward
[loftr_wrapper.py] mconf, 0.2007909119129181 0.9946990609169006
[loftr_wrapper.py] pair_ids (410,)
[loftr_wrapper.py] corres: (410, 5)
[loftr_wrapper.py] image0: torch.Size([1, 1, 400, 400])
[loftr_wrapper.py] net forward
[loftr_wrapper.py] mconf, 0.20037627220153809 0.9893636107444763
[loftr_wrapper.py] pair_ids (505,)
[loftr_wrapper.py] corres: (505, 5)
[loftr_wrapper.py] image0: torch.Size([1, 1, 400, 400])
[loftr_wrapper.py] net forward
[loftr_wrapper.py] mconf, 0.20112210512161255 0.9892096519470215
[loftr_wrapper.py] pair_ids (442,)
[loftr_wrapper.py] corres: (442, 5)
[loftr_wrapper.py] image0: torch.Size([1, 1, 400, 400])
[loftr_wrapper.py] net forward
[loftr_wrapper.py] mconf, 0.20254598557949066 0.9862576723098755
[loftr_wrapper.py] pair_ids (249,)
[loftr_wrapper.py] corres: (249, 5)
[loftr_wrapper.py] image0: torch.Size([1, 1, 400, 400])
[loftr_wrapper.py] net forward
[loftr_wrapper.py] mconf, 0.20502400398254395 0.9936286807060242
[loftr_wrapper.py] pair_ids (319,)
[loftr_wrapper.py] corres: (319, 5)
[loftr_wrapper.py] image0: torch.Size([1, 1, 400, 400])
[loftr_wrapper.py] net forward
[loftr_wrapper.py] mconf, 0.20112572610378265 0.9969582557678223
[loftr_wrapper.py] pair_ids (661,)
[loftr_wrapper.py] corres: (661, 5)
  A MD-prior MPM12 226/229 2.4s/kf | E-I=11.36 E-L=7.47 E-V2=145.88 E-V5b=110.68 E-V5d=110.73 E-V5x2=36.04 E-VI=60.09 | rot0 5.49
/home/kist/Desktop/BundleSAM3DGS/experiments/vggt_probe/models.py:30: FutureWarning: `torch.cuda.amp.autocast(args...)` is deprecated. Please use `torch.amp.autocast('cuda', args...)` instead.
  with torch.cuda.amp.autocast(dtype=torch.bfloat16):
/home/kist/venvs/vggt_probe/lib/python3.10/site-packages/vggt/models/vggt.py:65: FutureWarning: `torch.cuda.amp.autocast(args...)` is deprecated. Please use `torch.amp.autocast('cuda', args...)` instead.
  with torch.cuda.amp.autocast(enabled=False):
[loftr_wrapper.py] image0: torch.Size([1, 1, 400, 400])
/home/kist/Desktop/BundleSAM3DGS/loftr_wrapper.py:45: FutureWarning: `torch.cuda.amp.autocast(args...)` is deprecated. Please use `torch.amp.autocast('cuda', args...)` instead.
  with torch.cuda.amp.autocast(enabled=True):
[loftr_wrapper.py] net forward
[loftr_wrapper.py] mconf, 0.20017527043819427 0.9920082092285156
[loftr_wrapper.py] pair_ids (728,)
[loftr_wrapper.py] corres: (728, 5)
[loftr_wrapper.py] image0: torch.Size([1, 1, 400, 400])
[loftr_wrapper.py] net forward
[loftr_wrapper.py] mconf, 0.20151497423648834 0.9961585402488708
[loftr_wrapper.py] pair_ids (736,)
[loftr_wrapper.py] corres: (736, 5)
[loftr_wrapper.py] image0: torch.Size([1, 1, 400, 400])
[loftr_wrapper.py] net forward
[loftr_wrapper.py] mconf, 0.20096896588802338 0.9667681455612183
[loftr_wrapper.py] pair_ids (542,)
[loftr_wrapper.py] corres: (542, 5)
DONE A MD-prior MPM12 jobs 229 532s | E-I=10.49/0% E-L=8.05/3% E-V2=109.16/1% E-V5b=98.94/1% E-V5d=98.98/1% E-V5x2=62.76/0% E-VI=70.74/0% | rot0 4.13
/home/kist/Desktop/BundleSAM3DGS/experiments/vggt_probe/models.py:30: FutureWarning: `torch.cuda.amp.autocast(args...)` is deprecated. Please use `torch.amp.autocast('cuda', args...)` instead.
  with torch.cuda.amp.autocast(dtype=torch.bfloat16):
/home/kist/venvs/vggt_probe/lib/python3.10/site-packages/vggt/models/vggt.py:65: FutureWarning: `torch.cuda.amp.autocast(args...)` is deprecated. Please use `torch.amp.autocast('cuda', args...)` instead.
  with torch.cuda.amp.autocast(enabled=False):
[loftr_wrapper.py] image0: torch.Size([1, 1, 400, 400])
/home/kist/Desktop/BundleSAM3DGS/loftr_wrapper.py:45: FutureWarning: `torch.cuda.amp.autocast(args...)` is deprecated. Please use `torch.amp.autocast('cuda', args...)` instead.
  with torch.cuda.amp.autocast(enabled=True):
[loftr_wrapper.py] net forward
[loftr_wrapper.py] mconf, 0.20021377503871918 0.9991575479507446
[loftr_wrapper.py] pair_ids (1230,)
[loftr_wrapper.py] corres: (1230, 5)
  A MD-prior MPM13 1/214 2.5s/kf | E-I=2.62 E-L=1.48 E-V2=0.08 E-V5b=0.28 E-V5d=0.36 E-V5x2=0.50 E-VI=2.51 | rot0 0.00
/home/kist/Desktop/BundleSAM3DGS/experiments/vggt_probe/models.py:30: FutureWarning: `torch.cuda.amp.autocast(args...)` is deprecated. Please use `torch.amp.autocast('cuda', args...)` instead.
  with torch.cuda.amp.autocast(dtype=torch.bfloat16):
/home/kist/venvs/vggt_probe/lib/python3.10/site-packages/vggt/models/vggt.py:65: FutureWarning: `torch.cuda.amp.autocast(args...)` is deprecated. Please use `torch.amp.autocast('cuda', args...)` instead.
  with torch.cuda.amp.autocast(enabled=False):
[loftr_wrapper.py] image0: torch.Size([1, 1, 400, 400])
/home/kist/Desktop/BundleSAM3DGS/loftr_wrapper.py:45: FutureWarning: `torch.cuda.amp.autocast(args...)` is deprecated. Please use `torch.amp.autocast('cuda', args...)` instead.
  with torch.cuda.amp.autocast(enabled=True):
[loftr_wrapper.py] net forward
[loftr_wrapper.py] mconf, 0.20240312814712524 0.9983869194984436
[loftr_wrapper.py] pair_ids (1089,)
[loftr_wrapper.py] corres: (1089, 5)
[loftr_wrapper.py] image0: torch.Size([1, 1, 400, 400])
[loftr_wrapper.py] net forward
[loftr_wrapper.py] mconf, 0.20363731682300568 0.996048092842102
[loftr_wrapper.py] pair_ids (1088,)
[loftr_wrapper.py] corres: (1088, 5)
[loftr_wrapper.py] image0: torch.Size([1, 1, 400, 400])
[loftr_wrapper.py] net forward
[loftr_wrapper.py] mconf, 0.20033715665340424 0.9992219805717468
[loftr_wrapper.py] pair_ids (1015,)
[loftr_wrapper.py] corres: (1015, 5)
[loftr_wrapper.py] image0: torch.Size([1, 1, 400, 400])
[loftr_wrapper.py] net forward
[loftr_wrapper.py] mconf, 0.200191929936409 0.9982143044471741
[loftr_wrapper.py] pair_ids (991,)
[loftr_wrapper.py] corres: (991, 5)
[loftr_wrapper.py] image0: torch.Size([1, 1, 400, 400])
[loftr_wrapper.py] net forward
[loftr_wrapper.py] mconf, 0.20252294838428497 0.9967217445373535
[loftr_wrapper.py] pair_ids (835,)
[loftr_wrapper.py] corres: (835, 5)
[loftr_wrapper.py] image0: torch.Size([1, 1, 400, 400])
[loftr_wrapper.py] net forward
[loftr_wrapper.py] mconf, 0.2026098370552063 0.9980049729347229
[loftr_wrapper.py] pair_ids (673,)
[loftr_wrapper.py] corres: (673, 5)
[loftr_wrapper.py] image0: torch.Size([1, 1, 400, 400])
[loftr_wrapper.py] net forward
[loftr_wrapper.py] mconf, 0.20086929202079773 0.9972609281539917
[loftr_wrapper.py] pair_ids (624,)
[loftr_wrapper.py] corres: (624, 5)
[loftr_wrapper.py] image0: torch.Size([1, 1, 400, 400])
[loftr_wrapper.py] net forward
[loftr_wrapper.py] mconf, 0.20149262249469757 0.9745910167694092
[loftr_wrapper.py] pair_ids (384,)
[loftr_wrapper.py] corres: (384, 5)
[loftr_wrapper.py] image0: torch.Size([1, 1, 400, 400])
[loftr_wrapper.py] net forward
[loftr_wrapper.py] mconf, 0.20158839225769043 0.9621391296386719
[loftr_wrapper.py] pair_ids (310,)
[loftr_wrapper.py] corres: (310, 5)
[loftr_wrapper.py] image0: torch.Size([1, 1, 400, 400])
[loftr_wrapper.py] net forward
[loftr_wrapper.py] mconf, 0.20093265175819397 0.9765065312385559
[loftr_wrapper.py] pair_ids (257,)
[loftr_wrapper.py] corres: (257, 5)
[loftr_wrapper.py] image0: torch.Size([1, 1, 400, 400])
[loftr_wrapper.py] net forward
[loftr_wrapper.py] mconf, 0.2005343735218048 0.9808380603790283
[loftr_wrapper.py] pair_ids (215,)
[loftr_wrapper.py] corres: (215, 5)
[loftr_wrapper.py] image0: torch.Size([1, 1, 400, 400])
[loftr_wrapper.py] net forward
[loftr_wrapper.py] mconf, 0.2000236213207245 0.9355268478393555
[loftr_wrapper.py] pair_ids (149,)
[loftr_wrapper.py] corres: (149, 5)
[loftr_wrapper.py] image0: torch.Size([1, 1, 400, 400])
[loftr_wrapper.py] net forward
[loftr_wrapper.py] mconf, 0.2061568647623062 0.8106556534767151
[loftr_wrapper.py] pair_ids (72,)
[loftr_wrapper.py] corres: (72, 5)
[loftr_wrapper.py] image0: torch.Size([1, 1, 400, 400])
[loftr_wrapper.py] net forward
[loftr_wrapper.py] mconf, 0.20004799962043762 0.7182184457778931
[loftr_wrapper.py] pair_ids (51,)
[loftr_wrapper.py] corres: (51, 5)
[loftr_wrapper.py] image0: torch.Size([1, 1, 400, 400])
[loftr_wrapper.py] net forward
[loftr_wrapper.py] mconf, 0.20112332701683044 0.7081858515739441
[loftr_wrapper.py] pair_ids (47,)
[loftr_wrapper.py] corres: (47, 5)
[loftr_wrapper.py] image0: torch.Size([1, 1, 400, 400])
[loftr_wrapper.py] net forward
[loftr_wrapper.py] mconf, 0.2023473083972931 0.6605340242385864
[loftr_wrapper.py] pair_ids (40,)
[loftr_wrapper.py] corres: (40, 5)
[loftr_wrapper.py] image0: torch.Size([1, 1, 400, 400])
[loftr_wrapper.py] net forward
[loftr_wrapper.py] mconf, 0.20115041732788086 0.6871482133865356
[loftr_wrapper.py] pair_ids (57,)
[loftr_wrapper.py] corres: (57, 5)
[loftr_wrapper.py] image0: torch.Size([1, 1, 400, 400])
[loftr_wrapper.py] net forward
[loftr_wrapper.py] mconf, 0.2044580727815628 0.75315922498703
[loftr_wrapper.py] pair_ids (46,)
[loftr_wrapper.py] corres: (46, 5)
[loftr_wrapper.py] image0: torch.Size([1, 1, 400, 400])
[loftr_wrapper.py] net forward
[loftr_wrapper.py] mconf, 0.20047539472579956 0.5742006897926331
[loftr_wrapper.py] pair_ids (56,)
[loftr_wrapper.py] corres: (56, 5)
[loftr_wrapper.py] image0: torch.Size([1, 1, 400, 400])
[loftr_wrapper.py] net forward
[loftr_wrapper.py] mconf, 0.20051036775112152 0.8457847237586975
[loftr_wrapper.py] pair_ids (71,)
[loftr_wrapper.py] corres: (71, 5)
[loftr_wrapper.py] image0: torch.Size([1, 1, 400, 400])
[loftr_wrapper.py] net forward
[loftr_wrapper.py] mconf, 0.20426532626152039 0.7604865431785583
[loftr_wrapper.py] pair_ids (98,)
[loftr_wrapper.py] corres: (98, 5)
[loftr_wrapper.py] image0: torch.Size([1, 1, 400, 400])
[loftr_wrapper.py] net forward
[loftr_wrapper.py] mconf, 0.20007266104221344 0.8085564374923706
[loftr_wrapper.py] pair_ids (85,)
[loftr_wrapper.py] corres: (85, 5)
[loftr_wrapper.py] image0: torch.Size([1, 1, 400, 400])
[loftr_wrapper.py] net forward
[loftr_wrapper.py] mconf, 0.20081859827041626 0.9293463230133057
[loftr_wrapper.py] pair_ids (98,)
[loftr_wrapper.py] corres: (98, 5)
[loftr_wrapper.py] image0: torch.Size([1, 1, 400, 400])
[loftr_wrapper.py] net forward
[loftr_wrapper.py] mconf, 0.20053048431873322 0.8007417917251587
[loftr_wrapper.py] pair_ids (81,)
[loftr_wrapper.py] corres: (81, 5)
[loftr_wrapper.py] image0: torch.Size([1, 1, 400, 400])
[loftr_wrapper.py] net forward
[loftr_wrapper.py] mconf, 0.20010493695735931 0.7956370115280151
[loftr_wrapper.py] pair_ids (96,)
[loftr_wrapper.py] corres: (96, 5)
  A MD-prior MPM13 26/214 2.3s/kf | E-I=4.64 E-L=4.79 E-V2=109.61 E-V5b=106.50 E-V5d=106.33 E-V5x2=7.62 E-VI=87.36 | rot0 2.09
/home/kist/Desktop/BundleSAM3DGS/experiments/vggt_probe/models.py:30: FutureWarning: `torch.cuda.amp.autocast(args...)` is deprecated. Please use `torch.amp.autocast('cuda', args...)` instead.
  with torch.cuda.amp.autocast(dtype=torch.bfloat16):
/home/kist/venvs/vggt_probe/lib/python3.10/site-packages/vggt/models/vggt.py:65: FutureWarning: `torch.cuda.amp.autocast(args...)` is deprecated. Please use `torch.amp.autocast('cuda', args...)` instead.
  with torch.cuda.amp.autocast(enabled=False):
[loftr_wrapper.py] image0: torch.Size([1, 1, 400, 400])
/home/kist/Desktop/BundleSAM3DGS/loftr_wrapper.py:45: FutureWarning: `torch.cuda.amp.autocast(args...)` is deprecated. Please use `torch.amp.autocast('cuda', args...)` instead.
  with torch.cuda.amp.autocast(enabled=True):
[loftr_wrapper.py] net forward
[loftr_wrapper.py] mconf, 0.20018795132637024 0.7869282364845276
[loftr_wrapper.py] pair_ids (98,)
[loftr_wrapper.py] corres: (98, 5)
[loftr_wrapper.py] image0: torch.Size([1, 1, 400, 400])
[loftr_wrapper.py] net forward
[loftr_wrapper.py] mconf, 0.20007731020450592 0.7333986163139343
[loftr_wrapper.py] pair_ids (119,)
[loftr_wrapper.py] corres: (119, 5)
[loftr_wrapper.py] image0: torch.Size([1, 1, 400, 400])
[loftr_wrapper.py] net forward
[loftr_wrapper.py] mconf, 0.2003479152917862 0.7095646858215332
[loftr_wrapper.py] pair_ids (80,)
[loftr_wrapper.py] corres: (80, 5)
[loftr_wrapper.py] image0: torch.Size([1, 1, 400, 400])
[loftr_wrapper.py] net forward
[loftr_wrapper.py] mconf, 0.201555535197258 0.6834911108016968
[loftr_wrapper.py] pair_ids (79,)
[loftr_wrapper.py] corres: (79, 5)
[loftr_wrapper.py] image0: torch.Size([1, 1, 400, 400])
[loftr_wrapper.py] net forward
[loftr_wrapper.py] mconf, 0.20109032094478607 0.689267635345459
[loftr_wrapper.py] pair_ids (87,)
[loftr_wrapper.py] corres: (87, 5)
[loftr_wrapper.py] image0: torch.Size([1, 1, 400, 400])
[loftr_wrapper.py] net forward
[loftr_wrapper.py] mconf, 0.20479318499565125 0.659838855266571
[loftr_wrapper.py] pair_ids (59,)
[loftr_wrapper.py] corres: (59, 5)
[loftr_wrapper.py] image0: torch.Size([1, 1, 400, 400])
[loftr_wrapper.py] net forward
[loftr_wrapper.py] mconf, 0.2077844738960266 0.7644794583320618
[loftr_wrapper.py] pair_ids (64,)
[loftr_wrapper.py] corres: (64, 5)
[loftr_wrapper.py] image0: torch.Size([1, 1, 400, 400])
[loftr_wrapper.py] net forward
[loftr_wrapper.py] mconf, 0.20213903486728668 0.5611171126365662
[loftr_wrapper.py] pair_ids (62,)
[loftr_wrapper.py] corres: (62, 5)
[loftr_wrapper.py] image0: torch.Size([1, 1, 400, 400])
[loftr_wrapper.py] net forward
[loftr_wrapper.py] mconf, 0.2006368637084961 0.8246741890907288
[loftr_wrapper.py] pair_ids (63,)
[loftr_wrapper.py] corres: (63, 5)
[loftr_wrapper.py] image0: torch.Size([1, 1, 400, 400])
[loftr_wrapper.py] net forward
[loftr_wrapper.py] mconf, 0.2030176818370819 0.858543872833252
[loftr_wrapper.py] pair_ids (100,)
[loftr_wrapper.py] corres: (100, 5)
[loftr_wrapper.py] image0: torch.Size([1, 1, 400, 400])
[loftr_wrapper.py] net forward
[loftr_wrapper.py] mconf, 0.20053605735301971 0.8585242629051208
[loftr_wrapper.py] pair_ids (105,)
[loftr_wrapper.py] corres: (105, 5)
[loftr_wrapper.py] image0: torch.Size([1, 1, 400, 400])
[loftr_wrapper.py] net forward
[loftr_wrapper.py] mconf, 0.2000872939825058 0.9184820652008057
[loftr_wrapper.py] pair_ids (113,)
[loftr_wrapper.py] corres: (113, 5)
[loftr_wrapper.py] image0: torch.Size([1, 1, 400, 400])
[loftr_wrapper.py] net forward
[loftr_wrapper.py] mconf, 0.20183947682380676 0.8592158555984497
[loftr_wrapper.py] pair_ids (153,)
[loftr_wrapper.py] corres: (153, 5)
[loftr_wrapper.py] image0: torch.Size([1, 1, 400, 400])
[loftr_wrapper.py] net forward
[loftr_wrapper.py] mconf, 0.20033174753189087 0.8221372961997986
[loftr_wrapper.py] pair_ids (128,)
[loftr_wrapper.py] corres: (128, 5)
[loftr_wrapper.py] image0: torch.Size([1, 1, 400, 400])
[loftr_wrapper.py] net forward
[loftr_wrapper.py] mconf, 0.20127004384994507 0.9129976034164429
[loftr_wrapper.py] pair_ids (185,)
[loftr_wrapper.py] corres: (185, 5)
[loftr_wrapper.py] image0: torch.Size([1, 1, 400, 400])
[loftr_wrapper.py] net forward
[loftr_wrapper.py] mconf, 0.20150041580200195 0.9763903617858887
[loftr_wrapper.py] pair_ids (261,)
[loftr_wrapper.py] corres: (261, 5)
[loftr_wrapper.py] image0: torch.Size([1, 1, 400, 400])
[loftr_wrapper.py] net forward
[loftr_wrapper.py] mconf, 0.20005908608436584 0.9551617503166199
[loftr_wrapper.py] pair_ids (297,)
[loftr_wrapper.py] corres: (297, 5)
[loftr_wrapper.py] image0: torch.Size([1, 1, 400, 400])
[loftr_wrapper.py] net forward
[loftr_wrapper.py] mconf, 0.2007276862859726 0.985772967338562
[loftr_wrapper.py] pair_ids (338,)
[loftr_wrapper.py] corres: (338, 5)
[loftr_wrapper.py] image0: torch.Size([1, 1, 400, 400])
[loftr_wrapper.py] net forward
[loftr_wrapper.py] mconf, 0.20243681967258453 0.9799249172210693
[loftr_wrapper.py] pair_ids (308,)
[loftr_wrapper.py] corres: (308, 5)
[loftr_wrapper.py] image0: torch.Size([1, 1, 400, 400])
[loftr_wrapper.py] net forward
[loftr_wrapper.py] mconf, 0.20060792565345764 0.9374811053276062
[loftr_wrapper.py] pair_ids (354,)
[loftr_wrapper.py] corres: (354, 5)
[loftr_wrapper.py] image0: torch.Size([1, 1, 400, 400])
[loftr_wrapper.py] net forward
[loftr_wrapper.py] mconf, 0.20032711327075958 0.948284924030304
[loftr_wrapper.py] pair_ids (283,)
[loftr_wrapper.py] corres: (283, 5)
[loftr_wrapper.py] image0: torch.Size([1, 1, 400, 400])
[loftr_wrapper.py] net forward
[loftr_wrapper.py] mconf, 0.20161941647529602 0.9639618396759033
[loftr_wrapper.py] pair_ids (262,)
[loftr_wrapper.py] corres: (262, 5)
[loftr_wrapper.py] image0: torch.Size([1, 1, 400, 400])
[loftr_wrapper.py] net forward
[loftr_wrapper.py] mconf, 0.20057755708694458 0.953959047794342
[loftr_wrapper.py] pair_ids (317,)
[loftr_wrapper.py] corres: (317, 5)
[loftr_wrapper.py] image0: torch.Size([1, 1, 400, 400])
[loftr_wrapper.py] net forward
[loftr_wrapper.py] mconf, 0.20112350583076477 0.9629554152488708
[loftr_wrapper.py] pair_ids (334,)
[loftr_wrapper.py] corres: (334, 5)
[loftr_wrapper.py] image0: torch.Size([1, 1, 400, 400])
[loftr_wrapper.py] net forward
[loftr_wrapper.py] mconf, 0.20042967796325684 0.9774896502494812
[loftr_wrapper.py] pair_ids (244,)
[loftr_wrapper.py] corres: (244, 5)
  A MD-prior MPM13 51/214 2.4s/kf | E-I=3.93 E-L=3.21 E-V2=123.76 E-V5b=111.67 E-V5d=111.66 E-V5x2=14.69 E-VI=21.99 | rot0 2.25
/home/kist/Desktop/BundleSAM3DGS/experiments/vggt_probe/models.py:30: FutureWarning: `torch.cuda.amp.autocast(args...)` is deprecated. Please use `torch.amp.autocast('cuda', args...)` instead.
  with torch.cuda.amp.autocast(dtype=torch.bfloat16):
/home/kist/venvs/vggt_probe/lib/python3.10/site-packages/vggt/models/vggt.py:65: FutureWarning: `torch.cuda.amp.autocast(args...)` is deprecated. Please use `torch.amp.autocast('cuda', args...)` instead.
  with torch.cuda.amp.autocast(enabled=False):
[loftr_wrapper.py] image0: torch.Size([1, 1, 400, 400])
/home/kist/Desktop/BundleSAM3DGS/loftr_wrapper.py:45: FutureWarning: `torch.cuda.amp.autocast(args...)` is deprecated. Please use `torch.amp.autocast('cuda', args...)` instead.
  with torch.cuda.amp.autocast(enabled=True):
[loftr_wrapper.py] net forward
[loftr_wrapper.py] mconf, 0.20228365063667297 0.9596754908561707
[loftr_wrapper.py] pair_ids (270,)
[loftr_wrapper.py] corres: (270, 5)
[loftr_wrapper.py] image0: torch.Size([1, 1, 400, 400])
[loftr_wrapper.py] net forward
[loftr_wrapper.py] mconf, 0.20083332061767578 0.9772246479988098
[loftr_wrapper.py] pair_ids (250,)
[loftr_wrapper.py] corres: (250, 5)
[loftr_wrapper.py] image0: torch.Size([1, 1, 400, 400])
[loftr_wrapper.py] net forward
[loftr_wrapper.py] mconf, 0.20162619650363922 0.9669851660728455
[loftr_wrapper.py] pair_ids (219,)
[loftr_wrapper.py] corres: (219, 5)
[loftr_wrapper.py] image0: torch.Size([1, 1, 400, 400])
[loftr_wrapper.py] net forward
[loftr_wrapper.py] mconf, 0.202402263879776 0.9770208597183228
[loftr_wrapper.py] pair_ids (189,)
[loftr_wrapper.py] corres: (189, 5)
[loftr_wrapper.py] image0: torch.Size([1, 1, 400, 400])
[loftr_wrapper.py] net forward
[loftr_wrapper.py] mconf, 0.20049422979354858 0.898084819316864
[loftr_wrapper.py] pair_ids (179,)
[loftr_wrapper.py] corres: (179, 5)
[loftr_wrapper.py] image0: torch.Size([1, 1, 400, 400])
[loftr_wrapper.py] net forward
[loftr_wrapper.py] mconf, 0.20191505551338196 0.951643705368042
[loftr_wrapper.py] pair_ids (167,)
[loftr_wrapper.py] corres: (167, 5)
[loftr_wrapper.py] image0: torch.Size([1, 1, 400, 400])
[loftr_wrapper.py] net forward
[loftr_wrapper.py] mconf, 0.20009072124958038 0.8588509559631348
[loftr_wrapper.py] pair_ids (162,)
[loftr_wrapper.py] corres: (162, 5)
[loftr_wrapper.py] image0: torch.Size([1, 1, 400, 400])
[loftr_wrapper.py] net forward
[loftr_wrapper.py] mconf, 0.2009134143590927 0.8255295753479004
[loftr_wrapper.py] pair_ids (103,)
[loftr_wrapper.py] corres: (103, 5)
[loftr_wrapper.py] image0: torch.Size([1, 1, 400, 400])
[loftr_wrapper.py] net forward
[loftr_wrapper.py] mconf, 0.20186156034469604 0.7951038479804993
[loftr_wrapper.py] pair_ids (99,)
[loftr_wrapper.py] corres: (99, 5)
[loftr_wrapper.py] image0: torch.Size([1, 1, 400, 400])
[loftr_wrapper.py] net forward
[loftr_wrapper.py] mconf, 0.20166832208633423 0.7720020413398743
[loftr_wrapper.py] pair_ids (93,)
[loftr_wrapper.py] corres: (93, 5)
[loftr_wrapper.py] image0: torch.Size([1, 1, 400, 400])
[loftr_wrapper.py] net forward
[loftr_wrapper.py] mconf, 0.20567798614501953 0.8496831059455872
[loftr_wrapper.py] pair_ids (91,)
[loftr_wrapper.py] corres: (91, 5)
[loftr_wrapper.py] image0: torch.Size([1, 1, 400, 400])
[loftr_wrapper.py] net forward
[loftr_wrapper.py] mconf, 0.2058584839105606 0.9161103963851929
[loftr_wrapper.py] pair_ids (89,)
[loftr_wrapper.py] corres: (89, 5)
[loftr_wrapper.py] image0: torch.Size([1, 1, 400, 400])
[loftr_wrapper.py] net forward
[loftr_wrapper.py] mconf, 0.2031766027212143 0.9070163369178772
[loftr_wrapper.py] pair_ids (80,)
[loftr_wrapper.py] corres: (80, 5)
[loftr_wrapper.py] image0: torch.Size([1, 1, 400, 400])
[loftr_wrapper.py] net forward
[loftr_wrapper.py] mconf, 0.200181782245636 0.8769561648368835
[loftr_wrapper.py] pair_ids (70,)
[loftr_wrapper.py] corres: (70, 5)
[loftr_wrapper.py] image0: torch.Size([1, 1, 400, 400])
[loftr_wrapper.py] net forward
[loftr_wrapper.py] mconf, 0.20061378180980682 0.7457835078239441
[loftr_wrapper.py] pair_ids (71,)
[loftr_wrapper.py] corres: (71, 5)
[loftr_wrapper.py] image0: torch.Size([1, 1, 400, 400])
[loftr_wrapper.py] net forward
[loftr_wrapper.py] mconf, 0.20048169791698456 0.686692476272583
[loftr_wrapper.py] pair_ids (64,)
[loftr_wrapper.py] corres: (64, 5)
[loftr_wrapper.py] image0: torch.Size([1, 1, 400, 400])
[loftr_wrapper.py] net forward
[loftr_wrapper.py] mconf, 0.2016666680574417 0.707598865032196
[loftr_wrapper.py] pair_ids (60,)
[loftr_wrapper.py] corres: (60, 5)
[loftr_wrapper.py] image0: torch.Size([1, 1, 400, 400])
[loftr_wrapper.py] net forward
[loftr_wrapper.py] mconf, 0.20985741913318634 0.5435636043548584
[loftr_wrapper.py] pair_ids (36,)
[loftr_wrapper.py] corres: (36, 5)
[loftr_wrapper.py] image0: torch.Size([1, 1, 400, 400])
[loftr_wrapper.py] net forward
[loftr_wrapper.py] mconf, 0.21285580098628998 0.500012993812561
[loftr_wrapper.py] pair_ids (33,)
[loftr_wrapper.py] corres: (33, 5)
[loftr_wrapper.py] image0: torch.Size([1, 1, 400, 400])
[loftr_wrapper.py] net forward
[loftr_wrapper.py] mconf, 0.20043332874774933 0.6679320931434631
[loftr_wrapper.py] pair_ids (53,)
[loftr_wrapper.py] corres: (53, 5)
[loftr_wrapper.py] image0: torch.Size([1, 1, 400, 400])
[loftr_wrapper.py] net forward
[loftr_wrapper.py] mconf, 0.2005259245634079 0.7907037138938904
[loftr_wrapper.py] pair_ids (46,)
[loftr_wrapper.py] corres: (46, 5)
[loftr_wrapper.py] image0: torch.Size([1, 1, 400, 400])
[loftr_wrapper.py] net forward
[loftr_wrapper.py] mconf, 0.2010185271501541 0.6571084856987
[loftr_wrapper.py] pair_ids (37,)
[loftr_wrapper.py] corres: (37, 5)
[loftr_wrapper.py] image0: torch.Size([1, 1, 400, 400])
[loftr_wrapper.py] net forward
[loftr_wrapper.py] mconf, 0.20319142937660217 0.6414076685905457
[loftr_wrapper.py] pair_ids (51,)
[loftr_wrapper.py] corres: (51, 5)
[loftr_wrapper.py] image0: torch.Size([1, 1, 400, 400])
[loftr_wrapper.py] net forward
[loftr_wrapper.py] mconf, 0.2003346085548401 0.8241025805473328
[loftr_wrapper.py] pair_ids (38,)
[loftr_wrapper.py] corres: (38, 5)
[loftr_wrapper.py] image0: torch.Size([1, 1, 400, 400])
[loftr_wrapper.py] net forward
[loftr_wrapper.py] mconf, 0.20387978851795197 0.7185562252998352
[loftr_wrapper.py] pair_ids (26,)
[loftr_wrapper.py] corres: (26, 5)
  A MD-prior MPM13 76/214 2.3s/kf | E-I=9.05 E-L=5.01 E-V2=101.96 E-V5b=68.03 E-V5d=67.86 E-V5x2=81.37 E-VI=86.60 | rot0 4.12
/home/kist/Desktop/BundleSAM3DGS/experiments/vggt_probe/models.py:30: FutureWarning: `torch.cuda.amp.autocast(args...)` is deprecated. Please use `torch.amp.autocast('cuda', args...)` instead.
  with torch.cuda.amp.autocast(dtype=torch.bfloat16):
/home/kist/venvs/vggt_probe/lib/python3.10/site-packages/vggt/models/vggt.py:65: FutureWarning: `torch.cuda.amp.autocast(args...)` is deprecated. Please use `torch.amp.autocast('cuda', args...)` instead.
  with torch.cuda.amp.autocast(enabled=False):
[loftr_wrapper.py] image0: torch.Size([1, 1, 400, 400])
/home/kist/Desktop/BundleSAM3DGS/loftr_wrapper.py:45: FutureWarning: `torch.cuda.amp.autocast(args...)` is deprecated. Please use `torch.amp.autocast('cuda', args...)` instead.
  with torch.cuda.amp.autocast(enabled=True):
[loftr_wrapper.py] net forward
[loftr_wrapper.py] mconf, 0.20211385190486908 0.8067700862884521
[loftr_wrapper.py] pair_ids (36,)
[loftr_wrapper.py] corres: (36, 5)
[loftr_wrapper.py] image0: torch.Size([1, 1, 400, 400])
[loftr_wrapper.py] net forward
[loftr_wrapper.py] mconf, 0.2009972333908081 0.8428431749343872
[loftr_wrapper.py] pair_ids (43,)
[loftr_wrapper.py] corres: (43, 5)
[loftr_wrapper.py] image0: torch.Size([1, 1, 400, 400])
[loftr_wrapper.py] net forward
[loftr_wrapper.py] mconf, 0.20218375325202942 0.7178695797920227
[loftr_wrapper.py] pair_ids (45,)
[loftr_wrapper.py] corres: (45, 5)
[loftr_wrapper.py] image0: torch.Size([1, 1, 400, 400])
[loftr_wrapper.py] net forward
[loftr_wrapper.py] mconf, 0.20224183797836304 0.8919799327850342
[loftr_wrapper.py] pair_ids (47,)
[loftr_wrapper.py] corres: (47, 5)
[loftr_wrapper.py] image0: torch.Size([1, 1, 400, 400])
[loftr_wrapper.py] net forward
[loftr_wrapper.py] mconf, 0.20050550997257233 0.6622425317764282
[loftr_wrapper.py] pair_ids (41,)
[loftr_wrapper.py] corres: (41, 5)
[loftr_wrapper.py] image0: torch.Size([1, 1, 400, 400])
[loftr_wrapper.py] net forward
[loftr_wrapper.py] mconf, 0.20065937936306 0.7965088486671448
[loftr_wrapper.py] pair_ids (45,)
[loftr_wrapper.py] corres: (45, 5)
[loftr_wrapper.py] image0: torch.Size([1, 1, 400, 400])
[loftr_wrapper.py] net forward
[loftr_wrapper.py] mconf, 0.20301973819732666 0.7333489060401917
[loftr_wrapper.py] pair_ids (56,)
[loftr_wrapper.py] corres: (56, 5)
[loftr_wrapper.py] image0: torch.Size([1, 1, 400, 400])
[loftr_wrapper.py] net forward
[loftr_wrapper.py] mconf, 0.20070365071296692 0.8615337610244751
[loftr_wrapper.py] pair_ids (65,)
[loftr_wrapper.py] corres: (65, 5)
[loftr_wrapper.py] image0: torch.Size([1, 1, 400, 400])
[loftr_wrapper.py] net forward
[loftr_wrapper.py] mconf, 0.2024364024400711 0.8431700468063354
[loftr_wrapper.py] pair_ids (62,)
[loftr_wrapper.py] corres: (62, 5)
[loftr_wrapper.py] image0: torch.Size([1, 1, 400, 400])
[loftr_wrapper.py] net forward
[loftr_wrapper.py] mconf, 0.2001543641090393 0.8476482033729553
[loftr_wrapper.py] pair_ids (99,)
[loftr_wrapper.py] corres: (99, 5)
[loftr_wrapper.py] image0: torch.Size([1, 1, 400, 400])
[loftr_wrapper.py] net forward
[loftr_wrapper.py] mconf, 0.20348478853702545 0.9093295931816101
[loftr_wrapper.py] pair_ids (92,)
[loftr_wrapper.py] corres: (92, 5)
[loftr_wrapper.py] image0: torch.Size([1, 1, 400, 400])
[loftr_wrapper.py] net forward
[loftr_wrapper.py] mconf, 0.20068486034870148 0.8011569976806641
[loftr_wrapper.py] pair_ids (83,)
[loftr_wrapper.py] corres: (83, 5)
[loftr_wrapper.py] image0: torch.Size([1, 1, 400, 400])
[loftr_wrapper.py] net forward
[loftr_wrapper.py] mconf, 0.20014487206935883 0.7800351977348328
[loftr_wrapper.py] pair_ids (97,)
[loftr_wrapper.py] corres: (97, 5)
[loftr_wrapper.py] image0: torch.Size([1, 1, 400, 400])
[loftr_wrapper.py] net forward
[loftr_wrapper.py] mconf, 0.20126964151859283 0.8662550449371338
[loftr_wrapper.py] pair_ids (156,)
[loftr_wrapper.py] corres: (156, 5)
[loftr_wrapper.py] image0: torch.Size([1, 1, 400, 400])
[loftr_wrapper.py] net forward
[loftr_wrapper.py] mconf, 0.2002955675125122 0.8352375030517578
[loftr_wrapper.py] pair_ids (145,)
[loftr_wrapper.py] corres: (145, 5)
[loftr_wrapper.py] image0: torch.Size([1, 1, 400, 400])
[loftr_wrapper.py] net forward
[loftr_wrapper.py] mconf, 0.20129746198654175 0.8629299402236938
[loftr_wrapper.py] pair_ids (129,)
[loftr_wrapper.py] corres: (129, 5)
[loftr_wrapper.py] image0: torch.Size([1, 1, 400, 400])
[loftr_wrapper.py] net forward
[loftr_wrapper.py] mconf, 0.20058834552764893 0.8621535897254944
[loftr_wrapper.py] pair_ids (110,)
[loftr_wrapper.py] corres: (110, 5)
[loftr_wrapper.py] image0: torch.Size([1, 1, 400, 400])
[loftr_wrapper.py] net forward
[loftr_wrapper.py] mconf, 0.2043047398328781 0.9320868253707886
[loftr_wrapper.py] pair_ids (136,)
[loftr_wrapper.py] corres: (136, 5)
[loftr_wrapper.py] image0: torch.Size([1, 1, 400, 400])
[loftr_wrapper.py] net forward
[loftr_wrapper.py] mconf, 0.20033198595046997 0.8556676506996155
[loftr_wrapper.py] pair_ids (104,)
[loftr_wrapper.py] corres: (104, 5)
[loftr_wrapper.py] image0: torch.Size([1, 1, 400, 400])
[loftr_wrapper.py] net forward
[loftr_wrapper.py] mconf, 0.20047597587108612 0.8174766302108765
[loftr_wrapper.py] pair_ids (137,)
[loftr_wrapper.py] corres: (137, 5)
[loftr_wrapper.py] image0: torch.Size([1, 1, 400, 400])
[loftr_wrapper.py] net forward
[loftr_wrapper.py] mconf, 0.20166948437690735 0.9303820133209229
[loftr_wrapper.py] pair_ids (125,)
[loftr_wrapper.py] corres: (125, 5)
[loftr_wrapper.py] image0: torch.Size([1, 1, 400, 400])
[loftr_wrapper.py] net forward
[loftr_wrapper.py] mconf, 0.20053450763225555 0.9212713241577148
[loftr_wrapper.py] pair_ids (140,)
[loftr_wrapper.py] corres: (140, 5)
[loftr_wrapper.py] image0: torch.Size([1, 1, 400, 400])
[loftr_wrapper.py] net forward
[loftr_wrapper.py] mconf, 0.20108821988105774 0.8090481758117676
[loftr_wrapper.py] pair_ids (114,)
[loftr_wrapper.py] corres: (114, 5)
[loftr_wrapper.py] image0: torch.Size([1, 1, 400, 400])
[loftr_wrapper.py] net forward
[loftr_wrapper.py] mconf, 0.20227205753326416 0.7744219303131104
[loftr_wrapper.py] pair_ids (97,)
[loftr_wrapper.py] corres: (97, 5)
[loftr_wrapper.py] image0: torch.Size([1, 1, 400, 400])
[loftr_wrapper.py] net forward
[loftr_wrapper.py] mconf, 0.20026059448719025 0.8009973168373108
[loftr_wrapper.py] pair_ids (101,)
[loftr_wrapper.py] corres: (101, 5)
  A MD-prior MPM13 101/214 2.3s/kf | E-I=2.75 E-L=3.88 E-V2=163.21 E-V5b=165.88 E-V5d=165.83 E-V5x2=61.93 E-VI=61.93 | rot0 2.18
/home/kist/Desktop/BundleSAM3DGS/experiments/vggt_probe/models.py:30: FutureWarning: `torch.cuda.amp.autocast(args...)` is deprecated. Please use `torch.amp.autocast('cuda', args...)` instead.
  with torch.cuda.amp.autocast(dtype=torch.bfloat16):
/home/kist/venvs/vggt_probe/lib/python3.10/site-packages/vggt/models/vggt.py:65: FutureWarning: `torch.cuda.amp.autocast(args...)` is deprecated. Please use `torch.amp.autocast('cuda', args...)` instead.
  with torch.cuda.amp.autocast(enabled=False):
[loftr_wrapper.py] image0: torch.Size([1, 1, 400, 400])
/home/kist/Desktop/BundleSAM3DGS/loftr_wrapper.py:45: FutureWarning: `torch.cuda.amp.autocast(args...)` is deprecated. Please use `torch.amp.autocast('cuda', args...)` instead.
  with torch.cuda.amp.autocast(enabled=True):
[loftr_wrapper.py] net forward
[loftr_wrapper.py] mconf, 0.20009109377861023 0.8589730858802795
[loftr_wrapper.py] pair_ids (87,)
[loftr_wrapper.py] corres: (87, 5)
[loftr_wrapper.py] image0: torch.Size([1, 1, 400, 400])
[loftr_wrapper.py] net forward
[loftr_wrapper.py] mconf, 0.20139837265014648 0.6930869221687317
[loftr_wrapper.py] pair_ids (75,)
[loftr_wrapper.py] corres: (75, 5)
[loftr_wrapper.py] image0: torch.Size([1, 1, 400, 400])
[loftr_wrapper.py] net forward
[loftr_wrapper.py] mconf, 0.20474056899547577 0.7805021405220032
[loftr_wrapper.py] pair_ids (72,)
[loftr_wrapper.py] corres: (72, 5)
[loftr_wrapper.py] image0: torch.Size([1, 1, 400, 400])
[loftr_wrapper.py] net forward
[loftr_wrapper.py] mconf, 0.2051714062690735 0.843329668045044
[loftr_wrapper.py] pair_ids (87,)
[loftr_wrapper.py] corres: (87, 5)
[loftr_wrapper.py] image0: torch.Size([1, 1, 400, 400])
[loftr_wrapper.py] net forward
[loftr_wrapper.py] mconf, 0.201043963432312 0.9299021363258362
[loftr_wrapper.py] pair_ids (96,)
[loftr_wrapper.py] corres: (96, 5)
[loftr_wrapper.py] image0: torch.Size([1, 1, 400, 400])
[loftr_wrapper.py] net forward
[loftr_wrapper.py] mconf, 0.20244988799095154 0.8959274291992188
[loftr_wrapper.py] pair_ids (109,)
[loftr_wrapper.py] corres: (109, 5)
[loftr_wrapper.py] image0: torch.Size([1, 1, 400, 400])
[loftr_wrapper.py] net forward
[loftr_wrapper.py] mconf, 0.20092269778251648 0.9815361499786377
[loftr_wrapper.py] pair_ids (108,)
[loftr_wrapper.py] corres: (108, 5)
[loftr_wrapper.py] image0: torch.Size([1, 1, 400, 400])
[loftr_wrapper.py] net forward
[loftr_wrapper.py] mconf, 0.2054762840270996 0.9042332172393799
[loftr_wrapper.py] pair_ids (109,)
[loftr_wrapper.py] corres: (109, 5)
[loftr_wrapper.py] image0: torch.Size([1, 1, 400, 400])
[loftr_wrapper.py] net forward
[loftr_wrapper.py] mconf, 0.20014959573745728 0.8918220400810242
[loftr_wrapper.py] pair_ids (111,)
[loftr_wrapper.py] corres: (111, 5)
[loftr_wrapper.py] image0: torch.Size([1, 1, 400, 400])
[loftr_wrapper.py] net forward
[loftr_wrapper.py] mconf, 0.2021518498659134 0.9306337237358093
[loftr_wrapper.py] pair_ids (162,)
[loftr_wrapper.py] corres: (162, 5)
[loftr_wrapper.py] image0: torch.Size([1, 1, 400, 400])
[loftr_wrapper.py] net forward
[loftr_wrapper.py] mconf, 0.201864093542099 0.9567559957504272
[loftr_wrapper.py] pair_ids (158,)
[loftr_wrapper.py] corres: (158, 5)
[loftr_wrapper.py] image0: torch.Size([1, 1, 400, 400])
[loftr_wrapper.py] net forward
[loftr_wrapper.py] mconf, 0.2013687938451767 0.9945753812789917
[loftr_wrapper.py] pair_ids (193,)
[loftr_wrapper.py] corres: (193, 5)
[loftr_wrapper.py] image0: torch.Size([1, 1, 400, 400])
[loftr_wrapper.py] net forward
[loftr_wrapper.py] mconf, 0.20079919695854187 0.9686098694801331
[loftr_wrapper.py] pair_ids (193,)
[loftr_wrapper.py] corres: (193, 5)
[loftr_wrapper.py] image0: torch.Size([1, 1, 400, 400])
[loftr_wrapper.py] net forward
[loftr_wrapper.py] mconf, 0.20031709969043732 0.9610147476196289
[loftr_wrapper.py] pair_ids (202,)
[loftr_wrapper.py] corres: (202, 5)
[loftr_wrapper.py] image0: torch.Size([1, 1, 400, 400])
[loftr_wrapper.py] net forward
[loftr_wrapper.py] mconf, 0.20066359639167786 0.9431341290473938
[loftr_wrapper.py] pair_ids (171,)
[loftr_wrapper.py] corres: (171, 5)
[loftr_wrapper.py] image0: torch.Size([1, 1, 400, 400])
[loftr_wrapper.py] net forward
[loftr_wrapper.py] mconf, 0.20099635422229767 0.9401494860649109
[loftr_wrapper.py] pair_ids (178,)
[loftr_wrapper.py] corres: (178, 5)
[loftr_wrapper.py] image0: torch.Size([1, 1, 400, 400])
[loftr_wrapper.py] net forward
[loftr_wrapper.py] mconf, 0.20190481841564178 0.8424235582351685
[loftr_wrapper.py] pair_ids (153,)
[loftr_wrapper.py] corres: (153, 5)
[loftr_wrapper.py] image0: torch.Size([1, 1, 400, 400])
[loftr_wrapper.py] net forward
[loftr_wrapper.py] mconf, 0.2004794031381607 0.9156902432441711
[loftr_wrapper.py] pair_ids (133,)
[loftr_wrapper.py] corres: (133, 5)
[loftr_wrapper.py] image0: torch.Size([1, 1, 400, 400])
[loftr_wrapper.py] net forward
[loftr_wrapper.py] mconf, 0.2000989466905594 0.9138776063919067
[loftr_wrapper.py] pair_ids (123,)
[loftr_wrapper.py] corres: (123, 5)
[loftr_wrapper.py] image0: torch.Size([1, 1, 400, 400])
[loftr_wrapper.py] net forward
[loftr_wrapper.py] mconf, 0.2016996592283249 0.9312213659286499
[loftr_wrapper.py] pair_ids (113,)
[loftr_wrapper.py] corres: (113, 5)
[loftr_wrapper.py] image0: torch.Size([1, 1, 400, 400])
[loftr_wrapper.py] net forward
[loftr_wrapper.py] mconf, 0.20049349963665009 0.8870224952697754
[loftr_wrapper.py] pair_ids (111,)
[loftr_wrapper.py] corres: (111, 5)
[loftr_wrapper.py] image0: torch.Size([1, 1, 400, 400])
[loftr_wrapper.py] net forward
[loftr_wrapper.py] mconf, 0.2027321457862854 0.9346635341644287
[loftr_wrapper.py] pair_ids (111,)
[loftr_wrapper.py] corres: (111, 5)
[loftr_wrapper.py] image0: torch.Size([1, 1, 400, 400])
[loftr_wrapper.py] net forward
[loftr_wrapper.py] mconf, 0.20119266211986542 0.9477304816246033
[loftr_wrapper.py] pair_ids (73,)
[loftr_wrapper.py] corres: (73, 5)
[loftr_wrapper.py] image0: torch.Size([1, 1, 400, 400])
[loftr_wrapper.py] net forward
[loftr_wrapper.py] mconf, 0.206841379404068 0.8839662671089172
[loftr_wrapper.py] pair_ids (48,)
[loftr_wrapper.py] corres: (48, 5)
[loftr_wrapper.py] image0: torch.Size([1, 1, 400, 400])
[loftr_wrapper.py] net forward
[loftr_wrapper.py] mconf, 0.20249247550964355 0.5807826519012451
[loftr_wrapper.py] pair_ids (37,)
[loftr_wrapper.py] corres: (37, 5)
  A MD-prior MPM13 126/214 2.3s/kf | E-I=3.33 E-L=2.64 E-V2=152.06 E-V5b=144.65 E-V5d=144.68 E-V5x2=9.88 E-VI=14.99 | rot0 1.99
/home/kist/Desktop/BundleSAM3DGS/experiments/vggt_probe/models.py:30: FutureWarning: `torch.cuda.amp.autocast(args...)` is deprecated. Please use `torch.amp.autocast('cuda', args...)` instead.
  with torch.cuda.amp.autocast(dtype=torch.bfloat16):
/home/kist/venvs/vggt_probe/lib/python3.10/site-packages/vggt/models/vggt.py:65: FutureWarning: `torch.cuda.amp.autocast(args...)` is deprecated. Please use `torch.amp.autocast('cuda', args...)` instead.
  with torch.cuda.amp.autocast(enabled=False):
[loftr_wrapper.py] image0: torch.Size([1, 1, 400, 400])
/home/kist/Desktop/BundleSAM3DGS/loftr_wrapper.py:45: FutureWarning: `torch.cuda.amp.autocast(args...)` is deprecated. Please use `torch.amp.autocast('cuda', args...)` instead.
  with torch.cuda.amp.autocast(enabled=True):
[loftr_wrapper.py] net forward
[loftr_wrapper.py] mconf, 0.20481163263320923 0.9092770218849182
[loftr_wrapper.py] pair_ids (46,)
[loftr_wrapper.py] corres: (46, 5)
[loftr_wrapper.py] image0: torch.Size([1, 1, 400, 400])
[loftr_wrapper.py] net forward
[loftr_wrapper.py] mconf, 0.20023542642593384 0.7144450545310974
[loftr_wrapper.py] pair_ids (53,)
[loftr_wrapper.py] corres: (53, 5)
[loftr_wrapper.py] image0: torch.Size([1, 1, 400, 400])
[loftr_wrapper.py] net forward
[loftr_wrapper.py] mconf, 0.2016390860080719 0.7664375305175781
[loftr_wrapper.py] pair_ids (69,)
[loftr_wrapper.py] corres: (69, 5)
[loftr_wrapper.py] image0: torch.Size([1, 1, 400, 400])
[loftr_wrapper.py] net forward
[loftr_wrapper.py] mconf, 0.205184206366539 0.7980145215988159
[loftr_wrapper.py] pair_ids (94,)
[loftr_wrapper.py] corres: (94, 5)
[loftr_wrapper.py] image0: torch.Size([1, 1, 400, 400])
[loftr_wrapper.py] net forward
[loftr_wrapper.py] mconf, 0.20000259578227997 0.8406423926353455
[loftr_wrapper.py] pair_ids (53,)
[loftr_wrapper.py] corres: (53, 5)
[loftr_wrapper.py] image0: torch.Size([1, 1, 400, 400])
[loftr_wrapper.py] net forward
[loftr_wrapper.py] mconf, 0.20085714757442474 0.7701242566108704
[loftr_wrapper.py] pair_ids (66,)
[loftr_wrapper.py] corres: (66, 5)
[loftr_wrapper.py] image0: torch.Size([1, 1, 400, 400])
[loftr_wrapper.py] net forward
[loftr_wrapper.py] mconf, 0.20074006915092468 0.831257700920105
[loftr_wrapper.py] pair_ids (46,)
[loftr_wrapper.py] corres: (46, 5)
[loftr_wrapper.py] image0: torch.Size([1, 1, 400, 400])
[loftr_wrapper.py] net forward
[loftr_wrapper.py] mconf, 0.20007413625717163 0.6458184719085693
[loftr_wrapper.py] pair_ids (62,)
[loftr_wrapper.py] corres: (62, 5)
[loftr_wrapper.py] image0: torch.Size([1, 1, 400, 400])
[loftr_wrapper.py] net forward
[loftr_wrapper.py] mconf, 0.20324282348155975 0.8378257155418396
[loftr_wrapper.py] pair_ids (76,)
[loftr_wrapper.py] corres: (76, 5)
[loftr_wrapper.py] image0: torch.Size([1, 1, 400, 400])
[loftr_wrapper.py] net forward
[loftr_wrapper.py] mconf, 0.20263630151748657 0.8917504549026489
[loftr_wrapper.py] pair_ids (68,)
[loftr_wrapper.py] corres: (68, 5)
[loftr_wrapper.py] image0: torch.Size([1, 1, 400, 400])
[loftr_wrapper.py] net forward
[loftr_wrapper.py] mconf, 0.20119453966617584 0.7172555923461914
[loftr_wrapper.py] pair_ids (59,)
[loftr_wrapper.py] corres: (59, 5)
[loftr_wrapper.py] image0: torch.Size([1, 1, 400, 400])
[loftr_wrapper.py] net forward
[loftr_wrapper.py] mconf, 0.20027762651443481 0.5902783870697021
[loftr_wrapper.py] pair_ids (45,)
[loftr_wrapper.py] corres: (45, 5)
[loftr_wrapper.py] image0: torch.Size([1, 1, 400, 400])
[loftr_wrapper.py] net forward
[loftr_wrapper.py] mconf, 0.20038525760173798 0.5250338315963745
[loftr_wrapper.py] pair_ids (52,)
[loftr_wrapper.py] corres: (52, 5)
[loftr_wrapper.py] image0: torch.Size([1, 1, 400, 400])
[loftr_wrapper.py] net forward
[loftr_wrapper.py] mconf, 0.20028343796730042 0.6017682552337646
[loftr_wrapper.py] pair_ids (46,)
[loftr_wrapper.py] corres: (46, 5)
[loftr_wrapper.py] image0: torch.Size([1, 1, 400, 400])
[loftr_wrapper.py] net forward
[loftr_wrapper.py] mconf, 0.20043601095676422 0.5892281532287598
[loftr_wrapper.py] pair_ids (59,)
[loftr_wrapper.py] corres: (59, 5)
[loftr_wrapper.py] image0: torch.Size([1, 1, 400, 400])
[loftr_wrapper.py] net forward
[loftr_wrapper.py] mconf, 0.20215211808681488 0.7362068295478821
[loftr_wrapper.py] pair_ids (53,)
[loftr_wrapper.py] corres: (53, 5)
[loftr_wrapper.py] image0: torch.Size([1, 1, 400, 400])
[loftr_wrapper.py] net forward
[loftr_wrapper.py] mconf, 0.20234626531600952 0.7294682860374451
[loftr_wrapper.py] pair_ids (60,)
[loftr_wrapper.py] corres: (60, 5)
[loftr_wrapper.py] image0: torch.Size([1, 1, 400, 400])
[loftr_wrapper.py] net forward
[loftr_wrapper.py] mconf, 0.20061127841472626 0.7833753824234009
[loftr_wrapper.py] pair_ids (80,)
[loftr_wrapper.py] corres: (80, 5)
[loftr_wrapper.py] image0: torch.Size([1, 1, 400, 400])
[loftr_wrapper.py] net forward
[loftr_wrapper.py] mconf, 0.20022466778755188 0.7189119458198547
[loftr_wrapper.py] pair_ids (58,)
[loftr_wrapper.py] corres: (58, 5)
[loftr_wrapper.py] image0: torch.Size([1, 1, 400, 400])
[loftr_wrapper.py] net forward
[loftr_wrapper.py] mconf, 0.20148155093193054 0.7074790596961975
[loftr_wrapper.py] pair_ids (59,)
[loftr_wrapper.py] corres: (59, 5)
[loftr_wrapper.py] image0: torch.Size([1, 1, 400, 400])
[loftr_wrapper.py] net forward
[loftr_wrapper.py] mconf, 0.20068737864494324 0.674875795841217
[loftr_wrapper.py] pair_ids (70,)
[loftr_wrapper.py] corres: (70, 5)
[loftr_wrapper.py] image0: torch.Size([1, 1, 400, 400])
[loftr_wrapper.py] net forward
[loftr_wrapper.py] mconf, 0.20023544132709503 0.8792166113853455
[loftr_wrapper.py] pair_ids (69,)
[loftr_wrapper.py] corres: (69, 5)
[loftr_wrapper.py] image0: torch.Size([1, 1, 400, 400])
[loftr_wrapper.py] net forward
[loftr_wrapper.py] mconf, 0.20018258690834045 0.8041433691978455
[loftr_wrapper.py] pair_ids (50,)
[loftr_wrapper.py] corres: (50, 5)
[loftr_wrapper.py] image0: torch.Size([1, 1, 400, 400])
[loftr_wrapper.py] net forward
[loftr_wrapper.py] mconf, 0.20155812799930573 0.8991045355796814
[loftr_wrapper.py] pair_ids (70,)
[loftr_wrapper.py] corres: (70, 5)
[loftr_wrapper.py] image0: torch.Size([1, 1, 400, 400])
[loftr_wrapper.py] net forward
[loftr_wrapper.py] mconf, 0.20200665295124054 0.839712381362915
[loftr_wrapper.py] pair_ids (97,)
[loftr_wrapper.py] corres: (97, 5)
  A MD-prior MPM13 151/214 2.3s/kf | E-I=6.88 E-L=27.55 E-V2=166.23 E-V5b=154.19 E-V5d=154.45 E-V5x2=40.48 E-VI=40.48 | rot0 32.97
/home/kist/Desktop/BundleSAM3DGS/experiments/vggt_probe/models.py:30: FutureWarning: `torch.cuda.amp.autocast(args...)` is deprecated. Please use `torch.amp.autocast('cuda', args...)` instead.
  with torch.cuda.amp.autocast(dtype=torch.bfloat16):
/home/kist/venvs/vggt_probe/lib/python3.10/site-packages/vggt/models/vggt.py:65: FutureWarning: `torch.cuda.amp.autocast(args...)` is deprecated. Please use `torch.amp.autocast('cuda', args...)` instead.
  with torch.cuda.amp.autocast(enabled=False):
[loftr_wrapper.py] image0: torch.Size([1, 1, 400, 400])
/home/kist/Desktop/BundleSAM3DGS/loftr_wrapper.py:45: FutureWarning: `torch.cuda.amp.autocast(args...)` is deprecated. Please use `torch.amp.autocast('cuda', args...)` instead.
  with torch.cuda.amp.autocast(enabled=True):
[loftr_wrapper.py] net forward
[loftr_wrapper.py] mconf, 0.20128487050533295 0.9605827331542969
[loftr_wrapper.py] pair_ids (152,)
[loftr_wrapper.py] corres: (152, 5)
[loftr_wrapper.py] image0: torch.Size([1, 1, 400, 400])
[loftr_wrapper.py] net forward
[loftr_wrapper.py] mconf, 0.20218387246131897 0.9514726400375366
[loftr_wrapper.py] pair_ids (112,)
[loftr_wrapper.py] corres: (112, 5)
[loftr_wrapper.py] image0: torch.Size([1, 1, 400, 400])
[loftr_wrapper.py] net forward
[loftr_wrapper.py] mconf, 0.2007681131362915 0.9298737049102783
[loftr_wrapper.py] pair_ids (158,)
[loftr_wrapper.py] corres: (158, 5)
[loftr_wrapper.py] image0: torch.Size([1, 1, 400, 400])
[loftr_wrapper.py] net forward
[loftr_wrapper.py] mconf, 0.2017202228307724 0.9774245023727417
[loftr_wrapper.py] pair_ids (183,)
[loftr_wrapper.py] corres: (183, 5)
[loftr_wrapper.py] image0: torch.Size([1, 1, 400, 400])
[loftr_wrapper.py] net forward
[loftr_wrapper.py] mconf, 0.20087642967700958 0.9179836511611938
[loftr_wrapper.py] pair_ids (184,)
[loftr_wrapper.py] corres: (184, 5)
[loftr_wrapper.py] image0: torch.Size([1, 1, 400, 400])
[loftr_wrapper.py] net forward
[loftr_wrapper.py] mconf, 0.20018534362316132 0.9663861393928528
[loftr_wrapper.py] pair_ids (252,)
[loftr_wrapper.py] corres: (252, 5)
[loftr_wrapper.py] image0: torch.Size([1, 1, 400, 400])
[loftr_wrapper.py] net forward
[loftr_wrapper.py] mconf, 0.2016749083995819 0.9967404007911682
[loftr_wrapper.py] pair_ids (196,)
[loftr_wrapper.py] corres: (196, 5)
[loftr_wrapper.py] image0: torch.Size([1, 1, 400, 400])
[loftr_wrapper.py] net forward
[loftr_wrapper.py] mconf, 0.20350174605846405 0.9767460227012634
[loftr_wrapper.py] pair_ids (186,)
[loftr_wrapper.py] corres: (186, 5)
[loftr_wrapper.py] image0: torch.Size([1, 1, 400, 400])
[loftr_wrapper.py] net forward
[loftr_wrapper.py] mconf, 0.2003212720155716 0.9602289795875549
[loftr_wrapper.py] pair_ids (213,)
[loftr_wrapper.py] corres: (213, 5)
[loftr_wrapper.py] image0: torch.Size([1, 1, 400, 400])
[loftr_wrapper.py] net forward
[loftr_wrapper.py] mconf, 0.20016974210739136 0.9268149733543396
[loftr_wrapper.py] pair_ids (205,)
[loftr_wrapper.py] corres: (205, 5)
[loftr_wrapper.py] image0: torch.Size([1, 1, 400, 400])
[loftr_wrapper.py] net forward
[loftr_wrapper.py] mconf, 0.20120440423488617 0.9422345161437988
[loftr_wrapper.py] pair_ids (200,)
[loftr_wrapper.py] corres: (200, 5)
[loftr_wrapper.py] image0: torch.Size([1, 1, 400, 400])
[loftr_wrapper.py] net forward
[loftr_wrapper.py] mconf, 0.20239302515983582 0.9027010202407837
[loftr_wrapper.py] pair_ids (194,)
[loftr_wrapper.py] corres: (194, 5)
[loftr_wrapper.py] image0: torch.Size([1, 1, 400, 400])
[loftr_wrapper.py] net forward
[loftr_wrapper.py] mconf, 0.20005947351455688 0.9398415684700012
[loftr_wrapper.py] pair_ids (180,)
[loftr_wrapper.py] corres: (180, 5)
[loftr_wrapper.py] image0: torch.Size([1, 1, 400, 400])
[loftr_wrapper.py] net forward
[loftr_wrapper.py] mconf, 0.2013072669506073 0.9442170262336731
[loftr_wrapper.py] pair_ids (152,)
[loftr_wrapper.py] corres: (152, 5)
[loftr_wrapper.py] image0: torch.Size([1, 1, 400, 400])
[loftr_wrapper.py] net forward
[loftr_wrapper.py] mconf, 0.20039702951908112 0.9638870358467102
[loftr_wrapper.py] pair_ids (160,)
[loftr_wrapper.py] corres: (160, 5)
[loftr_wrapper.py] image0: torch.Size([1, 1, 400, 400])
[loftr_wrapper.py] net forward
[loftr_wrapper.py] mconf, 0.20012997090816498 0.9049631953239441
[loftr_wrapper.py] pair_ids (130,)
[loftr_wrapper.py] corres: (130, 5)
[loftr_wrapper.py] image0: torch.Size([1, 1, 400, 400])
[loftr_wrapper.py] net forward
[loftr_wrapper.py] mconf, 0.20130515098571777 0.8065794110298157
[loftr_wrapper.py] pair_ids (103,)
[loftr_wrapper.py] corres: (103, 5)
[loftr_wrapper.py] image0: torch.Size([1, 1, 400, 400])
[loftr_wrapper.py] net forward
[loftr_wrapper.py] mconf, 0.20019064843654633 0.8079400658607483
[loftr_wrapper.py] pair_ids (70,)
[loftr_wrapper.py] corres: (70, 5)
[loftr_wrapper.py] image0: torch.Size([1, 1, 400, 400])
[loftr_wrapper.py] net forward
[loftr_wrapper.py] mconf, 0.20085391402244568 0.6833816766738892
[loftr_wrapper.py] pair_ids (71,)
[loftr_wrapper.py] corres: (71, 5)
[loftr_wrapper.py] image0: torch.Size([1, 1, 400, 400])
[loftr_wrapper.py] net forward
[loftr_wrapper.py] mconf, 0.20025330781936646 0.7718355059623718
[loftr_wrapper.py] pair_ids (67,)
[loftr_wrapper.py] corres: (67, 5)
[loftr_wrapper.py] image0: torch.Size([1, 1, 400, 400])
[loftr_wrapper.py] net forward
[loftr_wrapper.py] mconf, 0.20069557428359985 0.5760610103607178
[loftr_wrapper.py] pair_ids (46,)
[loftr_wrapper.py] corres: (46, 5)
[loftr_wrapper.py] image0: torch.Size([1, 1, 400, 400])
[loftr_wrapper.py] net forward
[loftr_wrapper.py] mconf, 0.20085828006267548 0.7192595601081848
[loftr_wrapper.py] pair_ids (53,)
[loftr_wrapper.py] corres: (53, 5)
[loftr_wrapper.py] image0: torch.Size([1, 1, 400, 400])
[loftr_wrapper.py] net forward
[loftr_wrapper.py] mconf, 0.20088982582092285 0.697586715221405
[loftr_wrapper.py] pair_ids (50,)
[loftr_wrapper.py] corres: (50, 5)
[loftr_wrapper.py] image0: torch.Size([1, 1, 400, 400])
[loftr_wrapper.py] net forward
[loftr_wrapper.py] mconf, 0.2038092017173767 0.6554389595985413
[loftr_wrapper.py] pair_ids (24,)
[loftr_wrapper.py] corres: (24, 5)
[loftr_wrapper.py] image0: torch.Size([1, 1, 400, 400])
[loftr_wrapper.py] net forward
[loftr_wrapper.py] mconf, 0.20463909208774567 0.6746886968612671
[loftr_wrapper.py] pair_ids (32,)
[loftr_wrapper.py] corres: (32, 5)
  A MD-prior MPM13 176/214 2.3s/kf | E-I=5.02 E-L=4.33 E-V2=152.21 E-V5b=163.61 E-V5d=163.69 E-V5x2=9.58 E-VI=6.84 | rot0 3.28
/home/kist/Desktop/BundleSAM3DGS/experiments/vggt_probe/models.py:30: FutureWarning: `torch.cuda.amp.autocast(args...)` is deprecated. Please use `torch.amp.autocast('cuda', args...)` instead.
  with torch.cuda.amp.autocast(dtype=torch.bfloat16):
/home/kist/venvs/vggt_probe/lib/python3.10/site-packages/vggt/models/vggt.py:65: FutureWarning: `torch.cuda.amp.autocast(args...)` is deprecated. Please use `torch.amp.autocast('cuda', args...)` instead.
  with torch.cuda.amp.autocast(enabled=False):
[loftr_wrapper.py] image0: torch.Size([1, 1, 400, 400])
/home/kist/Desktop/BundleSAM3DGS/loftr_wrapper.py:45: FutureWarning: `torch.cuda.amp.autocast(args...)` is deprecated. Please use `torch.amp.autocast('cuda', args...)` instead.
  with torch.cuda.amp.autocast(enabled=True):
[loftr_wrapper.py] net forward
[loftr_wrapper.py] mconf, 0.2019297033548355 0.7392675280570984
[loftr_wrapper.py] pair_ids (60,)
[loftr_wrapper.py] corres: (60, 5)
[loftr_wrapper.py] image0: torch.Size([1, 1, 400, 400])
[loftr_wrapper.py] net forward
[loftr_wrapper.py] mconf, 0.2024223804473877 0.8800743818283081
[loftr_wrapper.py] pair_ids (73,)
[loftr_wrapper.py] corres: (73, 5)
[loftr_wrapper.py] image0: torch.Size([1, 1, 400, 400])
[loftr_wrapper.py] net forward
[loftr_wrapper.py] mconf, 0.20304369926452637 0.6203499436378479
[loftr_wrapper.py] pair_ids (70,)
[loftr_wrapper.py] corres: (70, 5)
[loftr_wrapper.py] image0: torch.Size([1, 1, 400, 400])
[loftr_wrapper.py] net forward
[loftr_wrapper.py] mconf, 0.20110318064689636 0.6772937178611755
[loftr_wrapper.py] pair_ids (71,)
[loftr_wrapper.py] corres: (71, 5)
[loftr_wrapper.py] image0: torch.Size([1, 1, 400, 400])
[loftr_wrapper.py] net forward
[loftr_wrapper.py] mconf, 0.20087534189224243 0.6279931664466858
[loftr_wrapper.py] pair_ids (65,)
[loftr_wrapper.py] corres: (65, 5)
[loftr_wrapper.py] image0: torch.Size([1, 1, 400, 400])
[loftr_wrapper.py] net forward
[loftr_wrapper.py] mconf, 0.20063388347625732 0.7942929267883301
[loftr_wrapper.py] pair_ids (61,)
[loftr_wrapper.py] corres: (61, 5)
[loftr_wrapper.py] image0: torch.Size([1, 1, 400, 400])
[loftr_wrapper.py] net forward
[loftr_wrapper.py] mconf, 0.20086658000946045 0.8756548762321472
[loftr_wrapper.py] pair_ids (59,)
[loftr_wrapper.py] corres: (59, 5)
[loftr_wrapper.py] image0: torch.Size([1, 1, 400, 400])
[loftr_wrapper.py] net forward
[loftr_wrapper.py] mconf, 0.20015792548656464 0.6131533980369568
[loftr_wrapper.py] pair_ids (86,)
[loftr_wrapper.py] corres: (86, 5)
[loftr_wrapper.py] image0: torch.Size([1, 1, 400, 400])
[loftr_wrapper.py] net forward
[loftr_wrapper.py] mconf, 0.20134367048740387 0.8307222723960876
[loftr_wrapper.py] pair_ids (71,)
[loftr_wrapper.py] corres: (71, 5)
[loftr_wrapper.py] image0: torch.Size([1, 1, 400, 400])
[loftr_wrapper.py] net forward
[loftr_wrapper.py] mconf, 0.20048223435878754 0.7042419910430908
[loftr_wrapper.py] pair_ids (89,)
[loftr_wrapper.py] corres: (89, 5)
[loftr_wrapper.py] image0: torch.Size([1, 1, 400, 400])
[loftr_wrapper.py] net forward
[loftr_wrapper.py] mconf, 0.20143836736679077 0.9637613296508789
[loftr_wrapper.py] pair_ids (140,)
[loftr_wrapper.py] corres: (140, 5)
[loftr_wrapper.py] image0: torch.Size([1, 1, 400, 400])
[loftr_wrapper.py] net forward
[loftr_wrapper.py] mconf, 0.20009705424308777 0.9052898287773132
[loftr_wrapper.py] pair_ids (162,)
[loftr_wrapper.py] corres: (162, 5)
[loftr_wrapper.py] image0: torch.Size([1, 1, 400, 400])
[loftr_wrapper.py] net forward
[loftr_wrapper.py] mconf, 0.2001832276582718 0.8834995627403259
[loftr_wrapper.py] pair_ids (180,)
[loftr_wrapper.py] corres: (180, 5)
[loftr_wrapper.py] image0: torch.Size([1, 1, 400, 400])
[loftr_wrapper.py] net forward
[loftr_wrapper.py] mconf, 0.20104698836803436 0.9336706399917603
[loftr_wrapper.py] pair_ids (203,)
[loftr_wrapper.py] corres: (203, 5)
[loftr_wrapper.py] image0: torch.Size([1, 1, 400, 400])
[loftr_wrapper.py] net forward
[loftr_wrapper.py] mconf, 0.20001006126403809 0.86213219165802
[loftr_wrapper.py] pair_ids (145,)
[loftr_wrapper.py] corres: (145, 5)
[loftr_wrapper.py] image0: torch.Size([1, 1, 400, 400])
[loftr_wrapper.py] net forward
[loftr_wrapper.py] mconf, 0.20095664262771606 0.9051164388656616
[loftr_wrapper.py] pair_ids (106,)
[loftr_wrapper.py] corres: (106, 5)
[loftr_wrapper.py] image0: torch.Size([1, 1, 400, 400])
[loftr_wrapper.py] net forward
[loftr_wrapper.py] mconf, 0.2007947713136673 0.9591172933578491
[loftr_wrapper.py] pair_ids (146,)
[loftr_wrapper.py] corres: (146, 5)
[loftr_wrapper.py] image0: torch.Size([1, 1, 400, 400])
[loftr_wrapper.py] net forward
[loftr_wrapper.py] mconf, 0.20186330378055573 0.9495056867599487
[loftr_wrapper.py] pair_ids (172,)
[loftr_wrapper.py] corres: (172, 5)
[loftr_wrapper.py] image0: torch.Size([1, 1, 400, 400])
[loftr_wrapper.py] net forward
[loftr_wrapper.py] mconf, 0.2000444382429123 0.9914389252662659
[loftr_wrapper.py] pair_ids (245,)
[loftr_wrapper.py] corres: (245, 5)
[loftr_wrapper.py] image0: torch.Size([1, 1, 400, 400])
[loftr_wrapper.py] net forward
[loftr_wrapper.py] mconf, 0.2005900740623474 0.9710928797721863
[loftr_wrapper.py] pair_ids (253,)
[loftr_wrapper.py] corres: (253, 5)
[loftr_wrapper.py] image0: torch.Size([1, 1, 400, 400])
[loftr_wrapper.py] net forward
[loftr_wrapper.py] mconf, 0.2005608081817627 0.9753826260566711
[loftr_wrapper.py] pair_ids (337,)
[loftr_wrapper.py] corres: (337, 5)
[loftr_wrapper.py] image0: torch.Size([1, 1, 400, 400])
[loftr_wrapper.py] net forward
[loftr_wrapper.py] mconf, 0.2003801465034485 0.9824552536010742
[loftr_wrapper.py] pair_ids (399,)
[loftr_wrapper.py] corres: (399, 5)
[loftr_wrapper.py] image0: torch.Size([1, 1, 400, 400])
[loftr_wrapper.py] net forward
[loftr_wrapper.py] mconf, 0.20143821835517883 0.9879071712493896
[loftr_wrapper.py] pair_ids (359,)
[loftr_wrapper.py] corres: (359, 5)
[loftr_wrapper.py] image0: torch.Size([1, 1, 400, 400])
[loftr_wrapper.py] net forward
[loftr_wrapper.py] mconf, 0.20337727665901184 0.978100061416626
[loftr_wrapper.py] pair_ids (407,)
[loftr_wrapper.py] corres: (407, 5)
[loftr_wrapper.py] image0: torch.Size([1, 1, 400, 400])
[loftr_wrapper.py] net forward
[loftr_wrapper.py] mconf, 0.20045620203018188 0.9849867820739746
[loftr_wrapper.py] pair_ids (448,)
[loftr_wrapper.py] corres: (448, 5)
  A MD-prior MPM13 201/214 2.4s/kf | E-I=3.64 E-L=3.39 E-V2=118.93 E-V5b=63.34 E-V5d=63.54 E-V5x2=49.58 E-VI=49.58 | rot0 2.01
/home/kist/Desktop/BundleSAM3DGS/experiments/vggt_probe/models.py:30: FutureWarning: `torch.cuda.amp.autocast(args...)` is deprecated. Please use `torch.amp.autocast('cuda', args...)` instead.
  with torch.cuda.amp.autocast(dtype=torch.bfloat16):
/home/kist/venvs/vggt_probe/lib/python3.10/site-packages/vggt/models/vggt.py:65: FutureWarning: `torch.cuda.amp.autocast(args...)` is deprecated. Please use `torch.amp.autocast('cuda', args...)` instead.
  with torch.cuda.amp.autocast(enabled=False):
[loftr_wrapper.py] image0: torch.Size([1, 1, 400, 400])
/home/kist/Desktop/BundleSAM3DGS/loftr_wrapper.py:45: FutureWarning: `torch.cuda.amp.autocast(args...)` is deprecated. Please use `torch.amp.autocast('cuda', args...)` instead.
  with torch.cuda.amp.autocast(enabled=True):
[loftr_wrapper.py] net forward
[loftr_wrapper.py] mconf, 0.20016440749168396 0.9957286715507507
[loftr_wrapper.py] pair_ids (418,)
[loftr_wrapper.py] corres: (418, 5)
[loftr_wrapper.py] image0: torch.Size([1, 1, 400, 400])
[loftr_wrapper.py] net forward
[loftr_wrapper.py] mconf, 0.20055368542671204 0.9949924349784851
[loftr_wrapper.py] pair_ids (490,)
[loftr_wrapper.py] corres: (490, 5)
[loftr_wrapper.py] image0: torch.Size([1, 1, 400, 400])
[loftr_wrapper.py] net forward
[loftr_wrapper.py] mconf, 0.20023562014102936 0.9990930557250977
[loftr_wrapper.py] pair_ids (463,)
[loftr_wrapper.py] corres: (463, 5)
[loftr_wrapper.py] image0: torch.Size([1, 1, 400, 400])
[loftr_wrapper.py] net forward
[loftr_wrapper.py] mconf, 0.20264244079589844 0.9892032742500305
[loftr_wrapper.py] pair_ids (456,)
[loftr_wrapper.py] corres: (456, 5)
[loftr_wrapper.py] image0: torch.Size([1, 1, 400, 400])
[loftr_wrapper.py] net forward
[loftr_wrapper.py] mconf, 0.2002761960029602 0.9933680891990662
[loftr_wrapper.py] pair_ids (548,)
[loftr_wrapper.py] corres: (548, 5)
[loftr_wrapper.py] image0: torch.Size([1, 1, 400, 400])
[loftr_wrapper.py] net forward
[loftr_wrapper.py] mconf, 0.20052409172058105 0.9899579286575317
[loftr_wrapper.py] pair_ids (498,)
[loftr_wrapper.py] corres: (498, 5)
[loftr_wrapper.py] image0: torch.Size([1, 1, 400, 400])
[loftr_wrapper.py] net forward
[loftr_wrapper.py] mconf, 0.20019260048866272 0.9933605194091797
[loftr_wrapper.py] pair_ids (507,)
[loftr_wrapper.py] corres: (507, 5)
[loftr_wrapper.py] image0: torch.Size([1, 1, 400, 400])
[loftr_wrapper.py] net forward
[loftr_wrapper.py] mconf, 0.20015253126621246 0.9769439101219177
[loftr_wrapper.py] pair_ids (492,)
[loftr_wrapper.py] corres: (492, 5)
[loftr_wrapper.py] image0: torch.Size([1, 1, 400, 400])
[loftr_wrapper.py] net forward
[loftr_wrapper.py] mconf, 0.20047223567962646 0.9943807721138
[loftr_wrapper.py] pair_ids (515,)
[loftr_wrapper.py] corres: (515, 5)
[loftr_wrapper.py] image0: torch.Size([1, 1, 400, 400])
[loftr_wrapper.py] net forward
[loftr_wrapper.py] mconf, 0.20029816031455994 0.9916098117828369
[loftr_wrapper.py] pair_ids (605,)
[loftr_wrapper.py] corres: (605, 5)
[loftr_wrapper.py] image0: torch.Size([1, 1, 400, 400])
[loftr_wrapper.py] net forward
[loftr_wrapper.py] mconf, 0.2011307328939438 0.9948553442955017
[loftr_wrapper.py] pair_ids (558,)
[loftr_wrapper.py] corres: (558, 5)
[loftr_wrapper.py] image0: torch.Size([1, 1, 400, 400])
[loftr_wrapper.py] net forward
[loftr_wrapper.py] mconf, 0.20038212835788727 0.9957333207130432
[loftr_wrapper.py] pair_ids (596,)
[loftr_wrapper.py] corres: (596, 5)
[loftr_wrapper.py] image0: torch.Size([1, 1, 400, 400])
[loftr_wrapper.py] net forward
[loftr_wrapper.py] mconf, 0.20087099075317383 0.9754758477210999
[loftr_wrapper.py] pair_ids (593,)
[loftr_wrapper.py] corres: (593, 5)
DONE A MD-prior MPM13 jobs 214 497s | E-I=4.77/25% E-L=4.00/34% E-V2=129.26/4% E-V5b=109.56/3% E-V5d=109.59/3% E-V5x2=23.06/3% E-VI=34.58/1% | rot0 2.66
/home/kist/Desktop/BundleSAM3DGS/experiments/vggt_probe/models.py:30: FutureWarning: `torch.cuda.amp.autocast(args...)` is deprecated. Please use `torch.amp.autocast('cuda', args...)` instead.
  with torch.cuda.amp.autocast(dtype=torch.bfloat16):
/home/kist/venvs/vggt_probe/lib/python3.10/site-packages/vggt/models/vggt.py:65: FutureWarning: `torch.cuda.amp.autocast(args...)` is deprecated. Please use `torch.amp.autocast('cuda', args...)` instead.
  with torch.cuda.amp.autocast(enabled=False):
[loftr_wrapper.py] image0: torch.Size([1, 1, 400, 400])
/home/kist/Desktop/BundleSAM3DGS/loftr_wrapper.py:45: FutureWarning: `torch.cuda.amp.autocast(args...)` is deprecated. Please use `torch.amp.autocast('cuda', args...)` instead.
  with torch.cuda.amp.autocast(enabled=True):
[loftr_wrapper.py] net forward
[loftr_wrapper.py] mconf, 0.2005603164434433 0.9915872812271118
[loftr_wrapper.py] pair_ids (715,)
[loftr_wrapper.py] corres: (715, 5)
  A MD-prior MPM14 1/225 2.4s/kf | E-I=3.12 E-L=2.51 E-V2=0.14 E-V5b=0.44 E-V5d=0.38 E-V5x2=0.69 E-VI=3.13 | rot0 0.00
/home/kist/Desktop/BundleSAM3DGS/experiments/vggt_probe/models.py:30: FutureWarning: `torch.cuda.amp.autocast(args...)` is deprecated. Please use `torch.amp.autocast('cuda', args...)` instead.
  with torch.cuda.amp.autocast(dtype=torch.bfloat16):
/home/kist/venvs/vggt_probe/lib/python3.10/site-packages/vggt/models/vggt.py:65: FutureWarning: `torch.cuda.amp.autocast(args...)` is deprecated. Please use `torch.amp.autocast('cuda', args...)` instead.
  with torch.cuda.amp.autocast(enabled=False):
[loftr_wrapper.py] image0: torch.Size([1, 1, 400, 400])
/home/kist/Desktop/BundleSAM3DGS/loftr_wrapper.py:45: FutureWarning: `torch.cuda.amp.autocast(args...)` is deprecated. Please use `torch.amp.autocast('cuda', args...)` instead.
  with torch.cuda.amp.autocast(enabled=True):
[loftr_wrapper.py] net forward
[loftr_wrapper.py] mconf, 0.20153164863586426 0.9989244341850281
[loftr_wrapper.py] pair_ids (652,)
[loftr_wrapper.py] corres: (652, 5)
[loftr_wrapper.py] image0: torch.Size([1, 1, 400, 400])
[loftr_wrapper.py] net forward
[loftr_wrapper.py] mconf, 0.2007436603307724 0.9989148378372192
[loftr_wrapper.py] pair_ids (734,)
[loftr_wrapper.py] corres: (734, 5)
[loftr_wrapper.py] image0: torch.Size([1, 1, 400, 400])
[loftr_wrapper.py] net forward
[loftr_wrapper.py] mconf, 0.20135365426540375 0.9990328550338745
[loftr_wrapper.py] pair_ids (787,)
[loftr_wrapper.py] corres: (787, 5)
[loftr_wrapper.py] image0: torch.Size([1, 1, 400, 400])
[loftr_wrapper.py] net forward
[loftr_wrapper.py] mconf, 0.20221301913261414 0.9976217746734619
[loftr_wrapper.py] pair_ids (832,)
[loftr_wrapper.py] corres: (832, 5)
[loftr_wrapper.py] image0: torch.Size([1, 1, 400, 400])
[loftr_wrapper.py] net forward
[loftr_wrapper.py] mconf, 0.20257580280303955 0.9963523149490356
[loftr_wrapper.py] pair_ids (672,)
[loftr_wrapper.py] corres: (672, 5)
[loftr_wrapper.py] image0: torch.Size([1, 1, 400, 400])
[loftr_wrapper.py] net forward
[loftr_wrapper.py] mconf, 0.20188376307487488 0.9969945549964905
[loftr_wrapper.py] pair_ids (591,)
[loftr_wrapper.py] corres: (591, 5)
[loftr_wrapper.py] image0: torch.Size([1, 1, 400, 400])
[loftr_wrapper.py] net forward
[loftr_wrapper.py] mconf, 0.20058828592300415 0.9951867461204529
[loftr_wrapper.py] pair_ids (510,)
[loftr_wrapper.py] corres: (510, 5)
[loftr_wrapper.py] image0: torch.Size([1, 1, 400, 400])
[loftr_wrapper.py] net forward
[loftr_wrapper.py] mconf, 0.20015139877796173 0.9955300092697144
[loftr_wrapper.py] pair_ids (488,)
[loftr_wrapper.py] corres: (488, 5)
[loftr_wrapper.py] image0: torch.Size([1, 1, 400, 400])
[loftr_wrapper.py] net forward
[loftr_wrapper.py] mconf, 0.20046484470367432 0.9719544053077698
[loftr_wrapper.py] pair_ids (363,)
[loftr_wrapper.py] corres: (363, 5)
[loftr_wrapper.py] image0: torch.Size([1, 1, 400, 400])
[loftr_wrapper.py] net forward
[loftr_wrapper.py] mconf, 0.20067234337329865 0.9794774651527405
[loftr_wrapper.py] pair_ids (267,)
[loftr_wrapper.py] corres: (267, 5)
[loftr_wrapper.py] image0: torch.Size([1, 1, 400, 400])
[loftr_wrapper.py] net forward
[loftr_wrapper.py] mconf, 0.20110343396663666 0.9956823587417603
[loftr_wrapper.py] pair_ids (303,)
[loftr_wrapper.py] corres: (303, 5)
[loftr_wrapper.py] image0: torch.Size([1, 1, 400, 400])
[loftr_wrapper.py] net forward
[loftr_wrapper.py] mconf, 0.20215439796447754 0.9651041030883789
[loftr_wrapper.py] pair_ids (353,)
[loftr_wrapper.py] corres: (353, 5)
[loftr_wrapper.py] image0: torch.Size([1, 1, 400, 400])
[loftr_wrapper.py] net forward
[loftr_wrapper.py] mconf, 0.20004098117351532 0.8921447396278381
[loftr_wrapper.py] pair_ids (237,)
[loftr_wrapper.py] corres: (237, 5)
[loftr_wrapper.py] image0: torch.Size([1, 1, 400, 400])
[loftr_wrapper.py] net forward
[loftr_wrapper.py] mconf, 0.20134596526622772 0.964069128036499
[loftr_wrapper.py] pair_ids (275,)
[loftr_wrapper.py] corres: (275, 5)
[loftr_wrapper.py] image0: torch.Size([1, 1, 400, 400])
[loftr_wrapper.py] net forward
[loftr_wrapper.py] mconf, 0.20260092616081238 0.9736902117729187
[loftr_wrapper.py] pair_ids (191,)
[loftr_wrapper.py] corres: (191, 5)
[loftr_wrapper.py] image0: torch.Size([1, 1, 400, 400])
[loftr_wrapper.py] net forward
[loftr_wrapper.py] mconf, 0.20174115896224976 0.9509891271591187
[loftr_wrapper.py] pair_ids (179,)
[loftr_wrapper.py] corres: (179, 5)
[loftr_wrapper.py] image0: torch.Size([1, 1, 400, 400])
[loftr_wrapper.py] net forward
[loftr_wrapper.py] mconf, 0.20284803211688995 0.9380538463592529
[loftr_wrapper.py] pair_ids (163,)
[loftr_wrapper.py] corres: (163, 5)
[loftr_wrapper.py] image0: torch.Size([1, 1, 400, 400])
[loftr_wrapper.py] net forward
[loftr_wrapper.py] mconf, 0.20228172838687897 0.8778203129768372
[loftr_wrapper.py] pair_ids (85,)
[loftr_wrapper.py] corres: (85, 5)
[loftr_wrapper.py] image0: torch.Size([1, 1, 400, 400])
[loftr_wrapper.py] net forward
[loftr_wrapper.py] mconf, 0.20321495831012726 0.5609572529792786
[loftr_wrapper.py] pair_ids (19,)
[loftr_wrapper.py] corres: (19, 5)
[loftr_wrapper.py] image0: torch.Size([1, 1, 400, 400])
[loftr_wrapper.py] net forward
[loftr_wrapper.py] mconf, 0.20349738001823425 0.7211025953292847
[loftr_wrapper.py] pair_ids (48,)
[loftr_wrapper.py] corres: (48, 5)
[loftr_wrapper.py] image0: torch.Size([1, 1, 400, 400])
[loftr_wrapper.py] net forward
[loftr_wrapper.py] mconf, 0.20099744200706482 0.6449539661407471
[loftr_wrapper.py] pair_ids (42,)
[loftr_wrapper.py] corres: (42, 5)
[loftr_wrapper.py] image0: torch.Size([1, 1, 400, 400])
[loftr_wrapper.py] net forward
[loftr_wrapper.py] mconf, 0.20287206768989563 0.7375008463859558
[loftr_wrapper.py] pair_ids (64,)
[loftr_wrapper.py] corres: (64, 5)
[loftr_wrapper.py] image0: torch.Size([1, 1, 400, 400])
[loftr_wrapper.py] net forward
[loftr_wrapper.py] mconf, 0.2039603888988495 0.6194275617599487
[loftr_wrapper.py] pair_ids (57,)
[loftr_wrapper.py] corres: (57, 5)
[loftr_wrapper.py] image0: torch.Size([1, 1, 400, 400])
[loftr_wrapper.py] net forward
[loftr_wrapper.py] mconf, 0.2006426751613617 0.5839171409606934
[loftr_wrapper.py] pair_ids (66,)
[loftr_wrapper.py] corres: (66, 5)
[loftr_wrapper.py] image0: torch.Size([1, 1, 400, 400])
[loftr_wrapper.py] net forward
[loftr_wrapper.py] mconf, 0.20611761510372162 0.8335044980049133
[loftr_wrapper.py] pair_ids (58,)
[loftr_wrapper.py] corres: (58, 5)
  A MD-prior MPM14 26/225 2.3s/kf | E-I=3.59 E-L=2.45 E-V2=22.06 E-V5b=18.65 E-V5d=18.59 E-V5x2=11.02 E-VI=11.02 | rot0 2.58
/home/kist/Desktop/BundleSAM3DGS/experiments/vggt_probe/models.py:30: FutureWarning: `torch.cuda.amp.autocast(args...)` is deprecated. Please use `torch.amp.autocast('cuda', args...)` instead.
  with torch.cuda.amp.autocast(dtype=torch.bfloat16):
/home/kist/venvs/vggt_probe/lib/python3.10/site-packages/vggt/models/vggt.py:65: FutureWarning: `torch.cuda.amp.autocast(args...)` is deprecated. Please use `torch.amp.autocast('cuda', args...)` instead.
  with torch.cuda.amp.autocast(enabled=False):
[loftr_wrapper.py] image0: torch.Size([1, 1, 400, 400])
/home/kist/Desktop/BundleSAM3DGS/loftr_wrapper.py:45: FutureWarning: `torch.cuda.amp.autocast(args...)` is deprecated. Please use `torch.amp.autocast('cuda', args...)` instead.
  with torch.cuda.amp.autocast(enabled=True):
[loftr_wrapper.py] net forward
[loftr_wrapper.py] mconf, 0.20125609636306763 0.6682621240615845
[loftr_wrapper.py] pair_ids (56,)
[loftr_wrapper.py] corres: (56, 5)
[loftr_wrapper.py] image0: torch.Size([1, 1, 400, 400])
[loftr_wrapper.py] net forward
[loftr_wrapper.py] mconf, 0.2001061886548996 0.7835504412651062
[loftr_wrapper.py] pair_ids (76,)
[loftr_wrapper.py] corres: (76, 5)
[loftr_wrapper.py] image0: torch.Size([1, 1, 400, 400])
[loftr_wrapper.py] net forward
[loftr_wrapper.py] mconf, 0.20114000141620636 0.6599485874176025
[loftr_wrapper.py] pair_ids (80,)
[loftr_wrapper.py] corres: (80, 5)
[loftr_wrapper.py] image0: torch.Size([1, 1, 400, 400])
[loftr_wrapper.py] net forward
[loftr_wrapper.py] mconf, 0.20066224038600922 0.9617957472801208
[loftr_wrapper.py] pair_ids (135,)
[loftr_wrapper.py] corres: (135, 5)
[loftr_wrapper.py] image0: torch.Size([1, 1, 400, 400])
[loftr_wrapper.py] net forward
[loftr_wrapper.py] mconf, 0.20294927060604095 0.9796018600463867
[loftr_wrapper.py] pair_ids (186,)
[loftr_wrapper.py] corres: (186, 5)
[loftr_wrapper.py] image0: torch.Size([1, 1, 400, 400])
[loftr_wrapper.py] net forward
[loftr_wrapper.py] mconf, 0.20243214070796967 0.9896536469459534
[loftr_wrapper.py] pair_ids (239,)
[loftr_wrapper.py] corres: (239, 5)
[loftr_wrapper.py] image0: torch.Size([1, 1, 400, 400])
[loftr_wrapper.py] net forward
[loftr_wrapper.py] mconf, 0.20022661983966827 0.9953559041023254
[loftr_wrapper.py] pair_ids (322,)
[loftr_wrapper.py] corres: (322, 5)
[loftr_wrapper.py] image0: torch.Size([1, 1, 400, 400])
[loftr_wrapper.py] net forward
[loftr_wrapper.py] mconf, 0.20035000145435333 0.9955681562423706
[loftr_wrapper.py] pair_ids (340,)
[loftr_wrapper.py] corres: (340, 5)
[loftr_wrapper.py] image0: torch.Size([1, 1, 400, 400])
[loftr_wrapper.py] net forward
[loftr_wrapper.py] mconf, 0.20078787207603455 0.9967433214187622
[loftr_wrapper.py] pair_ids (265,)
[loftr_wrapper.py] corres: (265, 5)
[loftr_wrapper.py] image0: torch.Size([1, 1, 400, 400])
[loftr_wrapper.py] net forward
[loftr_wrapper.py] mconf, 0.20006519556045532 0.9741338491439819
[loftr_wrapper.py] pair_ids (344,)
[loftr_wrapper.py] corres: (344, 5)
[loftr_wrapper.py] image0: torch.Size([1, 1, 400, 400])
[loftr_wrapper.py] net forward
[loftr_wrapper.py] mconf, 0.2004997581243515 0.9814831018447876
[loftr_wrapper.py] pair_ids (377,)
[loftr_wrapper.py] corres: (377, 5)
[loftr_wrapper.py] image0: torch.Size([1, 1, 400, 400])
[loftr_wrapper.py] net forward
[loftr_wrapper.py] mconf, 0.200618177652359 0.9972096085548401
[loftr_wrapper.py] pair_ids (524,)
[loftr_wrapper.py] corres: (524, 5)
[loftr_wrapper.py] image0: torch.Size([1, 1, 400, 400])
[loftr_wrapper.py] net forward
[loftr_wrapper.py] mconf, 0.2001601606607437 0.9952136874198914
[loftr_wrapper.py] pair_ids (541,)
[loftr_wrapper.py] corres: (541, 5)
[loftr_wrapper.py] image0: torch.Size([1, 1, 400, 400])
[loftr_wrapper.py] net forward
[loftr_wrapper.py] mconf, 0.2003580629825592 0.9972783327102661
[loftr_wrapper.py] pair_ids (539,)
[loftr_wrapper.py] corres: (539, 5)
[loftr_wrapper.py] image0: torch.Size([1, 1, 400, 400])
[loftr_wrapper.py] net forward
[loftr_wrapper.py] mconf, 0.20003202557563782 0.9937557578086853
[loftr_wrapper.py] pair_ids (417,)
[loftr_wrapper.py] corres: (417, 5)
[loftr_wrapper.py] image0: torch.Size([1, 1, 400, 400])
[loftr_wrapper.py] net forward
[loftr_wrapper.py] mconf, 0.20040762424468994 0.9899653792381287
[loftr_wrapper.py] pair_ids (513,)
[loftr_wrapper.py] corres: (513, 5)
[loftr_wrapper.py] image0: torch.Size([1, 1, 400, 400])
[loftr_wrapper.py] net forward
[loftr_wrapper.py] mconf, 0.200198233127594 0.9822654724121094
[loftr_wrapper.py] pair_ids (409,)
[loftr_wrapper.py] corres: (409, 5)
[loftr_wrapper.py] image0: torch.Size([1, 1, 400, 400])
[loftr_wrapper.py] net forward
[loftr_wrapper.py] mconf, 0.20335115492343903 0.9882203936576843
[loftr_wrapper.py] pair_ids (357,)
[loftr_wrapper.py] corres: (357, 5)
[loftr_wrapper.py] image0: torch.Size([1, 1, 400, 400])
[loftr_wrapper.py] net forward
[loftr_wrapper.py] mconf, 0.20030643045902252 0.9732702374458313
[loftr_wrapper.py] pair_ids (315,)
[loftr_wrapper.py] corres: (315, 5)
[loftr_wrapper.py] image0: torch.Size([1, 1, 400, 400])
[loftr_wrapper.py] net forward
[loftr_wrapper.py] mconf, 0.20001552999019623 0.9225030541419983
[loftr_wrapper.py] pair_ids (276,)
[loftr_wrapper.py] corres: (276, 5)
[loftr_wrapper.py] image0: torch.Size([1, 1, 400, 400])
[loftr_wrapper.py] net forward
[loftr_wrapper.py] mconf, 0.20037683844566345 0.9796610474586487
[loftr_wrapper.py] pair_ids (289,)
[loftr_wrapper.py] corres: (289, 5)
[loftr_wrapper.py] image0: torch.Size([1, 1, 400, 400])
[loftr_wrapper.py] net forward
[loftr_wrapper.py] mconf, 0.20022206008434296 0.9823898077011108
[loftr_wrapper.py] pair_ids (300,)
[loftr_wrapper.py] corres: (300, 5)
[loftr_wrapper.py] image0: torch.Size([1, 1, 400, 400])
[loftr_wrapper.py] net forward
[loftr_wrapper.py] mconf, 0.20070596039295197 0.861499011516571
[loftr_wrapper.py] pair_ids (179,)
[loftr_wrapper.py] corres: (179, 5)
[loftr_wrapper.py] image0: torch.Size([1, 1, 400, 400])
[loftr_wrapper.py] net forward
[loftr_wrapper.py] mconf, 0.200550377368927 0.9885668158531189
[loftr_wrapper.py] pair_ids (139,)
[loftr_wrapper.py] corres: (139, 5)
[loftr_wrapper.py] image0: torch.Size([1, 1, 400, 400])
[loftr_wrapper.py] net forward
[loftr_wrapper.py] mconf, 0.2019854485988617 0.8229590058326721
[loftr_wrapper.py] pair_ids (105,)
[loftr_wrapper.py] corres: (105, 5)
  A MD-prior MPM14 51/225 1.4s/kf | E-I=3.91 E-L=4.33 E-V2=73.31 E-V5b=103.23 E-V5d=103.29 E-V5x2=18.66 E-VI=22.95 | rot0 2.40
/home/kist/Desktop/BundleSAM3DGS/experiments/vggt_probe/models.py:30: FutureWarning: `torch.cuda.amp.autocast(args...)` is deprecated. Please use `torch.amp.autocast('cuda', args...)` instead.
  with torch.cuda.amp.autocast(dtype=torch.bfloat16):
/home/kist/venvs/vggt_probe/lib/python3.10/site-packages/vggt/models/vggt.py:65: FutureWarning: `torch.cuda.amp.autocast(args...)` is deprecated. Please use `torch.amp.autocast('cuda', args...)` instead.
  with torch.cuda.amp.autocast(enabled=False):
[loftr_wrapper.py] image0: torch.Size([1, 1, 400, 400])
/home/kist/Desktop/BundleSAM3DGS/loftr_wrapper.py:45: FutureWarning: `torch.cuda.amp.autocast(args...)` is deprecated. Please use `torch.amp.autocast('cuda', args...)` instead.
  with torch.cuda.amp.autocast(enabled=True):
[loftr_wrapper.py] net forward
[loftr_wrapper.py] mconf, 0.20168724656105042 0.9437706470489502
[loftr_wrapper.py] pair_ids (159,)
[loftr_wrapper.py] corres: (159, 5)
[loftr_wrapper.py] image0: torch.Size([1, 1, 400, 400])
[loftr_wrapper.py] net forward
[loftr_wrapper.py] mconf, 0.2005789428949356 0.8616674542427063
[loftr_wrapper.py] pair_ids (115,)
[loftr_wrapper.py] corres: (115, 5)
[loftr_wrapper.py] image0: torch.Size([1, 1, 400, 400])
[loftr_wrapper.py] net forward
[loftr_wrapper.py] mconf, 0.20217368006706238 0.8047546148300171
[loftr_wrapper.py] pair_ids (69,)
[loftr_wrapper.py] corres: (69, 5)
[loftr_wrapper.py] image0: torch.Size([1, 1, 400, 400])
[loftr_wrapper.py] net forward
[loftr_wrapper.py] mconf, 0.20168006420135498 0.7616637349128723
[loftr_wrapper.py] pair_ids (80,)
[loftr_wrapper.py] corres: (80, 5)
[loftr_wrapper.py] image0: torch.Size([1, 1, 400, 400])
[loftr_wrapper.py] net forward
[loftr_wrapper.py] mconf, 0.20180371403694153 0.7164199948310852
[loftr_wrapper.py] pair_ids (52,)
[loftr_wrapper.py] corres: (52, 5)
[loftr_wrapper.py] image0: torch.Size([1, 1, 400, 400])
[loftr_wrapper.py] net forward
[loftr_wrapper.py] mconf, 0.20802675187587738 0.7828214168548584
[loftr_wrapper.py] pair_ids (38,)
[loftr_wrapper.py] corres: (38, 5)
[loftr_wrapper.py] image0: torch.Size([1, 1, 400, 400])
[loftr_wrapper.py] net forward
[loftr_wrapper.py] mconf, 0.20120269060134888 0.6781044006347656
[loftr_wrapper.py] pair_ids (61,)
[loftr_wrapper.py] corres: (61, 5)
[loftr_wrapper.py] image0: torch.Size([1, 1, 400, 400])
[loftr_wrapper.py] net forward
[loftr_wrapper.py] mconf, 0.2007114291191101 0.7751653790473938
[loftr_wrapper.py] pair_ids (59,)
[loftr_wrapper.py] corres: (59, 5)
[loftr_wrapper.py] image0: torch.Size([1, 1, 400, 400])
[loftr_wrapper.py] net forward
[loftr_wrapper.py] mconf, 0.20325206220149994 0.8575747013092041
[loftr_wrapper.py] pair_ids (47,)
[loftr_wrapper.py] corres: (47, 5)
[loftr_wrapper.py] image0: torch.Size([1, 1, 400, 400])
[loftr_wrapper.py] net forward
[loftr_wrapper.py] mconf, 0.202055424451828 0.634810209274292
[loftr_wrapper.py] pair_ids (64,)
[loftr_wrapper.py] corres: (64, 5)
[loftr_wrapper.py] image0: torch.Size([1, 1, 400, 400])
[loftr_wrapper.py] net forward
[loftr_wrapper.py] mconf, 0.2040536254644394 0.6106038689613342
[loftr_wrapper.py] pair_ids (47,)
[loftr_wrapper.py] corres: (47, 5)
[loftr_wrapper.py] image0: torch.Size([1, 1, 400, 400])
[loftr_wrapper.py] net forward
[loftr_wrapper.py] mconf, 0.20211192965507507 0.6493261456489563
[loftr_wrapper.py] pair_ids (53,)
[loftr_wrapper.py] corres: (53, 5)
[loftr_wrapper.py] image0: torch.Size([1, 1, 400, 400])
[loftr_wrapper.py] net forward
[loftr_wrapper.py] mconf, 0.20290794968605042 0.640356183052063
[loftr_wrapper.py] pair_ids (56,)
[loftr_wrapper.py] corres: (56, 5)
[loftr_wrapper.py] image0: torch.Size([1, 1, 400, 400])
[loftr_wrapper.py] net forward
[loftr_wrapper.py] mconf, 0.20515088737010956 0.5551703572273254
[loftr_wrapper.py] pair_ids (49,)
[loftr_wrapper.py] corres: (49, 5)
[loftr_wrapper.py] image0: torch.Size([1, 1, 400, 400])
[loftr_wrapper.py] net forward
[loftr_wrapper.py] mconf, 0.20280328392982483 0.6274732351303101
[loftr_wrapper.py] pair_ids (64,)
[loftr_wrapper.py] corres: (64, 5)
[loftr_wrapper.py] image0: torch.Size([1, 1, 400, 400])
[loftr_wrapper.py] net forward
[loftr_wrapper.py] mconf, 0.20499099791049957 0.862385094165802
[loftr_wrapper.py] pair_ids (85,)
[loftr_wrapper.py] corres: (85, 5)
[loftr_wrapper.py] image0: torch.Size([1, 1, 400, 400])
[loftr_wrapper.py] net forward
[loftr_wrapper.py] mconf, 0.201157346367836 0.8142396211624146
[loftr_wrapper.py] pair_ids (68,)
[loftr_wrapper.py] corres: (68, 5)
[loftr_wrapper.py] image0: torch.Size([1, 1, 400, 400])
[loftr_wrapper.py] net forward
[loftr_wrapper.py] mconf, 0.20026390254497528 0.6770740747451782
[loftr_wrapper.py] pair_ids (85,)
[loftr_wrapper.py] corres: (85, 5)
[loftr_wrapper.py] image0: torch.Size([1, 1, 400, 400])
[loftr_wrapper.py] net forward
[loftr_wrapper.py] mconf, 0.20121830701828003 0.9275752305984497
[loftr_wrapper.py] pair_ids (78,)
[loftr_wrapper.py] corres: (78, 5)
[loftr_wrapper.py] image0: torch.Size([1, 1, 400, 400])
[loftr_wrapper.py] net forward
[loftr_wrapper.py] mconf, 0.2005862295627594 0.7728108167648315
[loftr_wrapper.py] pair_ids (85,)
[loftr_wrapper.py] corres: (85, 5)
[loftr_wrapper.py] image0: torch.Size([1, 1, 400, 400])
[loftr_wrapper.py] net forward
[loftr_wrapper.py] mconf, 0.20100340247154236 0.9068846106529236
[loftr_wrapper.py] pair_ids (107,)
[loftr_wrapper.py] corres: (107, 5)
[loftr_wrapper.py] image0: torch.Size([1, 1, 400, 400])
[loftr_wrapper.py] net forward
[loftr_wrapper.py] mconf, 0.20173978805541992 0.868868350982666
[loftr_wrapper.py] pair_ids (108,)
[loftr_wrapper.py] corres: (108, 5)
[loftr_wrapper.py] image0: torch.Size([1, 1, 400, 400])
[loftr_wrapper.py] net forward
[loftr_wrapper.py] mconf, 0.201587975025177 0.9739388823509216
[loftr_wrapper.py] pair_ids (104,)
[loftr_wrapper.py] corres: (104, 5)
[loftr_wrapper.py] image0: torch.Size([1, 1, 400, 400])
[loftr_wrapper.py] net forward
[loftr_wrapper.py] mconf, 0.20010140538215637 0.8509709239006042
[loftr_wrapper.py] pair_ids (124,)
[loftr_wrapper.py] corres: (124, 5)
[loftr_wrapper.py] image0: torch.Size([1, 1, 400, 400])
[loftr_wrapper.py] net forward
[loftr_wrapper.py] mconf, 0.20002225041389465 0.9012599587440491
[loftr_wrapper.py] pair_ids (98,)
[loftr_wrapper.py] corres: (98, 5)
  A MD-prior MPM14 76/225 2.3s/kf | E-I=4.73 E-L=4.88 E-V2=120.84 E-V5b=96.67 E-V5d=96.85 E-V5x2=20.66 E-VI=20.66 | rot0 2.94
/home/kist/Desktop/BundleSAM3DGS/experiments/vggt_probe/models.py:30: FutureWarning: `torch.cuda.amp.autocast(args...)` is deprecated. Please use `torch.amp.autocast('cuda', args...)` instead.
  with torch.cuda.amp.autocast(dtype=torch.bfloat16):
/home/kist/venvs/vggt_probe/lib/python3.10/site-packages/vggt/models/vggt.py:65: FutureWarning: `torch.cuda.amp.autocast(args...)` is deprecated. Please use `torch.amp.autocast('cuda', args...)` instead.
  with torch.cuda.amp.autocast(enabled=False):
[loftr_wrapper.py] image0: torch.Size([1, 1, 400, 400])
/home/kist/Desktop/BundleSAM3DGS/loftr_wrapper.py:45: FutureWarning: `torch.cuda.amp.autocast(args...)` is deprecated. Please use `torch.amp.autocast('cuda', args...)` instead.
  with torch.cuda.amp.autocast(enabled=True):
[loftr_wrapper.py] net forward
[loftr_wrapper.py] mconf, 0.20340323448181152 0.7638885974884033
[loftr_wrapper.py] pair_ids (99,)
[loftr_wrapper.py] corres: (99, 5)
[loftr_wrapper.py] image0: torch.Size([1, 1, 400, 400])
[loftr_wrapper.py] net forward
[loftr_wrapper.py] mconf, 0.20125731825828552 0.8149968385696411
[loftr_wrapper.py] pair_ids (101,)
[loftr_wrapper.py] corres: (101, 5)
[loftr_wrapper.py] image0: torch.Size([1, 1, 400, 400])
[loftr_wrapper.py] net forward
[loftr_wrapper.py] mconf, 0.20479004085063934 0.9553731083869934
[loftr_wrapper.py] pair_ids (109,)
[loftr_wrapper.py] corres: (109, 5)
[loftr_wrapper.py] image0: torch.Size([1, 1, 400, 400])
[loftr_wrapper.py] net forward
[loftr_wrapper.py] mconf, 0.20549842715263367 0.9700382351875305
[loftr_wrapper.py] pair_ids (139,)
[loftr_wrapper.py] corres: (139, 5)
[loftr_wrapper.py] image0: torch.Size([1, 1, 400, 400])
[loftr_wrapper.py] net forward
[loftr_wrapper.py] mconf, 0.20037491619586945 0.9859997630119324
[loftr_wrapper.py] pair_ids (155,)
[loftr_wrapper.py] corres: (155, 5)
[loftr_wrapper.py] image0: torch.Size([1, 1, 400, 400])
[loftr_wrapper.py] net forward
[loftr_wrapper.py] mconf, 0.20095914602279663 0.9611408114433289
[loftr_wrapper.py] pair_ids (209,)
[loftr_wrapper.py] corres: (209, 5)
[loftr_wrapper.py] image0: torch.Size([1, 1, 400, 400])
[loftr_wrapper.py] net forward
[loftr_wrapper.py] mconf, 0.20358145236968994 0.9586498141288757
[loftr_wrapper.py] pair_ids (171,)
[loftr_wrapper.py] corres: (171, 5)
[loftr_wrapper.py] image0: torch.Size([1, 1, 400, 400])
[loftr_wrapper.py] net forward
[loftr_wrapper.py] mconf, 0.2009136974811554 0.9520099759101868
[loftr_wrapper.py] pair_ids (153,)
[loftr_wrapper.py] corres: (153, 5)
[loftr_wrapper.py] image0: torch.Size([1, 1, 400, 400])
[loftr_wrapper.py] net forward
[loftr_wrapper.py] mconf, 0.2014826536178589 0.8978598713874817
[loftr_wrapper.py] pair_ids (119,)
[loftr_wrapper.py] corres: (119, 5)
[loftr_wrapper.py] image0: torch.Size([1, 1, 400, 400])
[loftr_wrapper.py] net forward
[loftr_wrapper.py] mconf, 0.20422010123729706 0.7694709897041321
[loftr_wrapper.py] pair_ids (103,)
[loftr_wrapper.py] corres: (103, 5)
[loftr_wrapper.py] image0: torch.Size([1, 1, 400, 400])
[loftr_wrapper.py] net forward
[loftr_wrapper.py] mconf, 0.20024408400058746 0.8933177590370178
[loftr_wrapper.py] pair_ids (122,)
[loftr_wrapper.py] corres: (122, 5)
[loftr_wrapper.py] image0: torch.Size([1, 1, 400, 400])
[loftr_wrapper.py] net forward
[loftr_wrapper.py] mconf, 0.20207330584526062 0.7795140743255615
[loftr_wrapper.py] pair_ids (114,)
[loftr_wrapper.py] corres: (114, 5)
[loftr_wrapper.py] image0: torch.Size([1, 1, 400, 400])
[loftr_wrapper.py] net forward
[loftr_wrapper.py] mconf, 0.20136697590351105 0.8738557696342468
[loftr_wrapper.py] pair_ids (145,)
[loftr_wrapper.py] corres: (145, 5)
[loftr_wrapper.py] image0: torch.Size([1, 1, 400, 400])
[loftr_wrapper.py] net forward
[loftr_wrapper.py] mconf, 0.201454758644104 0.8247857093811035
[loftr_wrapper.py] pair_ids (158,)
[loftr_wrapper.py] corres: (158, 5)
[loftr_wrapper.py] image0: torch.Size([1, 1, 400, 400])
[loftr_wrapper.py] net forward
[loftr_wrapper.py] mconf, 0.201121523976326 0.8861777186393738
[loftr_wrapper.py] pair_ids (134,)
[loftr_wrapper.py] corres: (134, 5)
[loftr_wrapper.py] image0: torch.Size([1, 1, 400, 400])
[loftr_wrapper.py] net forward
[loftr_wrapper.py] mconf, 0.20002144575119019 0.8498105406761169
[loftr_wrapper.py] pair_ids (111,)
[loftr_wrapper.py] corres: (111, 5)
[loftr_wrapper.py] image0: torch.Size([1, 1, 400, 400])
[loftr_wrapper.py] net forward
[loftr_wrapper.py] mconf, 0.20230543613433838 0.7511819005012512
[loftr_wrapper.py] pair_ids (107,)
[loftr_wrapper.py] corres: (107, 5)
[loftr_wrapper.py] image0: torch.Size([1, 1, 400, 400])
[loftr_wrapper.py] net forward
[loftr_wrapper.py] mconf, 0.20146258175373077 0.7838576436042786
[loftr_wrapper.py] pair_ids (114,)
[loftr_wrapper.py] corres: (114, 5)
[loftr_wrapper.py] image0: torch.Size([1, 1, 400, 400])
[loftr_wrapper.py] net forward
[loftr_wrapper.py] mconf, 0.2026830017566681 0.8131243586540222
[loftr_wrapper.py] pair_ids (114,)
[loftr_wrapper.py] corres: (114, 5)
[loftr_wrapper.py] image0: torch.Size([1, 1, 400, 400])
[loftr_wrapper.py] net forward
[loftr_wrapper.py] mconf, 0.2010144591331482 0.8491071462631226
[loftr_wrapper.py] pair_ids (115,)
[loftr_wrapper.py] corres: (115, 5)
[loftr_wrapper.py] image0: torch.Size([1, 1, 400, 400])
[loftr_wrapper.py] net forward
[loftr_wrapper.py] mconf, 0.20014236867427826 0.7896658182144165
[loftr_wrapper.py] pair_ids (131,)
[loftr_wrapper.py] corres: (131, 5)
[loftr_wrapper.py] image0: torch.Size([1, 1, 400, 400])
[loftr_wrapper.py] net forward
[loftr_wrapper.py] mconf, 0.20001623034477234 0.8406419157981873
[loftr_wrapper.py] pair_ids (103,)
[loftr_wrapper.py] corres: (103, 5)
[loftr_wrapper.py] image0: torch.Size([1, 1, 400, 400])
[loftr_wrapper.py] net forward
[loftr_wrapper.py] mconf, 0.20128749310970306 0.8104763627052307
[loftr_wrapper.py] pair_ids (96,)
[loftr_wrapper.py] corres: (96, 5)
[loftr_wrapper.py] image0: torch.Size([1, 1, 400, 400])
[loftr_wrapper.py] net forward
[loftr_wrapper.py] mconf, 0.20135842263698578 0.9535649418830872
[loftr_wrapper.py] pair_ids (135,)
[loftr_wrapper.py] corres: (135, 5)
[loftr_wrapper.py] image0: torch.Size([1, 1, 400, 400])
[loftr_wrapper.py] net forward
[loftr_wrapper.py] mconf, 0.20107890665531158 0.9040339589118958
[loftr_wrapper.py] pair_ids (122,)
[loftr_wrapper.py] corres: (122, 5)
  A MD-prior MPM14 101/225 2.4s/kf | E-I=3.71 E-L=2.85 E-V2=100.96 E-V5b=114.25 E-V5d=114.25 E-V5x2=79.57 E-VI=81.88 | rot0 2.74
/home/kist/Desktop/BundleSAM3DGS/experiments/vggt_probe/models.py:30: FutureWarning: `torch.cuda.amp.autocast(args...)` is deprecated. Please use `torch.amp.autocast('cuda', args...)` instead.
  with torch.cuda.amp.autocast(dtype=torch.bfloat16):
/home/kist/venvs/vggt_probe/lib/python3.10/site-packages/vggt/models/vggt.py:65: FutureWarning: `torch.cuda.amp.autocast(args...)` is deprecated. Please use `torch.amp.autocast('cuda', args...)` instead.
  with torch.cuda.amp.autocast(enabled=False):
[loftr_wrapper.py] image0: torch.Size([1, 1, 400, 400])
/home/kist/Desktop/BundleSAM3DGS/loftr_wrapper.py:45: FutureWarning: `torch.cuda.amp.autocast(args...)` is deprecated. Please use `torch.amp.autocast('cuda', args...)` instead.
  with torch.cuda.amp.autocast(enabled=True):
[loftr_wrapper.py] net forward
[loftr_wrapper.py] mconf, 0.20050613582134247 0.8316235542297363
[loftr_wrapper.py] pair_ids (160,)
[loftr_wrapper.py] corres: (160, 5)
[loftr_wrapper.py] image0: torch.Size([1, 1, 400, 400])
[loftr_wrapper.py] net forward
[loftr_wrapper.py] mconf, 0.2008843570947647 0.8036141991615295
[loftr_wrapper.py] pair_ids (132,)
[loftr_wrapper.py] corres: (132, 5)
[loftr_wrapper.py] image0: torch.Size([1, 1, 400, 400])
[loftr_wrapper.py] net forward
[loftr_wrapper.py] mconf, 0.20193716883659363 0.9138658046722412
[loftr_wrapper.py] pair_ids (118,)
[loftr_wrapper.py] corres: (118, 5)
[loftr_wrapper.py] image0: torch.Size([1, 1, 400, 400])
[loftr_wrapper.py] net forward
[loftr_wrapper.py] mconf, 0.2018168568611145 0.9073731899261475
[loftr_wrapper.py] pair_ids (116,)
[loftr_wrapper.py] corres: (116, 5)
[loftr_wrapper.py] image0: torch.Size([1, 1, 400, 400])
[loftr_wrapper.py] net forward
[loftr_wrapper.py] mconf, 0.2006569802761078 0.8274182677268982
[loftr_wrapper.py] pair_ids (104,)
[loftr_wrapper.py] corres: (104, 5)
[loftr_wrapper.py] image0: torch.Size([1, 1, 400, 400])
[loftr_wrapper.py] net forward
[loftr_wrapper.py] mconf, 0.20548896491527557 0.8017764091491699
[loftr_wrapper.py] pair_ids (95,)
[loftr_wrapper.py] corres: (95, 5)
[loftr_wrapper.py] image0: torch.Size([1, 1, 400, 400])
[loftr_wrapper.py] net forward
[loftr_wrapper.py] mconf, 0.20303374528884888 0.9200564622879028
[loftr_wrapper.py] pair_ids (128,)
[loftr_wrapper.py] corres: (128, 5)
[loftr_wrapper.py] image0: torch.Size([1, 1, 400, 400])
[loftr_wrapper.py] net forward
[loftr_wrapper.py] mconf, 0.20087085664272308 0.9321851134300232
[loftr_wrapper.py] pair_ids (156,)
[loftr_wrapper.py] corres: (156, 5)
[loftr_wrapper.py] image0: torch.Size([1, 1, 400, 400])
[loftr_wrapper.py] net forward
[loftr_wrapper.py] mconf, 0.20091912150382996 0.977864146232605
[loftr_wrapper.py] pair_ids (251,)
[loftr_wrapper.py] corres: (251, 5)
[loftr_wrapper.py] image0: torch.Size([1, 1, 400, 400])
[loftr_wrapper.py] net forward
[loftr_wrapper.py] mconf, 0.20072677731513977 0.9214208722114563
[loftr_wrapper.py] pair_ids (210,)
[loftr_wrapper.py] corres: (210, 5)
[loftr_wrapper.py] image0: torch.Size([1, 1, 400, 400])
[loftr_wrapper.py] net forward
[loftr_wrapper.py] mconf, 0.20055226981639862 0.9503048658370972
[loftr_wrapper.py] pair_ids (226,)
[loftr_wrapper.py] corres: (226, 5)
[loftr_wrapper.py] image0: torch.Size([1, 1, 400, 400])
[loftr_wrapper.py] net forward
[loftr_wrapper.py] mconf, 0.20003297924995422 0.9653774499893188
[loftr_wrapper.py] pair_ids (234,)
[loftr_wrapper.py] corres: (234, 5)
[loftr_wrapper.py] image0: torch.Size([1, 1, 400, 400])
[loftr_wrapper.py] net forward
[loftr_wrapper.py] mconf, 0.20042869448661804 0.9848840832710266
[loftr_wrapper.py] pair_ids (231,)
[loftr_wrapper.py] corres: (231, 5)
[loftr_wrapper.py] image0: torch.Size([1, 1, 400, 400])
[loftr_wrapper.py] net forward
[loftr_wrapper.py] mconf, 0.2025010585784912 0.9680188298225403
[loftr_wrapper.py] pair_ids (207,)
[loftr_wrapper.py] corres: (207, 5)
[loftr_wrapper.py] image0: torch.Size([1, 1, 400, 400])
[loftr_wrapper.py] net forward
[loftr_wrapper.py] mconf, 0.20081427693367004 0.9685550928115845
[loftr_wrapper.py] pair_ids (189,)
[loftr_wrapper.py] corres: (189, 5)
[loftr_wrapper.py] image0: torch.Size([1, 1, 400, 400])
[loftr_wrapper.py] net forward
[loftr_wrapper.py] mconf, 0.20315223932266235 0.9295872449874878
[loftr_wrapper.py] pair_ids (165,)
[loftr_wrapper.py] corres: (165, 5)
[loftr_wrapper.py] image0: torch.Size([1, 1, 400, 400])
[loftr_wrapper.py] net forward
[loftr_wrapper.py] mconf, 0.20248115062713623 0.9327082633972168
[loftr_wrapper.py] pair_ids (149,)
[loftr_wrapper.py] corres: (149, 5)
[loftr_wrapper.py] image0: torch.Size([1, 1, 400, 400])
[loftr_wrapper.py] net forward
[loftr_wrapper.py] mconf, 0.2012527883052826 0.8920902609825134
[loftr_wrapper.py] pair_ids (173,)
[loftr_wrapper.py] corres: (173, 5)
[loftr_wrapper.py] image0: torch.Size([1, 1, 400, 400])
[loftr_wrapper.py] net forward
[loftr_wrapper.py] mconf, 0.20049773156642914 0.8976631164550781
[loftr_wrapper.py] pair_ids (128,)
[loftr_wrapper.py] corres: (128, 5)
[loftr_wrapper.py] image0: torch.Size([1, 1, 400, 400])
[loftr_wrapper.py] net forward
[loftr_wrapper.py] mconf, 0.200229674577713 0.9192138910293579
[loftr_wrapper.py] pair_ids (126,)
[loftr_wrapper.py] corres: (126, 5)
[loftr_wrapper.py] image0: torch.Size([1, 1, 400, 400])
[loftr_wrapper.py] net forward
[loftr_wrapper.py] mconf, 0.2007608860731125 0.8615584373474121
[loftr_wrapper.py] pair_ids (155,)
[loftr_wrapper.py] corres: (155, 5)
[loftr_wrapper.py] image0: torch.Size([1, 1, 400, 400])
[loftr_wrapper.py] net forward
[loftr_wrapper.py] mconf, 0.20146189630031586 0.9512273669242859
[loftr_wrapper.py] pair_ids (170,)
[loftr_wrapper.py] corres: (170, 5)
[loftr_wrapper.py] image0: torch.Size([1, 1, 400, 400])
[loftr_wrapper.py] net forward
[loftr_wrapper.py] mconf, 0.20287396013736725 0.9323110580444336
[loftr_wrapper.py] pair_ids (205,)
[loftr_wrapper.py] corres: (205, 5)
[loftr_wrapper.py] image0: torch.Size([1, 1, 400, 400])
[loftr_wrapper.py] net forward
[loftr_wrapper.py] mconf, 0.20099398493766785 0.9248649477958679
[loftr_wrapper.py] pair_ids (138,)
[loftr_wrapper.py] corres: (138, 5)
[loftr_wrapper.py] image0: torch.Size([1, 1, 400, 400])
[loftr_wrapper.py] net forward
[loftr_wrapper.py] mconf, 0.20033028721809387 0.8745214343070984
[loftr_wrapper.py] pair_ids (187,)
[loftr_wrapper.py] corres: (187, 5)
  A MD-prior MPM14 126/225 2.4s/kf | E-I=5.21 E-L=4.94 E-V2=109.24 E-V5b=126.49 E-V5d=126.52 E-V5x2=39.39 E-VI=43.62 | rot0 1.95
/home/kist/Desktop/BundleSAM3DGS/experiments/vggt_probe/models.py:30: FutureWarning: `torch.cuda.amp.autocast(args...)` is deprecated. Please use `torch.amp.autocast('cuda', args...)` instead.
  with torch.cuda.amp.autocast(dtype=torch.bfloat16):
/home/kist/venvs/vggt_probe/lib/python3.10/site-packages/vggt/models/vggt.py:65: FutureWarning: `torch.cuda.amp.autocast(args...)` is deprecated. Please use `torch.amp.autocast('cuda', args...)` instead.
  with torch.cuda.amp.autocast(enabled=False):
[loftr_wrapper.py] image0: torch.Size([1, 1, 400, 400])
/home/kist/Desktop/BundleSAM3DGS/loftr_wrapper.py:45: FutureWarning: `torch.cuda.amp.autocast(args...)` is deprecated. Please use `torch.amp.autocast('cuda', args...)` instead.
  with torch.cuda.amp.autocast(enabled=True):
[loftr_wrapper.py] net forward
[loftr_wrapper.py] mconf, 0.20135025680065155 0.8922192454338074
[loftr_wrapper.py] pair_ids (141,)
[loftr_wrapper.py] corres: (141, 5)
[loftr_wrapper.py] image0: torch.Size([1, 1, 400, 400])
[loftr_wrapper.py] net forward
[loftr_wrapper.py] mconf, 0.20041199028491974 0.8861987590789795
[loftr_wrapper.py] pair_ids (110,)
[loftr_wrapper.py] corres: (110, 5)
[loftr_wrapper.py] image0: torch.Size([1, 1, 400, 400])
[loftr_wrapper.py] net forward
[loftr_wrapper.py] mconf, 0.2002454400062561 0.9675871729850769
[loftr_wrapper.py] pair_ids (100,)
[loftr_wrapper.py] corres: (100, 5)
[loftr_wrapper.py] image0: torch.Size([1, 1, 400, 400])
[loftr_wrapper.py] net forward
[loftr_wrapper.py] mconf, 0.2005673050880432 0.8596133589744568
[loftr_wrapper.py] pair_ids (76,)
[loftr_wrapper.py] corres: (76, 5)
[loftr_wrapper.py] image0: torch.Size([1, 1, 400, 400])
[loftr_wrapper.py] net forward
[loftr_wrapper.py] mconf, 0.20301568508148193 0.8205720782279968
[loftr_wrapper.py] pair_ids (78,)
[loftr_wrapper.py] corres: (78, 5)
[loftr_wrapper.py] image0: torch.Size([1, 1, 400, 400])
[loftr_wrapper.py] net forward
[loftr_wrapper.py] mconf, 0.20016449689865112 0.8726503849029541
[loftr_wrapper.py] pair_ids (72,)
[loftr_wrapper.py] corres: (72, 5)
[loftr_wrapper.py] image0: torch.Size([1, 1, 400, 400])
[loftr_wrapper.py] net forward
[loftr_wrapper.py] mconf, 0.2012641727924347 0.7864705920219421
[loftr_wrapper.py] pair_ids (75,)
[loftr_wrapper.py] corres: (75, 5)
[loftr_wrapper.py] image0: torch.Size([1, 1, 400, 400])
[loftr_wrapper.py] net forward
[loftr_wrapper.py] mconf, 0.20226401090621948 0.6097736954689026
[loftr_wrapper.py] pair_ids (57,)
[loftr_wrapper.py] corres: (57, 5)
[loftr_wrapper.py] image0: torch.Size([1, 1, 400, 400])
[loftr_wrapper.py] net forward
[loftr_wrapper.py] mconf, 0.2002135068178177 0.6817965507507324
[loftr_wrapper.py] pair_ids (54,)
[loftr_wrapper.py] corres: (54, 5)
[loftr_wrapper.py] image0: torch.Size([1, 1, 400, 400])
[loftr_wrapper.py] net forward
[loftr_wrapper.py] mconf, 0.2025616317987442 0.6358820796012878
[loftr_wrapper.py] pair_ids (49,)
[loftr_wrapper.py] corres: (49, 5)
[loftr_wrapper.py] image0: torch.Size([1, 1, 400, 400])
[loftr_wrapper.py] net forward
[loftr_wrapper.py] mconf, 0.20234283804893494 0.668975830078125
[loftr_wrapper.py] pair_ids (44,)
[loftr_wrapper.py] corres: (44, 5)
[loftr_wrapper.py] image0: torch.Size([1, 1, 400, 400])
[loftr_wrapper.py] net forward
[loftr_wrapper.py] mconf, 0.20761075615882874 0.6373444199562073
[loftr_wrapper.py] pair_ids (45,)
[loftr_wrapper.py] corres: (45, 5)
[loftr_wrapper.py] image0: torch.Size([1, 1, 400, 400])
[loftr_wrapper.py] net forward
[loftr_wrapper.py] mconf, 0.2010699361562729 0.5995216369628906
[loftr_wrapper.py] pair_ids (54,)
[loftr_wrapper.py] corres: (54, 5)
[loftr_wrapper.py] image0: torch.Size([1, 1, 400, 400])
[loftr_wrapper.py] net forward
[loftr_wrapper.py] mconf, 0.2050047218799591 0.7596680521965027
[loftr_wrapper.py] pair_ids (39,)
[loftr_wrapper.py] corres: (39, 5)
[loftr_wrapper.py] image0: torch.Size([1, 1, 400, 400])
[loftr_wrapper.py] net forward
[loftr_wrapper.py] mconf, 0.20073284208774567 0.7079232931137085
[loftr_wrapper.py] pair_ids (45,)
[loftr_wrapper.py] corres: (45, 5)
[loftr_wrapper.py] image0: torch.Size([1, 1, 400, 400])
[loftr_wrapper.py] net forward
[loftr_wrapper.py] mconf, 0.20073023438453674 0.44153425097465515
[loftr_wrapper.py] pair_ids (27,)
[loftr_wrapper.py] corres: (27, 5)
[loftr_wrapper.py] image0: torch.Size([1, 1, 400, 400])
[loftr_wrapper.py] net forward
[loftr_wrapper.py] mconf, 0.20317122340202332 0.7693610191345215
[loftr_wrapper.py] pair_ids (46,)
[loftr_wrapper.py] corres: (46, 5)
[loftr_wrapper.py] image0: torch.Size([1, 1, 400, 400])
[loftr_wrapper.py] net forward
[loftr_wrapper.py] mconf, 0.20038838684558868 0.5497369170188904
[loftr_wrapper.py] pair_ids (25,)
[loftr_wrapper.py] corres: (25, 5)
[loftr_wrapper.py] image0: torch.Size([1, 1, 400, 400])
[loftr_wrapper.py] net forward
[loftr_wrapper.py] mconf, 0.2004673033952713 0.7325631380081177
[loftr_wrapper.py] pair_ids (34,)
[loftr_wrapper.py] corres: (34, 5)
[loftr_wrapper.py] image0: torch.Size([1, 1, 400, 400])
[loftr_wrapper.py] net forward
[loftr_wrapper.py] mconf, 0.2020605206489563 0.628412127494812
[loftr_wrapper.py] pair_ids (47,)
[loftr_wrapper.py] corres: (47, 5)
[loftr_wrapper.py] image0: torch.Size([1, 1, 400, 400])
[loftr_wrapper.py] net forward
[loftr_wrapper.py] mconf, 0.20032934844493866 0.8493846654891968
[loftr_wrapper.py] pair_ids (49,)
[loftr_wrapper.py] corres: (49, 5)
[loftr_wrapper.py] image0: torch.Size([1, 1, 400, 400])
[loftr_wrapper.py] net forward
[loftr_wrapper.py] mconf, 0.20485952496528625 0.5970109105110168
[loftr_wrapper.py] pair_ids (35,)
[loftr_wrapper.py] corres: (35, 5)
[loftr_wrapper.py] image0: torch.Size([1, 1, 400, 400])
[loftr_wrapper.py] net forward
[loftr_wrapper.py] mconf, 0.20246176421642303 0.633175790309906
[loftr_wrapper.py] pair_ids (38,)
[loftr_wrapper.py] corres: (38, 5)
[loftr_wrapper.py] image0: torch.Size([1, 1, 400, 400])
[loftr_wrapper.py] net forward
[loftr_wrapper.py] mconf, 0.20400236546993256 0.6559276580810547
[loftr_wrapper.py] pair_ids (45,)
[loftr_wrapper.py] corres: (45, 5)
[loftr_wrapper.py] image0: torch.Size([1, 1, 400, 400])
[loftr_wrapper.py] net forward
[loftr_wrapper.py] mconf, 0.20120489597320557 0.7200252413749695
[loftr_wrapper.py] pair_ids (52,)
[loftr_wrapper.py] corres: (52, 5)
  A MD-prior MPM14 151/225 2.3s/kf | E-I=3.90 E-L=5.59 E-V2=90.96 E-V5b=97.22 E-V5d=97.37 E-V5x2=41.14 E-VI=75.60 | rot0 3.74
/home/kist/Desktop/BundleSAM3DGS/experiments/vggt_probe/models.py:30: FutureWarning: `torch.cuda.amp.autocast(args...)` is deprecated. Please use `torch.amp.autocast('cuda', args...)` instead.
  with torch.cuda.amp.autocast(dtype=torch.bfloat16):
/home/kist/venvs/vggt_probe/lib/python3.10/site-packages/vggt/models/vggt.py:65: FutureWarning: `torch.cuda.amp.autocast(args...)` is deprecated. Please use `torch.amp.autocast('cuda', args...)` instead.
  with torch.cuda.amp.autocast(enabled=False):
[loftr_wrapper.py] image0: torch.Size([1, 1, 400, 400])
/home/kist/Desktop/BundleSAM3DGS/loftr_wrapper.py:45: FutureWarning: `torch.cuda.amp.autocast(args...)` is deprecated. Please use `torch.amp.autocast('cuda', args...)` instead.
  with torch.cuda.amp.autocast(enabled=True):
[loftr_wrapper.py] net forward
[loftr_wrapper.py] mconf, 0.20070798695087433 0.7443668246269226
[loftr_wrapper.py] pair_ids (46,)
[loftr_wrapper.py] corres: (46, 5)
[loftr_wrapper.py] image0: torch.Size([1, 1, 400, 400])
[loftr_wrapper.py] net forward
[loftr_wrapper.py] mconf, 0.20680367946624756 0.8174066543579102
[loftr_wrapper.py] pair_ids (57,)
[loftr_wrapper.py] corres: (57, 5)
[loftr_wrapper.py] image0: torch.Size([1, 1, 400, 400])
[loftr_wrapper.py] net forward
[loftr_wrapper.py] mconf, 0.20309533178806305 0.6856710314750671
[loftr_wrapper.py] pair_ids (63,)
[loftr_wrapper.py] corres: (63, 5)
[loftr_wrapper.py] image0: torch.Size([1, 1, 400, 400])
[loftr_wrapper.py] net forward
[loftr_wrapper.py] mconf, 0.2105722576379776 0.6265853643417358
[loftr_wrapper.py] pair_ids (62,)
[loftr_wrapper.py] corres: (62, 5)
[loftr_wrapper.py] image0: torch.Size([1, 1, 400, 400])
[loftr_wrapper.py] net forward
[loftr_wrapper.py] mconf, 0.2041579782962799 0.6880554556846619
[loftr_wrapper.py] pair_ids (40,)
[loftr_wrapper.py] corres: (40, 5)
[loftr_wrapper.py] image0: torch.Size([1, 1, 400, 400])
[loftr_wrapper.py] net forward
[loftr_wrapper.py] mconf, 0.20056159794330597 0.6337828040122986
[loftr_wrapper.py] pair_ids (40,)
[loftr_wrapper.py] corres: (40, 5)
[loftr_wrapper.py] image0: torch.Size([1, 1, 400, 400])
[loftr_wrapper.py] net forward
[loftr_wrapper.py] mconf, 0.20253677666187286 0.8790279030799866
[loftr_wrapper.py] pair_ids (50,)
[loftr_wrapper.py] corres: (50, 5)
[loftr_wrapper.py] image0: torch.Size([1, 1, 400, 400])
[loftr_wrapper.py] net forward
[loftr_wrapper.py] mconf, 0.20099419355392456 0.7054241299629211
[loftr_wrapper.py] pair_ids (47,)
[loftr_wrapper.py] corres: (47, 5)
[loftr_wrapper.py] image0: torch.Size([1, 1, 400, 400])
[loftr_wrapper.py] net forward
[loftr_wrapper.py] mconf, 0.20172691345214844 0.5913922190666199
[loftr_wrapper.py] pair_ids (36,)
[loftr_wrapper.py] corres: (36, 5)
[loftr_wrapper.py] image0: torch.Size([1, 1, 400, 400])
[loftr_wrapper.py] net forward
[loftr_wrapper.py] mconf, 0.2011830061674118 0.9039229154586792
[loftr_wrapper.py] pair_ids (65,)
[loftr_wrapper.py] corres: (65, 5)
[loftr_wrapper.py] image0: torch.Size([1, 1, 400, 400])
[loftr_wrapper.py] net forward
[loftr_wrapper.py] mconf, 0.20182976126670837 0.9653359651565552
[loftr_wrapper.py] pair_ids (127,)
[loftr_wrapper.py] corres: (127, 5)
[loftr_wrapper.py] image0: torch.Size([1, 1, 400, 400])
[loftr_wrapper.py] net forward
[loftr_wrapper.py] mconf, 0.20396725833415985 0.9491400718688965
[loftr_wrapper.py] pair_ids (120,)
[loftr_wrapper.py] corres: (120, 5)
[loftr_wrapper.py] image0: torch.Size([1, 1, 400, 400])
[loftr_wrapper.py] net forward
[loftr_wrapper.py] mconf, 0.20007537305355072 0.944783627986908
[loftr_wrapper.py] pair_ids (140,)
[loftr_wrapper.py] corres: (140, 5)
[loftr_wrapper.py] image0: torch.Size([1, 1, 400, 400])
[loftr_wrapper.py] net forward
[loftr_wrapper.py] mconf, 0.20090538263320923 0.9109868407249451
[loftr_wrapper.py] pair_ids (155,)
[loftr_wrapper.py] corres: (155, 5)
[loftr_wrapper.py] image0: torch.Size([1, 1, 400, 400])
[loftr_wrapper.py] net forward
[loftr_wrapper.py] mconf, 0.20010749995708466 0.9569063782691956
[loftr_wrapper.py] pair_ids (181,)
[loftr_wrapper.py] corres: (181, 5)
[loftr_wrapper.py] image0: torch.Size([1, 1, 400, 400])
[loftr_wrapper.py] net forward
[loftr_wrapper.py] mconf, 0.20245780050754547 0.9399124383926392
[loftr_wrapper.py] pair_ids (204,)
[loftr_wrapper.py] corres: (204, 5)
[loftr_wrapper.py] image0: torch.Size([1, 1, 400, 400])
[loftr_wrapper.py] net forward
[loftr_wrapper.py] mconf, 0.20127972960472107 0.9461881518363953
[loftr_wrapper.py] pair_ids (219,)
[loftr_wrapper.py] corres: (219, 5)
[loftr_wrapper.py] image0: torch.Size([1, 1, 400, 400])
[loftr_wrapper.py] net forward
[loftr_wrapper.py] mconf, 0.20020830631256104 0.9616945385932922
[loftr_wrapper.py] pair_ids (279,)
[loftr_wrapper.py] corres: (279, 5)
[loftr_wrapper.py] image0: torch.Size([1, 1, 400, 400])
[loftr_wrapper.py] net forward
[loftr_wrapper.py] mconf, 0.2007552683353424 0.9666062593460083
[loftr_wrapper.py] pair_ids (261,)
[loftr_wrapper.py] corres: (261, 5)
[loftr_wrapper.py] image0: torch.Size([1, 1, 400, 400])
[loftr_wrapper.py] net forward
[loftr_wrapper.py] mconf, 0.20256167650222778 0.9687300324440002
[loftr_wrapper.py] pair_ids (249,)
[loftr_wrapper.py] corres: (249, 5)
[loftr_wrapper.py] image0: torch.Size([1, 1, 400, 400])
[loftr_wrapper.py] net forward
[loftr_wrapper.py] mconf, 0.20036251842975616 0.9598221182823181
[loftr_wrapper.py] pair_ids (209,)
[loftr_wrapper.py] corres: (209, 5)
[loftr_wrapper.py] image0: torch.Size([1, 1, 400, 400])
[loftr_wrapper.py] net forward
[loftr_wrapper.py] mconf, 0.2013055682182312 0.9512215256690979
[loftr_wrapper.py] pair_ids (280,)
[loftr_wrapper.py] corres: (280, 5)
[loftr_wrapper.py] image0: torch.Size([1, 1, 400, 400])
[loftr_wrapper.py] net forward
[loftr_wrapper.py] mconf, 0.20159493386745453 0.9816910028457642
[loftr_wrapper.py] pair_ids (313,)
[loftr_wrapper.py] corres: (313, 5)
[loftr_wrapper.py] image0: torch.Size([1, 1, 400, 400])
[loftr_wrapper.py] net forward
[loftr_wrapper.py] mconf, 0.20172391831874847 0.9160521626472473
[loftr_wrapper.py] pair_ids (265,)
[loftr_wrapper.py] corres: (265, 5)
[loftr_wrapper.py] image0: torch.Size([1, 1, 400, 400])
[loftr_wrapper.py] net forward
[loftr_wrapper.py] mconf, 0.2003275454044342 0.9431135058403015
[loftr_wrapper.py] pair_ids (204,)
[loftr_wrapper.py] corres: (204, 5)
  A MD-prior MPM14 176/225 2.4s/kf | E-I=4.65 E-L=5.62 E-V2=105.37 E-V5b=100.07 E-V5d=100.03 E-V5x2=86.06 E-VI=86.06 | rot0 3.55
/home/kist/Desktop/BundleSAM3DGS/experiments/vggt_probe/models.py:30: FutureWarning: `torch.cuda.amp.autocast(args...)` is deprecated. Please use `torch.amp.autocast('cuda', args...)` instead.
  with torch.cuda.amp.autocast(dtype=torch.bfloat16):
/home/kist/venvs/vggt_probe/lib/python3.10/site-packages/vggt/models/vggt.py:65: FutureWarning: `torch.cuda.amp.autocast(args...)` is deprecated. Please use `torch.amp.autocast('cuda', args...)` instead.
  with torch.cuda.amp.autocast(enabled=False):
[loftr_wrapper.py] image0: torch.Size([1, 1, 400, 400])
/home/kist/Desktop/BundleSAM3DGS/loftr_wrapper.py:45: FutureWarning: `torch.cuda.amp.autocast(args...)` is deprecated. Please use `torch.amp.autocast('cuda', args...)` instead.
  with torch.cuda.amp.autocast(enabled=True):
[loftr_wrapper.py] net forward
[loftr_wrapper.py] mconf, 0.20114754140377045 0.9455815553665161
[loftr_wrapper.py] pair_ids (256,)
[loftr_wrapper.py] corres: (256, 5)
[loftr_wrapper.py] image0: torch.Size([1, 1, 400, 400])
[loftr_wrapper.py] net forward
[loftr_wrapper.py] mconf, 0.2008935511112213 0.9884742498397827
[loftr_wrapper.py] pair_ids (229,)
[loftr_wrapper.py] corres: (229, 5)
[loftr_wrapper.py] image0: torch.Size([1, 1, 400, 400])
[loftr_wrapper.py] net forward
[loftr_wrapper.py] mconf, 0.2000134289264679 0.9663328528404236
[loftr_wrapper.py] pair_ids (163,)
[loftr_wrapper.py] corres: (163, 5)
[loftr_wrapper.py] image0: torch.Size([1, 1, 400, 400])
[loftr_wrapper.py] net forward
[loftr_wrapper.py] mconf, 0.2021532654762268 0.9465321898460388
[loftr_wrapper.py] pair_ids (111,)
[loftr_wrapper.py] corres: (111, 5)
[loftr_wrapper.py] image0: torch.Size([1, 1, 400, 400])
[loftr_wrapper.py] net forward
[loftr_wrapper.py] mconf, 0.20049116015434265 0.9338861107826233
[loftr_wrapper.py] pair_ids (76,)
[loftr_wrapper.py] corres: (76, 5)
[loftr_wrapper.py] image0: torch.Size([1, 1, 400, 400])
[loftr_wrapper.py] net forward
[loftr_wrapper.py] mconf, 0.2000744640827179 0.9076083898544312
[loftr_wrapper.py] pair_ids (89,)
[loftr_wrapper.py] corres: (89, 5)
[loftr_wrapper.py] image0: torch.Size([1, 1, 400, 400])
[loftr_wrapper.py] net forward
[loftr_wrapper.py] mconf, 0.20029020309448242 0.8525668978691101
[loftr_wrapper.py] pair_ids (72,)
[loftr_wrapper.py] corres: (72, 5)
[loftr_wrapper.py] image0: torch.Size([1, 1, 400, 400])
[loftr_wrapper.py] net forward
[loftr_wrapper.py] mconf, 0.20005539059638977 0.9770622253417969
[loftr_wrapper.py] pair_ids (119,)
[loftr_wrapper.py] corres: (119, 5)
[loftr_wrapper.py] image0: torch.Size([1, 1, 400, 400])
[loftr_wrapper.py] net forward
[loftr_wrapper.py] mconf, 0.20037850737571716 0.9725229740142822
[loftr_wrapper.py] pair_ids (161,)
[loftr_wrapper.py] corres: (161, 5)
[loftr_wrapper.py] image0: torch.Size([1, 1, 400, 400])
[loftr_wrapper.py] net forward
[loftr_wrapper.py] mconf, 0.2001492828130722 0.9348101019859314
[loftr_wrapper.py] pair_ids (132,)
[loftr_wrapper.py] corres: (132, 5)
[loftr_wrapper.py] image0: torch.Size([1, 1, 400, 400])
[loftr_wrapper.py] net forward
[loftr_wrapper.py] mconf, 0.20315736532211304 0.9876282215118408
[loftr_wrapper.py] pair_ids (150,)
[loftr_wrapper.py] corres: (150, 5)
[loftr_wrapper.py] image0: torch.Size([1, 1, 400, 400])
[loftr_wrapper.py] net forward
[loftr_wrapper.py] mconf, 0.2035156488418579 0.9839707612991333
[loftr_wrapper.py] pair_ids (172,)
[loftr_wrapper.py] corres: (172, 5)
[loftr_wrapper.py] image0: torch.Size([1, 1, 400, 400])
[loftr_wrapper.py] net forward
[loftr_wrapper.py] mconf, 0.20134671032428741 0.9346855878829956
[loftr_wrapper.py] pair_ids (185,)
[loftr_wrapper.py] corres: (185, 5)
[loftr_wrapper.py] image0: torch.Size([1, 1, 400, 400])
[loftr_wrapper.py] net forward
[loftr_wrapper.py] mconf, 0.20012110471725464 0.915333092212677
[loftr_wrapper.py] pair_ids (156,)
[loftr_wrapper.py] corres: (156, 5)
[loftr_wrapper.py] image0: torch.Size([1, 1, 400, 400])
[loftr_wrapper.py] net forward
[loftr_wrapper.py] mconf, 0.20063747465610504 0.9760585427284241
[loftr_wrapper.py] pair_ids (208,)
[loftr_wrapper.py] corres: (208, 5)
[loftr_wrapper.py] image0: torch.Size([1, 1, 400, 400])
[loftr_wrapper.py] net forward
[loftr_wrapper.py] mconf, 0.20127445459365845 0.9567243456840515
[loftr_wrapper.py] pair_ids (242,)
[loftr_wrapper.py] corres: (242, 5)
[loftr_wrapper.py] image0: torch.Size([1, 1, 400, 400])
[loftr_wrapper.py] net forward
[loftr_wrapper.py] mconf, 0.2009267956018448 0.9534987807273865
[loftr_wrapper.py] pair_ids (241,)
[loftr_wrapper.py] corres: (241, 5)
[loftr_wrapper.py] image0: torch.Size([1, 1, 400, 400])
[loftr_wrapper.py] net forward
[loftr_wrapper.py] mconf, 0.20003119111061096 0.9725229144096375
[loftr_wrapper.py] pair_ids (275,)
[loftr_wrapper.py] corres: (275, 5)
[loftr_wrapper.py] image0: torch.Size([1, 1, 400, 400])
[loftr_wrapper.py] net forward
[loftr_wrapper.py] mconf, 0.20042559504508972 0.9038459658622742
[loftr_wrapper.py] pair_ids (225,)
[loftr_wrapper.py] corres: (225, 5)
[loftr_wrapper.py] image0: torch.Size([1, 1, 400, 400])
[loftr_wrapper.py] net forward
[loftr_wrapper.py] mconf, 0.20167143642902374 0.9456324577331543
[loftr_wrapper.py] pair_ids (242,)
[loftr_wrapper.py] corres: (242, 5)
[loftr_wrapper.py] image0: torch.Size([1, 1, 400, 400])
[loftr_wrapper.py] net forward
[loftr_wrapper.py] mconf, 0.20100244879722595 0.9687140583992004
[loftr_wrapper.py] pair_ids (290,)
[loftr_wrapper.py] corres: (290, 5)
[loftr_wrapper.py] image0: torch.Size([1, 1, 400, 400])
[loftr_wrapper.py] net forward
[loftr_wrapper.py] mconf, 0.2027212232351303 0.9736649394035339
[loftr_wrapper.py] pair_ids (312,)
[loftr_wrapper.py] corres: (312, 5)
[loftr_wrapper.py] image0: torch.Size([1, 1, 400, 400])
[loftr_wrapper.py] net forward
[loftr_wrapper.py] mconf, 0.2004978507757187 0.9574347734451294
[loftr_wrapper.py] pair_ids (300,)
[loftr_wrapper.py] corres: (300, 5)
[loftr_wrapper.py] image0: torch.Size([1, 1, 400, 400])
[loftr_wrapper.py] net forward
[loftr_wrapper.py] mconf, 0.20263803005218506 0.9788622856140137
[loftr_wrapper.py] pair_ids (334,)
[loftr_wrapper.py] corres: (334, 5)
[loftr_wrapper.py] image0: torch.Size([1, 1, 400, 400])
[loftr_wrapper.py] net forward
[loftr_wrapper.py] mconf, 0.20019449293613434 0.9648461937904358
[loftr_wrapper.py] pair_ids (334,)
[loftr_wrapper.py] corres: (334, 5)
  A MD-prior MPM14 201/225 1.4s/kf | E-I=3.67 E-L=3.83 E-V2=93.24 E-V5b=104.70 E-V5d=104.76 E-V5x2=97.67 E-VI=97.67 | rot0 2.63
/home/kist/Desktop/BundleSAM3DGS/experiments/vggt_probe/models.py:30: FutureWarning: `torch.cuda.amp.autocast(args...)` is deprecated. Please use `torch.amp.autocast('cuda', args...)` instead.
  with torch.cuda.amp.autocast(dtype=torch.bfloat16):
/home/kist/venvs/vggt_probe/lib/python3.10/site-packages/vggt/models/vggt.py:65: FutureWarning: `torch.cuda.amp.autocast(args...)` is deprecated. Please use `torch.amp.autocast('cuda', args...)` instead.
  with torch.cuda.amp.autocast(enabled=False):
[loftr_wrapper.py] image0: torch.Size([1, 1, 400, 400])
/home/kist/Desktop/BundleSAM3DGS/loftr_wrapper.py:45: FutureWarning: `torch.cuda.amp.autocast(args...)` is deprecated. Please use `torch.amp.autocast('cuda', args...)` instead.
  with torch.cuda.amp.autocast(enabled=True):
[loftr_wrapper.py] net forward
[loftr_wrapper.py] mconf, 0.20082798600196838 0.9848638772964478
[loftr_wrapper.py] pair_ids (346,)
[loftr_wrapper.py] corres: (346, 5)
[loftr_wrapper.py] image0: torch.Size([1, 1, 400, 400])
[loftr_wrapper.py] net forward
[loftr_wrapper.py] mconf, 0.20013226568698883 0.987347424030304
[loftr_wrapper.py] pair_ids (277,)
[loftr_wrapper.py] corres: (277, 5)
[loftr_wrapper.py] image0: torch.Size([1, 1, 400, 400])
[loftr_wrapper.py] net forward
[loftr_wrapper.py] mconf, 0.2001304030418396 0.9790995717048645
[loftr_wrapper.py] pair_ids (230,)
[loftr_wrapper.py] corres: (230, 5)
[loftr_wrapper.py] image0: torch.Size([1, 1, 400, 400])
[loftr_wrapper.py] net forward
[loftr_wrapper.py] mconf, 0.20003561675548553 0.9773693680763245
[loftr_wrapper.py] pair_ids (226,)
[loftr_wrapper.py] corres: (226, 5)
[loftr_wrapper.py] image0: torch.Size([1, 1, 400, 400])
[loftr_wrapper.py] net forward
[loftr_wrapper.py] mconf, 0.20066474378108978 0.9411538243293762
[loftr_wrapper.py] pair_ids (209,)
[loftr_wrapper.py] corres: (209, 5)
[loftr_wrapper.py] image0: torch.Size([1, 1, 400, 400])
[loftr_wrapper.py] net forward
[loftr_wrapper.py] mconf, 0.20048512518405914 0.9487794637680054
[loftr_wrapper.py] pair_ids (229,)
[loftr_wrapper.py] corres: (229, 5)
[loftr_wrapper.py] image0: torch.Size([1, 1, 400, 400])
[loftr_wrapper.py] net forward
[loftr_wrapper.py] mconf, 0.2010454684495926 0.9767005443572998
[loftr_wrapper.py] pair_ids (284,)
[loftr_wrapper.py] corres: (284, 5)
[loftr_wrapper.py] image0: torch.Size([1, 1, 400, 400])
[loftr_wrapper.py] net forward
[loftr_wrapper.py] mconf, 0.2025650441646576 0.9946072697639465
[loftr_wrapper.py] pair_ids (350,)
[loftr_wrapper.py] corres: (350, 5)
[loftr_wrapper.py] image0: torch.Size([1, 1, 400, 400])
[loftr_wrapper.py] net forward
[loftr_wrapper.py] mconf, 0.20263983309268951 0.9899160861968994
[loftr_wrapper.py] pair_ids (297,)
[loftr_wrapper.py] corres: (297, 5)
[loftr_wrapper.py] image0: torch.Size([1, 1, 400, 400])
[loftr_wrapper.py] net forward
[loftr_wrapper.py] mconf, 0.20026227831840515 0.9805400967597961
[loftr_wrapper.py] pair_ids (279,)
[loftr_wrapper.py] corres: (279, 5)
[loftr_wrapper.py] image0: torch.Size([1, 1, 400, 400])
[loftr_wrapper.py] net forward
[loftr_wrapper.py] mconf, 0.20012569427490234 0.9852885007858276
[loftr_wrapper.py] pair_ids (240,)
[loftr_wrapper.py] corres: (240, 5)
[loftr_wrapper.py] image0: torch.Size([1, 1, 400, 400])
[loftr_wrapper.py] net forward
[loftr_wrapper.py] mconf, 0.20068307220935822 0.9609279036521912
[loftr_wrapper.py] pair_ids (253,)
[loftr_wrapper.py] corres: (253, 5)
[loftr_wrapper.py] image0: torch.Size([1, 1, 400, 400])
[loftr_wrapper.py] net forward
[loftr_wrapper.py] mconf, 0.2005905658006668 0.9889470338821411
[loftr_wrapper.py] pair_ids (283,)
[loftr_wrapper.py] corres: (283, 5)
[loftr_wrapper.py] image0: torch.Size([1, 1, 400, 400])
[loftr_wrapper.py] net forward
[loftr_wrapper.py] mconf, 0.2003873884677887 0.9715301394462585
[loftr_wrapper.py] pair_ids (281,)
[loftr_wrapper.py] corres: (281, 5)
[loftr_wrapper.py] image0: torch.Size([1, 1, 400, 400])
[loftr_wrapper.py] net forward
[loftr_wrapper.py] mconf, 0.2002134919166565 0.9807219505310059
[loftr_wrapper.py] pair_ids (303,)
[loftr_wrapper.py] corres: (303, 5)
[loftr_wrapper.py] image0: torch.Size([1, 1, 400, 400])
[loftr_wrapper.py] net forward
[loftr_wrapper.py] mconf, 0.20049482583999634 0.9840310215950012
[loftr_wrapper.py] pair_ids (332,)
[loftr_wrapper.py] corres: (332, 5)
[loftr_wrapper.py] image0: torch.Size([1, 1, 400, 400])
[loftr_wrapper.py] net forward
[loftr_wrapper.py] mconf, 0.2003595530986786 0.9378458857536316
[loftr_wrapper.py] pair_ids (229,)
[loftr_wrapper.py] corres: (229, 5)
[loftr_wrapper.py] image0: torch.Size([1, 1, 400, 400])
[loftr_wrapper.py] net forward
[loftr_wrapper.py] mconf, 0.2014131247997284 0.9693789482116699
[loftr_wrapper.py] pair_ids (227,)
[loftr_wrapper.py] corres: (227, 5)
[loftr_wrapper.py] image0: torch.Size([1, 1, 400, 400])
[loftr_wrapper.py] net forward
[loftr_wrapper.py] mconf, 0.20033471286296844 0.9716151356697083
[loftr_wrapper.py] pair_ids (304,)
[loftr_wrapper.py] corres: (304, 5)
[loftr_wrapper.py] image0: torch.Size([1, 1, 400, 400])
[loftr_wrapper.py] net forward
[loftr_wrapper.py] mconf, 0.20148149132728577 0.9935087561607361
[loftr_wrapper.py] pair_ids (308,)
[loftr_wrapper.py] corres: (308, 5)
[loftr_wrapper.py] image0: torch.Size([1, 1, 400, 400])
[loftr_wrapper.py] net forward
[loftr_wrapper.py] mconf, 0.20223675668239594 0.9891596436500549
[loftr_wrapper.py] pair_ids (304,)
[loftr_wrapper.py] corres: (304, 5)
[loftr_wrapper.py] image0: torch.Size([1, 1, 400, 400])
[loftr_wrapper.py] net forward
[loftr_wrapper.py] mconf, 0.2006770223379135 0.9896343350410461
[loftr_wrapper.py] pair_ids (276,)
[loftr_wrapper.py] corres: (276, 5)
[loftr_wrapper.py] image0: torch.Size([1, 1, 400, 400])
[loftr_wrapper.py] net forward
[loftr_wrapper.py] mconf, 0.2041180282831192 0.9439119100570679
[loftr_wrapper.py] pair_ids (212,)
[loftr_wrapper.py] corres: (212, 5)
[loftr_wrapper.py] image0: torch.Size([1, 1, 400, 400])
[loftr_wrapper.py] net forward
[loftr_wrapper.py] mconf, 0.20064795017242432 0.9764288663864136
[loftr_wrapper.py] pair_ids (246,)
[loftr_wrapper.py] corres: (246, 5)
DONE A MD-prior MPM14 jobs 225 507s | E-I=4.10/11% E-L=4.31/19% E-V2=91.75/2% E-V5b=97.21/1% E-V5d=97.31/2% E-V5x2=38.01/1% E-VI=41.14/1% | rot0 2.72
/home/kist/Desktop/BundleSAM3DGS/experiments/vggt_probe/models.py:30: FutureWarning: `torch.cuda.amp.autocast(args...)` is deprecated. Please use `torch.amp.autocast('cuda', args...)` instead.
  with torch.cuda.amp.autocast(dtype=torch.bfloat16):
/home/kist/venvs/vggt_probe/lib/python3.10/site-packages/vggt/models/vggt.py:65: FutureWarning: `torch.cuda.amp.autocast(args...)` is deprecated. Please use `torch.amp.autocast('cuda', args...)` instead.
  with torch.cuda.amp.autocast(enabled=False):
[loftr_wrapper.py] image0: torch.Size([1, 1, 400, 400])
/home/kist/Desktop/BundleSAM3DGS/loftr_wrapper.py:45: FutureWarning: `torch.cuda.amp.autocast(args...)` is deprecated. Please use `torch.amp.autocast('cuda', args...)` instead.
  with torch.cuda.amp.autocast(enabled=True):
[loftr_wrapper.py] net forward
[loftr_wrapper.py] mconf, 0.2005418837070465 0.998160183429718
[loftr_wrapper.py] pair_ids (252,)
[loftr_wrapper.py] corres: (252, 5)
  A MD-prior SB11 1/219 2.5s/kf | E-I=1.42 E-L=1.94 E-V2=2.54 E-V5b=179.42 E-V5d=178.50 E-V5x2=14.66 E-VI=93.98 | rot0 0.00
/home/kist/Desktop/BundleSAM3DGS/experiments/vggt_probe/models.py:30: FutureWarning: `torch.cuda.amp.autocast(args...)` is deprecated. Please use `torch.amp.autocast('cuda', args...)` instead.
  with torch.cuda.amp.autocast(dtype=torch.bfloat16):
/home/kist/venvs/vggt_probe/lib/python3.10/site-packages/vggt/models/vggt.py:65: FutureWarning: `torch.cuda.amp.autocast(args...)` is deprecated. Please use `torch.amp.autocast('cuda', args...)` instead.
  with torch.cuda.amp.autocast(enabled=False):
[loftr_wrapper.py] image0: torch.Size([1, 1, 400, 400])
/home/kist/Desktop/BundleSAM3DGS/loftr_wrapper.py:45: FutureWarning: `torch.cuda.amp.autocast(args...)` is deprecated. Please use `torch.amp.autocast('cuda', args...)` instead.
  with torch.cuda.amp.autocast(enabled=True):
[loftr_wrapper.py] net forward
[loftr_wrapper.py] mconf, 0.20046424865722656 0.9853717088699341
[loftr_wrapper.py] pair_ids (277,)
[loftr_wrapper.py] corres: (277, 5)
[loftr_wrapper.py] image0: torch.Size([1, 1, 400, 400])
[loftr_wrapper.py] net forward
[loftr_wrapper.py] mconf, 0.20096886157989502 0.9978928565979004
[loftr_wrapper.py] pair_ids (330,)
[loftr_wrapper.py] corres: (330, 5)
[loftr_wrapper.py] image0: torch.Size([1, 1, 400, 400])
[loftr_wrapper.py] net forward
[loftr_wrapper.py] mconf, 0.20098792016506195 0.9934612512588501
[loftr_wrapper.py] pair_ids (319,)
[loftr_wrapper.py] corres: (319, 5)
[loftr_wrapper.py] image0: torch.Size([1, 1, 400, 400])
[loftr_wrapper.py] net forward
[loftr_wrapper.py] mconf, 0.20209595561027527 0.9908080101013184
[loftr_wrapper.py] pair_ids (329,)
[loftr_wrapper.py] corres: (329, 5)
[loftr_wrapper.py] image0: torch.Size([1, 1, 400, 400])
[loftr_wrapper.py] net forward
[loftr_wrapper.py] mconf, 0.20757968723773956 0.9891106486320496
[loftr_wrapper.py] pair_ids (333,)
[loftr_wrapper.py] corres: (333, 5)
[loftr_wrapper.py] image0: torch.Size([1, 1, 400, 400])
[loftr_wrapper.py] net forward
[loftr_wrapper.py] mconf, 0.20106640458106995 0.9910835027694702
[loftr_wrapper.py] pair_ids (339,)
[loftr_wrapper.py] corres: (339, 5)
[loftr_wrapper.py] image0: torch.Size([1, 1, 400, 400])
[loftr_wrapper.py] net forward
[loftr_wrapper.py] mconf, 0.20050357282161713 0.998753547668457
[loftr_wrapper.py] pair_ids (396,)
[loftr_wrapper.py] corres: (396, 5)
[loftr_wrapper.py] image0: torch.Size([1, 1, 400, 400])
[loftr_wrapper.py] net forward
[loftr_wrapper.py] mconf, 0.20111162960529327 0.9924734830856323
[loftr_wrapper.py] pair_ids (349,)
[loftr_wrapper.py] corres: (349, 5)
[loftr_wrapper.py] image0: torch.Size([1, 1, 400, 400])
[loftr_wrapper.py] net forward
[loftr_wrapper.py] mconf, 0.20184333622455597 0.9944573640823364
[loftr_wrapper.py] pair_ids (294,)
[loftr_wrapper.py] corres: (294, 5)
[loftr_wrapper.py] image0: torch.Size([1, 1, 400, 400])
[loftr_wrapper.py] net forward
[loftr_wrapper.py] mconf, 0.20196348428726196 0.9955934882164001
[loftr_wrapper.py] pair_ids (270,)
[loftr_wrapper.py] corres: (270, 5)
[loftr_wrapper.py] image0: torch.Size([1, 1, 400, 400])
[loftr_wrapper.py] net forward
[loftr_wrapper.py] mconf, 0.2045782208442688 0.9949433207511902
[loftr_wrapper.py] pair_ids (240,)
[loftr_wrapper.py] corres: (240, 5)
[loftr_wrapper.py] image0: torch.Size([1, 1, 400, 400])
[loftr_wrapper.py] net forward
[loftr_wrapper.py] mconf, 0.20171168446540833 0.9943187832832336
[loftr_wrapper.py] pair_ids (242,)
[loftr_wrapper.py] corres: (242, 5)
[loftr_wrapper.py] image0: torch.Size([1, 1, 400, 400])
[loftr_wrapper.py] net forward
[loftr_wrapper.py] mconf, 0.20197173953056335 0.9704383611679077
[loftr_wrapper.py] pair_ids (239,)
[loftr_wrapper.py] corres: (239, 5)
[loftr_wrapper.py] image0: torch.Size([1, 1, 400, 400])
[loftr_wrapper.py] net forward
[loftr_wrapper.py] mconf, 0.20246390998363495 0.98732590675354
[loftr_wrapper.py] pair_ids (221,)
[loftr_wrapper.py] corres: (221, 5)
[loftr_wrapper.py] image0: torch.Size([1, 1, 400, 400])
[loftr_wrapper.py] net forward
[loftr_wrapper.py] mconf, 0.20309382677078247 0.9748873114585876
[loftr_wrapper.py] pair_ids (224,)
[loftr_wrapper.py] corres: (224, 5)
[loftr_wrapper.py] image0: torch.Size([1, 1, 400, 400])
[loftr_wrapper.py] net forward
[loftr_wrapper.py] mconf, 0.20166929066181183 0.9777706861495972
[loftr_wrapper.py] pair_ids (214,)
[loftr_wrapper.py] corres: (214, 5)
[loftr_wrapper.py] image0: torch.Size([1, 1, 400, 400])
[loftr_wrapper.py] net forward
[loftr_wrapper.py] mconf, 0.2015085369348526 0.9646056294441223
[loftr_wrapper.py] pair_ids (222,)
[loftr_wrapper.py] corres: (222, 5)
[loftr_wrapper.py] image0: torch.Size([1, 1, 400, 400])
[loftr_wrapper.py] net forward
[loftr_wrapper.py] mconf, 0.20240749418735504 0.980002760887146
[loftr_wrapper.py] pair_ids (236,)
[loftr_wrapper.py] corres: (236, 5)
[loftr_wrapper.py] image0: torch.Size([1, 1, 400, 400])
[loftr_wrapper.py] net forward
[loftr_wrapper.py] mconf, 0.20401403307914734 0.9790492057800293
[loftr_wrapper.py] pair_ids (218,)
[loftr_wrapper.py] corres: (218, 5)
[loftr_wrapper.py] image0: torch.Size([1, 1, 400, 400])
[loftr_wrapper.py] net forward
[loftr_wrapper.py] mconf, 0.20204506814479828 0.9883412718772888
[loftr_wrapper.py] pair_ids (217,)
[loftr_wrapper.py] corres: (217, 5)
[loftr_wrapper.py] image0: torch.Size([1, 1, 400, 400])
[loftr_wrapper.py] net forward
[loftr_wrapper.py] mconf, 0.20154154300689697 0.9813070297241211
[loftr_wrapper.py] pair_ids (192,)
[loftr_wrapper.py] corres: (192, 5)
[loftr_wrapper.py] image0: torch.Size([1, 1, 400, 400])
[loftr_wrapper.py] net forward
[loftr_wrapper.py] mconf, 0.20063556730747223 0.9850637912750244
[loftr_wrapper.py] pair_ids (194,)
[loftr_wrapper.py] corres: (194, 5)
[loftr_wrapper.py] image0: torch.Size([1, 1, 400, 400])
[loftr_wrapper.py] net forward
[loftr_wrapper.py] mconf, 0.20107057690620422 0.9813517928123474
[loftr_wrapper.py] pair_ids (178,)
[loftr_wrapper.py] corres: (178, 5)
[loftr_wrapper.py] image0: torch.Size([1, 1, 400, 400])
[loftr_wrapper.py] net forward
[loftr_wrapper.py] mconf, 0.20003579556941986 0.8894415497779846
[loftr_wrapper.py] pair_ids (210,)
[loftr_wrapper.py] corres: (210, 5)
[loftr_wrapper.py] image0: torch.Size([1, 1, 400, 400])
[loftr_wrapper.py] net forward
[loftr_wrapper.py] mconf, 0.20256024599075317 0.8943732976913452
[loftr_wrapper.py] pair_ids (123,)
[loftr_wrapper.py] corres: (123, 5)
  A MD-prior SB11 26/219 2.4s/kf | E-I=5.46 E-L=4.57 E-V2=12.68 E-V5b=26.56 E-V5d=26.85 E-V5x2=10.94 E-VI=10.27 | rot0 3.39
/home/kist/Desktop/BundleSAM3DGS/experiments/vggt_probe/models.py:30: FutureWarning: `torch.cuda.amp.autocast(args...)` is deprecated. Please use `torch.amp.autocast('cuda', args...)` instead.
  with torch.cuda.amp.autocast(dtype=torch.bfloat16):
/home/kist/venvs/vggt_probe/lib/python3.10/site-packages/vggt/models/vggt.py:65: FutureWarning: `torch.cuda.amp.autocast(args...)` is deprecated. Please use `torch.amp.autocast('cuda', args...)` instead.
  with torch.cuda.amp.autocast(enabled=False):
[loftr_wrapper.py] image0: torch.Size([1, 1, 400, 400])
/home/kist/Desktop/BundleSAM3DGS/loftr_wrapper.py:45: FutureWarning: `torch.cuda.amp.autocast(args...)` is deprecated. Please use `torch.amp.autocast('cuda', args...)` instead.
  with torch.cuda.amp.autocast(enabled=True):
[loftr_wrapper.py] net forward
[loftr_wrapper.py] mconf, 0.20060135424137115 0.920350193977356
[loftr_wrapper.py] pair_ids (110,)
[loftr_wrapper.py] corres: (110, 5)
[loftr_wrapper.py] image0: torch.Size([1, 1, 400, 400])
[loftr_wrapper.py] net forward
[loftr_wrapper.py] mconf, 0.20058275759220123 0.9233970642089844
[loftr_wrapper.py] pair_ids (77,)
[loftr_wrapper.py] corres: (77, 5)
[loftr_wrapper.py] image0: torch.Size([1, 1, 400, 400])
[loftr_wrapper.py] net forward
[loftr_wrapper.py] mconf, 0.20345523953437805 0.7375606298446655
[loftr_wrapper.py] pair_ids (79,)
[loftr_wrapper.py] corres: (79, 5)
[loftr_wrapper.py] image0: torch.Size([1, 1, 400, 400])
[loftr_wrapper.py] net forward
[loftr_wrapper.py] mconf, 0.2002250999212265 0.8334294557571411
[loftr_wrapper.py] pair_ids (58,)
[loftr_wrapper.py] corres: (58, 5)
[loftr_wrapper.py] image0: torch.Size([1, 1, 400, 400])
[loftr_wrapper.py] net forward
[loftr_wrapper.py] mconf, 0.2008235603570938 0.6090355515480042
[loftr_wrapper.py] pair_ids (43,)
[loftr_wrapper.py] corres: (43, 5)
[loftr_wrapper.py] image0: torch.Size([1, 1, 400, 400])
[loftr_wrapper.py] net forward
[loftr_wrapper.py] mconf, 0.20043030381202698 0.737533450126648
[loftr_wrapper.py] pair_ids (46,)
[loftr_wrapper.py] corres: (46, 5)
[loftr_wrapper.py] image0: torch.Size([1, 1, 400, 400])
[loftr_wrapper.py] net forward
[loftr_wrapper.py] mconf, 0.2036082148551941 0.7219901084899902
[loftr_wrapper.py] pair_ids (30,)
[loftr_wrapper.py] corres: (30, 5)
[loftr_wrapper.py] image0: torch.Size([1, 1, 400, 400])
[loftr_wrapper.py] net forward
[loftr_wrapper.py] mconf, 0.2008311003446579 0.6445541977882385
[loftr_wrapper.py] pair_ids (38,)
[loftr_wrapper.py] corres: (38, 5)
[loftr_wrapper.py] image0: torch.Size([1, 1, 400, 400])
[loftr_wrapper.py] net forward
[loftr_wrapper.py] mconf, 0.2031887322664261 0.5866187214851379
[loftr_wrapper.py] pair_ids (32,)
[loftr_wrapper.py] corres: (32, 5)
[loftr_wrapper.py] image0: torch.Size([1, 1, 400, 400])
[loftr_wrapper.py] net forward
[loftr_wrapper.py] mconf, 0.20807668566703796 0.6913509368896484
[loftr_wrapper.py] pair_ids (40,)
[loftr_wrapper.py] corres: (40, 5)
[loftr_wrapper.py] image0: torch.Size([1, 1, 400, 400])
[loftr_wrapper.py] net forward
[loftr_wrapper.py] mconf, 0.20080724358558655 0.7739987373352051
[loftr_wrapper.py] pair_ids (45,)
[loftr_wrapper.py] corres: (45, 5)
[loftr_wrapper.py] image0: torch.Size([1, 1, 400, 400])
[loftr_wrapper.py] net forward
[loftr_wrapper.py] mconf, 0.20528720319271088 0.5099741220474243
[loftr_wrapper.py] pair_ids (30,)
[loftr_wrapper.py] corres: (30, 5)
[loftr_wrapper.py] image0: torch.Size([1, 1, 400, 400])
[loftr_wrapper.py] net forward
[loftr_wrapper.py] mconf, 0.20321235060691833 0.4914354681968689
[loftr_wrapper.py] pair_ids (32,)
[loftr_wrapper.py] corres: (32, 5)
[loftr_wrapper.py] image0: torch.Size([1, 1, 400, 400])
[loftr_wrapper.py] net forward
[loftr_wrapper.py] mconf, 0.2047702968120575 0.642034649848938
[loftr_wrapper.py] pair_ids (35,)
[loftr_wrapper.py] corres: (35, 5)
[loftr_wrapper.py] image0: torch.Size([1, 1, 400, 400])
[loftr_wrapper.py] net forward
[loftr_wrapper.py] mconf, 0.20190924406051636 0.5282172560691833
[loftr_wrapper.py] pair_ids (23,)
[loftr_wrapper.py] corres: (23, 5)
[loftr_wrapper.py] image0: torch.Size([1, 1, 400, 400])
[loftr_wrapper.py] net forward
[loftr_wrapper.py] mconf, 0.2096092402935028 0.581455647945404
[loftr_wrapper.py] pair_ids (36,)
[loftr_wrapper.py] corres: (36, 5)
[loftr_wrapper.py] image0: torch.Size([1, 1, 400, 400])
[loftr_wrapper.py] net forward
[loftr_wrapper.py] mconf, 0.20200394093990326 0.5532602667808533
[loftr_wrapper.py] pair_ids (31,)
[loftr_wrapper.py] corres: (31, 5)
[loftr_wrapper.py] image0: torch.Size([1, 1, 400, 400])
[loftr_wrapper.py] net forward
[loftr_wrapper.py] mconf, 0.2012781947851181 0.6325842142105103
[loftr_wrapper.py] pair_ids (35,)
[loftr_wrapper.py] corres: (35, 5)
[loftr_wrapper.py] image0: torch.Size([1, 1, 400, 400])
[loftr_wrapper.py] net forward
[loftr_wrapper.py] mconf, 0.20024330914020538 0.7585111260414124
[loftr_wrapper.py] pair_ids (36,)
[loftr_wrapper.py] corres: (36, 5)
[loftr_wrapper.py] image0: torch.Size([1, 1, 400, 400])
[loftr_wrapper.py] net forward
[loftr_wrapper.py] mconf, 0.20581012964248657 0.8165225982666016
[loftr_wrapper.py] pair_ids (44,)
[loftr_wrapper.py] corres: (44, 5)
[loftr_wrapper.py] image0: torch.Size([1, 1, 400, 400])
[loftr_wrapper.py] net forward
[loftr_wrapper.py] mconf, 0.2002824991941452 0.7220450043678284
[loftr_wrapper.py] pair_ids (43,)
[loftr_wrapper.py] corres: (43, 5)
[loftr_wrapper.py] image0: torch.Size([1, 1, 400, 400])
[loftr_wrapper.py] net forward
[loftr_wrapper.py] mconf, 0.2018691897392273 0.8723738789558411
[loftr_wrapper.py] pair_ids (44,)
[loftr_wrapper.py] corres: (44, 5)
[loftr_wrapper.py] image0: torch.Size([1, 1, 400, 400])
[loftr_wrapper.py] net forward
[loftr_wrapper.py] mconf, 0.2011098712682724 0.6875344514846802
[loftr_wrapper.py] pair_ids (48,)
[loftr_wrapper.py] corres: (48, 5)
[loftr_wrapper.py] image0: torch.Size([1, 1, 400, 400])
[loftr_wrapper.py] net forward
[loftr_wrapper.py] mconf, 0.2058844268321991 0.8915395736694336
[loftr_wrapper.py] pair_ids (45,)
[loftr_wrapper.py] corres: (45, 5)
[loftr_wrapper.py] image0: torch.Size([1, 1, 400, 400])
[loftr_wrapper.py] net forward
[loftr_wrapper.py] mconf, 0.20355622470378876 0.8689245581626892
[loftr_wrapper.py] pair_ids (64,)
[loftr_wrapper.py] corres: (64, 5)
  A MD-prior SB11 51/219 2.4s/kf | E-I=4.78 E-L=7.01 E-V2=137.78 E-V5b=150.91 E-V5d=151.11 E-V5x2=95.94 E-VI=95.94 | rot0 6.55
/home/kist/Desktop/BundleSAM3DGS/experiments/vggt_probe/models.py:30: FutureWarning: `torch.cuda.amp.autocast(args...)` is deprecated. Please use `torch.amp.autocast('cuda', args...)` instead.
  with torch.cuda.amp.autocast(dtype=torch.bfloat16):
/home/kist/venvs/vggt_probe/lib/python3.10/site-packages/vggt/models/vggt.py:65: FutureWarning: `torch.cuda.amp.autocast(args...)` is deprecated. Please use `torch.amp.autocast('cuda', args...)` instead.
  with torch.cuda.amp.autocast(enabled=False):
[loftr_wrapper.py] image0: torch.Size([1, 1, 400, 400])
/home/kist/Desktop/BundleSAM3DGS/loftr_wrapper.py:45: FutureWarning: `torch.cuda.amp.autocast(args...)` is deprecated. Please use `torch.amp.autocast('cuda', args...)` instead.
  with torch.cuda.amp.autocast(enabled=True):
[loftr_wrapper.py] net forward
[loftr_wrapper.py] mconf, 0.2023938149213791 0.8021026253700256
[loftr_wrapper.py] pair_ids (69,)
[loftr_wrapper.py] corres: (69, 5)
[loftr_wrapper.py] image0: torch.Size([1, 1, 400, 400])
[loftr_wrapper.py] net forward
[loftr_wrapper.py] mconf, 0.2049189805984497 0.9691724181175232
[loftr_wrapper.py] pair_ids (134,)
[loftr_wrapper.py] corres: (134, 5)
[loftr_wrapper.py] image0: torch.Size([1, 1, 400, 400])
[loftr_wrapper.py] net forward
[loftr_wrapper.py] mconf, 0.20031188428401947 0.9904065132141113
[loftr_wrapper.py] pair_ids (161,)
[loftr_wrapper.py] corres: (161, 5)
[loftr_wrapper.py] image0: torch.Size([1, 1, 400, 400])
[loftr_wrapper.py] net forward
[loftr_wrapper.py] mconf, 0.20733962953090668 0.993608295917511
[loftr_wrapper.py] pair_ids (178,)
[loftr_wrapper.py] corres: (178, 5)
[loftr_wrapper.py] image0: torch.Size([1, 1, 400, 400])
[loftr_wrapper.py] net forward
[loftr_wrapper.py] mconf, 0.2014961987733841 0.9976414442062378
[loftr_wrapper.py] pair_ids (214,)
[loftr_wrapper.py] corres: (214, 5)
[loftr_wrapper.py] image0: torch.Size([1, 1, 400, 400])
[loftr_wrapper.py] net forward
[loftr_wrapper.py] mconf, 0.2000538557767868 0.9956538677215576
[loftr_wrapper.py] pair_ids (301,)
[loftr_wrapper.py] corres: (301, 5)
[loftr_wrapper.py] image0: torch.Size([1, 1, 400, 400])
[loftr_wrapper.py] net forward
[loftr_wrapper.py] mconf, 0.20011699199676514 0.9892024397850037
[loftr_wrapper.py] pair_ids (372,)
[loftr_wrapper.py] corres: (372, 5)
[loftr_wrapper.py] image0: torch.Size([1, 1, 400, 400])
[loftr_wrapper.py] net forward
[loftr_wrapper.py] mconf, 0.20109157264232635 0.9854852557182312
[loftr_wrapper.py] pair_ids (329,)
[loftr_wrapper.py] corres: (329, 5)
[loftr_wrapper.py] image0: torch.Size([1, 1, 400, 400])
[loftr_wrapper.py] net forward
[loftr_wrapper.py] mconf, 0.20042484998703003 0.9895222783088684
[loftr_wrapper.py] pair_ids (317,)
[loftr_wrapper.py] corres: (317, 5)
[loftr_wrapper.py] image0: torch.Size([1, 1, 400, 400])
[loftr_wrapper.py] net forward
[loftr_wrapper.py] mconf, 0.20230695605278015 0.9945483803749084
[loftr_wrapper.py] pair_ids (284,)
[loftr_wrapper.py] corres: (284, 5)
[loftr_wrapper.py] image0: torch.Size([1, 1, 400, 400])
[loftr_wrapper.py] net forward
[loftr_wrapper.py] mconf, 0.20074130594730377 0.9861704707145691
[loftr_wrapper.py] pair_ids (249,)
[loftr_wrapper.py] corres: (249, 5)
[loftr_wrapper.py] image0: torch.Size([1, 1, 400, 400])
[loftr_wrapper.py] net forward
[loftr_wrapper.py] mconf, 0.20011873543262482 0.9940489530563354
[loftr_wrapper.py] pair_ids (308,)
[loftr_wrapper.py] corres: (308, 5)
[loftr_wrapper.py] image0: torch.Size([1, 1, 400, 400])
[loftr_wrapper.py] net forward
[loftr_wrapper.py] mconf, 0.200744166970253 0.997882068157196
[loftr_wrapper.py] pair_ids (297,)
[loftr_wrapper.py] corres: (297, 5)
[loftr_wrapper.py] image0: torch.Size([1, 1, 400, 400])
[loftr_wrapper.py] net forward
[loftr_wrapper.py] mconf, 0.20006582140922546 0.9942551851272583
[loftr_wrapper.py] pair_ids (263,)
[loftr_wrapper.py] corres: (263, 5)
[loftr_wrapper.py] image0: torch.Size([1, 1, 400, 400])
[loftr_wrapper.py] net forward
[loftr_wrapper.py] mconf, 0.2013496607542038 0.9977934956550598
[loftr_wrapper.py] pair_ids (252,)
[loftr_wrapper.py] corres: (252, 5)
[loftr_wrapper.py] image0: torch.Size([1, 1, 400, 400])
[loftr_wrapper.py] net forward
[loftr_wrapper.py] mconf, 0.2013900727033615 0.9619014859199524
[loftr_wrapper.py] pair_ids (206,)
[loftr_wrapper.py] corres: (206, 5)
[loftr_wrapper.py] image0: torch.Size([1, 1, 400, 400])
[loftr_wrapper.py] net forward
[loftr_wrapper.py] mconf, 0.20109394192695618 0.9655600786209106
[loftr_wrapper.py] pair_ids (117,)
[loftr_wrapper.py] corres: (117, 5)
[loftr_wrapper.py] image0: torch.Size([1, 1, 400, 400])
[loftr_wrapper.py] net forward
[loftr_wrapper.py] mconf, 0.20289315283298492 0.9771142601966858
[loftr_wrapper.py] pair_ids (117,)
[loftr_wrapper.py] corres: (117, 5)
[loftr_wrapper.py] image0: torch.Size([1, 1, 400, 400])
[loftr_wrapper.py] net forward
[loftr_wrapper.py] mconf, 0.20116208493709564 0.9348502159118652
[loftr_wrapper.py] pair_ids (77,)
[loftr_wrapper.py] corres: (77, 5)
[loftr_wrapper.py] image0: torch.Size([1, 1, 400, 400])
[loftr_wrapper.py] net forward
[loftr_wrapper.py] mconf, 0.2005910873413086 0.7774844169616699
[loftr_wrapper.py] pair_ids (77,)
[loftr_wrapper.py] corres: (77, 5)
[loftr_wrapper.py] image0: torch.Size([1, 1, 400, 400])
[loftr_wrapper.py] net forward
[loftr_wrapper.py] mconf, 0.2002742886543274 0.8359137177467346
[loftr_wrapper.py] pair_ids (66,)
[loftr_wrapper.py] corres: (66, 5)
[loftr_wrapper.py] image0: torch.Size([1, 1, 400, 400])
[loftr_wrapper.py] net forward
[loftr_wrapper.py] mconf, 0.20576177537441254 0.745317280292511
[loftr_wrapper.py] pair_ids (73,)
[loftr_wrapper.py] corres: (73, 5)
[loftr_wrapper.py] image0: torch.Size([1, 1, 400, 400])
[loftr_wrapper.py] net forward
[loftr_wrapper.py] mconf, 0.2007257342338562 0.8215904235839844
[loftr_wrapper.py] pair_ids (49,)
[loftr_wrapper.py] corres: (49, 5)
[loftr_wrapper.py] image0: torch.Size([1, 1, 400, 400])
[loftr_wrapper.py] net forward
[loftr_wrapper.py] mconf, 0.2021818906068802 0.6355440616607666
[loftr_wrapper.py] pair_ids (54,)
[loftr_wrapper.py] corres: (54, 5)
[loftr_wrapper.py] image0: torch.Size([1, 1, 400, 400])
[loftr_wrapper.py] net forward
[loftr_wrapper.py] mconf, 0.2074449062347412 0.7748392224311829
[loftr_wrapper.py] pair_ids (53,)
[loftr_wrapper.py] corres: (53, 5)
  A MD-prior SB11 76/219 1.4s/kf | E-I=1.63 E-L=3.36 E-V2=58.01 E-V5b=83.25 E-V5d=82.93 E-V5x2=18.63 E-VI=18.63 | rot0 1.57
/home/kist/Desktop/BundleSAM3DGS/experiments/vggt_probe/models.py:30: FutureWarning: `torch.cuda.amp.autocast(args...)` is deprecated. Please use `torch.amp.autocast('cuda', args...)` instead.
  with torch.cuda.amp.autocast(dtype=torch.bfloat16):
/home/kist/venvs/vggt_probe/lib/python3.10/site-packages/vggt/models/vggt.py:65: FutureWarning: `torch.cuda.amp.autocast(args...)` is deprecated. Please use `torch.amp.autocast('cuda', args...)` instead.
  with torch.cuda.amp.autocast(enabled=False):
[loftr_wrapper.py] image0: torch.Size([1, 1, 400, 400])
/home/kist/Desktop/BundleSAM3DGS/loftr_wrapper.py:45: FutureWarning: `torch.cuda.amp.autocast(args...)` is deprecated. Please use `torch.amp.autocast('cuda', args...)` instead.
  with torch.cuda.amp.autocast(enabled=True):
[loftr_wrapper.py] net forward
[loftr_wrapper.py] mconf, 0.20053234696388245 0.9326432347297668
[loftr_wrapper.py] pair_ids (57,)
[loftr_wrapper.py] corres: (57, 5)
[loftr_wrapper.py] image0: torch.Size([1, 1, 400, 400])
[loftr_wrapper.py] net forward
[loftr_wrapper.py] mconf, 0.20019188523292542 0.9497601389884949
[loftr_wrapper.py] pair_ids (90,)
[loftr_wrapper.py] corres: (90, 5)
[loftr_wrapper.py] image0: torch.Size([1, 1, 400, 400])
[loftr_wrapper.py] net forward
[loftr_wrapper.py] mconf, 0.20325782895088196 0.8970004320144653
[loftr_wrapper.py] pair_ids (99,)
[loftr_wrapper.py] corres: (99, 5)
[loftr_wrapper.py] image0: torch.Size([1, 1, 400, 400])
[loftr_wrapper.py] net forward
[loftr_wrapper.py] mconf, 0.2035159170627594 0.9011811017990112
[loftr_wrapper.py] pair_ids (82,)
[loftr_wrapper.py] corres: (82, 5)
[loftr_wrapper.py] image0: torch.Size([1, 1, 400, 400])
[loftr_wrapper.py] net forward
[loftr_wrapper.py] mconf, 0.20083536207675934 0.7926908135414124
[loftr_wrapper.py] pair_ids (64,)
[loftr_wrapper.py] corres: (64, 5)
[loftr_wrapper.py] image0: torch.Size([1, 1, 400, 400])
[loftr_wrapper.py] net forward
[loftr_wrapper.py] mconf, 0.2006407529115677 0.8677133917808533
[loftr_wrapper.py] pair_ids (70,)
[loftr_wrapper.py] corres: (70, 5)
[loftr_wrapper.py] image0: torch.Size([1, 1, 400, 400])
[loftr_wrapper.py] net forward
[loftr_wrapper.py] mconf, 0.2072087526321411 0.7736143469810486
[loftr_wrapper.py] pair_ids (52,)
[loftr_wrapper.py] corres: (52, 5)
[loftr_wrapper.py] image0: torch.Size([1, 1, 400, 400])
[loftr_wrapper.py] net forward
[loftr_wrapper.py] mconf, 0.20104801654815674 0.7603228092193604
[loftr_wrapper.py] pair_ids (57,)
[loftr_wrapper.py] corres: (57, 5)
[loftr_wrapper.py] image0: torch.Size([1, 1, 400, 400])
[loftr_wrapper.py] net forward
[loftr_wrapper.py] mconf, 0.2007666975259781 0.9409315586090088
[loftr_wrapper.py] pair_ids (48,)
[loftr_wrapper.py] corres: (48, 5)
[loftr_wrapper.py] image0: torch.Size([1, 1, 400, 400])
[loftr_wrapper.py] net forward
[loftr_wrapper.py] mconf, 0.20762304961681366 0.8369786143302917
[loftr_wrapper.py] pair_ids (51,)
[loftr_wrapper.py] corres: (51, 5)
[loftr_wrapper.py] image0: torch.Size([1, 1, 400, 400])
[loftr_wrapper.py] net forward
[loftr_wrapper.py] mconf, 0.20154382288455963 0.723884105682373
[loftr_wrapper.py] pair_ids (38,)
[loftr_wrapper.py] corres: (38, 5)
[loftr_wrapper.py] image0: torch.Size([1, 1, 400, 400])
[loftr_wrapper.py] net forward
[loftr_wrapper.py] mconf, 0.2015332132577896 0.8635368347167969
[loftr_wrapper.py] pair_ids (38,)
[loftr_wrapper.py] corres: (38, 5)
[loftr_wrapper.py] image0: torch.Size([1, 1, 400, 400])
[loftr_wrapper.py] net forward
[loftr_wrapper.py] mconf, 0.20007047057151794 0.653635561466217
[loftr_wrapper.py] pair_ids (40,)
[loftr_wrapper.py] corres: (40, 5)
[loftr_wrapper.py] image0: torch.Size([1, 1, 400, 400])
[loftr_wrapper.py] net forward
[loftr_wrapper.py] mconf, 0.20261338353157043 0.7046130299568176
[loftr_wrapper.py] pair_ids (46,)
[loftr_wrapper.py] corres: (46, 5)
[loftr_wrapper.py] image0: torch.Size([1, 1, 400, 400])
[loftr_wrapper.py] net forward
[loftr_wrapper.py] mconf, 0.20066511631011963 0.7890216708183289
[loftr_wrapper.py] pair_ids (55,)
[loftr_wrapper.py] corres: (55, 5)
[loftr_wrapper.py] image0: torch.Size([1, 1, 400, 400])
[loftr_wrapper.py] net forward
[loftr_wrapper.py] mconf, 0.20053276419639587 0.55698162317276
[loftr_wrapper.py] pair_ids (54,)
[loftr_wrapper.py] corres: (54, 5)
[loftr_wrapper.py] image0: torch.Size([1, 1, 400, 400])
[loftr_wrapper.py] net forward
[loftr_wrapper.py] mconf, 0.20182445645332336 0.5822919011116028
[loftr_wrapper.py] pair_ids (57,)
[loftr_wrapper.py] corres: (57, 5)
[loftr_wrapper.py] image0: torch.Size([1, 1, 400, 400])
[loftr_wrapper.py] net forward
[loftr_wrapper.py] mconf, 0.20081375539302826 0.8910568356513977
[loftr_wrapper.py] pair_ids (71,)
[loftr_wrapper.py] corres: (71, 5)
[loftr_wrapper.py] image0: torch.Size([1, 1, 400, 400])
[loftr_wrapper.py] net forward
[loftr_wrapper.py] mconf, 0.2008601576089859 0.6267516016960144
[loftr_wrapper.py] pair_ids (44,)
[loftr_wrapper.py] corres: (44, 5)
[loftr_wrapper.py] image0: torch.Size([1, 1, 400, 400])
[loftr_wrapper.py] net forward
[loftr_wrapper.py] mconf, 0.20493093132972717 0.8330617547035217
[loftr_wrapper.py] pair_ids (59,)
[loftr_wrapper.py] corres: (59, 5)
[loftr_wrapper.py] image0: torch.Size([1, 1, 400, 400])
[loftr_wrapper.py] net forward
[loftr_wrapper.py] mconf, 0.20248718559741974 0.7095738053321838
[loftr_wrapper.py] pair_ids (43,)
[loftr_wrapper.py] corres: (43, 5)
[loftr_wrapper.py] image0: torch.Size([1, 1, 400, 400])
[loftr_wrapper.py] net forward
[loftr_wrapper.py] mconf, 0.20183148980140686 0.6932694315910339
[loftr_wrapper.py] pair_ids (46,)
[loftr_wrapper.py] corres: (46, 5)
[loftr_wrapper.py] image0: torch.Size([1, 1, 400, 400])
[loftr_wrapper.py] net forward
[loftr_wrapper.py] mconf, 0.2025616317987442 0.8853510022163391
[loftr_wrapper.py] pair_ids (48,)
[loftr_wrapper.py] corres: (48, 5)
[loftr_wrapper.py] image0: torch.Size([1, 1, 400, 400])
[loftr_wrapper.py] net forward
[loftr_wrapper.py] mconf, 0.20241916179656982 0.6731413006782532
[loftr_wrapper.py] pair_ids (47,)
[loftr_wrapper.py] corres: (47, 5)
[loftr_wrapper.py] image0: torch.Size([1, 1, 400, 400])
[loftr_wrapper.py] net forward
[loftr_wrapper.py] mconf, 0.2007884979248047 0.6679080724716187
[loftr_wrapper.py] pair_ids (44,)
[loftr_wrapper.py] corres: (44, 5)
  A MD-prior SB11 101/219 2.3s/kf | E-I=4.87 E-L=15.67 E-V2=115.10 E-V5b=119.41 E-V5d=119.36 E-V5x2=58.02 E-VI=58.02 | rot0 21.53
/home/kist/Desktop/BundleSAM3DGS/experiments/vggt_probe/models.py:30: FutureWarning: `torch.cuda.amp.autocast(args...)` is deprecated. Please use `torch.amp.autocast('cuda', args...)` instead.
  with torch.cuda.amp.autocast(dtype=torch.bfloat16):
/home/kist/venvs/vggt_probe/lib/python3.10/site-packages/vggt/models/vggt.py:65: FutureWarning: `torch.cuda.amp.autocast(args...)` is deprecated. Please use `torch.amp.autocast('cuda', args...)` instead.
  with torch.cuda.amp.autocast(enabled=False):
[loftr_wrapper.py] image0: torch.Size([1, 1, 400, 400])
/home/kist/Desktop/BundleSAM3DGS/loftr_wrapper.py:45: FutureWarning: `torch.cuda.amp.autocast(args...)` is deprecated. Please use `torch.amp.autocast('cuda', args...)` instead.
  with torch.cuda.amp.autocast(enabled=True):
[loftr_wrapper.py] net forward
[loftr_wrapper.py] mconf, 0.20359157025814056 0.8188989758491516
[loftr_wrapper.py] pair_ids (44,)
[loftr_wrapper.py] corres: (44, 5)
[loftr_wrapper.py] image0: torch.Size([1, 1, 400, 400])
[loftr_wrapper.py] net forward
[loftr_wrapper.py] mconf, 0.20196066796779633 0.7598826289176941
[loftr_wrapper.py] pair_ids (66,)
[loftr_wrapper.py] corres: (66, 5)
[loftr_wrapper.py] image0: torch.Size([1, 1, 400, 400])
[loftr_wrapper.py] net forward
[loftr_wrapper.py] mconf, 0.20000119507312775 0.6680282354354858
[loftr_wrapper.py] pair_ids (76,)
[loftr_wrapper.py] corres: (76, 5)
[loftr_wrapper.py] image0: torch.Size([1, 1, 400, 400])
[loftr_wrapper.py] net forward
[loftr_wrapper.py] mconf, 0.200158953666687 0.8577265739440918
[loftr_wrapper.py] pair_ids (72,)
[loftr_wrapper.py] corres: (72, 5)
[loftr_wrapper.py] image0: torch.Size([1, 1, 400, 400])
[loftr_wrapper.py] net forward
[loftr_wrapper.py] mconf, 0.2044259011745453 0.8088757991790771
[loftr_wrapper.py] pair_ids (93,)
[loftr_wrapper.py] corres: (93, 5)
[loftr_wrapper.py] image0: torch.Size([1, 1, 400, 400])
[loftr_wrapper.py] net forward
[loftr_wrapper.py] mconf, 0.20338821411132812 0.8271993398666382
[loftr_wrapper.py] pair_ids (97,)
[loftr_wrapper.py] corres: (97, 5)
[loftr_wrapper.py] image0: torch.Size([1, 1, 400, 400])
[loftr_wrapper.py] net forward
[loftr_wrapper.py] mconf, 0.20295803248882294 0.7829198241233826
[loftr_wrapper.py] pair_ids (94,)
[loftr_wrapper.py] corres: (94, 5)
[loftr_wrapper.py] image0: torch.Size([1, 1, 400, 400])
[loftr_wrapper.py] net forward
[loftr_wrapper.py] mconf, 0.20196686685085297 0.7531998753547668
[loftr_wrapper.py] pair_ids (92,)
[loftr_wrapper.py] corres: (92, 5)
[loftr_wrapper.py] image0: torch.Size([1, 1, 400, 400])
[loftr_wrapper.py] net forward
[loftr_wrapper.py] mconf, 0.20110735297203064 0.8356547951698303
[loftr_wrapper.py] pair_ids (63,)
[loftr_wrapper.py] corres: (63, 5)
[loftr_wrapper.py] image0: torch.Size([1, 1, 400, 400])
[loftr_wrapper.py] net forward
[loftr_wrapper.py] mconf, 0.20274218916893005 0.720014750957489
[loftr_wrapper.py] pair_ids (77,)
[loftr_wrapper.py] corres: (77, 5)
[loftr_wrapper.py] image0: torch.Size([1, 1, 400, 400])
[loftr_wrapper.py] net forward
[loftr_wrapper.py] mconf, 0.2018839418888092 0.654677152633667
[loftr_wrapper.py] pair_ids (66,)
[loftr_wrapper.py] corres: (66, 5)
[loftr_wrapper.py] image0: torch.Size([1, 1, 400, 400])
[loftr_wrapper.py] net forward
[loftr_wrapper.py] mconf, 0.20077331364154816 0.5851889252662659
[loftr_wrapper.py] pair_ids (72,)
[loftr_wrapper.py] corres: (72, 5)
[loftr_wrapper.py] image0: torch.Size([1, 1, 400, 400])
[loftr_wrapper.py] net forward
[loftr_wrapper.py] mconf, 0.2002526968717575 0.6989319920539856
[loftr_wrapper.py] pair_ids (67,)
[loftr_wrapper.py] corres: (67, 5)
[loftr_wrapper.py] image0: torch.Size([1, 1, 400, 400])
[loftr_wrapper.py] net forward
[loftr_wrapper.py] mconf, 0.20087119936943054 0.556469202041626
[loftr_wrapper.py] pair_ids (65,)
[loftr_wrapper.py] corres: (65, 5)
[loftr_wrapper.py] image0: torch.Size([1, 1, 400, 400])
[loftr_wrapper.py] net forward
[loftr_wrapper.py] mconf, 0.2022077888250351 0.6206929683685303
[loftr_wrapper.py] pair_ids (70,)
[loftr_wrapper.py] corres: (70, 5)
[loftr_wrapper.py] image0: torch.Size([1, 1, 400, 400])
[loftr_wrapper.py] net forward
[loftr_wrapper.py] mconf, 0.20088064670562744 0.7571145296096802
[loftr_wrapper.py] pair_ids (83,)
[loftr_wrapper.py] corres: (83, 5)
[loftr_wrapper.py] image0: torch.Size([1, 1, 400, 400])
[loftr_wrapper.py] net forward
[loftr_wrapper.py] mconf, 0.20091986656188965 0.7600128054618835
[loftr_wrapper.py] pair_ids (81,)
[loftr_wrapper.py] corres: (81, 5)
[loftr_wrapper.py] image0: torch.Size([1, 1, 400, 400])
[loftr_wrapper.py] net forward
[loftr_wrapper.py] mconf, 0.21002542972564697 0.8922500610351562
[loftr_wrapper.py] pair_ids (79,)
[loftr_wrapper.py] corres: (79, 5)
[loftr_wrapper.py] image0: torch.Size([1, 1, 400, 400])
[loftr_wrapper.py] net forward
[loftr_wrapper.py] mconf, 0.204848051071167 0.9288302063941956
[loftr_wrapper.py] pair_ids (99,)
[loftr_wrapper.py] corres: (99, 5)
[loftr_wrapper.py] image0: torch.Size([1, 1, 400, 400])
[loftr_wrapper.py] net forward
[loftr_wrapper.py] mconf, 0.20214492082595825 0.8682478666305542
[loftr_wrapper.py] pair_ids (69,)
[loftr_wrapper.py] corres: (69, 5)
[loftr_wrapper.py] image0: torch.Size([1, 1, 400, 400])
[loftr_wrapper.py] net forward
[loftr_wrapper.py] mconf, 0.20108793675899506 0.6648468971252441
[loftr_wrapper.py] pair_ids (41,)
[loftr_wrapper.py] corres: (41, 5)
[loftr_wrapper.py] image0: torch.Size([1, 1, 400, 400])
[loftr_wrapper.py] net forward
[loftr_wrapper.py] mconf, 0.20006424188613892 0.5904115438461304
[loftr_wrapper.py] pair_ids (41,)
[loftr_wrapper.py] corres: (41, 5)
[loftr_wrapper.py] image0: torch.Size([1, 1, 400, 400])
[loftr_wrapper.py] net forward
[loftr_wrapper.py] mconf, 0.20779049396514893 0.6303079724311829
[loftr_wrapper.py] pair_ids (42,)
[loftr_wrapper.py] corres: (42, 5)
[loftr_wrapper.py] image0: torch.Size([1, 1, 400, 400])
[loftr_wrapper.py] net forward
[loftr_wrapper.py] mconf, 0.20019717514514923 0.5102927684783936
[loftr_wrapper.py] pair_ids (49,)
[loftr_wrapper.py] corres: (49, 5)
[loftr_wrapper.py] image0: torch.Size([1, 1, 400, 400])
[loftr_wrapper.py] net forward
[loftr_wrapper.py] mconf, 0.20063647627830505 0.7633465528488159
[loftr_wrapper.py] pair_ids (45,)
[loftr_wrapper.py] corres: (45, 5)
  A MD-prior SB11 126/219 2.4s/kf | E-I=5.89 E-L=7.09 E-V2=68.33 E-V5b=119.71 E-V5d=119.64 E-V5x2=24.48 E-VI=24.48 | rot0 6.84
/home/kist/Desktop/BundleSAM3DGS/experiments/vggt_probe/models.py:30: FutureWarning: `torch.cuda.amp.autocast(args...)` is deprecated. Please use `torch.amp.autocast('cuda', args...)` instead.
  with torch.cuda.amp.autocast(dtype=torch.bfloat16):
/home/kist/venvs/vggt_probe/lib/python3.10/site-packages/vggt/models/vggt.py:65: FutureWarning: `torch.cuda.amp.autocast(args...)` is deprecated. Please use `torch.amp.autocast('cuda', args...)` instead.
  with torch.cuda.amp.autocast(enabled=False):
[loftr_wrapper.py] image0: torch.Size([1, 1, 400, 400])
/home/kist/Desktop/BundleSAM3DGS/loftr_wrapper.py:45: FutureWarning: `torch.cuda.amp.autocast(args...)` is deprecated. Please use `torch.amp.autocast('cuda', args...)` instead.
  with torch.cuda.amp.autocast(enabled=True):
[loftr_wrapper.py] net forward
[loftr_wrapper.py] mconf, 0.20712918043136597 0.5193266868591309
[loftr_wrapper.py] pair_ids (35,)
[loftr_wrapper.py] corres: (35, 5)
[loftr_wrapper.py] image0: torch.Size([1, 1, 400, 400])
[loftr_wrapper.py] net forward
[loftr_wrapper.py] mconf, 0.20492835342884064 0.7438421249389648
[loftr_wrapper.py] pair_ids (36,)
[loftr_wrapper.py] corres: (36, 5)
[loftr_wrapper.py] image0: torch.Size([1, 1, 400, 400])
[loftr_wrapper.py] net forward
[loftr_wrapper.py] mconf, 0.20269645750522614 0.6368720531463623
[loftr_wrapper.py] pair_ids (50,)
[loftr_wrapper.py] corres: (50, 5)
[loftr_wrapper.py] image0: torch.Size([1, 1, 400, 400])
[loftr_wrapper.py] net forward
[loftr_wrapper.py] mconf, 0.20073753595352173 0.7125040292739868
[loftr_wrapper.py] pair_ids (33,)
[loftr_wrapper.py] corres: (33, 5)
[loftr_wrapper.py] image0: torch.Size([1, 1, 400, 400])
[loftr_wrapper.py] net forward
[loftr_wrapper.py] mconf, 0.2079191654920578 0.6750482320785522
[loftr_wrapper.py] pair_ids (37,)
[loftr_wrapper.py] corres: (37, 5)
[loftr_wrapper.py] image0: torch.Size([1, 1, 400, 400])
[loftr_wrapper.py] net forward
[loftr_wrapper.py] mconf, 0.20267026126384735 0.7587231993675232
[loftr_wrapper.py] pair_ids (45,)
[loftr_wrapper.py] corres: (45, 5)
[loftr_wrapper.py] image0: torch.Size([1, 1, 400, 400])
[loftr_wrapper.py] net forward
[loftr_wrapper.py] mconf, 0.20130877196788788 0.6965829730033875
[loftr_wrapper.py] pair_ids (34,)
[loftr_wrapper.py] corres: (34, 5)
[loftr_wrapper.py] image0: torch.Size([1, 1, 400, 400])
[loftr_wrapper.py] net forward
[loftr_wrapper.py] mconf, 0.2011346071958542 0.8164931535720825
[loftr_wrapper.py] pair_ids (52,)
[loftr_wrapper.py] corres: (52, 5)
[loftr_wrapper.py] image0: torch.Size([1, 1, 400, 400])
[loftr_wrapper.py] net forward
[loftr_wrapper.py] mconf, 0.2071659415960312 0.6511484980583191
[loftr_wrapper.py] pair_ids (38,)
[loftr_wrapper.py] corres: (38, 5)
[loftr_wrapper.py] image0: torch.Size([1, 1, 400, 400])
[loftr_wrapper.py] net forward
[loftr_wrapper.py] mconf, 0.20320262014865875 0.5507902503013611
[loftr_wrapper.py] pair_ids (39,)
[loftr_wrapper.py] corres: (39, 5)
[loftr_wrapper.py] image0: torch.Size([1, 1, 400, 400])
[loftr_wrapper.py] net forward
[loftr_wrapper.py] mconf, 0.2015814185142517 0.7169328927993774
[loftr_wrapper.py] pair_ids (35,)
[loftr_wrapper.py] corres: (35, 5)
[loftr_wrapper.py] image0: torch.Size([1, 1, 400, 400])
[loftr_wrapper.py] net forward
[loftr_wrapper.py] mconf, 0.2015713006258011 0.6903320550918579
[loftr_wrapper.py] pair_ids (24,)
[loftr_wrapper.py] corres: (24, 5)
[loftr_wrapper.py] image0: torch.Size([1, 1, 400, 400])
[loftr_wrapper.py] net forward
[loftr_wrapper.py] mconf, 0.20018219947814941 0.5937494039535522
[loftr_wrapper.py] pair_ids (21,)
[loftr_wrapper.py] corres: (21, 5)
[loftr_wrapper.py] image0: torch.Size([1, 1, 400, 400])
[loftr_wrapper.py] net forward
[loftr_wrapper.py] mconf, 0.20052586495876312 0.5810478329658508
[loftr_wrapper.py] pair_ids (35,)
[loftr_wrapper.py] corres: (35, 5)
[loftr_wrapper.py] image0: torch.Size([1, 1, 400, 400])
[loftr_wrapper.py] net forward
[loftr_wrapper.py] mconf, 0.2008284479379654 0.5311087369918823
[loftr_wrapper.py] pair_ids (27,)
[loftr_wrapper.py] corres: (27, 5)
[loftr_wrapper.py] image0: torch.Size([1, 1, 400, 400])
[loftr_wrapper.py] net forward
[loftr_wrapper.py] mconf, 0.20245711505413055 0.670070469379425
[loftr_wrapper.py] pair_ids (37,)
[loftr_wrapper.py] corres: (37, 5)
[loftr_wrapper.py] image0: torch.Size([1, 1, 400, 400])
[loftr_wrapper.py] net forward
[loftr_wrapper.py] mconf, 0.2000177800655365 0.5612452030181885
[loftr_wrapper.py] pair_ids (36,)
[loftr_wrapper.py] corres: (36, 5)
[loftr_wrapper.py] image0: torch.Size([1, 1, 400, 400])
[loftr_wrapper.py] net forward
[loftr_wrapper.py] mconf, 0.20305654406547546 0.8440548181533813
[loftr_wrapper.py] pair_ids (42,)
[loftr_wrapper.py] corres: (42, 5)
[loftr_wrapper.py] image0: torch.Size([1, 1, 400, 400])
[loftr_wrapper.py] net forward
[loftr_wrapper.py] mconf, 0.2000834345817566 0.7139095067977905
[loftr_wrapper.py] pair_ids (60,)
[loftr_wrapper.py] corres: (60, 5)
[loftr_wrapper.py] image0: torch.Size([1, 1, 400, 400])
[loftr_wrapper.py] net forward
[loftr_wrapper.py] mconf, 0.2019784301519394 0.9186673164367676
[loftr_wrapper.py] pair_ids (52,)
[loftr_wrapper.py] corres: (52, 5)
[loftr_wrapper.py] image0: torch.Size([1, 1, 400, 400])
[loftr_wrapper.py] net forward
[loftr_wrapper.py] mconf, 0.20011559128761292 0.8265075087547302
[loftr_wrapper.py] pair_ids (56,)
[loftr_wrapper.py] corres: (56, 5)
[loftr_wrapper.py] image0: torch.Size([1, 1, 400, 400])
[loftr_wrapper.py] net forward
[loftr_wrapper.py] mconf, 0.20061689615249634 0.6803407669067383
[loftr_wrapper.py] pair_ids (53,)
[loftr_wrapper.py] corres: (53, 5)
[loftr_wrapper.py] image0: torch.Size([1, 1, 400, 400])
[loftr_wrapper.py] net forward
[loftr_wrapper.py] mconf, 0.20036262273788452 0.6775834560394287
[loftr_wrapper.py] pair_ids (50,)
[loftr_wrapper.py] corres: (50, 5)
[loftr_wrapper.py] image0: torch.Size([1, 1, 400, 400])
[loftr_wrapper.py] net forward
[loftr_wrapper.py] mconf, 0.20012369751930237 0.8775137662887573
[loftr_wrapper.py] pair_ids (86,)
[loftr_wrapper.py] corres: (86, 5)
[loftr_wrapper.py] image0: torch.Size([1, 1, 400, 400])
[loftr_wrapper.py] net forward
[loftr_wrapper.py] mconf, 0.20556429028511047 0.8658241629600525
[loftr_wrapper.py] pair_ids (71,)
[loftr_wrapper.py] corres: (71, 5)
  A MD-prior SB11 151/219 2.4s/kf | E-I=2.87 E-L=4.32 E-V2=111.29 E-V5b=98.05 E-V5d=98.20 E-V5x2=34.05 E-VI=49.39 | rot0 3.09
/home/kist/Desktop/BundleSAM3DGS/experiments/vggt_probe/models.py:30: FutureWarning: `torch.cuda.amp.autocast(args...)` is deprecated. Please use `torch.amp.autocast('cuda', args...)` instead.
  with torch.cuda.amp.autocast(dtype=torch.bfloat16):
/home/kist/venvs/vggt_probe/lib/python3.10/site-packages/vggt/models/vggt.py:65: FutureWarning: `torch.cuda.amp.autocast(args...)` is deprecated. Please use `torch.amp.autocast('cuda', args...)` instead.
  with torch.cuda.amp.autocast(enabled=False):
[loftr_wrapper.py] image0: torch.Size([1, 1, 400, 400])
/home/kist/Desktop/BundleSAM3DGS/loftr_wrapper.py:45: FutureWarning: `torch.cuda.amp.autocast(args...)` is deprecated. Please use `torch.amp.autocast('cuda', args...)` instead.
  with torch.cuda.amp.autocast(enabled=True):
[loftr_wrapper.py] net forward
[loftr_wrapper.py] mconf, 0.2017011195421219 0.9322556257247925
[loftr_wrapper.py] pair_ids (67,)
[loftr_wrapper.py] corres: (67, 5)
[loftr_wrapper.py] image0: torch.Size([1, 1, 400, 400])
[loftr_wrapper.py] net forward
[loftr_wrapper.py] mconf, 0.20052069425582886 0.9160246253013611
[loftr_wrapper.py] pair_ids (64,)
[loftr_wrapper.py] corres: (64, 5)
[loftr_wrapper.py] image0: torch.Size([1, 1, 400, 400])
[loftr_wrapper.py] net forward
[loftr_wrapper.py] mconf, 0.2013104259967804 0.9103947281837463
[loftr_wrapper.py] pair_ids (51,)
[loftr_wrapper.py] corres: (51, 5)
[loftr_wrapper.py] image0: torch.Size([1, 1, 400, 400])
[loftr_wrapper.py] net forward
[loftr_wrapper.py] mconf, 0.20986127853393555 0.8098400831222534
[loftr_wrapper.py] pair_ids (55,)
[loftr_wrapper.py] corres: (55, 5)
[loftr_wrapper.py] image0: torch.Size([1, 1, 400, 400])
[loftr_wrapper.py] net forward
[loftr_wrapper.py] mconf, 0.20108821988105774 0.8851446509361267
[loftr_wrapper.py] pair_ids (36,)
[loftr_wrapper.py] corres: (36, 5)
[loftr_wrapper.py] image0: torch.Size([1, 1, 400, 400])
[loftr_wrapper.py] net forward
[loftr_wrapper.py] mconf, 0.20471227169036865 0.7714360952377319
[loftr_wrapper.py] pair_ids (48,)
[loftr_wrapper.py] corres: (48, 5)
[loftr_wrapper.py] image0: torch.Size([1, 1, 400, 400])
[loftr_wrapper.py] net forward
[loftr_wrapper.py] mconf, 0.2000918686389923 0.8603981137275696
[loftr_wrapper.py] pair_ids (38,)
[loftr_wrapper.py] corres: (38, 5)
[loftr_wrapper.py] image0: torch.Size([1, 1, 400, 400])
[loftr_wrapper.py] net forward
[loftr_wrapper.py] mconf, 0.2002725601196289 0.8905423879623413
[loftr_wrapper.py] pair_ids (63,)
[loftr_wrapper.py] corres: (63, 5)
[loftr_wrapper.py] image0: torch.Size([1, 1, 400, 400])
[loftr_wrapper.py] net forward
[loftr_wrapper.py] mconf, 0.20162265002727509 0.7944813966751099
[loftr_wrapper.py] pair_ids (73,)
[loftr_wrapper.py] corres: (73, 5)
[loftr_wrapper.py] image0: torch.Size([1, 1, 400, 400])
[loftr_wrapper.py] net forward
[loftr_wrapper.py] mconf, 0.20095160603523254 0.998702883720398
[loftr_wrapper.py] pair_ids (276,)
[loftr_wrapper.py] corres: (276, 5)
[loftr_wrapper.py] image0: torch.Size([1, 1, 400, 400])
[loftr_wrapper.py] net forward
[loftr_wrapper.py] mconf, 0.20070712268352509 0.9974473714828491
[loftr_wrapper.py] pair_ids (313,)
[loftr_wrapper.py] corres: (313, 5)
[loftr_wrapper.py] image0: torch.Size([1, 1, 400, 400])
[loftr_wrapper.py] net forward
[loftr_wrapper.py] mconf, 0.20032347738742828 0.9969386458396912
[loftr_wrapper.py] pair_ids (304,)
[loftr_wrapper.py] corres: (304, 5)
[loftr_wrapper.py] image0: torch.Size([1, 1, 400, 400])
[loftr_wrapper.py] net forward
[loftr_wrapper.py] mconf, 0.20470276474952698 0.9970153570175171
[loftr_wrapper.py] pair_ids (301,)
[loftr_wrapper.py] corres: (301, 5)
[loftr_wrapper.py] image0: torch.Size([1, 1, 400, 400])
[loftr_wrapper.py] net forward
[loftr_wrapper.py] mconf, 0.20010332763195038 0.9968381524085999
[loftr_wrapper.py] pair_ids (286,)
[loftr_wrapper.py] corres: (286, 5)
[loftr_wrapper.py] image0: torch.Size([1, 1, 400, 400])
[loftr_wrapper.py] net forward
[loftr_wrapper.py] mconf, 0.2026355266571045 0.9934820532798767
[loftr_wrapper.py] pair_ids (292,)
[loftr_wrapper.py] corres: (292, 5)
[loftr_wrapper.py] image0: torch.Size([1, 1, 400, 400])
[loftr_wrapper.py] net forward
[loftr_wrapper.py] mconf, 0.2001606673002243 0.9807707071304321
[loftr_wrapper.py] pair_ids (244,)
[loftr_wrapper.py] corres: (244, 5)
[loftr_wrapper.py] image0: torch.Size([1, 1, 400, 400])
[loftr_wrapper.py] net forward
[loftr_wrapper.py] mconf, 0.20027682185173035 0.9890624284744263
[loftr_wrapper.py] pair_ids (216,)
[loftr_wrapper.py] corres: (216, 5)
[loftr_wrapper.py] image0: torch.Size([1, 1, 400, 400])
[loftr_wrapper.py] net forward
[loftr_wrapper.py] mconf, 0.20064115524291992 0.9924148917198181
[loftr_wrapper.py] pair_ids (204,)
[loftr_wrapper.py] corres: (204, 5)
[loftr_wrapper.py] image0: torch.Size([1, 1, 400, 400])
[loftr_wrapper.py] net forward
[loftr_wrapper.py] mconf, 0.20270472764968872 0.982028067111969
[loftr_wrapper.py] pair_ids (135,)
[loftr_wrapper.py] corres: (135, 5)
[loftr_wrapper.py] image0: torch.Size([1, 1, 400, 400])
[loftr_wrapper.py] net forward
[loftr_wrapper.py] mconf, 0.20402206480503082 0.857441246509552
[loftr_wrapper.py] pair_ids (81,)
[loftr_wrapper.py] corres: (81, 5)
[loftr_wrapper.py] image0: torch.Size([1, 1, 400, 400])
[loftr_wrapper.py] net forward
[loftr_wrapper.py] mconf, 0.202873095870018 0.91576087474823
[loftr_wrapper.py] pair_ids (91,)
[loftr_wrapper.py] corres: (91, 5)
[loftr_wrapper.py] image0: torch.Size([1, 1, 400, 400])
[loftr_wrapper.py] net forward
[loftr_wrapper.py] mconf, 0.2041555941104889 0.891103982925415
[loftr_wrapper.py] pair_ids (68,)
[loftr_wrapper.py] corres: (68, 5)
[loftr_wrapper.py] image0: torch.Size([1, 1, 400, 400])
[loftr_wrapper.py] net forward
[loftr_wrapper.py] mconf, 0.20160338282585144 0.6462404131889343
[loftr_wrapper.py] pair_ids (39,)
[loftr_wrapper.py] corres: (39, 5)
[loftr_wrapper.py] image0: torch.Size([1, 1, 400, 400])
[loftr_wrapper.py] net forward
[loftr_wrapper.py] mconf, 0.20011311769485474 0.8727021813392639
[loftr_wrapper.py] pair_ids (55,)
[loftr_wrapper.py] corres: (55, 5)
[loftr_wrapper.py] image0: torch.Size([1, 1, 400, 400])
[loftr_wrapper.py] net forward
[loftr_wrapper.py] mconf, 0.20129479467868805 0.8452585935592651
[loftr_wrapper.py] pair_ids (51,)
[loftr_wrapper.py] corres: (51, 5)
  A MD-prior SB11 176/219 2.4s/kf | E-I=2.21 E-L=3.98 E-V2=83.49 E-V5b=119.58 E-V5d=120.08 E-V5x2=24.82 E-VI=24.82 | rot0 2.34
/home/kist/Desktop/BundleSAM3DGS/experiments/vggt_probe/models.py:30: FutureWarning: `torch.cuda.amp.autocast(args...)` is deprecated. Please use `torch.amp.autocast('cuda', args...)` instead.
  with torch.cuda.amp.autocast(dtype=torch.bfloat16):
/home/kist/venvs/vggt_probe/lib/python3.10/site-packages/vggt/models/vggt.py:65: FutureWarning: `torch.cuda.amp.autocast(args...)` is deprecated. Please use `torch.amp.autocast('cuda', args...)` instead.
  with torch.cuda.amp.autocast(enabled=False):
[loftr_wrapper.py] image0: torch.Size([1, 1, 400, 400])
/home/kist/Desktop/BundleSAM3DGS/loftr_wrapper.py:45: FutureWarning: `torch.cuda.amp.autocast(args...)` is deprecated. Please use `torch.amp.autocast('cuda', args...)` instead.
  with torch.cuda.amp.autocast(enabled=True):
[loftr_wrapper.py] net forward
[loftr_wrapper.py] mconf, 0.20018278062343597 0.7129205465316772
[loftr_wrapper.py] pair_ids (77,)
[loftr_wrapper.py] corres: (77, 5)
[loftr_wrapper.py] image0: torch.Size([1, 1, 400, 400])
[loftr_wrapper.py] net forward
[loftr_wrapper.py] mconf, 0.20050719380378723 0.7075573205947876
[loftr_wrapper.py] pair_ids (65,)
[loftr_wrapper.py] corres: (65, 5)
[loftr_wrapper.py] image0: torch.Size([1, 1, 400, 400])
[loftr_wrapper.py] net forward
[loftr_wrapper.py] mconf, 0.20630672574043274 0.8059505820274353
[loftr_wrapper.py] pair_ids (83,)
[loftr_wrapper.py] corres: (83, 5)
[loftr_wrapper.py] image0: torch.Size([1, 1, 400, 400])
[loftr_wrapper.py] net forward
[loftr_wrapper.py] mconf, 0.20321477949619293 0.6790914535522461
[loftr_wrapper.py] pair_ids (64,)
[loftr_wrapper.py] corres: (64, 5)
[loftr_wrapper.py] image0: torch.Size([1, 1, 400, 400])
[loftr_wrapper.py] net forward
[loftr_wrapper.py] mconf, 0.21382036805152893 0.7106140851974487
[loftr_wrapper.py] pair_ids (52,)
[loftr_wrapper.py] corres: (52, 5)
[loftr_wrapper.py] image0: torch.Size([1, 1, 400, 400])
[loftr_wrapper.py] net forward
[loftr_wrapper.py] mconf, 0.20152801275253296 0.6987173557281494
[loftr_wrapper.py] pair_ids (52,)
[loftr_wrapper.py] corres: (52, 5)
[loftr_wrapper.py] image0: torch.Size([1, 1, 400, 400])
[loftr_wrapper.py] net forward
[loftr_wrapper.py] mconf, 0.20081499218940735 0.9275562763214111
[loftr_wrapper.py] pair_ids (46,)
[loftr_wrapper.py] corres: (46, 5)
[loftr_wrapper.py] image0: torch.Size([1, 1, 400, 400])
[loftr_wrapper.py] net forward
[loftr_wrapper.py] mconf, 0.2006056159734726 0.9012981057167053
[loftr_wrapper.py] pair_ids (49,)
[loftr_wrapper.py] corres: (49, 5)
[loftr_wrapper.py] image0: torch.Size([1, 1, 400, 400])
[loftr_wrapper.py] net forward
[loftr_wrapper.py] mconf, 0.20125950872898102 0.8744733929634094
[loftr_wrapper.py] pair_ids (52,)
[loftr_wrapper.py] corres: (52, 5)
[loftr_wrapper.py] image0: torch.Size([1, 1, 400, 400])
[loftr_wrapper.py] net forward
[loftr_wrapper.py] mconf, 0.20409300923347473 0.6704941391944885
[loftr_wrapper.py] pair_ids (31,)
[loftr_wrapper.py] corres: (31, 5)
[loftr_wrapper.py] image0: torch.Size([1, 1, 400, 400])
[loftr_wrapper.py] net forward
[loftr_wrapper.py] mconf, 0.20047640800476074 0.6418366432189941
[loftr_wrapper.py] pair_ids (32,)
[loftr_wrapper.py] corres: (32, 5)
[loftr_wrapper.py] image0: torch.Size([1, 1, 400, 400])
[loftr_wrapper.py] net forward
[loftr_wrapper.py] mconf, 0.2006063461303711 0.8085166215896606
[loftr_wrapper.py] pair_ids (38,)
[loftr_wrapper.py] corres: (38, 5)
[loftr_wrapper.py] image0: torch.Size([1, 1, 400, 400])
[loftr_wrapper.py] net forward
[loftr_wrapper.py] mconf, 0.20075105130672455 0.9059808254241943
[loftr_wrapper.py] pair_ids (38,)
[loftr_wrapper.py] corres: (38, 5)
[loftr_wrapper.py] image0: torch.Size([1, 1, 400, 400])
[loftr_wrapper.py] net forward
[loftr_wrapper.py] mconf, 0.20021703839302063 0.7843355536460876
[loftr_wrapper.py] pair_ids (36,)
[loftr_wrapper.py] corres: (36, 5)
[loftr_wrapper.py] image0: torch.Size([1, 1, 400, 400])
[loftr_wrapper.py] net forward
[loftr_wrapper.py] mconf, 0.2011324018239975 0.7791821956634521
[loftr_wrapper.py] pair_ids (42,)
[loftr_wrapper.py] corres: (42, 5)
[loftr_wrapper.py] image0: torch.Size([1, 1, 400, 400])
[loftr_wrapper.py] net forward
[loftr_wrapper.py] mconf, 0.20018139481544495 0.7823484539985657
[loftr_wrapper.py] pair_ids (34,)
[loftr_wrapper.py] corres: (34, 5)
[loftr_wrapper.py] image0: torch.Size([1, 1, 400, 400])
[loftr_wrapper.py] net forward
[loftr_wrapper.py] mconf, 0.20113351941108704 0.8172038793563843
[loftr_wrapper.py] pair_ids (37,)
[loftr_wrapper.py] corres: (37, 5)
[loftr_wrapper.py] image0: torch.Size([1, 1, 400, 400])
[loftr_wrapper.py] net forward
[loftr_wrapper.py] mconf, 0.20234046876430511 0.7072076201438904
[loftr_wrapper.py] pair_ids (37,)
[loftr_wrapper.py] corres: (37, 5)
[loftr_wrapper.py] image0: torch.Size([1, 1, 400, 400])
[loftr_wrapper.py] net forward
[loftr_wrapper.py] mconf, 0.22291849553585052 0.8020573854446411
[loftr_wrapper.py] pair_ids (41,)
[loftr_wrapper.py] corres: (41, 5)
[loftr_wrapper.py] image0: torch.Size([1, 1, 400, 400])
[loftr_wrapper.py] net forward
[loftr_wrapper.py] mconf, 0.20351216197013855 0.7121499180793762
[loftr_wrapper.py] pair_ids (34,)
[loftr_wrapper.py] corres: (34, 5)
[loftr_wrapper.py] image0: torch.Size([1, 1, 400, 400])
[loftr_wrapper.py] net forward
[loftr_wrapper.py] mconf, 0.20625461637973785 0.7455664873123169
[loftr_wrapper.py] pair_ids (46,)
[loftr_wrapper.py] corres: (46, 5)
[loftr_wrapper.py] image0: torch.Size([1, 1, 400, 400])
[loftr_wrapper.py] net forward
[loftr_wrapper.py] mconf, 0.2013627290725708 0.5605063438415527
[loftr_wrapper.py] pair_ids (49,)
[loftr_wrapper.py] corres: (49, 5)
[loftr_wrapper.py] image0: torch.Size([1, 1, 400, 400])
[loftr_wrapper.py] net forward
[loftr_wrapper.py] mconf, 0.20094220340251923 0.9054059982299805
[loftr_wrapper.py] pair_ids (56,)
[loftr_wrapper.py] corres: (56, 5)
[loftr_wrapper.py] image0: torch.Size([1, 1, 400, 400])
[loftr_wrapper.py] net forward
[loftr_wrapper.py] mconf, 0.20008426904678345 0.7029251456260681
[loftr_wrapper.py] pair_ids (55,)
[loftr_wrapper.py] corres: (55, 5)
[loftr_wrapper.py] image0: torch.Size([1, 1, 400, 400])
[loftr_wrapper.py] net forward
[loftr_wrapper.py] mconf, 0.20921273529529572 0.9003875851631165
[loftr_wrapper.py] pair_ids (59,)
[loftr_wrapper.py] corres: (59, 5)
  A MD-prior SB11 201/219 2.3s/kf | E-I=8.93 E-L=8.17 E-V2=81.13 E-V5b=54.97 E-V5d=54.95 E-V5x2=48.41 E-VI=48.41 | rot0 7.84
/home/kist/Desktop/BundleSAM3DGS/experiments/vggt_probe/models.py:30: FutureWarning: `torch.cuda.amp.autocast(args...)` is deprecated. Please use `torch.amp.autocast('cuda', args...)` instead.
  with torch.cuda.amp.autocast(dtype=torch.bfloat16):
/home/kist/venvs/vggt_probe/lib/python3.10/site-packages/vggt/models/vggt.py:65: FutureWarning: `torch.cuda.amp.autocast(args...)` is deprecated. Please use `torch.amp.autocast('cuda', args...)` instead.
  with torch.cuda.amp.autocast(enabled=False):
[loftr_wrapper.py] image0: torch.Size([1, 1, 400, 400])
/home/kist/Desktop/BundleSAM3DGS/loftr_wrapper.py:45: FutureWarning: `torch.cuda.amp.autocast(args...)` is deprecated. Please use `torch.amp.autocast('cuda', args...)` instead.
  with torch.cuda.amp.autocast(enabled=True):
[loftr_wrapper.py] net forward
[loftr_wrapper.py] mconf, 0.20132285356521606 0.7134304642677307
[loftr_wrapper.py] pair_ids (45,)
[loftr_wrapper.py] corres: (45, 5)
[loftr_wrapper.py] image0: torch.Size([1, 1, 400, 400])
[loftr_wrapper.py] net forward
[loftr_wrapper.py] mconf, 0.20170395076274872 0.7344956398010254
[loftr_wrapper.py] pair_ids (74,)
[loftr_wrapper.py] corres: (74, 5)
[loftr_wrapper.py] image0: torch.Size([1, 1, 400, 400])
[loftr_wrapper.py] net forward
[loftr_wrapper.py] mconf, 0.20142467319965363 0.766075611114502
[loftr_wrapper.py] pair_ids (69,)
[loftr_wrapper.py] corres: (69, 5)
[loftr_wrapper.py] image0: torch.Size([1, 1, 400, 400])
[loftr_wrapper.py] net forward
[loftr_wrapper.py] mconf, 0.20528903603553772 0.670265257358551
[loftr_wrapper.py] pair_ids (66,)
[loftr_wrapper.py] corres: (66, 5)
[loftr_wrapper.py] image0: torch.Size([1, 1, 400, 400])
[loftr_wrapper.py] net forward
[loftr_wrapper.py] mconf, 0.20022688806056976 0.7754064798355103
[loftr_wrapper.py] pair_ids (80,)
[loftr_wrapper.py] corres: (80, 5)
[loftr_wrapper.py] image0: torch.Size([1, 1, 400, 400])
[loftr_wrapper.py] net forward
[loftr_wrapper.py] mconf, 0.20223014056682587 0.8166316747665405
[loftr_wrapper.py] pair_ids (86,)
[loftr_wrapper.py] corres: (86, 5)
[loftr_wrapper.py] image0: torch.Size([1, 1, 400, 400])
[loftr_wrapper.py] net forward
[loftr_wrapper.py] mconf, 0.20095714926719666 0.6707212328910828
[loftr_wrapper.py] pair_ids (81,)
[loftr_wrapper.py] corres: (81, 5)
[loftr_wrapper.py] image0: torch.Size([1, 1, 400, 400])
[loftr_wrapper.py] net forward
[loftr_wrapper.py] mconf, 0.20655488967895508 0.619149386882782
[loftr_wrapper.py] pair_ids (50,)
[loftr_wrapper.py] corres: (50, 5)
[loftr_wrapper.py] image0: torch.Size([1, 1, 400, 400])
[loftr_wrapper.py] net forward
[loftr_wrapper.py] mconf, 0.20123106241226196 0.7376502156257629
[loftr_wrapper.py] pair_ids (64,)
[loftr_wrapper.py] corres: (64, 5)
[loftr_wrapper.py] image0: torch.Size([1, 1, 400, 400])
[loftr_wrapper.py] net forward
[loftr_wrapper.py] mconf, 0.20173285901546478 0.8672233819961548
[loftr_wrapper.py] pair_ids (124,)
[loftr_wrapper.py] corres: (124, 5)
[loftr_wrapper.py] image0: torch.Size([1, 1, 400, 400])
[loftr_wrapper.py] net forward
[loftr_wrapper.py] mconf, 0.20020312070846558 0.9151259064674377
[loftr_wrapper.py] pair_ids (198,)
[loftr_wrapper.py] corres: (198, 5)
[loftr_wrapper.py] image0: torch.Size([1, 1, 400, 400])
[loftr_wrapper.py] net forward
[loftr_wrapper.py] mconf, 0.20108619332313538 0.9794797301292419
[loftr_wrapper.py] pair_ids (173,)
[loftr_wrapper.py] corres: (173, 5)
[loftr_wrapper.py] image0: torch.Size([1, 1, 400, 400])
[loftr_wrapper.py] net forward
[loftr_wrapper.py] mconf, 0.20124498009681702 0.9744707942008972
[loftr_wrapper.py] pair_ids (209,)
[loftr_wrapper.py] corres: (209, 5)
[loftr_wrapper.py] image0: torch.Size([1, 1, 400, 400])
[loftr_wrapper.py] net forward
[loftr_wrapper.py] mconf, 0.20006044209003448 0.9886399507522583
[loftr_wrapper.py] pair_ids (198,)
[loftr_wrapper.py] corres: (198, 5)
[loftr_wrapper.py] image0: torch.Size([1, 1, 400, 400])
[loftr_wrapper.py] net forward
[loftr_wrapper.py] mconf, 0.20324362814426422 0.9816998839378357
[loftr_wrapper.py] pair_ids (211,)
[loftr_wrapper.py] corres: (211, 5)
[loftr_wrapper.py] image0: torch.Size([1, 1, 400, 400])
[loftr_wrapper.py] net forward
[loftr_wrapper.py] mconf, 0.20056259632110596 0.9895517826080322
[loftr_wrapper.py] pair_ids (219,)
[loftr_wrapper.py] corres: (219, 5)
[loftr_wrapper.py] image0: torch.Size([1, 1, 400, 400])
[loftr_wrapper.py] net forward
[loftr_wrapper.py] mconf, 0.20141932368278503 0.982605516910553
[loftr_wrapper.py] pair_ids (198,)
[loftr_wrapper.py] corres: (198, 5)
[loftr_wrapper.py] image0: torch.Size([1, 1, 400, 400])
[loftr_wrapper.py] net forward
[loftr_wrapper.py] mconf, 0.202224999666214 0.8916838765144348
[loftr_wrapper.py] pair_ids (184,)
[loftr_wrapper.py] corres: (184, 5)
DONE A MD-prior SB11 jobs 219 509s | E-I=4.41/17% E-L=5.77/15% E-V2=101.45/2% E-V5b=106.61/2% E-V5d=106.72/2% E-V5x2=24.86/2% E-VI=26.32/2% | rot0 4.57
/home/kist/Desktop/BundleSAM3DGS/experiments/vggt_probe/models.py:30: FutureWarning: `torch.cuda.amp.autocast(args...)` is deprecated. Please use `torch.amp.autocast('cuda', args...)` instead.
  with torch.cuda.amp.autocast(dtype=torch.bfloat16):
/home/kist/venvs/vggt_probe/lib/python3.10/site-packages/vggt/models/vggt.py:65: FutureWarning: `torch.cuda.amp.autocast(args...)` is deprecated. Please use `torch.amp.autocast('cuda', args...)` instead.
  with torch.cuda.amp.autocast(enabled=False):
[loftr_wrapper.py] image0: torch.Size([1, 1, 400, 400])
/home/kist/Desktop/BundleSAM3DGS/loftr_wrapper.py:45: FutureWarning: `torch.cuda.amp.autocast(args...)` is deprecated. Please use `torch.amp.autocast('cuda', args...)` instead.
  with torch.cuda.amp.autocast(enabled=True):
[loftr_wrapper.py] net forward
[loftr_wrapper.py] mconf, 0.2038513422012329 0.9985631108283997
[loftr_wrapper.py] pair_ids (532,)
[loftr_wrapper.py] corres: (532, 5)
  A MD-prior SB13 1/207 2.6s/kf | E-I=3.98 E-L=1.00 E-V2=0.15 E-V5b=149.74 E-V5d=149.84 E-V5x2=23.12 E-VI=2.95 | rot0 0.00
/home/kist/Desktop/BundleSAM3DGS/experiments/vggt_probe/models.py:30: FutureWarning: `torch.cuda.amp.autocast(args...)` is deprecated. Please use `torch.amp.autocast('cuda', args...)` instead.
  with torch.cuda.amp.autocast(dtype=torch.bfloat16):
/home/kist/venvs/vggt_probe/lib/python3.10/site-packages/vggt/models/vggt.py:65: FutureWarning: `torch.cuda.amp.autocast(args...)` is deprecated. Please use `torch.amp.autocast('cuda', args...)` instead.
  with torch.cuda.amp.autocast(enabled=False):
[loftr_wrapper.py] image0: torch.Size([1, 1, 400, 400])
/home/kist/Desktop/BundleSAM3DGS/loftr_wrapper.py:45: FutureWarning: `torch.cuda.amp.autocast(args...)` is deprecated. Please use `torch.amp.autocast('cuda', args...)` instead.
  with torch.cuda.amp.autocast(enabled=True):
[loftr_wrapper.py] net forward
[loftr_wrapper.py] mconf, 0.20855315029621124 0.9996235370635986
[loftr_wrapper.py] pair_ids (524,)
[loftr_wrapper.py] corres: (524, 5)
[loftr_wrapper.py] image0: torch.Size([1, 1, 400, 400])
[loftr_wrapper.py] net forward
[loftr_wrapper.py] mconf, 0.2026980221271515 0.99930340051651
[loftr_wrapper.py] pair_ids (549,)
[loftr_wrapper.py] corres: (549, 5)
[loftr_wrapper.py] image0: torch.Size([1, 1, 400, 400])
[loftr_wrapper.py] net forward
[loftr_wrapper.py] mconf, 0.2007376104593277 0.9995961785316467
[loftr_wrapper.py] pair_ids (575,)
[loftr_wrapper.py] corres: (575, 5)
[loftr_wrapper.py] image0: torch.Size([1, 1, 400, 400])
[loftr_wrapper.py] net forward
[loftr_wrapper.py] mconf, 0.20486581325531006 0.9986191987991333
[loftr_wrapper.py] pair_ids (527,)
[loftr_wrapper.py] corres: (527, 5)
[loftr_wrapper.py] image0: torch.Size([1, 1, 400, 400])
[loftr_wrapper.py] net forward
[loftr_wrapper.py] mconf, 0.20439288020133972 0.998784065246582
[loftr_wrapper.py] pair_ids (473,)
[loftr_wrapper.py] corres: (473, 5)
[loftr_wrapper.py] image0: torch.Size([1, 1, 400, 400])
[loftr_wrapper.py] net forward
[loftr_wrapper.py] mconf, 0.20407254993915558 0.9976514577865601
[loftr_wrapper.py] pair_ids (430,)
[loftr_wrapper.py] corres: (430, 5)
[loftr_wrapper.py] image0: torch.Size([1, 1, 400, 400])
[loftr_wrapper.py] net forward
[loftr_wrapper.py] mconf, 0.20048078894615173 0.9988124966621399
[loftr_wrapper.py] pair_ids (450,)
[loftr_wrapper.py] corres: (450, 5)
[loftr_wrapper.py] image0: torch.Size([1, 1, 400, 400])
[loftr_wrapper.py] net forward
[loftr_wrapper.py] mconf, 0.20180527865886688 0.9975475668907166
[loftr_wrapper.py] pair_ids (441,)
[loftr_wrapper.py] corres: (441, 5)
[loftr_wrapper.py] image0: torch.Size([1, 1, 400, 400])
[loftr_wrapper.py] net forward
[loftr_wrapper.py] mconf, 0.20036132633686066 0.9872316122055054
[loftr_wrapper.py] pair_ids (334,)
[loftr_wrapper.py] corres: (334, 5)
[loftr_wrapper.py] image0: torch.Size([1, 1, 400, 400])
[loftr_wrapper.py] net forward
[loftr_wrapper.py] mconf, 0.20025762915611267 0.9836620092391968
[loftr_wrapper.py] pair_ids (282,)
[loftr_wrapper.py] corres: (282, 5)
[loftr_wrapper.py] image0: torch.Size([1, 1, 400, 400])
[loftr_wrapper.py] net forward
[loftr_wrapper.py] mconf, 0.20091155171394348 0.9860143661499023
[loftr_wrapper.py] pair_ids (231,)
[loftr_wrapper.py] corres: (231, 5)
[loftr_wrapper.py] image0: torch.Size([1, 1, 400, 400])
[loftr_wrapper.py] net forward
[loftr_wrapper.py] mconf, 0.20154204964637756 0.9858079552650452
[loftr_wrapper.py] pair_ids (249,)
[loftr_wrapper.py] corres: (249, 5)
[loftr_wrapper.py] image0: torch.Size([1, 1, 400, 400])
[loftr_wrapper.py] net forward
[loftr_wrapper.py] mconf, 0.20010820031166077 0.9832583069801331
[loftr_wrapper.py] pair_ids (188,)
[loftr_wrapper.py] corres: (188, 5)
[loftr_wrapper.py] image0: torch.Size([1, 1, 400, 400])
[loftr_wrapper.py] net forward
[loftr_wrapper.py] mconf, 0.20147842168807983 0.9967165589332581
[loftr_wrapper.py] pair_ids (233,)
[loftr_wrapper.py] corres: (233, 5)
[loftr_wrapper.py] image0: torch.Size([1, 1, 400, 400])
[loftr_wrapper.py] net forward
[loftr_wrapper.py] mconf, 0.20621119439601898 0.994179368019104
[loftr_wrapper.py] pair_ids (250,)
[loftr_wrapper.py] corres: (250, 5)
[loftr_wrapper.py] image0: torch.Size([1, 1, 400, 400])
[loftr_wrapper.py] net forward
[loftr_wrapper.py] mconf, 0.2016122192144394 0.9951969385147095
[loftr_wrapper.py] pair_ids (371,)
[loftr_wrapper.py] corres: (371, 5)
[loftr_wrapper.py] image0: torch.Size([1, 1, 400, 400])
[loftr_wrapper.py] net forward
[loftr_wrapper.py] mconf, 0.2009548395872116 0.992476761341095
[loftr_wrapper.py] pair_ids (417,)
[loftr_wrapper.py] corres: (417, 5)
[loftr_wrapper.py] image0: torch.Size([1, 1, 400, 400])
[loftr_wrapper.py] net forward
[loftr_wrapper.py] mconf, 0.20009906589984894 0.9993755221366882
[loftr_wrapper.py] pair_ids (390,)
[loftr_wrapper.py] corres: (390, 5)
[loftr_wrapper.py] image0: torch.Size([1, 1, 400, 400])
[loftr_wrapper.py] net forward
[loftr_wrapper.py] mconf, 0.2011508047580719 0.9937180280685425
[loftr_wrapper.py] pair_ids (387,)
[loftr_wrapper.py] corres: (387, 5)
[loftr_wrapper.py] image0: torch.Size([1, 1, 400, 400])
[loftr_wrapper.py] net forward
[loftr_wrapper.py] mconf, 0.20269280672073364 0.992872416973114
[loftr_wrapper.py] pair_ids (378,)
[loftr_wrapper.py] corres: (378, 5)
[loftr_wrapper.py] image0: torch.Size([1, 1, 400, 400])
[loftr_wrapper.py] net forward
[loftr_wrapper.py] mconf, 0.2038078010082245 0.9664536118507385
[loftr_wrapper.py] pair_ids (360,)
[loftr_wrapper.py] corres: (360, 5)
[loftr_wrapper.py] image0: torch.Size([1, 1, 400, 400])
[loftr_wrapper.py] net forward
[loftr_wrapper.py] mconf, 0.2001608908176422 0.9965847730636597
[loftr_wrapper.py] pair_ids (376,)
[loftr_wrapper.py] corres: (376, 5)
[loftr_wrapper.py] image0: torch.Size([1, 1, 400, 400])
[loftr_wrapper.py] net forward
[loftr_wrapper.py] mconf, 0.20147636532783508 0.9940067529678345
[loftr_wrapper.py] pair_ids (374,)
[loftr_wrapper.py] corres: (374, 5)
[loftr_wrapper.py] image0: torch.Size([1, 1, 400, 400])
[loftr_wrapper.py] net forward
[loftr_wrapper.py] mconf, 0.20266376435756683 0.9988000988960266
[loftr_wrapper.py] pair_ids (385,)
[loftr_wrapper.py] corres: (385, 5)
[loftr_wrapper.py] image0: torch.Size([1, 1, 400, 400])
[loftr_wrapper.py] net forward
[loftr_wrapper.py] mconf, 0.2000705897808075 0.9990217685699463
[loftr_wrapper.py] pair_ids (360,)
[loftr_wrapper.py] corres: (360, 5)
  A MD-prior SB13 26/207 2.5s/kf | E-I=4.36 E-L=2.09 E-V2=28.98 E-V5b=16.91 E-V5d=17.02 E-V5x2=14.55 E-VI=20.85 | rot0 1.87
/home/kist/Desktop/BundleSAM3DGS/experiments/vggt_probe/models.py:30: FutureWarning: `torch.cuda.amp.autocast(args...)` is deprecated. Please use `torch.amp.autocast('cuda', args...)` instead.
  with torch.cuda.amp.autocast(dtype=torch.bfloat16):
/home/kist/venvs/vggt_probe/lib/python3.10/site-packages/vggt/models/vggt.py:65: FutureWarning: `torch.cuda.amp.autocast(args...)` is deprecated. Please use `torch.amp.autocast('cuda', args...)` instead.
  with torch.cuda.amp.autocast(enabled=False):
[loftr_wrapper.py] image0: torch.Size([1, 1, 400, 400])
/home/kist/Desktop/BundleSAM3DGS/loftr_wrapper.py:45: FutureWarning: `torch.cuda.amp.autocast(args...)` is deprecated. Please use `torch.amp.autocast('cuda', args...)` instead.
  with torch.cuda.amp.autocast(enabled=True):
[loftr_wrapper.py] net forward
[loftr_wrapper.py] mconf, 0.20139259099960327 0.998555064201355
[loftr_wrapper.py] pair_ids (341,)
[loftr_wrapper.py] corres: (341, 5)
[loftr_wrapper.py] image0: torch.Size([1, 1, 400, 400])
[loftr_wrapper.py] net forward
[loftr_wrapper.py] mconf, 0.20030520856380463 0.9849011301994324
[loftr_wrapper.py] pair_ids (334,)
[loftr_wrapper.py] corres: (334, 5)
[loftr_wrapper.py] image0: torch.Size([1, 1, 400, 400])
[loftr_wrapper.py] net forward
[loftr_wrapper.py] mconf, 0.20074070990085602 0.9879897832870483
[loftr_wrapper.py] pair_ids (365,)
[loftr_wrapper.py] corres: (365, 5)
[loftr_wrapper.py] image0: torch.Size([1, 1, 400, 400])
[loftr_wrapper.py] net forward
[loftr_wrapper.py] mconf, 0.2011473923921585 0.9917269349098206
[loftr_wrapper.py] pair_ids (368,)
[loftr_wrapper.py] corres: (368, 5)
[loftr_wrapper.py] image0: torch.Size([1, 1, 400, 400])
[loftr_wrapper.py] net forward
[loftr_wrapper.py] mconf, 0.20092839002609253 0.9938657879829407
[loftr_wrapper.py] pair_ids (339,)
[loftr_wrapper.py] corres: (339, 5)
[loftr_wrapper.py] image0: torch.Size([1, 1, 400, 400])
[loftr_wrapper.py] net forward
[loftr_wrapper.py] mconf, 0.20164722204208374 0.991600751876831
[loftr_wrapper.py] pair_ids (329,)
[loftr_wrapper.py] corres: (329, 5)
[loftr_wrapper.py] image0: torch.Size([1, 1, 400, 400])
[loftr_wrapper.py] net forward
[loftr_wrapper.py] mconf, 0.20086978375911713 0.9756952524185181
[loftr_wrapper.py] pair_ids (301,)
[loftr_wrapper.py] corres: (301, 5)
[loftr_wrapper.py] image0: torch.Size([1, 1, 400, 400])
[loftr_wrapper.py] net forward
[loftr_wrapper.py] mconf, 0.20224151015281677 0.9863636493682861
[loftr_wrapper.py] pair_ids (277,)
[loftr_wrapper.py] corres: (277, 5)
[loftr_wrapper.py] image0: torch.Size([1, 1, 400, 400])
[loftr_wrapper.py] net forward
[loftr_wrapper.py] mconf, 0.2007867991924286 0.9939272403717041
[loftr_wrapper.py] pair_ids (281,)
[loftr_wrapper.py] corres: (281, 5)
[loftr_wrapper.py] image0: torch.Size([1, 1, 400, 400])
[loftr_wrapper.py] net forward
[loftr_wrapper.py] mconf, 0.2015041559934616 0.9977842569351196
[loftr_wrapper.py] pair_ids (285,)
[loftr_wrapper.py] corres: (285, 5)
[loftr_wrapper.py] image0: torch.Size([1, 1, 400, 400])
[loftr_wrapper.py] net forward
[loftr_wrapper.py] mconf, 0.2004019170999527 0.9956666231155396
[loftr_wrapper.py] pair_ids (322,)
[loftr_wrapper.py] corres: (322, 5)
[loftr_wrapper.py] image0: torch.Size([1, 1, 400, 400])
[loftr_wrapper.py] net forward
[loftr_wrapper.py] mconf, 0.2046937793493271 0.9982856512069702
[loftr_wrapper.py] pair_ids (356,)
[loftr_wrapper.py] corres: (356, 5)
[loftr_wrapper.py] image0: torch.Size([1, 1, 400, 400])
[loftr_wrapper.py] net forward
[loftr_wrapper.py] mconf, 0.20033298432826996 0.9970525503158569
[loftr_wrapper.py] pair_ids (357,)
[loftr_wrapper.py] corres: (357, 5)
[loftr_wrapper.py] image0: torch.Size([1, 1, 400, 400])
[loftr_wrapper.py] net forward
[loftr_wrapper.py] mconf, 0.2009737193584442 0.9969843029975891
[loftr_wrapper.py] pair_ids (401,)
[loftr_wrapper.py] corres: (401, 5)
[loftr_wrapper.py] image0: torch.Size([1, 1, 400, 400])
[loftr_wrapper.py] net forward
[loftr_wrapper.py] mconf, 0.20192892849445343 0.9857858419418335
[loftr_wrapper.py] pair_ids (426,)
[loftr_wrapper.py] corres: (426, 5)
[loftr_wrapper.py] image0: torch.Size([1, 1, 400, 400])
[loftr_wrapper.py] net forward
[loftr_wrapper.py] mconf, 0.20422443747520447 0.998231053352356
[loftr_wrapper.py] pair_ids (481,)
[loftr_wrapper.py] corres: (481, 5)
[loftr_wrapper.py] image0: torch.Size([1, 1, 400, 400])
[loftr_wrapper.py] net forward
[loftr_wrapper.py] mconf, 0.20003056526184082 0.9802668690681458
[loftr_wrapper.py] pair_ids (439,)
[loftr_wrapper.py] corres: (439, 5)
[loftr_wrapper.py] image0: torch.Size([1, 1, 400, 400])
[loftr_wrapper.py] net forward
[loftr_wrapper.py] mconf, 0.2024475783109665 0.9983906149864197
[loftr_wrapper.py] pair_ids (475,)
[loftr_wrapper.py] corres: (475, 5)
[loftr_wrapper.py] image0: torch.Size([1, 1, 400, 400])
[loftr_wrapper.py] net forward
[loftr_wrapper.py] mconf, 0.20012465119361877 0.9827495217323303
[loftr_wrapper.py] pair_ids (381,)
[loftr_wrapper.py] corres: (381, 5)
[loftr_wrapper.py] image0: torch.Size([1, 1, 400, 400])
[loftr_wrapper.py] net forward
[loftr_wrapper.py] mconf, 0.20014381408691406 0.9347550272941589
[loftr_wrapper.py] pair_ids (299,)
[loftr_wrapper.py] corres: (299, 5)
[loftr_wrapper.py] image0: torch.Size([1, 1, 400, 400])
[loftr_wrapper.py] net forward
[loftr_wrapper.py] mconf, 0.20055724680423737 0.915621817111969
[loftr_wrapper.py] pair_ids (220,)
[loftr_wrapper.py] corres: (220, 5)
[loftr_wrapper.py] image0: torch.Size([1, 1, 400, 400])
[loftr_wrapper.py] net forward
[loftr_wrapper.py] mconf, 0.2001960575580597 0.9979447722434998
[loftr_wrapper.py] pair_ids (478,)
[loftr_wrapper.py] corres: (478, 5)
[loftr_wrapper.py] image0: torch.Size([1, 1, 400, 400])
[loftr_wrapper.py] net forward
[loftr_wrapper.py] mconf, 0.2002987414598465 0.9968054294586182
[loftr_wrapper.py] pair_ids (456,)
[loftr_wrapper.py] corres: (456, 5)
[loftr_wrapper.py] image0: torch.Size([1, 1, 400, 400])
[loftr_wrapper.py] net forward
[loftr_wrapper.py] mconf, 0.20291705429553986 0.9984174966812134
[loftr_wrapper.py] pair_ids (477,)
[loftr_wrapper.py] corres: (477, 5)
[loftr_wrapper.py] image0: torch.Size([1, 1, 400, 400])
[loftr_wrapper.py] net forward
[loftr_wrapper.py] mconf, 0.20044466853141785 0.9971457123756409
[loftr_wrapper.py] pair_ids (498,)
[loftr_wrapper.py] corres: (498, 5)
  A MD-prior SB13 51/207 2.6s/kf | E-I=3.54 E-L=1.86 E-V2=10.64 E-V5b=54.33 E-V5d=54.45 E-V5x2=18.02 E-VI=19.12 | rot0 1.86
/home/kist/Desktop/BundleSAM3DGS/experiments/vggt_probe/models.py:30: FutureWarning: `torch.cuda.amp.autocast(args...)` is deprecated. Please use `torch.amp.autocast('cuda', args...)` instead.
  with torch.cuda.amp.autocast(dtype=torch.bfloat16):
/home/kist/venvs/vggt_probe/lib/python3.10/site-packages/vggt/models/vggt.py:65: FutureWarning: `torch.cuda.amp.autocast(args...)` is deprecated. Please use `torch.amp.autocast('cuda', args...)` instead.
  with torch.cuda.amp.autocast(enabled=False):
[loftr_wrapper.py] image0: torch.Size([1, 1, 400, 400])
/home/kist/Desktop/BundleSAM3DGS/loftr_wrapper.py:45: FutureWarning: `torch.cuda.amp.autocast(args...)` is deprecated. Please use `torch.amp.autocast('cuda', args...)` instead.
  with torch.cuda.amp.autocast(enabled=True):
[loftr_wrapper.py] net forward
[loftr_wrapper.py] mconf, 0.20153461396694183 0.9971080422401428
[loftr_wrapper.py] pair_ids (464,)
[loftr_wrapper.py] corres: (464, 5)
[loftr_wrapper.py] image0: torch.Size([1, 1, 400, 400])
[loftr_wrapper.py] net forward
[loftr_wrapper.py] mconf, 0.20188072323799133 0.9948258399963379
[loftr_wrapper.py] pair_ids (491,)
[loftr_wrapper.py] corres: (491, 5)
[loftr_wrapper.py] image0: torch.Size([1, 1, 400, 400])
[loftr_wrapper.py] net forward
[loftr_wrapper.py] mconf, 0.20044109225273132 0.9993385672569275
[loftr_wrapper.py] pair_ids (463,)
[loftr_wrapper.py] corres: (463, 5)
[loftr_wrapper.py] image0: torch.Size([1, 1, 400, 400])
[loftr_wrapper.py] net forward
[loftr_wrapper.py] mconf, 0.20164145529270172 0.9854034781455994
[loftr_wrapper.py] pair_ids (416,)
[loftr_wrapper.py] corres: (416, 5)
[loftr_wrapper.py] image0: torch.Size([1, 1, 400, 400])
[loftr_wrapper.py] net forward
[loftr_wrapper.py] mconf, 0.20228499174118042 0.9703004956245422
[loftr_wrapper.py] pair_ids (355,)
[loftr_wrapper.py] corres: (355, 5)
[loftr_wrapper.py] image0: torch.Size([1, 1, 400, 400])
[loftr_wrapper.py] net forward
[loftr_wrapper.py] mconf, 0.20000134408473969 0.9567832946777344
[loftr_wrapper.py] pair_ids (321,)
[loftr_wrapper.py] corres: (321, 5)
[loftr_wrapper.py] image0: torch.Size([1, 1, 400, 400])
[loftr_wrapper.py] net forward
[loftr_wrapper.py] mconf, 0.20414583384990692 0.9940893650054932
[loftr_wrapper.py] pair_ids (289,)
[loftr_wrapper.py] corres: (289, 5)
[loftr_wrapper.py] image0: torch.Size([1, 1, 400, 400])
[loftr_wrapper.py] net forward
[loftr_wrapper.py] mconf, 0.20348268747329712 0.9909971356391907
[loftr_wrapper.py] pair_ids (270,)
[loftr_wrapper.py] corres: (270, 5)
[loftr_wrapper.py] image0: torch.Size([1, 1, 400, 400])
[loftr_wrapper.py] net forward
[loftr_wrapper.py] mconf, 0.20006293058395386 0.9939272403717041
[loftr_wrapper.py] pair_ids (289,)
[loftr_wrapper.py] corres: (289, 5)
[loftr_wrapper.py] image0: torch.Size([1, 1, 400, 400])
[loftr_wrapper.py] net forward
[loftr_wrapper.py] mconf, 0.2015201598405838 0.9904626607894897
[loftr_wrapper.py] pair_ids (223,)
[loftr_wrapper.py] corres: (223, 5)
[loftr_wrapper.py] image0: torch.Size([1, 1, 400, 400])
[loftr_wrapper.py] net forward
[loftr_wrapper.py] mconf, 0.2018810659646988 0.9794204235076904
[loftr_wrapper.py] pair_ids (156,)
[loftr_wrapper.py] corres: (156, 5)
[loftr_wrapper.py] image0: torch.Size([1, 1, 400, 400])
[loftr_wrapper.py] net forward
[loftr_wrapper.py] mconf, 0.2023690938949585 0.9764700531959534
[loftr_wrapper.py] pair_ids (111,)
[loftr_wrapper.py] corres: (111, 5)
[loftr_wrapper.py] image0: torch.Size([1, 1, 400, 400])
[loftr_wrapper.py] net forward
[loftr_wrapper.py] mconf, 0.2001921683549881 0.7866578698158264
[loftr_wrapper.py] pair_ids (46,)
[loftr_wrapper.py] corres: (46, 5)
[loftr_wrapper.py] image0: torch.Size([1, 1, 400, 400])
[loftr_wrapper.py] net forward
[loftr_wrapper.py] mconf, 0.20211006700992584 0.7161065340042114
[loftr_wrapper.py] pair_ids (37,)
[loftr_wrapper.py] corres: (37, 5)
[loftr_wrapper.py] image0: torch.Size([1, 1, 400, 400])
[loftr_wrapper.py] net forward
[loftr_wrapper.py] mconf, 0.20725113153457642 0.7117828130722046
[loftr_wrapper.py] pair_ids (37,)
[loftr_wrapper.py] corres: (37, 5)
[loftr_wrapper.py] image0: torch.Size([1, 1, 400, 400])
[loftr_wrapper.py] net forward
[loftr_wrapper.py] mconf, 0.20387226343154907 0.8224816918373108
[loftr_wrapper.py] pair_ids (46,)
[loftr_wrapper.py] corres: (46, 5)
[loftr_wrapper.py] image0: torch.Size([1, 1, 400, 400])
[loftr_wrapper.py] net forward
[loftr_wrapper.py] mconf, 0.20149020850658417 0.6620982885360718
[loftr_wrapper.py] pair_ids (58,)
[loftr_wrapper.py] corres: (58, 5)
[loftr_wrapper.py] image0: torch.Size([1, 1, 400, 400])
[loftr_wrapper.py] net forward
[loftr_wrapper.py] mconf, 0.20007523894309998 0.7520909905433655
[loftr_wrapper.py] pair_ids (81,)
[loftr_wrapper.py] corres: (81, 5)
[loftr_wrapper.py] image0: torch.Size([1, 1, 400, 400])
[loftr_wrapper.py] net forward
[loftr_wrapper.py] mconf, 0.20453155040740967 0.7636275887489319
[loftr_wrapper.py] pair_ids (67,)
[loftr_wrapper.py] corres: (67, 5)
[loftr_wrapper.py] image0: torch.Size([1, 1, 400, 400])
[loftr_wrapper.py] net forward
[loftr_wrapper.py] mconf, 0.20132508873939514 0.8430514931678772
[loftr_wrapper.py] pair_ids (69,)
[loftr_wrapper.py] corres: (69, 5)
[loftr_wrapper.py] image0: torch.Size([1, 1, 400, 400])
[loftr_wrapper.py] net forward
[loftr_wrapper.py] mconf, 0.20168368518352509 0.7410479187965393
[loftr_wrapper.py] pair_ids (69,)
[loftr_wrapper.py] corres: (69, 5)
[loftr_wrapper.py] image0: torch.Size([1, 1, 400, 400])
[loftr_wrapper.py] net forward
[loftr_wrapper.py] mconf, 0.20487771928310394 0.8971357941627502
[loftr_wrapper.py] pair_ids (77,)
[loftr_wrapper.py] corres: (77, 5)
[loftr_wrapper.py] image0: torch.Size([1, 1, 400, 400])
[loftr_wrapper.py] net forward
[loftr_wrapper.py] mconf, 0.20517461001873016 0.7876654267311096
[loftr_wrapper.py] pair_ids (48,)
[loftr_wrapper.py] corres: (48, 5)
[loftr_wrapper.py] image0: torch.Size([1, 1, 400, 400])
[loftr_wrapper.py] net forward
[loftr_wrapper.py] mconf, 0.20184117555618286 0.7271454334259033
[loftr_wrapper.py] pair_ids (64,)
[loftr_wrapper.py] corres: (64, 5)
[loftr_wrapper.py] image0: torch.Size([1, 1, 400, 400])
[loftr_wrapper.py] net forward
[loftr_wrapper.py] mconf, 0.2017228901386261 0.7653377652168274
[loftr_wrapper.py] pair_ids (71,)
[loftr_wrapper.py] corres: (71, 5)
  A MD-prior SB13 76/207 2.4s/kf | E-I=5.07 E-L=3.17 E-V2=105.10 E-V5b=114.55 E-V5d=114.86 E-V5x2=23.10 E-VI=47.70 | rot0 2.33
/home/kist/Desktop/BundleSAM3DGS/experiments/vggt_probe/models.py:30: FutureWarning: `torch.cuda.amp.autocast(args...)` is deprecated. Please use `torch.amp.autocast('cuda', args...)` instead.
  with torch.cuda.amp.autocast(dtype=torch.bfloat16):
/home/kist/venvs/vggt_probe/lib/python3.10/site-packages/vggt/models/vggt.py:65: FutureWarning: `torch.cuda.amp.autocast(args...)` is deprecated. Please use `torch.amp.autocast('cuda', args...)` instead.
  with torch.cuda.amp.autocast(enabled=False):
[loftr_wrapper.py] image0: torch.Size([1, 1, 400, 400])
/home/kist/Desktop/BundleSAM3DGS/loftr_wrapper.py:45: FutureWarning: `torch.cuda.amp.autocast(args...)` is deprecated. Please use `torch.amp.autocast('cuda', args...)` instead.
  with torch.cuda.amp.autocast(enabled=True):
[loftr_wrapper.py] net forward
[loftr_wrapper.py] mconf, 0.20021800696849823 0.8411766886711121
[loftr_wrapper.py] pair_ids (68,)
[loftr_wrapper.py] corres: (68, 5)
[loftr_wrapper.py] image0: torch.Size([1, 1, 400, 400])
[loftr_wrapper.py] net forward
[loftr_wrapper.py] mconf, 0.2029523402452469 0.8350204825401306
[loftr_wrapper.py] pair_ids (66,)
[loftr_wrapper.py] corres: (66, 5)
[loftr_wrapper.py] image0: torch.Size([1, 1, 400, 400])
[loftr_wrapper.py] net forward
[loftr_wrapper.py] mconf, 0.20335324108600616 0.8001434206962585
[loftr_wrapper.py] pair_ids (59,)
[loftr_wrapper.py] corres: (59, 5)
[loftr_wrapper.py] image0: torch.Size([1, 1, 400, 400])
[loftr_wrapper.py] net forward
[loftr_wrapper.py] mconf, 0.20095160603523254 0.826322078704834
[loftr_wrapper.py] pair_ids (59,)
[loftr_wrapper.py] corres: (59, 5)
[loftr_wrapper.py] image0: torch.Size([1, 1, 400, 400])
[loftr_wrapper.py] net forward
[loftr_wrapper.py] mconf, 0.20145118236541748 0.7420480847358704
[loftr_wrapper.py] pair_ids (59,)
[loftr_wrapper.py] corres: (59, 5)
[loftr_wrapper.py] image0: torch.Size([1, 1, 400, 400])
[loftr_wrapper.py] net forward
[loftr_wrapper.py] mconf, 0.20024913549423218 0.716580331325531
[loftr_wrapper.py] pair_ids (63,)
[loftr_wrapper.py] corres: (63, 5)
[loftr_wrapper.py] image0: torch.Size([1, 1, 400, 400])
[loftr_wrapper.py] net forward
[loftr_wrapper.py] mconf, 0.20441555976867676 0.6784772276878357
[loftr_wrapper.py] pair_ids (72,)
[loftr_wrapper.py] corres: (72, 5)
[loftr_wrapper.py] image0: torch.Size([1, 1, 400, 400])
[loftr_wrapper.py] net forward
[loftr_wrapper.py] mconf, 0.20717912912368774 0.6078764796257019
[loftr_wrapper.py] pair_ids (74,)
[loftr_wrapper.py] corres: (74, 5)
[loftr_wrapper.py] image0: torch.Size([1, 1, 400, 400])
[loftr_wrapper.py] net forward
[loftr_wrapper.py] mconf, 0.20046494901180267 0.7961153984069824
[loftr_wrapper.py] pair_ids (78,)
[loftr_wrapper.py] corres: (78, 5)
[loftr_wrapper.py] image0: torch.Size([1, 1, 400, 400])
[loftr_wrapper.py] net forward
[loftr_wrapper.py] mconf, 0.2006007730960846 0.917015016078949
[loftr_wrapper.py] pair_ids (65,)
[loftr_wrapper.py] corres: (65, 5)
[loftr_wrapper.py] image0: torch.Size([1, 1, 400, 400])
[loftr_wrapper.py] net forward
[loftr_wrapper.py] mconf, 0.20921485126018524 0.638920247554779
[loftr_wrapper.py] pair_ids (57,)
[loftr_wrapper.py] corres: (57, 5)
[loftr_wrapper.py] image0: torch.Size([1, 1, 400, 400])
[loftr_wrapper.py] net forward
[loftr_wrapper.py] mconf, 0.20012082159519196 0.7216717004776001
[loftr_wrapper.py] pair_ids (81,)
[loftr_wrapper.py] corres: (81, 5)
[loftr_wrapper.py] image0: torch.Size([1, 1, 400, 400])
[loftr_wrapper.py] net forward
[loftr_wrapper.py] mconf, 0.20402561128139496 0.7217384576797485
[loftr_wrapper.py] pair_ids (94,)
[loftr_wrapper.py] corres: (94, 5)
[loftr_wrapper.py] image0: torch.Size([1, 1, 400, 400])
[loftr_wrapper.py] net forward
[loftr_wrapper.py] mconf, 0.20062129199504852 0.7485155463218689
[loftr_wrapper.py] pair_ids (41,)
[loftr_wrapper.py] corres: (41, 5)
[loftr_wrapper.py] image0: torch.Size([1, 1, 400, 400])
[loftr_wrapper.py] net forward
[loftr_wrapper.py] mconf, 0.20306888222694397 0.7815655469894409
[loftr_wrapper.py] pair_ids (41,)
[loftr_wrapper.py] corres: (41, 5)
[loftr_wrapper.py] image0: torch.Size([1, 1, 400, 400])
[loftr_wrapper.py] net forward
[loftr_wrapper.py] mconf, 0.20010848343372345 0.7839308977127075
[loftr_wrapper.py] pair_ids (40,)
[loftr_wrapper.py] corres: (40, 5)
[loftr_wrapper.py] image0: torch.Size([1, 1, 400, 400])
[loftr_wrapper.py] net forward
[loftr_wrapper.py] mconf, 0.20807431638240814 0.648701548576355
[loftr_wrapper.py] pair_ids (44,)
[loftr_wrapper.py] corres: (44, 5)
[loftr_wrapper.py] image0: torch.Size([1, 1, 400, 400])
[loftr_wrapper.py] net forward
[loftr_wrapper.py] mconf, 0.2019525021314621 0.8048773407936096
[loftr_wrapper.py] pair_ids (50,)
[loftr_wrapper.py] corres: (50, 5)
[loftr_wrapper.py] image0: torch.Size([1, 1, 400, 400])
[loftr_wrapper.py] net forward
[loftr_wrapper.py] mconf, 0.20069098472595215 0.8327038288116455
[loftr_wrapper.py] pair_ids (70,)
[loftr_wrapper.py] corres: (70, 5)
[loftr_wrapper.py] image0: torch.Size([1, 1, 400, 400])
[loftr_wrapper.py] net forward
[loftr_wrapper.py] mconf, 0.2007356584072113 0.8735877871513367
[loftr_wrapper.py] pair_ids (91,)
[loftr_wrapper.py] corres: (91, 5)
[loftr_wrapper.py] image0: torch.Size([1, 1, 400, 400])
[loftr_wrapper.py] net forward
[loftr_wrapper.py] mconf, 0.20198124647140503 0.9317018985748291
[loftr_wrapper.py] pair_ids (142,)
[loftr_wrapper.py] corres: (142, 5)
[loftr_wrapper.py] image0: torch.Size([1, 1, 400, 400])
[loftr_wrapper.py] net forward
[loftr_wrapper.py] mconf, 0.20125485956668854 0.9743722677230835
[loftr_wrapper.py] pair_ids (159,)
[loftr_wrapper.py] corres: (159, 5)
[loftr_wrapper.py] image0: torch.Size([1, 1, 400, 400])
[loftr_wrapper.py] net forward
[loftr_wrapper.py] mconf, 0.20102252066135406 0.986248254776001
[loftr_wrapper.py] pair_ids (185,)
[loftr_wrapper.py] corres: (185, 5)
[loftr_wrapper.py] image0: torch.Size([1, 1, 400, 400])
[loftr_wrapper.py] net forward
[loftr_wrapper.py] mconf, 0.20505200326442719 0.9224357008934021
[loftr_wrapper.py] pair_ids (167,)
[loftr_wrapper.py] corres: (167, 5)
[loftr_wrapper.py] image0: torch.Size([1, 1, 400, 400])
[loftr_wrapper.py] net forward
[loftr_wrapper.py] mconf, 0.2028694599866867 0.9064628481864929
[loftr_wrapper.py] pair_ids (152,)
[loftr_wrapper.py] corres: (152, 5)
  A MD-prior SB13 101/207 2.4s/kf | E-I=6.40 E-L=8.76 E-V2=93.91 E-V5b=124.17 E-V5d=124.05 E-V5x2=102.05 E-VI=102.05 | rot0 21.23
/home/kist/Desktop/BundleSAM3DGS/experiments/vggt_probe/models.py:30: FutureWarning: `torch.cuda.amp.autocast(args...)` is deprecated. Please use `torch.amp.autocast('cuda', args...)` instead.
  with torch.cuda.amp.autocast(dtype=torch.bfloat16):
/home/kist/venvs/vggt_probe/lib/python3.10/site-packages/vggt/models/vggt.py:65: FutureWarning: `torch.cuda.amp.autocast(args...)` is deprecated. Please use `torch.amp.autocast('cuda', args...)` instead.
  with torch.cuda.amp.autocast(enabled=False):
[loftr_wrapper.py] image0: torch.Size([1, 1, 400, 400])
/home/kist/Desktop/BundleSAM3DGS/loftr_wrapper.py:45: FutureWarning: `torch.cuda.amp.autocast(args...)` is deprecated. Please use `torch.amp.autocast('cuda', args...)` instead.
  with torch.cuda.amp.autocast(enabled=True):
[loftr_wrapper.py] net forward
[loftr_wrapper.py] mconf, 0.20283102989196777 0.8876340389251709
[loftr_wrapper.py] pair_ids (145,)
[loftr_wrapper.py] corres: (145, 5)
[loftr_wrapper.py] image0: torch.Size([1, 1, 400, 400])
[loftr_wrapper.py] net forward
[loftr_wrapper.py] mconf, 0.20467215776443481 0.9278334379196167
[loftr_wrapper.py] pair_ids (134,)
[loftr_wrapper.py] corres: (134, 5)
[loftr_wrapper.py] image0: torch.Size([1, 1, 400, 400])
[loftr_wrapper.py] net forward
[loftr_wrapper.py] mconf, 0.2141716331243515 0.973914384841919
[loftr_wrapper.py] pair_ids (126,)
[loftr_wrapper.py] corres: (126, 5)
[loftr_wrapper.py] image0: torch.Size([1, 1, 400, 400])
[loftr_wrapper.py] net forward
[loftr_wrapper.py] mconf, 0.20051774382591248 0.966367244720459
[loftr_wrapper.py] pair_ids (93,)
[loftr_wrapper.py] corres: (93, 5)
[loftr_wrapper.py] image0: torch.Size([1, 1, 400, 400])
[loftr_wrapper.py] net forward
[loftr_wrapper.py] mconf, 0.20315372943878174 0.9615590572357178
[loftr_wrapper.py] pair_ids (53,)
[loftr_wrapper.py] corres: (53, 5)
[loftr_wrapper.py] image0: torch.Size([1, 1, 400, 400])
[loftr_wrapper.py] net forward
[loftr_wrapper.py] mconf, 0.20143327116966248 0.6899330019950867
[loftr_wrapper.py] pair_ids (29,)
[loftr_wrapper.py] corres: (29, 5)
[loftr_wrapper.py] image0: torch.Size([1, 1, 400, 400])
[loftr_wrapper.py] net forward
[loftr_wrapper.py] mconf, 0.20784161984920502 0.6720098853111267
[loftr_wrapper.py] pair_ids (32,)
[loftr_wrapper.py] corres: (32, 5)
[loftr_wrapper.py] image0: torch.Size([1, 1, 400, 400])
[loftr_wrapper.py] net forward
[loftr_wrapper.py] mconf, 0.20027950406074524 0.6564556956291199
[loftr_wrapper.py] pair_ids (24,)
[loftr_wrapper.py] corres: (24, 5)
[loftr_wrapper.py] image0: torch.Size([1, 1, 400, 400])
[loftr_wrapper.py] net forward
[loftr_wrapper.py] mconf, 0.202263742685318 0.7247219085693359
[loftr_wrapper.py] pair_ids (23,)
[loftr_wrapper.py] corres: (23, 5)
[loftr_wrapper.py] image0: torch.Size([1, 1, 400, 400])
[loftr_wrapper.py] net forward
[loftr_wrapper.py] mconf, 0.21029476821422577 0.7387570142745972
[loftr_wrapper.py] pair_ids (31,)
[loftr_wrapper.py] corres: (31, 5)
[loftr_wrapper.py] image0: torch.Size([1, 1, 400, 400])
[loftr_wrapper.py] net forward
[loftr_wrapper.py] mconf, 0.20199808478355408 0.7347825765609741
[loftr_wrapper.py] pair_ids (24,)
[loftr_wrapper.py] corres: (24, 5)
[loftr_wrapper.py] image0: torch.Size([1, 1, 400, 400])
[loftr_wrapper.py] net forward
[loftr_wrapper.py] mconf, 0.21293941140174866 0.7904937267303467
[loftr_wrapper.py] pair_ids (21,)
[loftr_wrapper.py] corres: (21, 5)
[loftr_wrapper.py] image0: torch.Size([1, 1, 400, 400])
[loftr_wrapper.py] net forward
[loftr_wrapper.py] mconf, 0.2019856721162796 0.6159402132034302
[loftr_wrapper.py] pair_ids (20,)
[loftr_wrapper.py] corres: (20, 5)
[loftr_wrapper.py] image0: torch.Size([1, 1, 400, 400])
[loftr_wrapper.py] net forward
[loftr_wrapper.py] mconf, 0.20101818442344666 0.7418385744094849
[loftr_wrapper.py] pair_ids (21,)
[loftr_wrapper.py] corres: (21, 5)
[loftr_wrapper.py] image0: torch.Size([1, 1, 400, 400])
[loftr_wrapper.py] net forward
[loftr_wrapper.py] mconf, 0.20204252004623413 0.6197936534881592
[loftr_wrapper.py] pair_ids (23,)
[loftr_wrapper.py] corres: (23, 5)
[loftr_wrapper.py] image0: torch.Size([1, 1, 400, 400])
[loftr_wrapper.py] net forward
[loftr_wrapper.py] mconf, 0.20537787675857544 0.797417402267456
[loftr_wrapper.py] pair_ids (33,)
[loftr_wrapper.py] corres: (33, 5)
[loftr_wrapper.py] image0: torch.Size([1, 1, 400, 400])
[loftr_wrapper.py] net forward
[loftr_wrapper.py] mconf, 0.20263898372650146 0.8136762976646423
[loftr_wrapper.py] pair_ids (48,)
[loftr_wrapper.py] corres: (48, 5)
[loftr_wrapper.py] image0: torch.Size([1, 1, 400, 400])
[loftr_wrapper.py] net forward
[loftr_wrapper.py] mconf, 0.2005610316991806 0.728097677230835
[loftr_wrapper.py] pair_ids (41,)
[loftr_wrapper.py] corres: (41, 5)
[loftr_wrapper.py] image0: torch.Size([1, 1, 400, 400])
[loftr_wrapper.py] net forward
[loftr_wrapper.py] mconf, 0.20944099128246307 0.6663061380386353
[loftr_wrapper.py] pair_ids (22,)
[loftr_wrapper.py] corres: (22, 5)
[loftr_wrapper.py] image0: torch.Size([1, 1, 400, 400])
[loftr_wrapper.py] net forward
[loftr_wrapper.py] mconf, 0.20005488395690918 0.7115236520767212
[loftr_wrapper.py] pair_ids (38,)
[loftr_wrapper.py] corres: (38, 5)
[loftr_wrapper.py] image0: torch.Size([1, 1, 400, 400])
[loftr_wrapper.py] net forward
[loftr_wrapper.py] mconf, 0.20170800387859344 0.8158324956893921
[loftr_wrapper.py] pair_ids (37,)
[loftr_wrapper.py] corres: (37, 5)
[loftr_wrapper.py] image0: torch.Size([1, 1, 400, 400])
[loftr_wrapper.py] net forward
[loftr_wrapper.py] mconf, 0.2006540298461914 0.8767017126083374
[loftr_wrapper.py] pair_ids (29,)
[loftr_wrapper.py] corres: (29, 5)
[loftr_wrapper.py] image0: torch.Size([1, 1, 400, 400])
[loftr_wrapper.py] net forward
[loftr_wrapper.py] mconf, 0.20569904148578644 0.6069765090942383
[loftr_wrapper.py] pair_ids (35,)
[loftr_wrapper.py] corres: (35, 5)
[loftr_wrapper.py] image0: torch.Size([1, 1, 400, 400])
[loftr_wrapper.py] net forward
[loftr_wrapper.py] mconf, 0.2076113075017929 0.6434102058410645
[loftr_wrapper.py] pair_ids (32,)
[loftr_wrapper.py] corres: (32, 5)
[loftr_wrapper.py] image0: torch.Size([1, 1, 400, 400])
[loftr_wrapper.py] net forward
[loftr_wrapper.py] mconf, 0.20769323408603668 0.5197387933731079
[loftr_wrapper.py] pair_ids (29,)
[loftr_wrapper.py] corres: (29, 5)
  A MD-prior SB13 126/207 2.4s/kf | E-I=4.87 E-L=10.60 E-V2=84.21 E-V5b=109.70 E-V5d=110.65 E-V5x2=113.47 E-VI=120.96 | rot0 13.27
/home/kist/Desktop/BundleSAM3DGS/experiments/vggt_probe/models.py:30: FutureWarning: `torch.cuda.amp.autocast(args...)` is deprecated. Please use `torch.amp.autocast('cuda', args...)` instead.
  with torch.cuda.amp.autocast(dtype=torch.bfloat16):
/home/kist/venvs/vggt_probe/lib/python3.10/site-packages/vggt/models/vggt.py:65: FutureWarning: `torch.cuda.amp.autocast(args...)` is deprecated. Please use `torch.amp.autocast('cuda', args...)` instead.
  with torch.cuda.amp.autocast(enabled=False):
[loftr_wrapper.py] image0: torch.Size([1, 1, 400, 400])
/home/kist/Desktop/BundleSAM3DGS/loftr_wrapper.py:45: FutureWarning: `torch.cuda.amp.autocast(args...)` is deprecated. Please use `torch.amp.autocast('cuda', args...)` instead.
  with torch.cuda.amp.autocast(enabled=True):
[loftr_wrapper.py] net forward
[loftr_wrapper.py] mconf, 0.20162662863731384 0.5560352802276611
[loftr_wrapper.py] pair_ids (49,)
[loftr_wrapper.py] corres: (49, 5)
[loftr_wrapper.py] image0: torch.Size([1, 1, 400, 400])
[loftr_wrapper.py] net forward
[loftr_wrapper.py] mconf, 0.2042345255613327 0.6967931389808655
[loftr_wrapper.py] pair_ids (40,)
[loftr_wrapper.py] corres: (40, 5)
[loftr_wrapper.py] image0: torch.Size([1, 1, 400, 400])
[loftr_wrapper.py] net forward
[loftr_wrapper.py] mconf, 0.20112913846969604 0.6264092326164246
[loftr_wrapper.py] pair_ids (51,)
[loftr_wrapper.py] corres: (51, 5)
[loftr_wrapper.py] image0: torch.Size([1, 1, 400, 400])
[loftr_wrapper.py] net forward
[loftr_wrapper.py] mconf, 0.20484860241413116 0.7422289252281189
[loftr_wrapper.py] pair_ids (40,)
[loftr_wrapper.py] corres: (40, 5)
[loftr_wrapper.py] image0: torch.Size([1, 1, 400, 400])
[loftr_wrapper.py] net forward
[loftr_wrapper.py] mconf, 0.20008248090744019 0.7139270901679993
[loftr_wrapper.py] pair_ids (80,)
[loftr_wrapper.py] corres: (80, 5)
[loftr_wrapper.py] image0: torch.Size([1, 1, 400, 400])
[loftr_wrapper.py] net forward
[loftr_wrapper.py] mconf, 0.20000717043876648 0.9584894180297852
[loftr_wrapper.py] pair_ids (97,)
[loftr_wrapper.py] corres: (97, 5)
[loftr_wrapper.py] image0: torch.Size([1, 1, 400, 400])
[loftr_wrapper.py] net forward
[loftr_wrapper.py] mconf, 0.20175354182720184 0.9433149695396423
[loftr_wrapper.py] pair_ids (180,)
[loftr_wrapper.py] corres: (180, 5)
[loftr_wrapper.py] image0: torch.Size([1, 1, 400, 400])
[loftr_wrapper.py] net forward
[loftr_wrapper.py] mconf, 0.20107553899288177 0.9789427518844604
[loftr_wrapper.py] pair_ids (212,)
[loftr_wrapper.py] corres: (212, 5)
[loftr_wrapper.py] image0: torch.Size([1, 1, 400, 400])
[loftr_wrapper.py] net forward
[loftr_wrapper.py] mconf, 0.20537714660167694 0.947327196598053
[loftr_wrapper.py] pair_ids (228,)
[loftr_wrapper.py] corres: (228, 5)
[loftr_wrapper.py] image0: torch.Size([1, 1, 400, 400])
[loftr_wrapper.py] net forward
[loftr_wrapper.py] mconf, 0.20056535303592682 0.8504310846328735
[loftr_wrapper.py] pair_ids (228,)
[loftr_wrapper.py] corres: (228, 5)
[loftr_wrapper.py] image0: torch.Size([1, 1, 400, 400])
[loftr_wrapper.py] net forward
[loftr_wrapper.py] mconf, 0.2001151442527771 0.9459604620933533
[loftr_wrapper.py] pair_ids (257,)
[loftr_wrapper.py] corres: (257, 5)
[loftr_wrapper.py] image0: torch.Size([1, 1, 400, 400])
[loftr_wrapper.py] net forward
[loftr_wrapper.py] mconf, 0.2005677968263626 0.9861746430397034
[loftr_wrapper.py] pair_ids (260,)
[loftr_wrapper.py] corres: (260, 5)
[loftr_wrapper.py] image0: torch.Size([1, 1, 400, 400])
[loftr_wrapper.py] net forward
[loftr_wrapper.py] mconf, 0.2058410495519638 0.9976630806922913
[loftr_wrapper.py] pair_ids (288,)
[loftr_wrapper.py] corres: (288, 5)
[loftr_wrapper.py] image0: torch.Size([1, 1, 400, 400])
[loftr_wrapper.py] net forward
[loftr_wrapper.py] mconf, 0.20119252800941467 0.9869437217712402
[loftr_wrapper.py] pair_ids (265,)
[loftr_wrapper.py] corres: (265, 5)
[loftr_wrapper.py] image0: torch.Size([1, 1, 400, 400])
[loftr_wrapper.py] net forward
[loftr_wrapper.py] mconf, 0.20192444324493408 0.9632957577705383
[loftr_wrapper.py] pair_ids (214,)
[loftr_wrapper.py] corres: (214, 5)
[loftr_wrapper.py] image0: torch.Size([1, 1, 400, 400])
[loftr_wrapper.py] net forward
[loftr_wrapper.py] mconf, 0.20040835440158844 0.9977496266365051
[loftr_wrapper.py] pair_ids (243,)
[loftr_wrapper.py] corres: (243, 5)
[loftr_wrapper.py] image0: torch.Size([1, 1, 400, 400])
[loftr_wrapper.py] net forward
[loftr_wrapper.py] mconf, 0.2030126452445984 0.9895313382148743
[loftr_wrapper.py] pair_ids (205,)
[loftr_wrapper.py] corres: (205, 5)
[loftr_wrapper.py] image0: torch.Size([1, 1, 400, 400])
[loftr_wrapper.py] net forward
[loftr_wrapper.py] mconf, 0.21024708449840546 0.9763901233673096
[loftr_wrapper.py] pair_ids (134,)
[loftr_wrapper.py] corres: (134, 5)
[loftr_wrapper.py] image0: torch.Size([1, 1, 400, 400])
[loftr_wrapper.py] net forward
[loftr_wrapper.py] mconf, 0.20127026736736298 0.9919194579124451
[loftr_wrapper.py] pair_ids (266,)
[loftr_wrapper.py] corres: (266, 5)
[loftr_wrapper.py] image0: torch.Size([1, 1, 400, 400])
[loftr_wrapper.py] net forward
[loftr_wrapper.py] mconf, 0.20465819537639618 0.996454656124115
[loftr_wrapper.py] pair_ids (335,)
[loftr_wrapper.py] corres: (335, 5)
[loftr_wrapper.py] image0: torch.Size([1, 1, 400, 400])
[loftr_wrapper.py] net forward
[loftr_wrapper.py] mconf, 0.20009256899356842 0.9662303328514099
[loftr_wrapper.py] pair_ids (323,)
[loftr_wrapper.py] corres: (323, 5)
[loftr_wrapper.py] image0: torch.Size([1, 1, 400, 400])
[loftr_wrapper.py] net forward
[loftr_wrapper.py] mconf, 0.20109045505523682 0.9929688572883606
[loftr_wrapper.py] pair_ids (464,)
[loftr_wrapper.py] corres: (464, 5)
[loftr_wrapper.py] image0: torch.Size([1, 1, 400, 400])
[loftr_wrapper.py] net forward
[loftr_wrapper.py] mconf, 0.2008446604013443 0.984135627746582
[loftr_wrapper.py] pair_ids (471,)
[loftr_wrapper.py] corres: (471, 5)
[loftr_wrapper.py] image0: torch.Size([1, 1, 400, 400])
[loftr_wrapper.py] net forward
[loftr_wrapper.py] mconf, 0.20002438127994537 0.9964599609375
[loftr_wrapper.py] pair_ids (438,)
[loftr_wrapper.py] corres: (438, 5)
[loftr_wrapper.py] image0: torch.Size([1, 1, 400, 400])
[loftr_wrapper.py] net forward
[loftr_wrapper.py] mconf, 0.20052476227283478 0.9985097646713257
[loftr_wrapper.py] pair_ids (420,)
[loftr_wrapper.py] corres: (420, 5)
  A MD-prior SB13 151/207 2.5s/kf | E-I=2.13 E-L=1.46 E-V2=119.86 E-V5b=77.31 E-V5d=77.11 E-V5x2=16.03 E-VI=16.03 | rot0 2.82
/home/kist/Desktop/BundleSAM3DGS/experiments/vggt_probe/models.py:30: FutureWarning: `torch.cuda.amp.autocast(args...)` is deprecated. Please use `torch.amp.autocast('cuda', args...)` instead.
  with torch.cuda.amp.autocast(dtype=torch.bfloat16):
/home/kist/venvs/vggt_probe/lib/python3.10/site-packages/vggt/models/vggt.py:65: FutureWarning: `torch.cuda.amp.autocast(args...)` is deprecated. Please use `torch.amp.autocast('cuda', args...)` instead.
  with torch.cuda.amp.autocast(enabled=False):
[loftr_wrapper.py] image0: torch.Size([1, 1, 400, 400])
/home/kist/Desktop/BundleSAM3DGS/loftr_wrapper.py:45: FutureWarning: `torch.cuda.amp.autocast(args...)` is deprecated. Please use `torch.amp.autocast('cuda', args...)` instead.
  with torch.cuda.amp.autocast(enabled=True):
[loftr_wrapper.py] net forward
[loftr_wrapper.py] mconf, 0.20140057802200317 0.9975576996803284
[loftr_wrapper.py] pair_ids (449,)
[loftr_wrapper.py] corres: (449, 5)
[loftr_wrapper.py] image0: torch.Size([1, 1, 400, 400])
[loftr_wrapper.py] net forward
[loftr_wrapper.py] mconf, 0.201312854886055 0.9955613613128662
[loftr_wrapper.py] pair_ids (426,)
[loftr_wrapper.py] corres: (426, 5)
[loftr_wrapper.py] image0: torch.Size([1, 1, 400, 400])
[loftr_wrapper.py] net forward
[loftr_wrapper.py] mconf, 0.20057876408100128 0.992857038974762
[loftr_wrapper.py] pair_ids (451,)
[loftr_wrapper.py] corres: (451, 5)
[loftr_wrapper.py] image0: torch.Size([1, 1, 400, 400])
[loftr_wrapper.py] net forward
[loftr_wrapper.py] mconf, 0.20607876777648926 0.9982003569602966
[loftr_wrapper.py] pair_ids (450,)
[loftr_wrapper.py] corres: (450, 5)
[loftr_wrapper.py] image0: torch.Size([1, 1, 400, 400])
[loftr_wrapper.py] net forward
[loftr_wrapper.py] mconf, 0.20015117526054382 0.9980828762054443
[loftr_wrapper.py] pair_ids (455,)
[loftr_wrapper.py] corres: (455, 5)
[loftr_wrapper.py] image0: torch.Size([1, 1, 400, 400])
[loftr_wrapper.py] net forward
[loftr_wrapper.py] mconf, 0.2014789581298828 0.9987930655479431
[loftr_wrapper.py] pair_ids (430,)
[loftr_wrapper.py] corres: (430, 5)
[loftr_wrapper.py] image0: torch.Size([1, 1, 400, 400])
[loftr_wrapper.py] net forward
[loftr_wrapper.py] mconf, 0.20057758688926697 0.9990643858909607
[loftr_wrapper.py] pair_ids (397,)
[loftr_wrapper.py] corres: (397, 5)
[loftr_wrapper.py] image0: torch.Size([1, 1, 400, 400])
[loftr_wrapper.py] net forward
[loftr_wrapper.py] mconf, 0.20121777057647705 0.9956134557723999
[loftr_wrapper.py] pair_ids (368,)
[loftr_wrapper.py] corres: (368, 5)
[loftr_wrapper.py] image0: torch.Size([1, 1, 400, 400])
[loftr_wrapper.py] net forward
[loftr_wrapper.py] mconf, 0.20346644520759583 0.9913713335990906
[loftr_wrapper.py] pair_ids (329,)
[loftr_wrapper.py] corres: (329, 5)
[loftr_wrapper.py] image0: torch.Size([1, 1, 400, 400])
[loftr_wrapper.py] net forward
[loftr_wrapper.py] mconf, 0.20244914293289185 0.9973500967025757
[loftr_wrapper.py] pair_ids (306,)
[loftr_wrapper.py] corres: (306, 5)
[loftr_wrapper.py] image0: torch.Size([1, 1, 400, 400])
[loftr_wrapper.py] net forward
[loftr_wrapper.py] mconf, 0.20127668976783752 0.9821451306343079
[loftr_wrapper.py] pair_ids (265,)
[loftr_wrapper.py] corres: (265, 5)
[loftr_wrapper.py] image0: torch.Size([1, 1, 400, 400])
[loftr_wrapper.py] net forward
[loftr_wrapper.py] mconf, 0.2027360051870346 0.902347981929779
[loftr_wrapper.py] pair_ids (238,)
[loftr_wrapper.py] corres: (238, 5)
[loftr_wrapper.py] image0: torch.Size([1, 1, 400, 400])
[loftr_wrapper.py] net forward
[loftr_wrapper.py] mconf, 0.2000419646501541 0.9848094582557678
[loftr_wrapper.py] pair_ids (263,)
[loftr_wrapper.py] corres: (263, 5)
[loftr_wrapper.py] image0: torch.Size([1, 1, 400, 400])
[loftr_wrapper.py] net forward
[loftr_wrapper.py] mconf, 0.2000875174999237 0.9701162576675415
[loftr_wrapper.py] pair_ids (215,)
[loftr_wrapper.py] corres: (215, 5)
[loftr_wrapper.py] image0: torch.Size([1, 1, 400, 400])
[loftr_wrapper.py] net forward
[loftr_wrapper.py] mconf, 0.20051562786102295 0.994788408279419
[loftr_wrapper.py] pair_ids (150,)
[loftr_wrapper.py] corres: (150, 5)
[loftr_wrapper.py] image0: torch.Size([1, 1, 400, 400])
[loftr_wrapper.py] net forward
[loftr_wrapper.py] mconf, 0.2021482139825821 0.8555488586425781
[loftr_wrapper.py] pair_ids (104,)
[loftr_wrapper.py] corres: (104, 5)
[loftr_wrapper.py] image0: torch.Size([1, 1, 400, 400])
[loftr_wrapper.py] net forward
[loftr_wrapper.py] mconf, 0.20191092789173126 0.8936894536018372
[loftr_wrapper.py] pair_ids (66,)
[loftr_wrapper.py] corres: (66, 5)
[loftr_wrapper.py] image0: torch.Size([1, 1, 400, 400])
[loftr_wrapper.py] net forward
[loftr_wrapper.py] mconf, 0.20086011290550232 0.9304273724555969
[loftr_wrapper.py] pair_ids (40,)
[loftr_wrapper.py] corres: (40, 5)
[loftr_wrapper.py] image0: torch.Size([1, 1, 400, 400])
[loftr_wrapper.py] net forward
[loftr_wrapper.py] mconf, 0.20439079403877258 0.8877501487731934
[loftr_wrapper.py] pair_ids (38,)
[loftr_wrapper.py] corres: (38, 5)
[loftr_wrapper.py] image0: torch.Size([1, 1, 400, 400])
[loftr_wrapper.py] net forward
[loftr_wrapper.py] mconf, 0.21839983761310577 0.6160175800323486
[loftr_wrapper.py] pair_ids (32,)
[loftr_wrapper.py] corres: (32, 5)
[loftr_wrapper.py] image0: torch.Size([1, 1, 400, 400])
[loftr_wrapper.py] net forward
[loftr_wrapper.py] mconf, 0.20088252425193787 0.5968990921974182
[loftr_wrapper.py] pair_ids (25,)
[loftr_wrapper.py] corres: (25, 5)
[loftr_wrapper.py] image0: torch.Size([1, 1, 400, 400])
[loftr_wrapper.py] net forward
[loftr_wrapper.py] mconf, 0.2034289538860321 0.726515531539917
[loftr_wrapper.py] pair_ids (15,)
[loftr_wrapper.py] corres: (15, 5)
[loftr_wrapper.py] image0: torch.Size([1, 1, 400, 400])
[loftr_wrapper.py] net forward
[loftr_wrapper.py] mconf, 0.20469984412193298 0.6922036409378052
[loftr_wrapper.py] pair_ids (29,)
[loftr_wrapper.py] corres: (29, 5)
[loftr_wrapper.py] image0: torch.Size([1, 1, 400, 400])
[loftr_wrapper.py] net forward
[loftr_wrapper.py] mconf, 0.2137761116027832 0.6189375519752502
[loftr_wrapper.py] pair_ids (31,)
[loftr_wrapper.py] corres: (31, 5)
[loftr_wrapper.py] image0: torch.Size([1, 1, 400, 400])
[loftr_wrapper.py] net forward
[loftr_wrapper.py] mconf, 0.20531781017780304 0.6088885068893433
[loftr_wrapper.py] pair_ids (19,)
[loftr_wrapper.py] corres: (19, 5)
  A MD-prior SB13 176/207 2.4s/kf | E-I=3.79 E-L=2.43 E-V2=97.64 E-V5b=76.67 E-V5d=76.68 E-V5x2=22.46 E-VI=22.46 | rot0 2.35
/home/kist/Desktop/BundleSAM3DGS/experiments/vggt_probe/models.py:30: FutureWarning: `torch.cuda.amp.autocast(args...)` is deprecated. Please use `torch.amp.autocast('cuda', args...)` instead.
  with torch.cuda.amp.autocast(dtype=torch.bfloat16):
/home/kist/venvs/vggt_probe/lib/python3.10/site-packages/vggt/models/vggt.py:65: FutureWarning: `torch.cuda.amp.autocast(args...)` is deprecated. Please use `torch.amp.autocast('cuda', args...)` instead.
  with torch.cuda.amp.autocast(enabled=False):
[loftr_wrapper.py] image0: torch.Size([1, 1, 400, 400])
/home/kist/Desktop/BundleSAM3DGS/loftr_wrapper.py:45: FutureWarning: `torch.cuda.amp.autocast(args...)` is deprecated. Please use `torch.amp.autocast('cuda', args...)` instead.
  with torch.cuda.amp.autocast(enabled=True):
[loftr_wrapper.py] net forward
[loftr_wrapper.py] mconf, 0.21004228293895721 0.8685236573219299
[loftr_wrapper.py] pair_ids (30,)
[loftr_wrapper.py] corres: (30, 5)
[loftr_wrapper.py] image0: torch.Size([1, 1, 400, 400])
[loftr_wrapper.py] net forward
[loftr_wrapper.py] mconf, 0.21380549669265747 0.7580128312110901
[loftr_wrapper.py] pair_ids (36,)
[loftr_wrapper.py] corres: (36, 5)
[loftr_wrapper.py] image0: torch.Size([1, 1, 400, 400])
[loftr_wrapper.py] net forward
[loftr_wrapper.py] mconf, 0.20166899263858795 0.6452595591545105
[loftr_wrapper.py] pair_ids (35,)
[loftr_wrapper.py] corres: (35, 5)
[loftr_wrapper.py] image0: torch.Size([1, 1, 400, 400])
[loftr_wrapper.py] net forward
[loftr_wrapper.py] mconf, 0.20061218738555908 0.667263925075531
[loftr_wrapper.py] pair_ids (40,)
[loftr_wrapper.py] corres: (40, 5)
[loftr_wrapper.py] image0: torch.Size([1, 1, 400, 400])
[loftr_wrapper.py] net forward
[loftr_wrapper.py] mconf, 0.2006096988916397 0.5178041458129883
[loftr_wrapper.py] pair_ids (44,)
[loftr_wrapper.py] corres: (44, 5)
[loftr_wrapper.py] image0: torch.Size([1, 1, 400, 400])
[loftr_wrapper.py] net forward
[loftr_wrapper.py] mconf, 0.20281176269054413 0.8425697088241577
[loftr_wrapper.py] pair_ids (38,)
[loftr_wrapper.py] corres: (38, 5)
[loftr_wrapper.py] image0: torch.Size([1, 1, 400, 400])
[loftr_wrapper.py] net forward
[loftr_wrapper.py] mconf, 0.2062770426273346 0.7177110910415649
[loftr_wrapper.py] pair_ids (54,)
[loftr_wrapper.py] corres: (54, 5)
[loftr_wrapper.py] image0: torch.Size([1, 1, 400, 400])
[loftr_wrapper.py] net forward
[loftr_wrapper.py] mconf, 0.2039393186569214 0.7671657800674438
[loftr_wrapper.py] pair_ids (40,)
[loftr_wrapper.py] corres: (40, 5)
[loftr_wrapper.py] image0: torch.Size([1, 1, 400, 400])
[loftr_wrapper.py] net forward
[loftr_wrapper.py] mconf, 0.20554855465888977 0.6507892608642578
[loftr_wrapper.py] pair_ids (52,)
[loftr_wrapper.py] corres: (52, 5)
[loftr_wrapper.py] image0: torch.Size([1, 1, 400, 400])
[loftr_wrapper.py] net forward
[loftr_wrapper.py] mconf, 0.2053176611661911 0.6867963671684265
[loftr_wrapper.py] pair_ids (44,)
[loftr_wrapper.py] corres: (44, 5)
[loftr_wrapper.py] image0: torch.Size([1, 1, 400, 400])
[loftr_wrapper.py] net forward
[loftr_wrapper.py] mconf, 0.20217543840408325 0.6138943433761597
[loftr_wrapper.py] pair_ids (75,)
[loftr_wrapper.py] corres: (75, 5)
[loftr_wrapper.py] image0: torch.Size([1, 1, 400, 400])
[loftr_wrapper.py] net forward
[loftr_wrapper.py] mconf, 0.20266804099082947 0.6702801585197449
[loftr_wrapper.py] pair_ids (36,)
[loftr_wrapper.py] corres: (36, 5)
[loftr_wrapper.py] image0: torch.Size([1, 1, 400, 400])
[loftr_wrapper.py] net forward
[loftr_wrapper.py] mconf, 0.20048393309116364 0.8247972130775452
[loftr_wrapper.py] pair_ids (48,)
[loftr_wrapper.py] corres: (48, 5)
[loftr_wrapper.py] image0: torch.Size([1, 1, 400, 400])
[loftr_wrapper.py] net forward
[loftr_wrapper.py] mconf, 0.2002902776002884 0.9319874048233032
[loftr_wrapper.py] pair_ids (78,)
[loftr_wrapper.py] corres: (78, 5)
[loftr_wrapper.py] image0: torch.Size([1, 1, 400, 400])
[loftr_wrapper.py] net forward
[loftr_wrapper.py] mconf, 0.2005643993616104 0.9203342199325562
[loftr_wrapper.py] pair_ids (123,)
[loftr_wrapper.py] corres: (123, 5)
[loftr_wrapper.py] image0: torch.Size([1, 1, 400, 400])
[loftr_wrapper.py] net forward
[loftr_wrapper.py] mconf, 0.20174847543239594 0.9745206236839294
[loftr_wrapper.py] pair_ids (224,)
[loftr_wrapper.py] corres: (224, 5)
[loftr_wrapper.py] image0: torch.Size([1, 1, 400, 400])
[loftr_wrapper.py] net forward
[loftr_wrapper.py] mconf, 0.2002280354499817 0.9470749497413635
[loftr_wrapper.py] pair_ids (263,)
[loftr_wrapper.py] corres: (263, 5)
[loftr_wrapper.py] image0: torch.Size([1, 1, 400, 400])
[loftr_wrapper.py] net forward
[loftr_wrapper.py] mconf, 0.20028728246688843 0.9772545695304871
[loftr_wrapper.py] pair_ids (292,)
[loftr_wrapper.py] corres: (292, 5)
[loftr_wrapper.py] image0: torch.Size([1, 1, 400, 400])
[loftr_wrapper.py] net forward
[loftr_wrapper.py] mconf, 0.20033690333366394 0.9704241156578064
[loftr_wrapper.py] pair_ids (297,)
[loftr_wrapper.py] corres: (297, 5)
[loftr_wrapper.py] image0: torch.Size([1, 1, 400, 400])
[loftr_wrapper.py] net forward
[loftr_wrapper.py] mconf, 0.20161503553390503 0.9882543683052063
[loftr_wrapper.py] pair_ids (368,)
[loftr_wrapper.py] corres: (368, 5)
[loftr_wrapper.py] image0: torch.Size([1, 1, 400, 400])
[loftr_wrapper.py] net forward
[loftr_wrapper.py] mconf, 0.20147280395030975 0.9538090825080872
[loftr_wrapper.py] pair_ids (321,)
[loftr_wrapper.py] corres: (321, 5)
[loftr_wrapper.py] image0: torch.Size([1, 1, 400, 400])
[loftr_wrapper.py] net forward
[loftr_wrapper.py] mconf, 0.20063373446464539 0.9299098253250122
[loftr_wrapper.py] pair_ids (346,)
[loftr_wrapper.py] corres: (346, 5)
[loftr_wrapper.py] image0: torch.Size([1, 1, 400, 400])
[loftr_wrapper.py] net forward
[loftr_wrapper.py] mconf, 0.20033065974712372 0.9972096681594849
[loftr_wrapper.py] pair_ids (401,)
[loftr_wrapper.py] corres: (401, 5)
[loftr_wrapper.py] image0: torch.Size([1, 1, 400, 400])
[loftr_wrapper.py] net forward
[loftr_wrapper.py] mconf, 0.2008787989616394 0.9989780187606812
[loftr_wrapper.py] pair_ids (391,)
[loftr_wrapper.py] corres: (391, 5)
[loftr_wrapper.py] image0: torch.Size([1, 1, 400, 400])
[loftr_wrapper.py] net forward
[loftr_wrapper.py] mconf, 0.20035500824451447 0.958994448184967
[loftr_wrapper.py] pair_ids (354,)
[loftr_wrapper.py] corres: (354, 5)
  A MD-prior SB13 201/207 2.4s/kf | E-I=3.94 E-L=5.56 E-V2=104.30 E-V5b=65.24 E-V5d=65.26 E-V5x2=18.46 E-VI=18.46 | rot0 6.34
/home/kist/Desktop/BundleSAM3DGS/experiments/vggt_probe/models.py:30: FutureWarning: `torch.cuda.amp.autocast(args...)` is deprecated. Please use `torch.amp.autocast('cuda', args...)` instead.
  with torch.cuda.amp.autocast(dtype=torch.bfloat16):
/home/kist/venvs/vggt_probe/lib/python3.10/site-packages/vggt/models/vggt.py:65: FutureWarning: `torch.cuda.amp.autocast(args...)` is deprecated. Please use `torch.amp.autocast('cuda', args...)` instead.
  with torch.cuda.amp.autocast(enabled=False):
[loftr_wrapper.py] image0: torch.Size([1, 1, 400, 400])
/home/kist/Desktop/BundleSAM3DGS/loftr_wrapper.py:45: FutureWarning: `torch.cuda.amp.autocast(args...)` is deprecated. Please use `torch.amp.autocast('cuda', args...)` instead.
  with torch.cuda.amp.autocast(enabled=True):
[loftr_wrapper.py] net forward
[loftr_wrapper.py] mconf, 0.2001824975013733 0.994989812374115
[loftr_wrapper.py] pair_ids (386,)
[loftr_wrapper.py] corres: (386, 5)
[loftr_wrapper.py] image0: torch.Size([1, 1, 400, 400])
[loftr_wrapper.py] net forward
[loftr_wrapper.py] mconf, 0.20203395187854767 0.9955177307128906
[loftr_wrapper.py] pair_ids (355,)
[loftr_wrapper.py] corres: (355, 5)
[loftr_wrapper.py] image0: torch.Size([1, 1, 400, 400])
[loftr_wrapper.py] net forward
[loftr_wrapper.py] mconf, 0.20035302639007568 0.99201899766922
[loftr_wrapper.py] pair_ids (348,)
[loftr_wrapper.py] corres: (348, 5)
[loftr_wrapper.py] image0: torch.Size([1, 1, 400, 400])
[loftr_wrapper.py] net forward
[loftr_wrapper.py] mconf, 0.20020633935928345 0.9964191317558289
[loftr_wrapper.py] pair_ids (386,)
[loftr_wrapper.py] corres: (386, 5)
[loftr_wrapper.py] image0: torch.Size([1, 1, 400, 400])
[loftr_wrapper.py] net forward
[loftr_wrapper.py] mconf, 0.20003964006900787 0.9977266192436218
[loftr_wrapper.py] pair_ids (383,)
[loftr_wrapper.py] corres: (383, 5)
[loftr_wrapper.py] image0: torch.Size([1, 1, 400, 400])
[loftr_wrapper.py] net forward
[loftr_wrapper.py] mconf, 0.2001570463180542 0.9995667338371277
[loftr_wrapper.py] pair_ids (398,)
[loftr_wrapper.py] corres: (398, 5)
DONE A MD-prior SB13 jobs 207 481s | E-I=3.95/26% E-L=3.15/44% E-V2=76.63/0% E-V5b=85.45/0% E-V5d=85.33/0% E-V5x2=22.91/0% E-VI=24.61/1% | rot0 3.24
/home/kist/Desktop/BundleSAM3DGS/experiments/vggt_probe/models.py:30: FutureWarning: `torch.cuda.amp.autocast(args...)` is deprecated. Please use `torch.amp.autocast('cuda', args...)` instead.
  with torch.cuda.amp.autocast(dtype=torch.bfloat16):
/home/kist/venvs/vggt_probe/lib/python3.10/site-packages/vggt/models/vggt.py:65: FutureWarning: `torch.cuda.amp.autocast(args...)` is deprecated. Please use `torch.amp.autocast('cuda', args...)` instead.
  with torch.cuda.amp.autocast(enabled=False):
[loftr_wrapper.py] image0: torch.Size([1, 1, 400, 400])
/home/kist/Desktop/BundleSAM3DGS/loftr_wrapper.py:45: FutureWarning: `torch.cuda.amp.autocast(args...)` is deprecated. Please use `torch.amp.autocast('cuda', args...)` instead.
  with torch.cuda.amp.autocast(enabled=True):
[loftr_wrapper.py] net forward
[loftr_wrapper.py] mconf, 0.20385046303272247 0.9967526793479919
[loftr_wrapper.py] pair_ids (407,)
[loftr_wrapper.py] corres: (407, 5)
  A MD-prior SM1 1/278 2.4s/kf | E-I=1.81 E-L=1.44 E-V2=12.13 E-V5b=91.18 E-V5d=90.24 E-V5x2=37.21 E-VI=37.21 | rot0 0.00
/home/kist/Desktop/BundleSAM3DGS/experiments/vggt_probe/models.py:30: FutureWarning: `torch.cuda.amp.autocast(args...)` is deprecated. Please use `torch.amp.autocast('cuda', args...)` instead.
  with torch.cuda.amp.autocast(dtype=torch.bfloat16):
/home/kist/venvs/vggt_probe/lib/python3.10/site-packages/vggt/models/vggt.py:65: FutureWarning: `torch.cuda.amp.autocast(args...)` is deprecated. Please use `torch.amp.autocast('cuda', args...)` instead.
  with torch.cuda.amp.autocast(enabled=False):
[loftr_wrapper.py] image0: torch.Size([1, 1, 400, 400])
/home/kist/Desktop/BundleSAM3DGS/loftr_wrapper.py:45: FutureWarning: `torch.cuda.amp.autocast(args...)` is deprecated. Please use `torch.amp.autocast('cuda', args...)` instead.
  with torch.cuda.amp.autocast(enabled=True):
[loftr_wrapper.py] net forward
[loftr_wrapper.py] mconf, 0.20464767515659332 0.9983673095703125
[loftr_wrapper.py] pair_ids (376,)
[loftr_wrapper.py] corres: (376, 5)
[loftr_wrapper.py] image0: torch.Size([1, 1, 400, 400])
[loftr_wrapper.py] net forward
[loftr_wrapper.py] mconf, 0.2018948346376419 0.9752269983291626
[loftr_wrapper.py] pair_ids (287,)
[loftr_wrapper.py] corres: (287, 5)
[loftr_wrapper.py] image0: torch.Size([1, 1, 400, 400])
[loftr_wrapper.py] net forward
[loftr_wrapper.py] mconf, 0.2012302726507187 0.9866673350334167
[loftr_wrapper.py] pair_ids (232,)
[loftr_wrapper.py] corres: (232, 5)
[loftr_wrapper.py] image0: torch.Size([1, 1, 400, 400])
[loftr_wrapper.py] net forward
[loftr_wrapper.py] mconf, 0.200196772813797 0.9839051961898804
[loftr_wrapper.py] pair_ids (255,)
[loftr_wrapper.py] corres: (255, 5)
[loftr_wrapper.py] image0: torch.Size([1, 1, 400, 400])
[loftr_wrapper.py] net forward
[loftr_wrapper.py] mconf, 0.20568975806236267 0.8779996633529663
[loftr_wrapper.py] pair_ids (142,)
[loftr_wrapper.py] corres: (142, 5)
[loftr_wrapper.py] image0: torch.Size([1, 1, 400, 400])
[loftr_wrapper.py] net forward
[loftr_wrapper.py] mconf, 0.20183442533016205 0.935875654220581
[loftr_wrapper.py] pair_ids (124,)
[loftr_wrapper.py] corres: (124, 5)
[loftr_wrapper.py] image0: torch.Size([1, 1, 400, 400])
[loftr_wrapper.py] net forward
[loftr_wrapper.py] mconf, 0.2030915915966034 0.9039710164070129
[loftr_wrapper.py] pair_ids (115,)
[loftr_wrapper.py] corres: (115, 5)
[loftr_wrapper.py] image0: torch.Size([1, 1, 400, 400])
[loftr_wrapper.py] net forward
[loftr_wrapper.py] mconf, 0.2010069042444229 0.9214085340499878
[loftr_wrapper.py] pair_ids (83,)
[loftr_wrapper.py] corres: (83, 5)
[loftr_wrapper.py] image0: torch.Size([1, 1, 400, 400])
[loftr_wrapper.py] net forward
[loftr_wrapper.py] mconf, 0.20042021572589874 0.8922153115272522
[loftr_wrapper.py] pair_ids (72,)
[loftr_wrapper.py] corres: (72, 5)
[loftr_wrapper.py] image0: torch.Size([1, 1, 400, 400])
[loftr_wrapper.py] net forward
[loftr_wrapper.py] mconf, 0.2029120773077011 0.8694850206375122
[loftr_wrapper.py] pair_ids (67,)
[loftr_wrapper.py] corres: (67, 5)
[loftr_wrapper.py] image0: torch.Size([1, 1, 400, 400])
[loftr_wrapper.py] net forward
[loftr_wrapper.py] mconf, 0.20045295357704163 0.8403573036193848
[loftr_wrapper.py] pair_ids (74,)
[loftr_wrapper.py] corres: (74, 5)
[loftr_wrapper.py] image0: torch.Size([1, 1, 400, 400])
[loftr_wrapper.py] net forward
[loftr_wrapper.py] mconf, 0.20178557932376862 0.8968980312347412
[loftr_wrapper.py] pair_ids (107,)
[loftr_wrapper.py] corres: (107, 5)
[loftr_wrapper.py] image0: torch.Size([1, 1, 400, 400])
[loftr_wrapper.py] net forward
[loftr_wrapper.py] mconf, 0.20423173904418945 0.774482011795044
[loftr_wrapper.py] pair_ids (88,)
[loftr_wrapper.py] corres: (88, 5)
[loftr_wrapper.py] image0: torch.Size([1, 1, 400, 400])
[loftr_wrapper.py] net forward
[loftr_wrapper.py] mconf, 0.20185451209545135 0.81373530626297
[loftr_wrapper.py] pair_ids (119,)
[loftr_wrapper.py] corres: (119, 5)
[loftr_wrapper.py] image0: torch.Size([1, 1, 400, 400])
[loftr_wrapper.py] net forward
[loftr_wrapper.py] mconf, 0.20293591916561127 0.7504886984825134
[loftr_wrapper.py] pair_ids (108,)
[loftr_wrapper.py] corres: (108, 5)
[loftr_wrapper.py] image0: torch.Size([1, 1, 400, 400])
[loftr_wrapper.py] net forward
[loftr_wrapper.py] mconf, 0.20108486711978912 0.7655258178710938
[loftr_wrapper.py] pair_ids (118,)
[loftr_wrapper.py] corres: (118, 5)
[loftr_wrapper.py] image0: torch.Size([1, 1, 400, 400])
[loftr_wrapper.py] net forward
[loftr_wrapper.py] mconf, 0.20030979812145233 0.9085289239883423
[loftr_wrapper.py] pair_ids (130,)
[loftr_wrapper.py] corres: (130, 5)
[loftr_wrapper.py] image0: torch.Size([1, 1, 400, 400])
[loftr_wrapper.py] net forward
[loftr_wrapper.py] mconf, 0.2004823535680771 0.9110996127128601
[loftr_wrapper.py] pair_ids (99,)
[loftr_wrapper.py] corres: (99, 5)
[loftr_wrapper.py] image0: torch.Size([1, 1, 400, 400])
[loftr_wrapper.py] net forward
[loftr_wrapper.py] mconf, 0.20146693289279938 0.728070080280304
[loftr_wrapper.py] pair_ids (77,)
[loftr_wrapper.py] corres: (77, 5)
[loftr_wrapper.py] image0: torch.Size([1, 1, 400, 400])
[loftr_wrapper.py] net forward
[loftr_wrapper.py] mconf, 0.2028772234916687 0.8573338985443115
[loftr_wrapper.py] pair_ids (68,)
[loftr_wrapper.py] corres: (68, 5)
[loftr_wrapper.py] image0: torch.Size([1, 1, 400, 400])
[loftr_wrapper.py] net forward
[loftr_wrapper.py] mconf, 0.20154131948947906 0.6501277089118958
[loftr_wrapper.py] pair_ids (57,)
[loftr_wrapper.py] corres: (57, 5)
[loftr_wrapper.py] image0: torch.Size([1, 1, 400, 400])
[loftr_wrapper.py] net forward
[loftr_wrapper.py] mconf, 0.20272764563560486 0.73292076587677
[loftr_wrapper.py] pair_ids (51,)
[loftr_wrapper.py] corres: (51, 5)
[loftr_wrapper.py] image0: torch.Size([1, 1, 400, 400])
[loftr_wrapper.py] net forward
[loftr_wrapper.py] mconf, 0.20716428756713867 0.621262788772583
[loftr_wrapper.py] pair_ids (30,)
[loftr_wrapper.py] corres: (30, 5)
[loftr_wrapper.py] image0: torch.Size([1, 1, 400, 400])
[loftr_wrapper.py] net forward
[loftr_wrapper.py] mconf, 0.20421357452869415 0.6707064509391785
[loftr_wrapper.py] pair_ids (41,)
[loftr_wrapper.py] corres: (41, 5)
[loftr_wrapper.py] image0: torch.Size([1, 1, 400, 400])
[loftr_wrapper.py] net forward
[loftr_wrapper.py] mconf, 0.21612510085105896 0.6364144682884216
[loftr_wrapper.py] pair_ids (27,)
[loftr_wrapper.py] corres: (27, 5)
  A MD-prior SM1 26/278 2.4s/kf | E-I=7.30 E-L=14.60 E-V2=80.35 E-V5b=47.36 E-V5d=47.49 E-V5x2=52.09 E-VI=37.23 | rot0 7.15
/home/kist/Desktop/BundleSAM3DGS/experiments/vggt_probe/models.py:30: FutureWarning: `torch.cuda.amp.autocast(args...)` is deprecated. Please use `torch.amp.autocast('cuda', args...)` instead.
  with torch.cuda.amp.autocast(dtype=torch.bfloat16):
/home/kist/venvs/vggt_probe/lib/python3.10/site-packages/vggt/models/vggt.py:65: FutureWarning: `torch.cuda.amp.autocast(args...)` is deprecated. Please use `torch.amp.autocast('cuda', args...)` instead.
  with torch.cuda.amp.autocast(enabled=False):
[loftr_wrapper.py] image0: torch.Size([1, 1, 400, 400])
/home/kist/Desktop/BundleSAM3DGS/loftr_wrapper.py:45: FutureWarning: `torch.cuda.amp.autocast(args...)` is deprecated. Please use `torch.amp.autocast('cuda', args...)` instead.
  with torch.cuda.amp.autocast(enabled=True):
[loftr_wrapper.py] net forward
[loftr_wrapper.py] mconf, 0.2047557234764099 0.7067610025405884
[loftr_wrapper.py] pair_ids (41,)
[loftr_wrapper.py] corres: (41, 5)
[loftr_wrapper.py] image0: torch.Size([1, 1, 400, 400])
[loftr_wrapper.py] net forward
[loftr_wrapper.py] mconf, 0.20098303258419037 0.7493961453437805
[loftr_wrapper.py] pair_ids (59,)
[loftr_wrapper.py] corres: (59, 5)
[loftr_wrapper.py] image0: torch.Size([1, 1, 400, 400])
[loftr_wrapper.py] net forward
[loftr_wrapper.py] mconf, 0.20023250579833984 0.675484299659729
[loftr_wrapper.py] pair_ids (72,)
[loftr_wrapper.py] corres: (72, 5)
[loftr_wrapper.py] image0: torch.Size([1, 1, 400, 400])
[loftr_wrapper.py] net forward
[loftr_wrapper.py] mconf, 0.20231670141220093 0.8934664726257324
[loftr_wrapper.py] pair_ids (70,)
[loftr_wrapper.py] corres: (70, 5)
[loftr_wrapper.py] image0: torch.Size([1, 1, 400, 400])
[loftr_wrapper.py] net forward
[loftr_wrapper.py] mconf, 0.20306791365146637 0.7768953442573547
[loftr_wrapper.py] pair_ids (61,)
[loftr_wrapper.py] corres: (61, 5)
[loftr_wrapper.py] image0: torch.Size([1, 1, 400, 400])
[loftr_wrapper.py] net forward
[loftr_wrapper.py] mconf, 0.20295244455337524 0.8043287396430969
[loftr_wrapper.py] pair_ids (57,)
[loftr_wrapper.py] corres: (57, 5)
[loftr_wrapper.py] image0: torch.Size([1, 1, 400, 400])
[loftr_wrapper.py] net forward
[loftr_wrapper.py] mconf, 0.20266671478748322 0.7895206212997437
[loftr_wrapper.py] pair_ids (65,)
[loftr_wrapper.py] corres: (65, 5)
[loftr_wrapper.py] image0: torch.Size([1, 1, 400, 400])
[loftr_wrapper.py] net forward
[loftr_wrapper.py] mconf, 0.2017090916633606 0.593425452709198
[loftr_wrapper.py] pair_ids (55,)
[loftr_wrapper.py] corres: (55, 5)
[loftr_wrapper.py] image0: torch.Size([1, 1, 400, 400])
[loftr_wrapper.py] net forward
[loftr_wrapper.py] mconf, 0.2027863711118698 0.8029668927192688
[loftr_wrapper.py] pair_ids (73,)
[loftr_wrapper.py] corres: (73, 5)
[loftr_wrapper.py] image0: torch.Size([1, 1, 400, 400])
[loftr_wrapper.py] net forward
[loftr_wrapper.py] mconf, 0.204060360789299 0.7201571464538574
[loftr_wrapper.py] pair_ids (51,)
[loftr_wrapper.py] corres: (51, 5)
[loftr_wrapper.py] image0: torch.Size([1, 1, 400, 400])
[loftr_wrapper.py] net forward
[loftr_wrapper.py] mconf, 0.20080970227718353 0.7456871867179871
[loftr_wrapper.py] pair_ids (49,)
[loftr_wrapper.py] corres: (49, 5)
[loftr_wrapper.py] image0: torch.Size([1, 1, 400, 400])
[loftr_wrapper.py] net forward
[loftr_wrapper.py] mconf, 0.20222072303295135 0.6247552037239075
[loftr_wrapper.py] pair_ids (58,)
[loftr_wrapper.py] corres: (58, 5)
[loftr_wrapper.py] image0: torch.Size([1, 1, 400, 400])
[loftr_wrapper.py] net forward
[loftr_wrapper.py] mconf, 0.20224645733833313 0.7077051401138306
[loftr_wrapper.py] pair_ids (43,)
[loftr_wrapper.py] corres: (43, 5)
[loftr_wrapper.py] image0: torch.Size([1, 1, 400, 400])
[loftr_wrapper.py] net forward
[loftr_wrapper.py] mconf, 0.20043550431728363 0.5784977078437805
[loftr_wrapper.py] pair_ids (43,)
[loftr_wrapper.py] corres: (43, 5)
[loftr_wrapper.py] image0: torch.Size([1, 1, 400, 400])
[loftr_wrapper.py] net forward
[loftr_wrapper.py] mconf, 0.20821022987365723 0.5869439840316772
[loftr_wrapper.py] pair_ids (41,)
[loftr_wrapper.py] corres: (41, 5)
[loftr_wrapper.py] image0: torch.Size([1, 1, 400, 400])
[loftr_wrapper.py] net forward
[loftr_wrapper.py] mconf, 0.20133571326732635 0.5041990876197815
[loftr_wrapper.py] pair_ids (35,)
[loftr_wrapper.py] corres: (35, 5)
[loftr_wrapper.py] image0: torch.Size([1, 1, 400, 400])
[loftr_wrapper.py] net forward
[loftr_wrapper.py] mconf, 0.20063620805740356 0.8298295736312866
[loftr_wrapper.py] pair_ids (51,)
[loftr_wrapper.py] corres: (51, 5)
[loftr_wrapper.py] image0: torch.Size([1, 1, 400, 400])
[loftr_wrapper.py] net forward
[loftr_wrapper.py] mconf, 0.2004755437374115 0.7118242979049683
[loftr_wrapper.py] pair_ids (54,)
[loftr_wrapper.py] corres: (54, 5)
[loftr_wrapper.py] image0: torch.Size([1, 1, 400, 400])
[loftr_wrapper.py] net forward
[loftr_wrapper.py] mconf, 0.20408017933368683 0.6514759063720703
[loftr_wrapper.py] pair_ids (59,)
[loftr_wrapper.py] corres: (59, 5)
[loftr_wrapper.py] image0: torch.Size([1, 1, 400, 400])
[loftr_wrapper.py] net forward
[loftr_wrapper.py] mconf, 0.2007833868265152 0.8118933439254761
[loftr_wrapper.py] pair_ids (57,)
[loftr_wrapper.py] corres: (57, 5)
[loftr_wrapper.py] image0: torch.Size([1, 1, 400, 400])
[loftr_wrapper.py] net forward
[loftr_wrapper.py] mconf, 0.21154935657978058 0.7015715837478638
[loftr_wrapper.py] pair_ids (47,)
[loftr_wrapper.py] corres: (47, 5)
[loftr_wrapper.py] image0: torch.Size([1, 1, 400, 400])
[loftr_wrapper.py] net forward
[loftr_wrapper.py] mconf, 0.20524561405181885 0.8431558609008789
[loftr_wrapper.py] pair_ids (54,)
[loftr_wrapper.py] corres: (54, 5)
[loftr_wrapper.py] image0: torch.Size([1, 1, 400, 400])
[loftr_wrapper.py] net forward
[loftr_wrapper.py] mconf, 0.2001953274011612 0.8382035493850708
[loftr_wrapper.py] pair_ids (37,)
[loftr_wrapper.py] corres: (37, 5)
[loftr_wrapper.py] image0: torch.Size([1, 1, 400, 400])
[loftr_wrapper.py] net forward
[loftr_wrapper.py] mconf, 0.20134198665618896 0.5542858839035034
[loftr_wrapper.py] pair_ids (46,)
[loftr_wrapper.py] corres: (46, 5)
[loftr_wrapper.py] image0: torch.Size([1, 1, 400, 400])
[loftr_wrapper.py] net forward
[loftr_wrapper.py] mconf, 0.20303788781166077 0.7437363862991333
[loftr_wrapper.py] pair_ids (61,)
[loftr_wrapper.py] corres: (61, 5)
  A MD-prior SM1 51/278 2.3s/kf | E-I=6.52 E-L=16.20 E-V2=99.15 E-V5b=91.62 E-V5d=92.09 E-V5x2=89.39 E-VI=89.97 | rot0 4.71
/home/kist/Desktop/BundleSAM3DGS/experiments/vggt_probe/models.py:30: FutureWarning: `torch.cuda.amp.autocast(args...)` is deprecated. Please use `torch.amp.autocast('cuda', args...)` instead.
  with torch.cuda.amp.autocast(dtype=torch.bfloat16):
/home/kist/venvs/vggt_probe/lib/python3.10/site-packages/vggt/models/vggt.py:65: FutureWarning: `torch.cuda.amp.autocast(args...)` is deprecated. Please use `torch.amp.autocast('cuda', args...)` instead.
  with torch.cuda.amp.autocast(enabled=False):
[loftr_wrapper.py] image0: torch.Size([1, 1, 400, 400])
/home/kist/Desktop/BundleSAM3DGS/loftr_wrapper.py:45: FutureWarning: `torch.cuda.amp.autocast(args...)` is deprecated. Please use `torch.amp.autocast('cuda', args...)` instead.
  with torch.cuda.amp.autocast(enabled=True):
[loftr_wrapper.py] net forward
[loftr_wrapper.py] mconf, 0.20263542234897614 0.7704063057899475
[loftr_wrapper.py] pair_ids (95,)
[loftr_wrapper.py] corres: (95, 5)
[loftr_wrapper.py] image0: torch.Size([1, 1, 400, 400])
[loftr_wrapper.py] net forward
[loftr_wrapper.py] mconf, 0.20019321143627167 0.9314935803413391
[loftr_wrapper.py] pair_ids (108,)
[loftr_wrapper.py] corres: (108, 5)
[loftr_wrapper.py] image0: torch.Size([1, 1, 400, 400])
[loftr_wrapper.py] net forward
[loftr_wrapper.py] mconf, 0.20242315530776978 0.8250629901885986
[loftr_wrapper.py] pair_ids (109,)
[loftr_wrapper.py] corres: (109, 5)
[loftr_wrapper.py] image0: torch.Size([1, 1, 400, 400])
[loftr_wrapper.py] net forward
[loftr_wrapper.py] mconf, 0.200189471244812 0.7839053869247437
[loftr_wrapper.py] pair_ids (108,)
[loftr_wrapper.py] corres: (108, 5)
[loftr_wrapper.py] image0: torch.Size([1, 1, 400, 400])
[loftr_wrapper.py] net forward
[loftr_wrapper.py] mconf, 0.2002633661031723 0.9197143316268921
[loftr_wrapper.py] pair_ids (82,)
[loftr_wrapper.py] corres: (82, 5)
[loftr_wrapper.py] image0: torch.Size([1, 1, 400, 400])
[loftr_wrapper.py] net forward
[loftr_wrapper.py] mconf, 0.20129258930683136 0.9258772134780884
[loftr_wrapper.py] pair_ids (64,)
[loftr_wrapper.py] corres: (64, 5)
[loftr_wrapper.py] image0: torch.Size([1, 1, 400, 400])
[loftr_wrapper.py] net forward
[loftr_wrapper.py] mconf, 0.20052574574947357 0.8755083084106445
[loftr_wrapper.py] pair_ids (54,)
[loftr_wrapper.py] corres: (54, 5)
[loftr_wrapper.py] image0: torch.Size([1, 1, 400, 400])
[loftr_wrapper.py] net forward
[loftr_wrapper.py] mconf, 0.20024676620960236 0.7982423305511475
[loftr_wrapper.py] pair_ids (74,)
[loftr_wrapper.py] corres: (74, 5)
[loftr_wrapper.py] image0: torch.Size([1, 1, 400, 400])
[loftr_wrapper.py] net forward
[loftr_wrapper.py] mconf, 0.20007051527500153 0.6962201595306396
[loftr_wrapper.py] pair_ids (63,)
[loftr_wrapper.py] corres: (63, 5)
[loftr_wrapper.py] image0: torch.Size([1, 1, 400, 400])
[loftr_wrapper.py] net forward
[loftr_wrapper.py] mconf, 0.20382432639598846 0.7280682921409607
[loftr_wrapper.py] pair_ids (75,)
[loftr_wrapper.py] corres: (75, 5)
[loftr_wrapper.py] image0: torch.Size([1, 1, 400, 400])
[loftr_wrapper.py] net forward
[loftr_wrapper.py] mconf, 0.2008918821811676 0.7403902411460876
[loftr_wrapper.py] pair_ids (61,)
[loftr_wrapper.py] corres: (61, 5)
[loftr_wrapper.py] image0: torch.Size([1, 1, 400, 400])
[loftr_wrapper.py] net forward
[loftr_wrapper.py] mconf, 0.2013474851846695 0.7368489503860474
[loftr_wrapper.py] pair_ids (55,)
[loftr_wrapper.py] corres: (55, 5)
[loftr_wrapper.py] image0: torch.Size([1, 1, 400, 400])
[loftr_wrapper.py] net forward
[loftr_wrapper.py] mconf, 0.20572452247142792 0.7662138938903809
[loftr_wrapper.py] pair_ids (59,)
[loftr_wrapper.py] corres: (59, 5)
[loftr_wrapper.py] image0: torch.Size([1, 1, 400, 400])
[loftr_wrapper.py] net forward
[loftr_wrapper.py] mconf, 0.20022618770599365 0.6994714736938477
[loftr_wrapper.py] pair_ids (75,)
[loftr_wrapper.py] corres: (75, 5)
[loftr_wrapper.py] image0: torch.Size([1, 1, 400, 400])
[loftr_wrapper.py] net forward
[loftr_wrapper.py] mconf, 0.2004544883966446 0.8505425453186035
[loftr_wrapper.py] pair_ids (102,)
[loftr_wrapper.py] corres: (102, 5)
[loftr_wrapper.py] image0: torch.Size([1, 1, 400, 400])
[loftr_wrapper.py] net forward
[loftr_wrapper.py] mconf, 0.20804016292095184 0.7942265272140503
[loftr_wrapper.py] pair_ids (67,)
[loftr_wrapper.py] corres: (67, 5)
[loftr_wrapper.py] image0: torch.Size([1, 1, 400, 400])
[loftr_wrapper.py] net forward
[loftr_wrapper.py] mconf, 0.200883686542511 0.7369966506958008
[loftr_wrapper.py] pair_ids (86,)
[loftr_wrapper.py] corres: (86, 5)
[loftr_wrapper.py] image0: torch.Size([1, 1, 400, 400])
[loftr_wrapper.py] net forward
[loftr_wrapper.py] mconf, 0.20104438066482544 0.6924126148223877
[loftr_wrapper.py] pair_ids (86,)
[loftr_wrapper.py] corres: (86, 5)
[loftr_wrapper.py] image0: torch.Size([1, 1, 400, 400])
[loftr_wrapper.py] net forward
[loftr_wrapper.py] mconf, 0.20183271169662476 0.7917893528938293
[loftr_wrapper.py] pair_ids (81,)
[loftr_wrapper.py] corres: (81, 5)
[loftr_wrapper.py] image0: torch.Size([1, 1, 400, 400])
[loftr_wrapper.py] net forward
[loftr_wrapper.py] mconf, 0.20020513236522675 0.8476923108100891
[loftr_wrapper.py] pair_ids (103,)
[loftr_wrapper.py] corres: (103, 5)
[loftr_wrapper.py] image0: torch.Size([1, 1, 400, 400])
[loftr_wrapper.py] net forward
[loftr_wrapper.py] mconf, 0.2008579522371292 0.858314573764801
[loftr_wrapper.py] pair_ids (105,)
[loftr_wrapper.py] corres: (105, 5)
[loftr_wrapper.py] image0: torch.Size([1, 1, 400, 400])
[loftr_wrapper.py] net forward
[loftr_wrapper.py] mconf, 0.2008412480354309 0.778007984161377
[loftr_wrapper.py] pair_ids (106,)
[loftr_wrapper.py] corres: (106, 5)
[loftr_wrapper.py] image0: torch.Size([1, 1, 400, 400])
[loftr_wrapper.py] net forward
[loftr_wrapper.py] mconf, 0.20363673567771912 0.7725940346717834
[loftr_wrapper.py] pair_ids (119,)
[loftr_wrapper.py] corres: (119, 5)
[loftr_wrapper.py] image0: torch.Size([1, 1, 400, 400])
[loftr_wrapper.py] net forward
[loftr_wrapper.py] mconf, 0.20112885534763336 0.7677266001701355
[loftr_wrapper.py] pair_ids (106,)
[loftr_wrapper.py] corres: (106, 5)
[loftr_wrapper.py] image0: torch.Size([1, 1, 400, 400])
[loftr_wrapper.py] net forward
[loftr_wrapper.py] mconf, 0.2010359764099121 0.88318932056427
[loftr_wrapper.py] pair_ids (108,)
[loftr_wrapper.py] corres: (108, 5)
  A MD-prior SM1 76/278 2.4s/kf | E-I=4.83 E-L=5.83 E-V2=117.14 E-V5b=105.04 E-V5d=105.04 E-V5x2=98.29 E-VI=98.29 | rot0 5.55
/home/kist/Desktop/BundleSAM3DGS/experiments/vggt_probe/models.py:30: FutureWarning: `torch.cuda.amp.autocast(args...)` is deprecated. Please use `torch.amp.autocast('cuda', args...)` instead.
  with torch.cuda.amp.autocast(dtype=torch.bfloat16):
/home/kist/venvs/vggt_probe/lib/python3.10/site-packages/vggt/models/vggt.py:65: FutureWarning: `torch.cuda.amp.autocast(args...)` is deprecated. Please use `torch.amp.autocast('cuda', args...)` instead.
  with torch.cuda.amp.autocast(enabled=False):
[loftr_wrapper.py] image0: torch.Size([1, 1, 400, 400])
/home/kist/Desktop/BundleSAM3DGS/loftr_wrapper.py:45: FutureWarning: `torch.cuda.amp.autocast(args...)` is deprecated. Please use `torch.amp.autocast('cuda', args...)` instead.
  with torch.cuda.amp.autocast(enabled=True):
[loftr_wrapper.py] net forward
[loftr_wrapper.py] mconf, 0.20147481560707092 0.877592921257019
[loftr_wrapper.py] pair_ids (107,)
[loftr_wrapper.py] corres: (107, 5)
[loftr_wrapper.py] image0: torch.Size([1, 1, 400, 400])
[loftr_wrapper.py] net forward
[loftr_wrapper.py] mconf, 0.200415700674057 0.9120005965232849
[loftr_wrapper.py] pair_ids (174,)
[loftr_wrapper.py] corres: (174, 5)
[loftr_wrapper.py] image0: torch.Size([1, 1, 400, 400])
[loftr_wrapper.py] net forward
[loftr_wrapper.py] mconf, 0.20283375680446625 0.9756490588188171
[loftr_wrapper.py] pair_ids (252,)
[loftr_wrapper.py] corres: (252, 5)
[loftr_wrapper.py] image0: torch.Size([1, 1, 400, 400])
[loftr_wrapper.py] net forward
[loftr_wrapper.py] mconf, 0.20010784268379211 0.99614417552948
[loftr_wrapper.py] pair_ids (342,)
[loftr_wrapper.py] corres: (342, 5)
[loftr_wrapper.py] image0: torch.Size([1, 1, 400, 400])
[loftr_wrapper.py] net forward
[loftr_wrapper.py] mconf, 0.20180197060108185 0.9923701882362366
[loftr_wrapper.py] pair_ids (330,)
[loftr_wrapper.py] corres: (330, 5)
[loftr_wrapper.py] image0: torch.Size([1, 1, 400, 400])
[loftr_wrapper.py] net forward
[loftr_wrapper.py] mconf, 0.20086167752742767 0.9875806570053101
[loftr_wrapper.py] pair_ids (268,)
[loftr_wrapper.py] corres: (268, 5)
[loftr_wrapper.py] image0: torch.Size([1, 1, 400, 400])
[loftr_wrapper.py] net forward
[loftr_wrapper.py] mconf, 0.20197665691375732 0.9981263279914856
[loftr_wrapper.py] pair_ids (232,)
[loftr_wrapper.py] corres: (232, 5)
[loftr_wrapper.py] image0: torch.Size([1, 1, 400, 400])
[loftr_wrapper.py] net forward
[loftr_wrapper.py] mconf, 0.20028075575828552 0.8847337961196899
[loftr_wrapper.py] pair_ids (133,)
[loftr_wrapper.py] corres: (133, 5)
[loftr_wrapper.py] image0: torch.Size([1, 1, 400, 400])
[loftr_wrapper.py] net forward
[loftr_wrapper.py] mconf, 0.20025746524333954 0.8760703206062317
[loftr_wrapper.py] pair_ids (130,)
[loftr_wrapper.py] corres: (130, 5)
[loftr_wrapper.py] image0: torch.Size([1, 1, 400, 400])
[loftr_wrapper.py] net forward
[loftr_wrapper.py] mconf, 0.20645570755004883 0.8863978981971741
[loftr_wrapper.py] pair_ids (99,)
[loftr_wrapper.py] corres: (99, 5)
[loftr_wrapper.py] image0: torch.Size([1, 1, 400, 400])
[loftr_wrapper.py] net forward
[loftr_wrapper.py] mconf, 0.20242208242416382 0.7964897751808167
[loftr_wrapper.py] pair_ids (91,)
[loftr_wrapper.py] corres: (91, 5)
[loftr_wrapper.py] image0: torch.Size([1, 1, 400, 400])
[loftr_wrapper.py] net forward
[loftr_wrapper.py] mconf, 0.20007996261119843 0.8626701831817627
[loftr_wrapper.py] pair_ids (88,)
[loftr_wrapper.py] corres: (88, 5)
[loftr_wrapper.py] image0: torch.Size([1, 1, 400, 400])
[loftr_wrapper.py] net forward
[loftr_wrapper.py] mconf, 0.2008691132068634 0.9494341015815735
[loftr_wrapper.py] pair_ids (114,)
[loftr_wrapper.py] corres: (114, 5)
[loftr_wrapper.py] image0: torch.Size([1, 1, 400, 400])
[loftr_wrapper.py] net forward
[loftr_wrapper.py] mconf, 0.2019149661064148 0.8411673903465271
[loftr_wrapper.py] pair_ids (63,)
[loftr_wrapper.py] corres: (63, 5)
[loftr_wrapper.py] image0: torch.Size([1, 1, 400, 400])
[loftr_wrapper.py] net forward
[loftr_wrapper.py] mconf, 0.20005761086940765 0.8504313826560974
[loftr_wrapper.py] pair_ids (84,)
[loftr_wrapper.py] corres: (84, 5)
[loftr_wrapper.py] image0: torch.Size([1, 1, 400, 400])
[loftr_wrapper.py] net forward
[loftr_wrapper.py] mconf, 0.20172666013240814 0.8223839998245239
[loftr_wrapper.py] pair_ids (95,)
[loftr_wrapper.py] corres: (95, 5)
[loftr_wrapper.py] image0: torch.Size([1, 1, 400, 400])
[loftr_wrapper.py] net forward
[loftr_wrapper.py] mconf, 0.2010141909122467 0.8537505269050598
[loftr_wrapper.py] pair_ids (86,)
[loftr_wrapper.py] corres: (86, 5)
[loftr_wrapper.py] image0: torch.Size([1, 1, 400, 400])
[loftr_wrapper.py] net forward
[loftr_wrapper.py] mconf, 0.2014213502407074 0.9403820633888245
[loftr_wrapper.py] pair_ids (83,)
[loftr_wrapper.py] corres: (83, 5)
[loftr_wrapper.py] image0: torch.Size([1, 1, 400, 400])
[loftr_wrapper.py] net forward
[loftr_wrapper.py] mconf, 0.20100854337215424 0.9808710813522339
[loftr_wrapper.py] pair_ids (91,)
[loftr_wrapper.py] corres: (91, 5)
[loftr_wrapper.py] image0: torch.Size([1, 1, 400, 400])
[loftr_wrapper.py] net forward
[loftr_wrapper.py] mconf, 0.20068661868572235 0.9412239789962769
[loftr_wrapper.py] pair_ids (104,)
[loftr_wrapper.py] corres: (104, 5)
[loftr_wrapper.py] image0: torch.Size([1, 1, 400, 400])
[loftr_wrapper.py] net forward
[loftr_wrapper.py] mconf, 0.20034784078598022 0.9562864303588867
[loftr_wrapper.py] pair_ids (87,)
[loftr_wrapper.py] corres: (87, 5)
[loftr_wrapper.py] image0: torch.Size([1, 1, 400, 400])
[loftr_wrapper.py] net forward
[loftr_wrapper.py] mconf, 0.20039807260036469 0.786624014377594
[loftr_wrapper.py] pair_ids (74,)
[loftr_wrapper.py] corres: (74, 5)
[loftr_wrapper.py] image0: torch.Size([1, 1, 400, 400])
[loftr_wrapper.py] net forward
[loftr_wrapper.py] mconf, 0.20184960961341858 0.7001379728317261
[loftr_wrapper.py] pair_ids (76,)
[loftr_wrapper.py] corres: (76, 5)
[loftr_wrapper.py] image0: torch.Size([1, 1, 400, 400])
[loftr_wrapper.py] net forward
[loftr_wrapper.py] mconf, 0.2025420218706131 0.6127221584320068
[loftr_wrapper.py] pair_ids (69,)
[loftr_wrapper.py] corres: (69, 5)
[loftr_wrapper.py] image0: torch.Size([1, 1, 400, 400])
[loftr_wrapper.py] net forward
[loftr_wrapper.py] mconf, 0.20124930143356323 0.7036929726600647
[loftr_wrapper.py] pair_ids (56,)
[loftr_wrapper.py] corres: (56, 5)
  A MD-prior SM1 101/278 2.4s/kf | E-I=6.10 E-L=10.91 E-V2=93.48 E-V5b=45.47 E-V5d=46.71 E-V5x2=48.52 E-VI=48.52 | rot0 2.67
/home/kist/Desktop/BundleSAM3DGS/experiments/vggt_probe/models.py:30: FutureWarning: `torch.cuda.amp.autocast(args...)` is deprecated. Please use `torch.amp.autocast('cuda', args...)` instead.
  with torch.cuda.amp.autocast(dtype=torch.bfloat16):
/home/kist/venvs/vggt_probe/lib/python3.10/site-packages/vggt/models/vggt.py:65: FutureWarning: `torch.cuda.amp.autocast(args...)` is deprecated. Please use `torch.amp.autocast('cuda', args...)` instead.
  with torch.cuda.amp.autocast(enabled=False):
[loftr_wrapper.py] image0: torch.Size([1, 1, 400, 400])
/home/kist/Desktop/BundleSAM3DGS/loftr_wrapper.py:45: FutureWarning: `torch.cuda.amp.autocast(args...)` is deprecated. Please use `torch.amp.autocast('cuda', args...)` instead.
  with torch.cuda.amp.autocast(enabled=True):
[loftr_wrapper.py] net forward
[loftr_wrapper.py] mconf, 0.20088359713554382 0.7280617356300354
[loftr_wrapper.py] pair_ids (48,)
[loftr_wrapper.py] corres: (48, 5)
[loftr_wrapper.py] image0: torch.Size([1, 1, 400, 400])
[loftr_wrapper.py] net forward
[loftr_wrapper.py] mconf, 0.2031177431344986 0.7036632895469666
[loftr_wrapper.py] pair_ids (33,)
[loftr_wrapper.py] corres: (33, 5)
[loftr_wrapper.py] image0: torch.Size([1, 1, 400, 400])
[loftr_wrapper.py] net forward
[loftr_wrapper.py] mconf, 0.20172886550426483 0.8503895401954651
[loftr_wrapper.py] pair_ids (66,)
[loftr_wrapper.py] corres: (66, 5)
[loftr_wrapper.py] image0: torch.Size([1, 1, 400, 400])
[loftr_wrapper.py] net forward
[loftr_wrapper.py] mconf, 0.2011220008134842 0.8582563996315002
[loftr_wrapper.py] pair_ids (57,)
[loftr_wrapper.py] corres: (57, 5)
[loftr_wrapper.py] image0: torch.Size([1, 1, 400, 400])
[loftr_wrapper.py] net forward
[loftr_wrapper.py] mconf, 0.20547975599765778 0.7275891900062561
[loftr_wrapper.py] pair_ids (51,)
[loftr_wrapper.py] corres: (51, 5)
[loftr_wrapper.py] image0: torch.Size([1, 1, 400, 400])
[loftr_wrapper.py] net forward
[loftr_wrapper.py] mconf, 0.20493435859680176 0.9395937323570251
[loftr_wrapper.py] pair_ids (48,)
[loftr_wrapper.py] corres: (48, 5)
[loftr_wrapper.py] image0: torch.Size([1, 1, 400, 400])
[loftr_wrapper.py] net forward
[loftr_wrapper.py] mconf, 0.20289801061153412 0.9450602531433105
[loftr_wrapper.py] pair_ids (42,)
[loftr_wrapper.py] corres: (42, 5)
[loftr_wrapper.py] image0: torch.Size([1, 1, 400, 400])
[loftr_wrapper.py] net forward
[loftr_wrapper.py] mconf, 0.2007438838481903 0.9278414249420166
[loftr_wrapper.py] pair_ids (60,)
[loftr_wrapper.py] corres: (60, 5)
[loftr_wrapper.py] image0: torch.Size([1, 1, 400, 400])
[loftr_wrapper.py] net forward
[loftr_wrapper.py] mconf, 0.20289862155914307 0.967586100101471
[loftr_wrapper.py] pair_ids (75,)
[loftr_wrapper.py] corres: (75, 5)
[loftr_wrapper.py] image0: torch.Size([1, 1, 400, 400])
[loftr_wrapper.py] net forward
[loftr_wrapper.py] mconf, 0.20171579718589783 0.9743027687072754
[loftr_wrapper.py] pair_ids (66,)
[loftr_wrapper.py] corres: (66, 5)
[loftr_wrapper.py] image0: torch.Size([1, 1, 400, 400])
[loftr_wrapper.py] net forward
[loftr_wrapper.py] mconf, 0.2007123827934265 0.9867087006568909
[loftr_wrapper.py] pair_ids (90,)
[loftr_wrapper.py] corres: (90, 5)
[loftr_wrapper.py] image0: torch.Size([1, 1, 400, 400])
[loftr_wrapper.py] net forward
[loftr_wrapper.py] mconf, 0.2085140347480774 0.9942324161529541
[loftr_wrapper.py] pair_ids (102,)
[loftr_wrapper.py] corres: (102, 5)
[loftr_wrapper.py] image0: torch.Size([1, 1, 400, 400])
[loftr_wrapper.py] net forward
[loftr_wrapper.py] mconf, 0.2000589817762375 0.9922802448272705
[loftr_wrapper.py] pair_ids (118,)
[loftr_wrapper.py] corres: (118, 5)
[loftr_wrapper.py] image0: torch.Size([1, 1, 400, 400])
[loftr_wrapper.py] net forward
[loftr_wrapper.py] mconf, 0.20044966042041779 0.8499433398246765
[loftr_wrapper.py] pair_ids (121,)
[loftr_wrapper.py] corres: (121, 5)
[loftr_wrapper.py] image0: torch.Size([1, 1, 400, 400])
[loftr_wrapper.py] net forward
[loftr_wrapper.py] mconf, 0.20479461550712585 0.9742809534072876
[loftr_wrapper.py] pair_ids (130,)
[loftr_wrapper.py] corres: (130, 5)
[loftr_wrapper.py] image0: torch.Size([1, 1, 400, 400])
[loftr_wrapper.py] net forward
[loftr_wrapper.py] mconf, 0.2017795294523239 0.9113815426826477
[loftr_wrapper.py] pair_ids (110,)
[loftr_wrapper.py] corres: (110, 5)
[loftr_wrapper.py] image0: torch.Size([1, 1, 400, 400])
[loftr_wrapper.py] net forward
[loftr_wrapper.py] mconf, 0.2010294646024704 0.8849086761474609
[loftr_wrapper.py] pair_ids (93,)
[loftr_wrapper.py] corres: (93, 5)
[loftr_wrapper.py] image0: torch.Size([1, 1, 400, 400])
[loftr_wrapper.py] net forward
[loftr_wrapper.py] mconf, 0.20023588836193085 0.7708697319030762
[loftr_wrapper.py] pair_ids (125,)
[loftr_wrapper.py] corres: (125, 5)
[loftr_wrapper.py] image0: torch.Size([1, 1, 400, 400])
[loftr_wrapper.py] net forward
[loftr_wrapper.py] mconf, 0.20196989178657532 0.7243026494979858
[loftr_wrapper.py] pair_ids (86,)
[loftr_wrapper.py] corres: (86, 5)
[loftr_wrapper.py] image0: torch.Size([1, 1, 400, 400])
[loftr_wrapper.py] net forward
[loftr_wrapper.py] mconf, 0.20003388822078705 0.969351589679718
[loftr_wrapper.py] pair_ids (100,)
[loftr_wrapper.py] corres: (100, 5)
[loftr_wrapper.py] image0: torch.Size([1, 1, 400, 400])
[loftr_wrapper.py] net forward
[loftr_wrapper.py] mconf, 0.20028702914714813 0.9979366064071655
[loftr_wrapper.py] pair_ids (156,)
[loftr_wrapper.py] corres: (156, 5)
[loftr_wrapper.py] image0: torch.Size([1, 1, 400, 400])
[loftr_wrapper.py] net forward
[loftr_wrapper.py] mconf, 0.20029771327972412 0.9521028399467468
[loftr_wrapper.py] pair_ids (63,)
[loftr_wrapper.py] corres: (63, 5)
[loftr_wrapper.py] image0: torch.Size([1, 1, 400, 400])
[loftr_wrapper.py] net forward
[loftr_wrapper.py] mconf, 0.2027546465396881 0.8715625405311584
[loftr_wrapper.py] pair_ids (66,)
[loftr_wrapper.py] corres: (66, 5)
[loftr_wrapper.py] image0: torch.Size([1, 1, 400, 400])
[loftr_wrapper.py] net forward
[loftr_wrapper.py] mconf, 0.20005014538764954 0.9333468675613403
[loftr_wrapper.py] pair_ids (71,)
[loftr_wrapper.py] corres: (71, 5)
[loftr_wrapper.py] image0: torch.Size([1, 1, 400, 400])
[loftr_wrapper.py] net forward
[loftr_wrapper.py] mconf, 0.20315875113010406 0.9681904911994934
[loftr_wrapper.py] pair_ids (74,)
[loftr_wrapper.py] corres: (74, 5)
  A MD-prior SM1 126/278 2.4s/kf | E-I=2.82 E-L=5.68 E-V2=103.63 E-V5b=104.96 E-V5d=104.91 E-V5x2=25.85 E-VI=25.87 | rot0 2.50
/home/kist/Desktop/BundleSAM3DGS/experiments/vggt_probe/models.py:30: FutureWarning: `torch.cuda.amp.autocast(args...)` is deprecated. Please use `torch.amp.autocast('cuda', args...)` instead.
  with torch.cuda.amp.autocast(dtype=torch.bfloat16):
/home/kist/venvs/vggt_probe/lib/python3.10/site-packages/vggt/models/vggt.py:65: FutureWarning: `torch.cuda.amp.autocast(args...)` is deprecated. Please use `torch.amp.autocast('cuda', args...)` instead.
  with torch.cuda.amp.autocast(enabled=False):
[loftr_wrapper.py] image0: torch.Size([1, 1, 400, 400])
/home/kist/Desktop/BundleSAM3DGS/loftr_wrapper.py:45: FutureWarning: `torch.cuda.amp.autocast(args...)` is deprecated. Please use `torch.amp.autocast('cuda', args...)` instead.
  with torch.cuda.amp.autocast(enabled=True):
[loftr_wrapper.py] net forward
[loftr_wrapper.py] mconf, 0.20229876041412354 0.9919499754905701
[loftr_wrapper.py] pair_ids (95,)
[loftr_wrapper.py] corres: (95, 5)
[loftr_wrapper.py] image0: torch.Size([1, 1, 400, 400])
[loftr_wrapper.py] net forward
[loftr_wrapper.py] mconf, 0.2027629017829895 0.9678437113761902
[loftr_wrapper.py] pair_ids (111,)
[loftr_wrapper.py] corres: (111, 5)
[loftr_wrapper.py] image0: torch.Size([1, 1, 400, 400])
[loftr_wrapper.py] net forward
[loftr_wrapper.py] mconf, 0.20044420659542084 0.9658211469650269
[loftr_wrapper.py] pair_ids (224,)
[loftr_wrapper.py] corres: (224, 5)
[loftr_wrapper.py] image0: torch.Size([1, 1, 400, 400])
[loftr_wrapper.py] net forward
[loftr_wrapper.py] mconf, 0.20075859129428864 0.9880774021148682
[loftr_wrapper.py] pair_ids (269,)
[loftr_wrapper.py] corres: (269, 5)
[loftr_wrapper.py] image0: torch.Size([1, 1, 400, 400])
[loftr_wrapper.py] net forward
[loftr_wrapper.py] mconf, 0.2002324014902115 0.9928194284439087
[loftr_wrapper.py] pair_ids (266,)
[loftr_wrapper.py] corres: (266, 5)
[loftr_wrapper.py] image0: torch.Size([1, 1, 400, 400])
[loftr_wrapper.py] net forward
[loftr_wrapper.py] mconf, 0.2011040896177292 0.9690340757369995
[loftr_wrapper.py] pair_ids (278,)
[loftr_wrapper.py] corres: (278, 5)
[loftr_wrapper.py] image0: torch.Size([1, 1, 400, 400])
[loftr_wrapper.py] net forward
[loftr_wrapper.py] mconf, 0.2024102509021759 0.9643399119377136
[loftr_wrapper.py] pair_ids (256,)
[loftr_wrapper.py] corres: (256, 5)
[loftr_wrapper.py] image0: torch.Size([1, 1, 400, 400])
[loftr_wrapper.py] net forward
[loftr_wrapper.py] mconf, 0.20012511312961578 0.9447917342185974
[loftr_wrapper.py] pair_ids (292,)
[loftr_wrapper.py] corres: (292, 5)
[loftr_wrapper.py] image0: torch.Size([1, 1, 400, 400])
[loftr_wrapper.py] net forward
[loftr_wrapper.py] mconf, 0.20000220835208893 0.952262282371521
[loftr_wrapper.py] pair_ids (235,)
[loftr_wrapper.py] corres: (235, 5)
[loftr_wrapper.py] image0: torch.Size([1, 1, 400, 400])
[loftr_wrapper.py] net forward
[loftr_wrapper.py] mconf, 0.20105037093162537 0.9659513235092163
[loftr_wrapper.py] pair_ids (233,)
[loftr_wrapper.py] corres: (233, 5)
[loftr_wrapper.py] image0: torch.Size([1, 1, 400, 400])
[loftr_wrapper.py] net forward
[loftr_wrapper.py] mconf, 0.2001391500234604 0.9735678434371948
[loftr_wrapper.py] pair_ids (165,)
[loftr_wrapper.py] corres: (165, 5)
[loftr_wrapper.py] image0: torch.Size([1, 1, 400, 400])
[loftr_wrapper.py] net forward
[loftr_wrapper.py] mconf, 0.2009277641773224 0.9118782877922058
[loftr_wrapper.py] pair_ids (158,)
[loftr_wrapper.py] corres: (158, 5)
[loftr_wrapper.py] image0: torch.Size([1, 1, 400, 400])
[loftr_wrapper.py] net forward
[loftr_wrapper.py] mconf, 0.20015965402126312 0.9519135355949402
[loftr_wrapper.py] pair_ids (135,)
[loftr_wrapper.py] corres: (135, 5)
[loftr_wrapper.py] image0: torch.Size([1, 1, 400, 400])
[loftr_wrapper.py] net forward
[loftr_wrapper.py] mconf, 0.20177705585956573 0.9650940299034119
[loftr_wrapper.py] pair_ids (134,)
[loftr_wrapper.py] corres: (134, 5)
[loftr_wrapper.py] image0: torch.Size([1, 1, 400, 400])
[loftr_wrapper.py] net forward
[loftr_wrapper.py] mconf, 0.20406761765480042 0.9688904881477356
[loftr_wrapper.py] pair_ids (118,)
[loftr_wrapper.py] corres: (118, 5)
[loftr_wrapper.py] image0: torch.Size([1, 1, 400, 400])
[loftr_wrapper.py] net forward
[loftr_wrapper.py] mconf, 0.20137695968151093 0.946884036064148
[loftr_wrapper.py] pair_ids (120,)
[loftr_wrapper.py] corres: (120, 5)
[loftr_wrapper.py] image0: torch.Size([1, 1, 400, 400])
[loftr_wrapper.py] net forward
[loftr_wrapper.py] mconf, 0.20327632129192352 0.938948929309845
[loftr_wrapper.py] pair_ids (108,)
[loftr_wrapper.py] corres: (108, 5)
[loftr_wrapper.py] image0: torch.Size([1, 1, 400, 400])
[loftr_wrapper.py] net forward
[loftr_wrapper.py] mconf, 0.20043732225894928 0.7759037017822266
[loftr_wrapper.py] pair_ids (86,)
[loftr_wrapper.py] corres: (86, 5)
[loftr_wrapper.py] image0: torch.Size([1, 1, 400, 400])
[loftr_wrapper.py] net forward
[loftr_wrapper.py] mconf, 0.20072510838508606 0.7598452568054199
[loftr_wrapper.py] pair_ids (68,)
[loftr_wrapper.py] corres: (68, 5)
[loftr_wrapper.py] image0: torch.Size([1, 1, 400, 400])
[loftr_wrapper.py] net forward
[loftr_wrapper.py] mconf, 0.20518340170383453 0.7484675645828247
[loftr_wrapper.py] pair_ids (52,)
[loftr_wrapper.py] corres: (52, 5)
[loftr_wrapper.py] image0: torch.Size([1, 1, 400, 400])
[loftr_wrapper.py] net forward
[loftr_wrapper.py] mconf, 0.20884418487548828 0.5719379186630249
[loftr_wrapper.py] pair_ids (61,)
[loftr_wrapper.py] corres: (61, 5)
[loftr_wrapper.py] image0: torch.Size([1, 1, 400, 400])
[loftr_wrapper.py] net forward
[loftr_wrapper.py] mconf, 0.2002122849225998 0.8331121802330017
[loftr_wrapper.py] pair_ids (58,)
[loftr_wrapper.py] corres: (58, 5)
[loftr_wrapper.py] image0: torch.Size([1, 1, 400, 400])
[loftr_wrapper.py] net forward
[loftr_wrapper.py] mconf, 0.20471090078353882 0.6776977777481079
[loftr_wrapper.py] pair_ids (61,)
[loftr_wrapper.py] corres: (61, 5)
[loftr_wrapper.py] image0: torch.Size([1, 1, 400, 400])
[loftr_wrapper.py] net forward
[loftr_wrapper.py] mconf, 0.20081977546215057 0.7583502531051636
[loftr_wrapper.py] pair_ids (69,)
[loftr_wrapper.py] corres: (69, 5)
[loftr_wrapper.py] image0: torch.Size([1, 1, 400, 400])
[loftr_wrapper.py] net forward
[loftr_wrapper.py] mconf, 0.20187899470329285 0.7681679129600525
[loftr_wrapper.py] pair_ids (68,)
[loftr_wrapper.py] corres: (68, 5)
  A MD-prior SM1 151/278 2.3s/kf | E-I=3.82 E-L=4.14 E-V2=115.40 E-V5b=57.26 E-V5d=57.48 E-V5x2=49.72 E-VI=44.30 | rot0 2.61
/home/kist/Desktop/BundleSAM3DGS/experiments/vggt_probe/models.py:30: FutureWarning: `torch.cuda.amp.autocast(args...)` is deprecated. Please use `torch.amp.autocast('cuda', args...)` instead.
  with torch.cuda.amp.autocast(dtype=torch.bfloat16):
/home/kist/venvs/vggt_probe/lib/python3.10/site-packages/vggt/models/vggt.py:65: FutureWarning: `torch.cuda.amp.autocast(args...)` is deprecated. Please use `torch.amp.autocast('cuda', args...)` instead.
  with torch.cuda.amp.autocast(enabled=False):
[loftr_wrapper.py] image0: torch.Size([1, 1, 400, 400])
/home/kist/Desktop/BundleSAM3DGS/loftr_wrapper.py:45: FutureWarning: `torch.cuda.amp.autocast(args...)` is deprecated. Please use `torch.amp.autocast('cuda', args...)` instead.
  with torch.cuda.amp.autocast(enabled=True):
[loftr_wrapper.py] net forward
[loftr_wrapper.py] mconf, 0.20044131577014923 0.5488168597221375
[loftr_wrapper.py] pair_ids (78,)
[loftr_wrapper.py] corres: (78, 5)
[loftr_wrapper.py] image0: torch.Size([1, 1, 400, 400])
[loftr_wrapper.py] net forward
[loftr_wrapper.py] mconf, 0.20083469152450562 0.7631086707115173
[loftr_wrapper.py] pair_ids (83,)
[loftr_wrapper.py] corres: (83, 5)
[loftr_wrapper.py] image0: torch.Size([1, 1, 400, 400])
[loftr_wrapper.py] net forward
[loftr_wrapper.py] mconf, 0.20005975663661957 0.6351565718650818
[loftr_wrapper.py] pair_ids (65,)
[loftr_wrapper.py] corres: (65, 5)
[loftr_wrapper.py] image0: torch.Size([1, 1, 400, 400])
[loftr_wrapper.py] net forward
[loftr_wrapper.py] mconf, 0.20025332272052765 0.6115030646324158
[loftr_wrapper.py] pair_ids (67,)
[loftr_wrapper.py] corres: (67, 5)
[loftr_wrapper.py] image0: torch.Size([1, 1, 400, 400])
[loftr_wrapper.py] net forward
[loftr_wrapper.py] mconf, 0.20012933015823364 0.6534596681594849
[loftr_wrapper.py] pair_ids (73,)
[loftr_wrapper.py] corres: (73, 5)
[loftr_wrapper.py] image0: torch.Size([1, 1, 400, 400])
[loftr_wrapper.py] net forward
[loftr_wrapper.py] mconf, 0.20101521909236908 0.7875528335571289
[loftr_wrapper.py] pair_ids (94,)
[loftr_wrapper.py] corres: (94, 5)
[loftr_wrapper.py] image0: torch.Size([1, 1, 400, 400])
[loftr_wrapper.py] net forward
[loftr_wrapper.py] mconf, 0.20002597570419312 0.7546860575675964
[loftr_wrapper.py] pair_ids (72,)
[loftr_wrapper.py] corres: (72, 5)
[loftr_wrapper.py] image0: torch.Size([1, 1, 400, 400])
[loftr_wrapper.py] net forward
[loftr_wrapper.py] mconf, 0.20485535264015198 0.853428065776825
[loftr_wrapper.py] pair_ids (73,)
[loftr_wrapper.py] corres: (73, 5)
[loftr_wrapper.py] image0: torch.Size([1, 1, 400, 400])
[loftr_wrapper.py] net forward
[loftr_wrapper.py] mconf, 0.20105454325675964 0.6859437823295593
[loftr_wrapper.py] pair_ids (81,)
[loftr_wrapper.py] corres: (81, 5)
[loftr_wrapper.py] image0: torch.Size([1, 1, 400, 400])
[loftr_wrapper.py] net forward
[loftr_wrapper.py] mconf, 0.200297012925148 0.7945221662521362
[loftr_wrapper.py] pair_ids (87,)
[loftr_wrapper.py] corres: (87, 5)
[loftr_wrapper.py] image0: torch.Size([1, 1, 400, 400])
[loftr_wrapper.py] net forward
[loftr_wrapper.py] mconf, 0.20009487867355347 0.7988908886909485
[loftr_wrapper.py] pair_ids (92,)
[loftr_wrapper.py] corres: (92, 5)
[loftr_wrapper.py] image0: torch.Size([1, 1, 400, 400])
[loftr_wrapper.py] net forward
[loftr_wrapper.py] mconf, 0.20172180235385895 0.5283854007720947
[loftr_wrapper.py] pair_ids (100,)
[loftr_wrapper.py] corres: (100, 5)
[loftr_wrapper.py] image0: torch.Size([1, 1, 400, 400])
[loftr_wrapper.py] net forward
[loftr_wrapper.py] mconf, 0.20060612261295319 0.9202244281768799
[loftr_wrapper.py] pair_ids (96,)
[loftr_wrapper.py] corres: (96, 5)
[loftr_wrapper.py] image0: torch.Size([1, 1, 400, 400])
[loftr_wrapper.py] net forward
[loftr_wrapper.py] mconf, 0.20002704858779907 0.8262239694595337
[loftr_wrapper.py] pair_ids (83,)
[loftr_wrapper.py] corres: (83, 5)
[loftr_wrapper.py] image0: torch.Size([1, 1, 400, 400])
[loftr_wrapper.py] net forward
[loftr_wrapper.py] mconf, 0.20092840492725372 0.8327769637107849
[loftr_wrapper.py] pair_ids (79,)
[loftr_wrapper.py] corres: (79, 5)
[loftr_wrapper.py] image0: torch.Size([1, 1, 400, 400])
[loftr_wrapper.py] net forward
[loftr_wrapper.py] mconf, 0.2008780837059021 0.8749908804893494
[loftr_wrapper.py] pair_ids (115,)
[loftr_wrapper.py] corres: (115, 5)
[loftr_wrapper.py] image0: torch.Size([1, 1, 400, 400])
[loftr_wrapper.py] net forward
[loftr_wrapper.py] mconf, 0.20254823565483093 0.5933037400245667
[loftr_wrapper.py] pair_ids (89,)
[loftr_wrapper.py] corres: (89, 5)
[loftr_wrapper.py] image0: torch.Size([1, 1, 400, 400])
[loftr_wrapper.py] net forward
[loftr_wrapper.py] mconf, 0.20094025135040283 0.6285571455955505
[loftr_wrapper.py] pair_ids (65,)
[loftr_wrapper.py] corres: (65, 5)
[loftr_wrapper.py] image0: torch.Size([1, 1, 400, 400])
[loftr_wrapper.py] net forward
[loftr_wrapper.py] mconf, 0.2016184777021408 0.6264359951019287
[loftr_wrapper.py] pair_ids (57,)
[loftr_wrapper.py] corres: (57, 5)
[loftr_wrapper.py] image0: torch.Size([1, 1, 400, 400])
[loftr_wrapper.py] net forward
[loftr_wrapper.py] mconf, 0.2001240998506546 0.7753838300704956
[loftr_wrapper.py] pair_ids (79,)
[loftr_wrapper.py] corres: (79, 5)
[loftr_wrapper.py] image0: torch.Size([1, 1, 400, 400])
[loftr_wrapper.py] net forward
[loftr_wrapper.py] mconf, 0.2034180909395218 0.9239097833633423
[loftr_wrapper.py] pair_ids (62,)
[loftr_wrapper.py] corres: (62, 5)
[loftr_wrapper.py] image0: torch.Size([1, 1, 400, 400])
[loftr_wrapper.py] net forward
[loftr_wrapper.py] mconf, 0.20034858584403992 0.7229611873626709
[loftr_wrapper.py] pair_ids (69,)
[loftr_wrapper.py] corres: (69, 5)
[loftr_wrapper.py] image0: torch.Size([1, 1, 400, 400])
[loftr_wrapper.py] net forward
[loftr_wrapper.py] mconf, 0.2006399929523468 0.7672891020774841
[loftr_wrapper.py] pair_ids (93,)
[loftr_wrapper.py] corres: (93, 5)
[loftr_wrapper.py] image0: torch.Size([1, 1, 400, 400])
[loftr_wrapper.py] net forward
[loftr_wrapper.py] mconf, 0.2001214176416397 0.773777425289154
[loftr_wrapper.py] pair_ids (116,)
[loftr_wrapper.py] corres: (116, 5)
[loftr_wrapper.py] image0: torch.Size([1, 1, 400, 400])
[loftr_wrapper.py] net forward
[loftr_wrapper.py] mconf, 0.20033448934555054 0.9669267535209656
[loftr_wrapper.py] pair_ids (147,)
[loftr_wrapper.py] corres: (147, 5)
  A MD-prior SM1 176/278 2.3s/kf | E-I=5.31 E-L=5.70 E-V2=154.98 E-V5b=77.66 E-V5d=77.79 E-V5x2=105.12 E-VI=105.12 | rot0 4.39
/home/kist/Desktop/BundleSAM3DGS/experiments/vggt_probe/models.py:30: FutureWarning: `torch.cuda.amp.autocast(args...)` is deprecated. Please use `torch.amp.autocast('cuda', args...)` instead.
  with torch.cuda.amp.autocast(dtype=torch.bfloat16):
/home/kist/venvs/vggt_probe/lib/python3.10/site-packages/vggt/models/vggt.py:65: FutureWarning: `torch.cuda.amp.autocast(args...)` is deprecated. Please use `torch.amp.autocast('cuda', args...)` instead.
  with torch.cuda.amp.autocast(enabled=False):
[loftr_wrapper.py] image0: torch.Size([1, 1, 400, 400])
/home/kist/Desktop/BundleSAM3DGS/loftr_wrapper.py:45: FutureWarning: `torch.cuda.amp.autocast(args...)` is deprecated. Please use `torch.amp.autocast('cuda', args...)` instead.
  with torch.cuda.amp.autocast(enabled=True):
[loftr_wrapper.py] net forward
[loftr_wrapper.py] mconf, 0.2010336071252823 0.9522063136100769
[loftr_wrapper.py] pair_ids (148,)
[loftr_wrapper.py] corres: (148, 5)
[loftr_wrapper.py] image0: torch.Size([1, 1, 400, 400])
[loftr_wrapper.py] net forward
[loftr_wrapper.py] mconf, 0.20098331570625305 0.8263033628463745
[loftr_wrapper.py] pair_ids (109,)
[loftr_wrapper.py] corres: (109, 5)
[loftr_wrapper.py] image0: torch.Size([1, 1, 400, 400])
[loftr_wrapper.py] net forward
[loftr_wrapper.py] mconf, 0.20084808766841888 0.7683918476104736
[loftr_wrapper.py] pair_ids (94,)
[loftr_wrapper.py] corres: (94, 5)
[loftr_wrapper.py] image0: torch.Size([1, 1, 400, 400])
[loftr_wrapper.py] net forward
[loftr_wrapper.py] mconf, 0.203032448887825 0.6330811977386475
[loftr_wrapper.py] pair_ids (61,)
[loftr_wrapper.py] corres: (61, 5)
[loftr_wrapper.py] image0: torch.Size([1, 1, 400, 400])
[loftr_wrapper.py] net forward
[loftr_wrapper.py] mconf, 0.2028021365404129 0.7598995566368103
[loftr_wrapper.py] pair_ids (54,)
[loftr_wrapper.py] corres: (54, 5)
[loftr_wrapper.py] image0: torch.Size([1, 1, 400, 400])
[loftr_wrapper.py] net forward
[loftr_wrapper.py] mconf, 0.21199262142181396 0.6032349467277527
[loftr_wrapper.py] pair_ids (35,)
[loftr_wrapper.py] corres: (35, 5)
[loftr_wrapper.py] image0: torch.Size([1, 1, 400, 400])
[loftr_wrapper.py] net forward
[loftr_wrapper.py] mconf, 0.20478405058383942 0.6242434978485107
[loftr_wrapper.py] pair_ids (44,)
[loftr_wrapper.py] corres: (44, 5)
[loftr_wrapper.py] image0: torch.Size([1, 1, 400, 400])
[loftr_wrapper.py] net forward
[loftr_wrapper.py] mconf, 0.20357806980609894 0.7661482691764832
[loftr_wrapper.py] pair_ids (34,)
[loftr_wrapper.py] corres: (34, 5)
[loftr_wrapper.py] image0: torch.Size([1, 1, 400, 400])
[loftr_wrapper.py] net forward
[loftr_wrapper.py] mconf, 0.20048551261425018 0.5982736349105835
[loftr_wrapper.py] pair_ids (45,)
[loftr_wrapper.py] corres: (45, 5)
[loftr_wrapper.py] image0: torch.Size([1, 1, 400, 400])
[loftr_wrapper.py] net forward
[loftr_wrapper.py] mconf, 0.20464491844177246 0.7287121415138245
[loftr_wrapper.py] pair_ids (48,)
[loftr_wrapper.py] corres: (48, 5)
[loftr_wrapper.py] image0: torch.Size([1, 1, 400, 400])
[loftr_wrapper.py] net forward
[loftr_wrapper.py] mconf, 0.20476005971431732 0.7231181263923645
[loftr_wrapper.py] pair_ids (73,)
[loftr_wrapper.py] corres: (73, 5)
[loftr_wrapper.py] image0: torch.Size([1, 1, 400, 400])
[loftr_wrapper.py] net forward
[loftr_wrapper.py] mconf, 0.20011112093925476 0.7590956091880798
[loftr_wrapper.py] pair_ids (69,)
[loftr_wrapper.py] corres: (69, 5)
[loftr_wrapper.py] image0: torch.Size([1, 1, 400, 400])
[loftr_wrapper.py] net forward
[loftr_wrapper.py] mconf, 0.20263493061065674 0.8385211229324341
[loftr_wrapper.py] pair_ids (93,)
[loftr_wrapper.py] corres: (93, 5)
[loftr_wrapper.py] image0: torch.Size([1, 1, 400, 400])
[loftr_wrapper.py] net forward
[loftr_wrapper.py] mconf, 0.20003195106983185 0.6781104207038879
[loftr_wrapper.py] pair_ids (71,)
[loftr_wrapper.py] corres: (71, 5)
[loftr_wrapper.py] image0: torch.Size([1, 1, 400, 400])
[loftr_wrapper.py] net forward
[loftr_wrapper.py] mconf, 0.2003907412290573 0.8076084852218628
[loftr_wrapper.py] pair_ids (77,)
[loftr_wrapper.py] corres: (77, 5)
[loftr_wrapper.py] image0: torch.Size([1, 1, 400, 400])
[loftr_wrapper.py] net forward
[loftr_wrapper.py] mconf, 0.20290277898311615 0.6188622713088989
[loftr_wrapper.py] pair_ids (54,)
[loftr_wrapper.py] corres: (54, 5)
[loftr_wrapper.py] image0: torch.Size([1, 1, 400, 400])
[loftr_wrapper.py] net forward
[loftr_wrapper.py] mconf, 0.20356661081314087 0.6417333483695984
[loftr_wrapper.py] pair_ids (50,)
[loftr_wrapper.py] corres: (50, 5)
[loftr_wrapper.py] image0: torch.Size([1, 1, 400, 400])
[loftr_wrapper.py] net forward
[loftr_wrapper.py] mconf, 0.20007863640785217 0.709967851638794
[loftr_wrapper.py] pair_ids (61,)
[loftr_wrapper.py] corres: (61, 5)
[loftr_wrapper.py] image0: torch.Size([1, 1, 400, 400])
[loftr_wrapper.py] net forward
[loftr_wrapper.py] mconf, 0.20343312621116638 0.8173545002937317
[loftr_wrapper.py] pair_ids (74,)
[loftr_wrapper.py] corres: (74, 5)
[loftr_wrapper.py] image0: torch.Size([1, 1, 400, 400])
[loftr_wrapper.py] net forward
[loftr_wrapper.py] mconf, 0.20219223201274872 0.6791195869445801
[loftr_wrapper.py] pair_ids (67,)
[loftr_wrapper.py] corres: (67, 5)
[loftr_wrapper.py] image0: torch.Size([1, 1, 400, 400])
[loftr_wrapper.py] net forward
[loftr_wrapper.py] mconf, 0.20115582644939423 0.8294615149497986
[loftr_wrapper.py] pair_ids (99,)
[loftr_wrapper.py] corres: (99, 5)
[loftr_wrapper.py] image0: torch.Size([1, 1, 400, 400])
[loftr_wrapper.py] net forward
[loftr_wrapper.py] mconf, 0.20196565985679626 0.9102624654769897
[loftr_wrapper.py] pair_ids (76,)
[loftr_wrapper.py] corres: (76, 5)
[loftr_wrapper.py] image0: torch.Size([1, 1, 400, 400])
[loftr_wrapper.py] net forward
[loftr_wrapper.py] mconf, 0.20053672790527344 0.8757271766662598
[loftr_wrapper.py] pair_ids (48,)
[loftr_wrapper.py] corres: (48, 5)
[loftr_wrapper.py] image0: torch.Size([1, 1, 400, 400])
[loftr_wrapper.py] net forward
[loftr_wrapper.py] mconf, 0.2005700170993805 0.6744807362556458
[loftr_wrapper.py] pair_ids (58,)
[loftr_wrapper.py] corres: (58, 5)
[loftr_wrapper.py] image0: torch.Size([1, 1, 400, 400])
[loftr_wrapper.py] net forward
[loftr_wrapper.py] mconf, 0.20474569499492645 0.8292234539985657
[loftr_wrapper.py] pair_ids (59,)
[loftr_wrapper.py] corres: (59, 5)
  A MD-prior SM1 201/278 2.4s/kf | E-I=4.91 E-L=6.44 E-V2=84.68 E-V5b=106.45 E-V5d=107.36 E-V5x2=19.66 E-VI=26.08 | rot0 3.71
/home/kist/Desktop/BundleSAM3DGS/experiments/vggt_probe/models.py:30: FutureWarning: `torch.cuda.amp.autocast(args...)` is deprecated. Please use `torch.amp.autocast('cuda', args...)` instead.
  with torch.cuda.amp.autocast(dtype=torch.bfloat16):
/home/kist/venvs/vggt_probe/lib/python3.10/site-packages/vggt/models/vggt.py:65: FutureWarning: `torch.cuda.amp.autocast(args...)` is deprecated. Please use `torch.amp.autocast('cuda', args...)` instead.
  with torch.cuda.amp.autocast(enabled=False):
[loftr_wrapper.py] image0: torch.Size([1, 1, 400, 400])
/home/kist/Desktop/BundleSAM3DGS/loftr_wrapper.py:45: FutureWarning: `torch.cuda.amp.autocast(args...)` is deprecated. Please use `torch.amp.autocast('cuda', args...)` instead.
  with torch.cuda.amp.autocast(enabled=True):
[loftr_wrapper.py] net forward
[loftr_wrapper.py] mconf, 0.20222412049770355 0.626802384853363
[loftr_wrapper.py] pair_ids (41,)
[loftr_wrapper.py] corres: (41, 5)
[loftr_wrapper.py] image0: torch.Size([1, 1, 400, 400])
[loftr_wrapper.py] net forward
[loftr_wrapper.py] mconf, 0.2005169540643692 0.9279881715774536
[loftr_wrapper.py] pair_ids (59,)
[loftr_wrapper.py] corres: (59, 5)
[loftr_wrapper.py] image0: torch.Size([1, 1, 400, 400])
[loftr_wrapper.py] net forward
[loftr_wrapper.py] mconf, 0.20692722499370575 0.874064564704895
[loftr_wrapper.py] pair_ids (71,)
[loftr_wrapper.py] corres: (71, 5)
[loftr_wrapper.py] image0: torch.Size([1, 1, 400, 400])
[loftr_wrapper.py] net forward
[loftr_wrapper.py] mconf, 0.2063087522983551 0.7487355470657349
[loftr_wrapper.py] pair_ids (70,)
[loftr_wrapper.py] corres: (70, 5)
[loftr_wrapper.py] image0: torch.Size([1, 1, 400, 400])
[loftr_wrapper.py] net forward
[loftr_wrapper.py] mconf, 0.2000194787979126 0.7915509343147278
[loftr_wrapper.py] pair_ids (67,)
[loftr_wrapper.py] corres: (67, 5)
[loftr_wrapper.py] image0: torch.Size([1, 1, 400, 400])
[loftr_wrapper.py] net forward
[loftr_wrapper.py] mconf, 0.20299650728702545 0.8579328060150146
[loftr_wrapper.py] pair_ids (79,)
[loftr_wrapper.py] corres: (79, 5)
[loftr_wrapper.py] image0: torch.Size([1, 1, 400, 400])
[loftr_wrapper.py] net forward
[loftr_wrapper.py] mconf, 0.20096002519130707 0.8674840927124023
[loftr_wrapper.py] pair_ids (92,)
[loftr_wrapper.py] corres: (92, 5)
[loftr_wrapper.py] image0: torch.Size([1, 1, 400, 400])
[loftr_wrapper.py] net forward
[loftr_wrapper.py] mconf, 0.2009180784225464 0.8401375412940979
[loftr_wrapper.py] pair_ids (126,)
[loftr_wrapper.py] corres: (126, 5)
[loftr_wrapper.py] image0: torch.Size([1, 1, 400, 400])
[loftr_wrapper.py] net forward
[loftr_wrapper.py] mconf, 0.202108234167099 0.7954993844032288
[loftr_wrapper.py] pair_ids (123,)
[loftr_wrapper.py] corres: (123, 5)
[loftr_wrapper.py] image0: torch.Size([1, 1, 400, 400])
[loftr_wrapper.py] net forward
[loftr_wrapper.py] mconf, 0.2005346715450287 0.881443977355957
[loftr_wrapper.py] pair_ids (104,)
[loftr_wrapper.py] corres: (104, 5)
[loftr_wrapper.py] image0: torch.Size([1, 1, 400, 400])
[loftr_wrapper.py] net forward
[loftr_wrapper.py] mconf, 0.2003324031829834 0.8329053521156311
[loftr_wrapper.py] pair_ids (133,)
[loftr_wrapper.py] corres: (133, 5)
[loftr_wrapper.py] image0: torch.Size([1, 1, 400, 400])
[loftr_wrapper.py] net forward
[loftr_wrapper.py] mconf, 0.2004382163286209 0.8456336259841919
[loftr_wrapper.py] pair_ids (116,)
[loftr_wrapper.py] corres: (116, 5)
[loftr_wrapper.py] image0: torch.Size([1, 1, 400, 400])
[loftr_wrapper.py] net forward
[loftr_wrapper.py] mconf, 0.20022141933441162 0.7434377670288086
[loftr_wrapper.py] pair_ids (68,)
[loftr_wrapper.py] corres: (68, 5)
[loftr_wrapper.py] image0: torch.Size([1, 1, 400, 400])
[loftr_wrapper.py] net forward
[loftr_wrapper.py] mconf, 0.20140010118484497 0.8038538098335266
[loftr_wrapper.py] pair_ids (87,)
[loftr_wrapper.py] corres: (87, 5)
[loftr_wrapper.py] image0: torch.Size([1, 1, 400, 400])
[loftr_wrapper.py] net forward
[loftr_wrapper.py] mconf, 0.20000243186950684 0.7654578685760498
[loftr_wrapper.py] pair_ids (90,)
[loftr_wrapper.py] corres: (90, 5)
[loftr_wrapper.py] image0: torch.Size([1, 1, 400, 400])
[loftr_wrapper.py] net forward
[loftr_wrapper.py] mconf, 0.20233920216560364 0.9088789820671082
[loftr_wrapper.py] pair_ids (107,)
[loftr_wrapper.py] corres: (107, 5)
[loftr_wrapper.py] image0: torch.Size([1, 1, 400, 400])
[loftr_wrapper.py] net forward
[loftr_wrapper.py] mconf, 0.20007483661174774 0.9392094016075134
[loftr_wrapper.py] pair_ids (109,)
[loftr_wrapper.py] corres: (109, 5)
[loftr_wrapper.py] image0: torch.Size([1, 1, 400, 400])
[loftr_wrapper.py] net forward
[loftr_wrapper.py] mconf, 0.2016877979040146 0.8660404682159424
[loftr_wrapper.py] pair_ids (101,)
[loftr_wrapper.py] corres: (101, 5)
[loftr_wrapper.py] image0: torch.Size([1, 1, 400, 400])
[loftr_wrapper.py] net forward
[loftr_wrapper.py] mconf, 0.2025669664144516 0.7881593108177185
[loftr_wrapper.py] pair_ids (122,)
[loftr_wrapper.py] corres: (122, 5)
[loftr_wrapper.py] image0: torch.Size([1, 1, 400, 400])
[loftr_wrapper.py] net forward
[loftr_wrapper.py] mconf, 0.20061609148979187 0.8543092012405396
[loftr_wrapper.py] pair_ids (104,)
[loftr_wrapper.py] corres: (104, 5)
[loftr_wrapper.py] image0: torch.Size([1, 1, 400, 400])
[loftr_wrapper.py] net forward
[loftr_wrapper.py] mconf, 0.20097661018371582 0.910520076751709
[loftr_wrapper.py] pair_ids (127,)
[loftr_wrapper.py] corres: (127, 5)
[loftr_wrapper.py] image0: torch.Size([1, 1, 400, 400])
[loftr_wrapper.py] net forward
[loftr_wrapper.py] mconf, 0.20152682065963745 0.866938054561615
[loftr_wrapper.py] pair_ids (149,)
[loftr_wrapper.py] corres: (149, 5)
[loftr_wrapper.py] image0: torch.Size([1, 1, 400, 400])
[loftr_wrapper.py] net forward
[loftr_wrapper.py] mconf, 0.20475631952285767 0.9938797354698181
[loftr_wrapper.py] pair_ids (144,)
[loftr_wrapper.py] corres: (144, 5)
[loftr_wrapper.py] image0: torch.Size([1, 1, 400, 400])
[loftr_wrapper.py] net forward
[loftr_wrapper.py] mconf, 0.20019225776195526 0.9815129637718201
[loftr_wrapper.py] pair_ids (162,)
[loftr_wrapper.py] corres: (162, 5)
[loftr_wrapper.py] image0: torch.Size([1, 1, 400, 400])
[loftr_wrapper.py] net forward
[loftr_wrapper.py] mconf, 0.20336224138736725 0.9801961779594421
[loftr_wrapper.py] pair_ids (216,)
[loftr_wrapper.py] corres: (216, 5)
  A MD-prior SM1 226/278 1.4s/kf | E-I=5.08 E-L=9.73 E-V2=60.15 E-V5b=46.40 E-V5d=46.36 E-V5x2=62.18 E-VI=62.18 | rot0 3.71
/home/kist/Desktop/BundleSAM3DGS/experiments/vggt_probe/models.py:30: FutureWarning: `torch.cuda.amp.autocast(args...)` is deprecated. Please use `torch.amp.autocast('cuda', args...)` instead.
  with torch.cuda.amp.autocast(dtype=torch.bfloat16):
/home/kist/venvs/vggt_probe/lib/python3.10/site-packages/vggt/models/vggt.py:65: FutureWarning: `torch.cuda.amp.autocast(args...)` is deprecated. Please use `torch.amp.autocast('cuda', args...)` instead.
  with torch.cuda.amp.autocast(enabled=False):
[loftr_wrapper.py] image0: torch.Size([1, 1, 400, 400])
/home/kist/Desktop/BundleSAM3DGS/loftr_wrapper.py:45: FutureWarning: `torch.cuda.amp.autocast(args...)` is deprecated. Please use `torch.amp.autocast('cuda', args...)` instead.
  with torch.cuda.amp.autocast(enabled=True):
[loftr_wrapper.py] net forward
[loftr_wrapper.py] mconf, 0.20002782344818115 0.9884462952613831
[loftr_wrapper.py] pair_ids (215,)
[loftr_wrapper.py] corres: (215, 5)
[loftr_wrapper.py] image0: torch.Size([1, 1, 400, 400])
[loftr_wrapper.py] net forward
[loftr_wrapper.py] mconf, 0.20024505257606506 0.9690675139427185
[loftr_wrapper.py] pair_ids (220,)
[loftr_wrapper.py] corres: (220, 5)
[loftr_wrapper.py] image0: torch.Size([1, 1, 400, 400])
[loftr_wrapper.py] net forward
[loftr_wrapper.py] mconf, 0.20009128749370575 0.966107964515686
[loftr_wrapper.py] pair_ids (196,)
[loftr_wrapper.py] corres: (196, 5)
[loftr_wrapper.py] image0: torch.Size([1, 1, 400, 400])
[loftr_wrapper.py] net forward
[loftr_wrapper.py] mconf, 0.20156095921993256 0.9574154019355774
[loftr_wrapper.py] pair_ids (173,)
[loftr_wrapper.py] corres: (173, 5)
[loftr_wrapper.py] image0: torch.Size([1, 1, 400, 400])
[loftr_wrapper.py] net forward
[loftr_wrapper.py] mconf, 0.20146679878234863 0.9117512702941895
[loftr_wrapper.py] pair_ids (120,)
[loftr_wrapper.py] corres: (120, 5)
[loftr_wrapper.py] image0: torch.Size([1, 1, 400, 400])
[loftr_wrapper.py] net forward
[loftr_wrapper.py] mconf, 0.20008866488933563 0.9694617390632629
[loftr_wrapper.py] pair_ids (122,)
[loftr_wrapper.py] corres: (122, 5)
[loftr_wrapper.py] image0: torch.Size([1, 1, 400, 400])
[loftr_wrapper.py] net forward
[loftr_wrapper.py] mconf, 0.20104952156543732 0.8222532868385315
[loftr_wrapper.py] pair_ids (81,)
[loftr_wrapper.py] corres: (81, 5)
[loftr_wrapper.py] image0: torch.Size([1, 1, 400, 400])
[loftr_wrapper.py] net forward
[loftr_wrapper.py] mconf, 0.2015378326177597 0.575291097164154
[loftr_wrapper.py] pair_ids (72,)
[loftr_wrapper.py] corres: (72, 5)
[loftr_wrapper.py] image0: torch.Size([1, 1, 400, 400])
[loftr_wrapper.py] net forward
[loftr_wrapper.py] mconf, 0.20075394213199615 0.5965690016746521
[loftr_wrapper.py] pair_ids (53,)
[loftr_wrapper.py] corres: (53, 5)
[loftr_wrapper.py] image0: torch.Size([1, 1, 400, 400])
[loftr_wrapper.py] net forward
[loftr_wrapper.py] mconf, 0.20289865136146545 0.5706475973129272
[loftr_wrapper.py] pair_ids (59,)
[loftr_wrapper.py] corres: (59, 5)
[loftr_wrapper.py] image0: torch.Size([1, 1, 400, 400])
[loftr_wrapper.py] net forward
[loftr_wrapper.py] mconf, 0.2015794813632965 0.8507338762283325
[loftr_wrapper.py] pair_ids (75,)
[loftr_wrapper.py] corres: (75, 5)
[loftr_wrapper.py] image0: torch.Size([1, 1, 400, 400])
[loftr_wrapper.py] net forward
[loftr_wrapper.py] mconf, 0.20100045204162598 0.7239803075790405
[loftr_wrapper.py] pair_ids (84,)
[loftr_wrapper.py] corres: (84, 5)
[loftr_wrapper.py] image0: torch.Size([1, 1, 400, 400])
[loftr_wrapper.py] net forward
[loftr_wrapper.py] mconf, 0.2002137005329132 0.8027553558349609
[loftr_wrapper.py] pair_ids (56,)
[loftr_wrapper.py] corres: (56, 5)
[loftr_wrapper.py] image0: torch.Size([1, 1, 400, 400])
[loftr_wrapper.py] net forward
[loftr_wrapper.py] mconf, 0.20085909962654114 0.741087794303894
[loftr_wrapper.py] pair_ids (76,)
[loftr_wrapper.py] corres: (76, 5)
[loftr_wrapper.py] image0: torch.Size([1, 1, 400, 400])
[loftr_wrapper.py] net forward
[loftr_wrapper.py] mconf, 0.2032000571489334 0.7689936757087708
[loftr_wrapper.py] pair_ids (92,)
[loftr_wrapper.py] corres: (92, 5)
[loftr_wrapper.py] image0: torch.Size([1, 1, 400, 400])
[loftr_wrapper.py] net forward
[loftr_wrapper.py] mconf, 0.20237146317958832 0.7193281650543213
[loftr_wrapper.py] pair_ids (84,)
[loftr_wrapper.py] corres: (84, 5)
[loftr_wrapper.py] image0: torch.Size([1, 1, 400, 400])
[loftr_wrapper.py] net forward
[loftr_wrapper.py] mconf, 0.2016526609659195 0.780149519443512
[loftr_wrapper.py] pair_ids (85,)
[loftr_wrapper.py] corres: (85, 5)
[loftr_wrapper.py] image0: torch.Size([1, 1, 400, 400])
[loftr_wrapper.py] net forward
[loftr_wrapper.py] mconf, 0.2029753178358078 0.7821624875068665
[loftr_wrapper.py] pair_ids (85,)
[loftr_wrapper.py] corres: (85, 5)
[loftr_wrapper.py] image0: torch.Size([1, 1, 400, 400])
[loftr_wrapper.py] net forward
[loftr_wrapper.py] mconf, 0.20060746371746063 0.7886675596237183
[loftr_wrapper.py] pair_ids (79,)
[loftr_wrapper.py] corres: (79, 5)
[loftr_wrapper.py] image0: torch.Size([1, 1, 400, 400])
[loftr_wrapper.py] net forward
[loftr_wrapper.py] mconf, 0.2017536461353302 0.6209098100662231
[loftr_wrapper.py] pair_ids (79,)
[loftr_wrapper.py] corres: (79, 5)
[loftr_wrapper.py] image0: torch.Size([1, 1, 400, 400])
[loftr_wrapper.py] net forward
[loftr_wrapper.py] mconf, 0.20315931737422943 0.807160496711731
[loftr_wrapper.py] pair_ids (56,)
[loftr_wrapper.py] corres: (56, 5)
[loftr_wrapper.py] image0: torch.Size([1, 1, 400, 400])
[loftr_wrapper.py] net forward
[loftr_wrapper.py] mconf, 0.200516477227211 0.7633879780769348
[loftr_wrapper.py] pair_ids (75,)
[loftr_wrapper.py] corres: (75, 5)
[loftr_wrapper.py] image0: torch.Size([1, 1, 400, 400])
[loftr_wrapper.py] net forward
[loftr_wrapper.py] mconf, 0.20027269423007965 0.6438912153244019
[loftr_wrapper.py] pair_ids (81,)
[loftr_wrapper.py] corres: (81, 5)
[loftr_wrapper.py] image0: torch.Size([1, 1, 400, 400])
[loftr_wrapper.py] net forward
[loftr_wrapper.py] mconf, 0.201411634683609 0.8339802622795105
[loftr_wrapper.py] pair_ids (75,)
[loftr_wrapper.py] corres: (75, 5)
[loftr_wrapper.py] image0: torch.Size([1, 1, 400, 400])
[loftr_wrapper.py] net forward
[loftr_wrapper.py] mconf, 0.20282313227653503 0.7583217024803162
[loftr_wrapper.py] pair_ids (90,)
[loftr_wrapper.py] corres: (90, 5)
  A MD-prior SM1 251/278 1.4s/kf | E-I=3.88 E-L=5.94 E-V2=128.04 E-V5b=101.27 E-V5d=101.32 E-V5x2=78.56 E-VI=78.56 | rot0 3.83
/home/kist/Desktop/BundleSAM3DGS/experiments/vggt_probe/models.py:30: FutureWarning: `torch.cuda.amp.autocast(args...)` is deprecated. Please use `torch.amp.autocast('cuda', args...)` instead.
  with torch.cuda.amp.autocast(dtype=torch.bfloat16):
/home/kist/venvs/vggt_probe/lib/python3.10/site-packages/vggt/models/vggt.py:65: FutureWarning: `torch.cuda.amp.autocast(args...)` is deprecated. Please use `torch.amp.autocast('cuda', args...)` instead.
  with torch.cuda.amp.autocast(enabled=False):
[loftr_wrapper.py] image0: torch.Size([1, 1, 400, 400])
/home/kist/Desktop/BundleSAM3DGS/loftr_wrapper.py:45: FutureWarning: `torch.cuda.amp.autocast(args...)` is deprecated. Please use `torch.amp.autocast('cuda', args...)` instead.
  with torch.cuda.amp.autocast(enabled=True):
[loftr_wrapper.py] net forward
[loftr_wrapper.py] mconf, 0.20042091608047485 0.8872310519218445
[loftr_wrapper.py] pair_ids (137,)
[loftr_wrapper.py] corres: (137, 5)
[loftr_wrapper.py] image0: torch.Size([1, 1, 400, 400])
[loftr_wrapper.py] net forward
[loftr_wrapper.py] mconf, 0.20080703496932983 0.8365587592124939
[loftr_wrapper.py] pair_ids (114,)
[loftr_wrapper.py] corres: (114, 5)
[loftr_wrapper.py] image0: torch.Size([1, 1, 400, 400])
[loftr_wrapper.py] net forward
[loftr_wrapper.py] mconf, 0.2010851949453354 0.9067044258117676
[loftr_wrapper.py] pair_ids (104,)
[loftr_wrapper.py] corres: (104, 5)
[loftr_wrapper.py] image0: torch.Size([1, 1, 400, 400])
[loftr_wrapper.py] net forward
[loftr_wrapper.py] mconf, 0.20048990845680237 0.8724567890167236
[loftr_wrapper.py] pair_ids (106,)
[loftr_wrapper.py] corres: (106, 5)
[loftr_wrapper.py] image0: torch.Size([1, 1, 400, 400])
[loftr_wrapper.py] net forward
[loftr_wrapper.py] mconf, 0.20076854526996613 0.8013601899147034
[loftr_wrapper.py] pair_ids (95,)
[loftr_wrapper.py] corres: (95, 5)
[loftr_wrapper.py] image0: torch.Size([1, 1, 400, 400])
[loftr_wrapper.py] net forward
[loftr_wrapper.py] mconf, 0.2000555545091629 0.7326889038085938
[loftr_wrapper.py] pair_ids (144,)
[loftr_wrapper.py] corres: (144, 5)
[loftr_wrapper.py] image0: torch.Size([1, 1, 400, 400])
[loftr_wrapper.py] net forward
[loftr_wrapper.py] mconf, 0.2011820524930954 0.8799958825111389
[loftr_wrapper.py] pair_ids (147,)
[loftr_wrapper.py] corres: (147, 5)
[loftr_wrapper.py] image0: torch.Size([1, 1, 400, 400])
[loftr_wrapper.py] net forward
[loftr_wrapper.py] mconf, 0.20057536661624908 0.7368897199630737
[loftr_wrapper.py] pair_ids (110,)
[loftr_wrapper.py] corres: (110, 5)
[loftr_wrapper.py] image0: torch.Size([1, 1, 400, 400])
[loftr_wrapper.py] net forward
[loftr_wrapper.py] mconf, 0.20140506327152252 0.5677465796470642
[loftr_wrapper.py] pair_ids (56,)
[loftr_wrapper.py] corres: (56, 5)
[loftr_wrapper.py] image0: torch.Size([1, 1, 400, 400])
[loftr_wrapper.py] net forward
[loftr_wrapper.py] mconf, 0.20664013922214508 0.6327410340309143
[loftr_wrapper.py] pair_ids (44,)
[loftr_wrapper.py] corres: (44, 5)
[loftr_wrapper.py] image0: torch.Size([1, 1, 400, 400])
[loftr_wrapper.py] net forward
[loftr_wrapper.py] mconf, 0.20275446772575378 0.4416443109512329
[loftr_wrapper.py] pair_ids (15,)
[loftr_wrapper.py] corres: (15, 5)
[loftr_wrapper.py] image0: torch.Size([1, 1, 400, 400])
[loftr_wrapper.py] net forward
[loftr_wrapper.py] mconf, 0.2016427367925644 0.6724754571914673
[loftr_wrapper.py] pair_ids (31,)
[loftr_wrapper.py] corres: (31, 5)
[loftr_wrapper.py] image0: torch.Size([1, 1, 400, 400])
[loftr_wrapper.py] net forward
[loftr_wrapper.py] mconf, 0.20125631988048553 0.5982237458229065
[loftr_wrapper.py] pair_ids (51,)
[loftr_wrapper.py] corres: (51, 5)
[loftr_wrapper.py] image0: torch.Size([1, 1, 400, 400])
[loftr_wrapper.py] net forward
[loftr_wrapper.py] mconf, 0.20229724049568176 0.746224045753479
[loftr_wrapper.py] pair_ids (71,)
[loftr_wrapper.py] corres: (71, 5)
[loftr_wrapper.py] image0: torch.Size([1, 1, 400, 400])
[loftr_wrapper.py] net forward
[loftr_wrapper.py] mconf, 0.20113758742809296 0.7846593260765076
[loftr_wrapper.py] pair_ids (71,)
[loftr_wrapper.py] corres: (71, 5)
[loftr_wrapper.py] image0: torch.Size([1, 1, 400, 400])
[loftr_wrapper.py] net forward
[loftr_wrapper.py] mconf, 0.20113509893417358 0.6836723685264587
[loftr_wrapper.py] pair_ids (87,)
[loftr_wrapper.py] corres: (87, 5)
[loftr_wrapper.py] image0: torch.Size([1, 1, 400, 400])
[loftr_wrapper.py] net forward
[loftr_wrapper.py] mconf, 0.2010592818260193 0.8276170492172241
[loftr_wrapper.py] pair_ids (74,)
[loftr_wrapper.py] corres: (74, 5)
[loftr_wrapper.py] image0: torch.Size([1, 1, 400, 400])
[loftr_wrapper.py] net forward
[loftr_wrapper.py] mconf, 0.20097005367279053 0.6819120645523071
[loftr_wrapper.py] pair_ids (45,)
[loftr_wrapper.py] corres: (45, 5)
[loftr_wrapper.py] image0: torch.Size([1, 1, 400, 400])
[loftr_wrapper.py] net forward
[loftr_wrapper.py] mconf, 0.204109787940979 0.7769705653190613
[loftr_wrapper.py] pair_ids (65,)
[loftr_wrapper.py] corres: (65, 5)
[loftr_wrapper.py] image0: torch.Size([1, 1, 400, 400])
[loftr_wrapper.py] net forward
[loftr_wrapper.py] mconf, 0.20047816634178162 0.777190625667572
[loftr_wrapper.py] pair_ids (68,)
[loftr_wrapper.py] corres: (68, 5)
[loftr_wrapper.py] image0: torch.Size([1, 1, 400, 400])
[loftr_wrapper.py] net forward
[loftr_wrapper.py] mconf, 0.2010231763124466 0.9463528990745544
[loftr_wrapper.py] pair_ids (95,)
[loftr_wrapper.py] corres: (95, 5)
[loftr_wrapper.py] image0: torch.Size([1, 1, 400, 400])
[loftr_wrapper.py] net forward
[loftr_wrapper.py] mconf, 0.2031533420085907 0.8543448448181152
[loftr_wrapper.py] pair_ids (123,)
[loftr_wrapper.py] corres: (123, 5)
[loftr_wrapper.py] image0: torch.Size([1, 1, 400, 400])
[loftr_wrapper.py] net forward
[loftr_wrapper.py] mconf, 0.20370857417583466 0.8610258102416992
[loftr_wrapper.py] pair_ids (110,)
[loftr_wrapper.py] corres: (110, 5)
[loftr_wrapper.py] image0: torch.Size([1, 1, 400, 400])
[loftr_wrapper.py] net forward
[loftr_wrapper.py] mconf, 0.20172594487667084 0.9580430388450623
[loftr_wrapper.py] pair_ids (119,)
[loftr_wrapper.py] corres: (119, 5)
[loftr_wrapper.py] image0: torch.Size([1, 1, 400, 400])
[loftr_wrapper.py] net forward
[loftr_wrapper.py] mconf, 0.20127269625663757 0.8557449579238892
[loftr_wrapper.py] pair_ids (106,)
[loftr_wrapper.py] corres: (106, 5)
  A MD-prior SM1 276/278 2.3s/kf | E-I=4.39 E-L=9.72 E-V2=103.01 E-V5b=120.28 E-V5d=120.45 E-V5x2=40.29 E-VI=48.43 | rot0 4.26
/home/kist/Desktop/BundleSAM3DGS/experiments/vggt_probe/models.py:30: FutureWarning: `torch.cuda.amp.autocast(args...)` is deprecated. Please use `torch.amp.autocast('cuda', args...)` instead.
  with torch.cuda.amp.autocast(dtype=torch.bfloat16):
/home/kist/venvs/vggt_probe/lib/python3.10/site-packages/vggt/models/vggt.py:65: FutureWarning: `torch.cuda.amp.autocast(args...)` is deprecated. Please use `torch.amp.autocast('cuda', args...)` instead.
  with torch.cuda.amp.autocast(enabled=False):
[loftr_wrapper.py] image0: torch.Size([1, 1, 400, 400])
/home/kist/Desktop/BundleSAM3DGS/loftr_wrapper.py:45: FutureWarning: `torch.cuda.amp.autocast(args...)` is deprecated. Please use `torch.amp.autocast('cuda', args...)` instead.
  with torch.cuda.amp.autocast(enabled=True):
[loftr_wrapper.py] net forward
[loftr_wrapper.py] mconf, 0.20083102583885193 0.9152796864509583
[loftr_wrapper.py] pair_ids (103,)
[loftr_wrapper.py] corres: (103, 5)
[loftr_wrapper.py] image0: torch.Size([1, 1, 400, 400])
[loftr_wrapper.py] net forward
[loftr_wrapper.py] mconf, 0.2070319503545761 0.9482133984565735
[loftr_wrapper.py] pair_ids (166,)
[loftr_wrapper.py] corres: (166, 5)
DONE A MD-prior SM1 jobs 278 642s | E-I=5.06/27% E-L=7.94/20% E-V2=102.76/0% E-V5b=84.90/0% E-V5d=84.82/0% E-V5x2=52.10/0% E-VI=55.73/4% | rot0 3.90
END 2026-09-26 02:20:54
