default_cfg {'backbone_type': 'ResNetFPN', 'resolution': (8, 2), 'fine_window_size': 5, 'fine_concat_coarse_feat': True, 'resnetfpn': {'initial_dim': 128, 'block_dims': [128, 196, 256]}, 'coarse': {'d_model': 256, 'd_ffn': 256, 'nhead': 8, 'layer_names': ['self', 'cross', 'self', 'cross', 'self', 'cross', 'self', 'cross'], 'attention': 'linear', 'temp_bug_fix': False}, 'match_coarse': {'thr': 0.2, 'border_rm': 2, 'match_type': 'dual_softmax', 'dsmax_temperature': 0.1, 'skh_iters': 3, 'skh_init_bin_score': 1.0, 'skh_prefilter': True, 'train_coarse_percent': 0.4, 'train_pad_num_gt_min': 200}, 'fine': {'d_model': 128, 'd_ffn': 128, 'nhead': 8, 'layer_names': ['self', 'cross'], 'attention': 'linear'}}
START B models=MD-gt,MD-prior seqs=['AP12', 'MPM12', 'SM1'] every=1 2026-09-26 02:21:08
[acceleratesupport.py] No OpenGL_accelerate module loaded: No module named 'OpenGL_accelerate'
[probe] GT rotations orthonormalized (max element change 3.97e-08)
[probe] GT rotations orthonormalized (max element change 3.97e-08)
/home/kist/Desktop/BundleSAM3DGS/experiments/vggt_probe/models.py:30: FutureWarning: `torch.cuda.amp.autocast(args...)` is deprecated. Please use `torch.amp.autocast('cuda', args...)` instead.
  with torch.cuda.amp.autocast(dtype=torch.bfloat16):
/home/kist/venvs/vggt_probe/lib/python3.10/site-packages/vggt/models/vggt.py:65: FutureWarning: `torch.cuda.amp.autocast(args...)` is deprecated. Please use `torch.amp.autocast('cuda', args...)` instead.
  with torch.cuda.amp.autocast(enabled=False):
[loftr_wrapper.py] image0: torch.Size([1, 1, 400, 400])
/home/kist/Desktop/BundleSAM3DGS/loftr_wrapper.py:45: FutureWarning: `torch.cuda.amp.autocast(args...)` is deprecated. Please use `torch.amp.autocast('cuda', args...)` instead.
  with torch.cuda.amp.autocast(enabled=True):
[loftr_wrapper.py] net forward
[loftr_wrapper.py] mconf, 0.20636709034442902 0.5660262107849121
[loftr_wrapper.py] pair_ids (15,)
[loftr_wrapper.py] corres: (15, 5)
  B MD-gt AP12 1/240 4.7s/kf | E-I=1.73 E-L=5.00 E-V2=97.00 E-V5b=148.08 E-V5b_r20=118.67 E-V5d=148.39 E-V5d_r20=118.86 E-V5x2=8.94 E-V5x2_r20=3.74 E-VI=8.94 E-VI_r20=3.74 | rot0 5.00
/home/kist/Desktop/BundleSAM3DGS/experiments/vggt_probe/models.py:30: FutureWarning: `torch.cuda.amp.autocast(args...)` is deprecated. Please use `torch.amp.autocast('cuda', args...)` instead.
  with torch.cuda.amp.autocast(dtype=torch.bfloat16):
/home/kist/venvs/vggt_probe/lib/python3.10/site-packages/vggt/models/vggt.py:65: FutureWarning: `torch.cuda.amp.autocast(args...)` is deprecated. Please use `torch.amp.autocast('cuda', args...)` instead.
  with torch.cuda.amp.autocast(enabled=False):
[loftr_wrapper.py] image0: torch.Size([1, 1, 400, 400])
/home/kist/Desktop/BundleSAM3DGS/loftr_wrapper.py:45: FutureWarning: `torch.cuda.amp.autocast(args...)` is deprecated. Please use `torch.amp.autocast('cuda', args...)` instead.
  with torch.cuda.amp.autocast(enabled=True):
[loftr_wrapper.py] net forward
[loftr_wrapper.py] mconf, 0.20038722455501556 0.6619969010353088
[loftr_wrapper.py] pair_ids (25,)
[loftr_wrapper.py] corres: (25, 5)
[loftr_wrapper.py] image0: torch.Size([1, 1, 400, 400])
[loftr_wrapper.py] net forward
[loftr_wrapper.py] mconf, 0.20699018239974976 0.5310888886451721
[loftr_wrapper.py] pair_ids (21,)
[loftr_wrapper.py] corres: (21, 5)
[loftr_wrapper.py] image0: torch.Size([1, 1, 400, 400])
[loftr_wrapper.py] net forward
[loftr_wrapper.py] mconf, 0.2157377153635025 0.46304380893707275
[loftr_wrapper.py] pair_ids (12,)
[loftr_wrapper.py] corres: (12, 5)
[loftr_wrapper.py] image0: torch.Size([1, 1, 400, 400])
[loftr_wrapper.py] net forward
[loftr_wrapper.py] mconf, 0.21177759766578674 0.5891128182411194
[loftr_wrapper.py] pair_ids (38,)
[loftr_wrapper.py] corres: (38, 5)
[loftr_wrapper.py] image0: torch.Size([1, 1, 400, 400])
[loftr_wrapper.py] net forward
[loftr_wrapper.py] mconf, 0.20120172202587128 0.7760695219039917
[loftr_wrapper.py] pair_ids (65,)
[loftr_wrapper.py] corres: (65, 5)
[loftr_wrapper.py] image0: torch.Size([1, 1, 400, 400])
[loftr_wrapper.py] net forward
[loftr_wrapper.py] mconf, 0.2002432495355606 0.6493290662765503
[loftr_wrapper.py] pair_ids (50,)
[loftr_wrapper.py] corres: (50, 5)
[loftr_wrapper.py] image0: torch.Size([1, 1, 400, 400])
[loftr_wrapper.py] net forward
[loftr_wrapper.py] mconf, 0.20093561708927155 0.7200059294700623
[loftr_wrapper.py] pair_ids (30,)
[loftr_wrapper.py] corres: (30, 5)
[loftr_wrapper.py] image0: torch.Size([1, 1, 400, 400])
[loftr_wrapper.py] net forward
[loftr_wrapper.py] mconf, 0.2017492800951004 0.5985627770423889
[loftr_wrapper.py] pair_ids (42,)
[loftr_wrapper.py] corres: (42, 5)
[loftr_wrapper.py] image0: torch.Size([1, 1, 400, 400])
[loftr_wrapper.py] net forward
[loftr_wrapper.py] mconf, 0.20774133503437042 0.7234606742858887
[loftr_wrapper.py] pair_ids (61,)
[loftr_wrapper.py] corres: (61, 5)
[loftr_wrapper.py] image0: torch.Size([1, 1, 400, 400])
[loftr_wrapper.py] net forward
[loftr_wrapper.py] mconf, 0.20030845701694489 0.6167771220207214
[loftr_wrapper.py] pair_ids (53,)
[loftr_wrapper.py] corres: (53, 5)
[loftr_wrapper.py] image0: torch.Size([1, 1, 400, 400])
[loftr_wrapper.py] net forward
[loftr_wrapper.py] mconf, 0.20057924091815948 0.6610895991325378
[loftr_wrapper.py] pair_ids (109,)
[loftr_wrapper.py] corres: (109, 5)
[loftr_wrapper.py] image0: torch.Size([1, 1, 400, 400])
[loftr_wrapper.py] net forward
[loftr_wrapper.py] mconf, 0.20084364712238312 0.9318235516548157
[loftr_wrapper.py] pair_ids (130,)
[loftr_wrapper.py] corres: (130, 5)
[loftr_wrapper.py] image0: torch.Size([1, 1, 400, 400])
[loftr_wrapper.py] net forward
[loftr_wrapper.py] mconf, 0.20148268342018127 0.8977550268173218
[loftr_wrapper.py] pair_ids (96,)
[loftr_wrapper.py] corres: (96, 5)
[loftr_wrapper.py] image0: torch.Size([1, 1, 400, 400])
[loftr_wrapper.py] net forward
[loftr_wrapper.py] mconf, 0.2030898481607437 0.8188070058822632
[loftr_wrapper.py] pair_ids (58,)
[loftr_wrapper.py] corres: (58, 5)
[loftr_wrapper.py] image0: torch.Size([1, 1, 400, 400])
[loftr_wrapper.py] net forward
[loftr_wrapper.py] mconf, 0.2003101110458374 0.5233438014984131
[loftr_wrapper.py] pair_ids (32,)
[loftr_wrapper.py] corres: (32, 5)
[loftr_wrapper.py] image0: torch.Size([1, 1, 400, 400])
[loftr_wrapper.py] net forward
[loftr_wrapper.py] mconf, 0.2058037370443344 0.6535612344741821
[loftr_wrapper.py] pair_ids (42,)
[loftr_wrapper.py] corres: (42, 5)
[loftr_wrapper.py] image0: torch.Size([1, 1, 400, 400])
[loftr_wrapper.py] net forward
[loftr_wrapper.py] mconf, 0.2000446766614914 0.5595704317092896
[loftr_wrapper.py] pair_ids (51,)
[loftr_wrapper.py] corres: (51, 5)
[loftr_wrapper.py] image0: torch.Size([1, 1, 400, 400])
[loftr_wrapper.py] net forward
[loftr_wrapper.py] mconf, 0.20563927292823792 0.5777342915534973
[loftr_wrapper.py] pair_ids (34,)
[loftr_wrapper.py] corres: (34, 5)
[loftr_wrapper.py] image0: torch.Size([1, 1, 400, 400])
[loftr_wrapper.py] net forward
[loftr_wrapper.py] mconf, 0.2029661387205124 0.8437949419021606
[loftr_wrapper.py] pair_ids (48,)
[loftr_wrapper.py] corres: (48, 5)
[loftr_wrapper.py] image0: torch.Size([1, 1, 400, 400])
[loftr_wrapper.py] net forward
[loftr_wrapper.py] mconf, 0.20173417031764984 0.6499807834625244
[loftr_wrapper.py] pair_ids (37,)
[loftr_wrapper.py] corres: (37, 5)
[loftr_wrapper.py] image0: torch.Size([1, 1, 400, 400])
[loftr_wrapper.py] net forward
[loftr_wrapper.py] mconf, 0.20524245500564575 0.7498300075531006
[loftr_wrapper.py] pair_ids (75,)
[loftr_wrapper.py] corres: (75, 5)
[loftr_wrapper.py] image0: torch.Size([1, 1, 400, 400])
[loftr_wrapper.py] net forward
[loftr_wrapper.py] mconf, 0.2015935629606247 0.607089638710022
[loftr_wrapper.py] pair_ids (48,)
[loftr_wrapper.py] corres: (48, 5)
[loftr_wrapper.py] image0: torch.Size([1, 1, 400, 400])
[loftr_wrapper.py] net forward
[loftr_wrapper.py] mconf, 0.20238898694515228 0.7687391638755798
[loftr_wrapper.py] pair_ids (40,)
[loftr_wrapper.py] corres: (40, 5)
[loftr_wrapper.py] image0: torch.Size([1, 1, 400, 400])
[loftr_wrapper.py] net forward
[loftr_wrapper.py] mconf, 0.20178452134132385 0.7733411192893982
[loftr_wrapper.py] pair_ids (46,)
[loftr_wrapper.py] corres: (46, 5)
[loftr_wrapper.py] image0: torch.Size([1, 1, 400, 400])
[loftr_wrapper.py] net forward
[loftr_wrapper.py] mconf, 0.2046574205160141 0.613429844379425
[loftr_wrapper.py] pair_ids (43,)
[loftr_wrapper.py] corres: (43, 5)
  B MD-gt AP12 26/240 4.2s/kf | E-I=1.94 E-L=9.92 E-V2=30.45 E-V5b=46.38 E-V5b_r20=102.72 E-V5d=46.45 E-V5d_r20=102.74 E-V5x2=18.48 E-V5x2_r20=86.94 E-VI=27.57 E-VI_r20=86.94 | rot0 5.00
/home/kist/Desktop/BundleSAM3DGS/experiments/vggt_probe/models.py:30: FutureWarning: `torch.cuda.amp.autocast(args...)` is deprecated. Please use `torch.amp.autocast('cuda', args...)` instead.
  with torch.cuda.amp.autocast(dtype=torch.bfloat16):
/home/kist/venvs/vggt_probe/lib/python3.10/site-packages/vggt/models/vggt.py:65: FutureWarning: `torch.cuda.amp.autocast(args...)` is deprecated. Please use `torch.amp.autocast('cuda', args...)` instead.
  with torch.cuda.amp.autocast(enabled=False):
[loftr_wrapper.py] image0: torch.Size([1, 1, 400, 400])
/home/kist/Desktop/BundleSAM3DGS/loftr_wrapper.py:45: FutureWarning: `torch.cuda.amp.autocast(args...)` is deprecated. Please use `torch.amp.autocast('cuda', args...)` instead.
  with torch.cuda.amp.autocast(enabled=True):
[loftr_wrapper.py] net forward
[loftr_wrapper.py] mconf, 0.20173625648021698 0.7994547486305237
[loftr_wrapper.py] pair_ids (70,)
[loftr_wrapper.py] corres: (70, 5)
[loftr_wrapper.py] image0: torch.Size([1, 1, 400, 400])
[loftr_wrapper.py] net forward
[loftr_wrapper.py] mconf, 0.20043139159679413 0.8314183354377747
[loftr_wrapper.py] pair_ids (88,)
[loftr_wrapper.py] corres: (88, 5)
[loftr_wrapper.py] image0: torch.Size([1, 1, 400, 400])
[loftr_wrapper.py] net forward
[loftr_wrapper.py] mconf, 0.20070123672485352 0.6274393796920776
[loftr_wrapper.py] pair_ids (65,)
[loftr_wrapper.py] corres: (65, 5)
[loftr_wrapper.py] image0: torch.Size([1, 1, 400, 400])
[loftr_wrapper.py] net forward
[loftr_wrapper.py] mconf, 0.20055964589118958 0.7563342452049255
[loftr_wrapper.py] pair_ids (35,)
[loftr_wrapper.py] corres: (35, 5)
[loftr_wrapper.py] image0: torch.Size([1, 1, 400, 400])
[loftr_wrapper.py] net forward
[loftr_wrapper.py] mconf, 0.20469407737255096 0.7799636125564575
[loftr_wrapper.py] pair_ids (73,)
[loftr_wrapper.py] corres: (73, 5)
[loftr_wrapper.py] image0: torch.Size([1, 1, 400, 400])
[loftr_wrapper.py] net forward
[loftr_wrapper.py] mconf, 0.20080408453941345 0.7625294327735901
[loftr_wrapper.py] pair_ids (51,)
[loftr_wrapper.py] corres: (51, 5)
[loftr_wrapper.py] image0: torch.Size([1, 1, 400, 400])
[loftr_wrapper.py] net forward
[loftr_wrapper.py] mconf, 0.20116840302944183 0.6267593502998352
[loftr_wrapper.py] pair_ids (35,)
[loftr_wrapper.py] corres: (35, 5)
[loftr_wrapper.py] image0: torch.Size([1, 1, 400, 400])
[loftr_wrapper.py] net forward
[loftr_wrapper.py] mconf, 0.20270201563835144 0.7626487016677856
[loftr_wrapper.py] pair_ids (37,)
[loftr_wrapper.py] corres: (37, 5)
[loftr_wrapper.py] image0: torch.Size([1, 1, 400, 400])
[loftr_wrapper.py] net forward
[loftr_wrapper.py] mconf, 0.20075446367263794 0.6262630820274353
[loftr_wrapper.py] pair_ids (42,)
[loftr_wrapper.py] corres: (42, 5)
[loftr_wrapper.py] image0: torch.Size([1, 1, 400, 400])
[loftr_wrapper.py] net forward
[loftr_wrapper.py] mconf, 0.20193752646446228 0.7553321719169617
[loftr_wrapper.py] pair_ids (37,)
[loftr_wrapper.py] corres: (37, 5)
[loftr_wrapper.py] image0: torch.Size([1, 1, 400, 400])
[loftr_wrapper.py] net forward
[loftr_wrapper.py] mconf, 0.20109257102012634 0.7528250813484192
[loftr_wrapper.py] pair_ids (65,)
[loftr_wrapper.py] corres: (65, 5)
[loftr_wrapper.py] image0: torch.Size([1, 1, 400, 400])
[loftr_wrapper.py] net forward
[loftr_wrapper.py] mconf, 0.20145906507968903 0.8342348337173462
[loftr_wrapper.py] pair_ids (101,)
[loftr_wrapper.py] corres: (101, 5)
[loftr_wrapper.py] image0: torch.Size([1, 1, 400, 400])
[loftr_wrapper.py] net forward
[loftr_wrapper.py] mconf, 0.20396366715431213 0.74129718542099
[loftr_wrapper.py] pair_ids (62,)
[loftr_wrapper.py] corres: (62, 5)
[loftr_wrapper.py] image0: torch.Size([1, 1, 400, 400])
[loftr_wrapper.py] net forward
[loftr_wrapper.py] mconf, 0.20042602717876434 0.6843225955963135
[loftr_wrapper.py] pair_ids (47,)
[loftr_wrapper.py] corres: (47, 5)
[loftr_wrapper.py] image0: torch.Size([1, 1, 400, 400])
[loftr_wrapper.py] net forward
[loftr_wrapper.py] mconf, 0.20011568069458008 0.8257421851158142
[loftr_wrapper.py] pair_ids (25,)
[loftr_wrapper.py] corres: (25, 5)
[loftr_wrapper.py] image0: torch.Size([1, 1, 400, 400])
[loftr_wrapper.py] net forward
[loftr_wrapper.py] mconf, 0.20434455573558807 0.6382214426994324
[loftr_wrapper.py] pair_ids (23,)
[loftr_wrapper.py] corres: (23, 5)
[loftr_wrapper.py] image0: torch.Size([1, 1, 400, 400])
[loftr_wrapper.py] net forward
[loftr_wrapper.py] mconf, 0.20102232694625854 0.4392361342906952
[loftr_wrapper.py] pair_ids (17,)
[loftr_wrapper.py] corres: (17, 5)
[loftr_wrapper.py] image0: torch.Size([1, 1, 400, 400])
[loftr_wrapper.py] net forward
[loftr_wrapper.py] mconf, 0.20371633768081665 0.4376646876335144
[loftr_wrapper.py] pair_ids (11,)
[loftr_wrapper.py] corres: (11, 5)
[loftr_wrapper.py] image0: torch.Size([1, 1, 400, 400])
[loftr_wrapper.py] net forward
[loftr_wrapper.py] mconf, 0.2029143124818802 0.6187450885772705
[loftr_wrapper.py] pair_ids (43,)
[loftr_wrapper.py] corres: (43, 5)
[loftr_wrapper.py] image0: torch.Size([1, 1, 400, 400])
[loftr_wrapper.py] net forward
[loftr_wrapper.py] mconf, 0.20125529170036316 0.6365060806274414
[loftr_wrapper.py] pair_ids (51,)
[loftr_wrapper.py] corres: (51, 5)
[loftr_wrapper.py] image0: torch.Size([1, 1, 400, 400])
[loftr_wrapper.py] net forward
[loftr_wrapper.py] mconf, 0.2021491527557373 0.9066809415817261
[loftr_wrapper.py] pair_ids (39,)
[loftr_wrapper.py] corres: (39, 5)
[loftr_wrapper.py] image0: torch.Size([1, 1, 400, 400])
[loftr_wrapper.py] net forward
[loftr_wrapper.py] mconf, 0.20142708718776703 0.6474516987800598
[loftr_wrapper.py] pair_ids (31,)
[loftr_wrapper.py] corres: (31, 5)
[loftr_wrapper.py] image0: torch.Size([1, 1, 400, 400])
[loftr_wrapper.py] net forward
[loftr_wrapper.py] mconf, 0.20166780054569244 0.6261246800422668
[loftr_wrapper.py] pair_ids (44,)
[loftr_wrapper.py] corres: (44, 5)
[loftr_wrapper.py] image0: torch.Size([1, 1, 400, 400])
[loftr_wrapper.py] net forward
[loftr_wrapper.py] mconf, 0.206051766872406 0.8111398816108704
[loftr_wrapper.py] pair_ids (55,)
[loftr_wrapper.py] corres: (55, 5)
[loftr_wrapper.py] image0: torch.Size([1, 1, 400, 400])
[loftr_wrapper.py] net forward
[loftr_wrapper.py] mconf, 0.20122560858726501 0.8801751136779785
[loftr_wrapper.py] pair_ids (42,)
[loftr_wrapper.py] corres: (42, 5)
  B MD-gt AP12 51/240 3.9s/kf | E-I=1.81 E-L=10.00 E-V2=122.26 E-V5b=55.32 E-V5b_r20=100.59 E-V5d=55.20 E-V5d_r20=100.79 E-V5x2=24.52 E-V5x2_r20=43.82 E-VI=68.97 E-VI_r20=43.82 | rot0 5.00
/home/kist/Desktop/BundleSAM3DGS/experiments/vggt_probe/models.py:30: FutureWarning: `torch.cuda.amp.autocast(args...)` is deprecated. Please use `torch.amp.autocast('cuda', args...)` instead.
  with torch.cuda.amp.autocast(dtype=torch.bfloat16):
/home/kist/venvs/vggt_probe/lib/python3.10/site-packages/vggt/models/vggt.py:65: FutureWarning: `torch.cuda.amp.autocast(args...)` is deprecated. Please use `torch.amp.autocast('cuda', args...)` instead.
  with torch.cuda.amp.autocast(enabled=False):
[loftr_wrapper.py] image0: torch.Size([1, 1, 400, 400])
/home/kist/Desktop/BundleSAM3DGS/loftr_wrapper.py:45: FutureWarning: `torch.cuda.amp.autocast(args...)` is deprecated. Please use `torch.amp.autocast('cuda', args...)` instead.
  with torch.cuda.amp.autocast(enabled=True):
[loftr_wrapper.py] net forward
[loftr_wrapper.py] mconf, 0.20192092657089233 0.6066561937332153
[loftr_wrapper.py] pair_ids (75,)
[loftr_wrapper.py] corres: (75, 5)
[loftr_wrapper.py] image0: torch.Size([1, 1, 400, 400])
[loftr_wrapper.py] net forward
[loftr_wrapper.py] mconf, 0.2010630965232849 0.7182692885398865
[loftr_wrapper.py] pair_ids (107,)
[loftr_wrapper.py] corres: (107, 5)
[loftr_wrapper.py] image0: torch.Size([1, 1, 400, 400])
[loftr_wrapper.py] net forward
[loftr_wrapper.py] mconf, 0.20064237713813782 0.9093353152275085
[loftr_wrapper.py] pair_ids (150,)
[loftr_wrapper.py] corres: (150, 5)
[loftr_wrapper.py] image0: torch.Size([1, 1, 400, 400])
[loftr_wrapper.py] net forward
[loftr_wrapper.py] mconf, 0.20242398977279663 0.5865042805671692
[loftr_wrapper.py] pair_ids (39,)
[loftr_wrapper.py] corres: (39, 5)
[loftr_wrapper.py] image0: torch.Size([1, 1, 400, 400])
[loftr_wrapper.py] net forward
[loftr_wrapper.py] mconf, 0.20229782164096832 0.7907978892326355
[loftr_wrapper.py] pair_ids (39,)
[loftr_wrapper.py] corres: (39, 5)
[loftr_wrapper.py] image0: torch.Size([1, 1, 400, 400])
[loftr_wrapper.py] net forward
[loftr_wrapper.py] mconf, 0.20328755676746368 0.7763246297836304
[loftr_wrapper.py] pair_ids (44,)
[loftr_wrapper.py] corres: (44, 5)
[loftr_wrapper.py] image0: torch.Size([1, 1, 400, 400])
[loftr_wrapper.py] net forward
[loftr_wrapper.py] mconf, 0.20061276853084564 0.5542523860931396
[loftr_wrapper.py] pair_ids (32,)
[loftr_wrapper.py] corres: (32, 5)
[loftr_wrapper.py] image0: torch.Size([1, 1, 400, 400])
[loftr_wrapper.py] net forward
[loftr_wrapper.py] mconf, 0.2017248570919037 0.7727938294410706
[loftr_wrapper.py] pair_ids (26,)
[loftr_wrapper.py] corres: (26, 5)
[loftr_wrapper.py] image0: torch.Size([1, 1, 400, 400])
[loftr_wrapper.py] net forward
[loftr_wrapper.py] mconf, 0.21029074490070343 0.8580363988876343
[loftr_wrapper.py] pair_ids (50,)
[loftr_wrapper.py] corres: (50, 5)
[loftr_wrapper.py] image0: torch.Size([1, 1, 400, 400])
[loftr_wrapper.py] net forward
[loftr_wrapper.py] mconf, 0.20098593831062317 0.7756913304328918
[loftr_wrapper.py] pair_ids (32,)
[loftr_wrapper.py] corres: (32, 5)
[loftr_wrapper.py] image0: torch.Size([1, 1, 400, 400])
[loftr_wrapper.py] net forward
[loftr_wrapper.py] mconf, 0.200290247797966 0.596635639667511
[loftr_wrapper.py] pair_ids (73,)
[loftr_wrapper.py] corres: (73, 5)
[loftr_wrapper.py] image0: torch.Size([1, 1, 400, 400])
[loftr_wrapper.py] net forward
[loftr_wrapper.py] mconf, 0.2007547914981842 0.7117897868156433
[loftr_wrapper.py] pair_ids (41,)
[loftr_wrapper.py] corres: (41, 5)
[loftr_wrapper.py] image0: torch.Size([1, 1, 400, 400])
[loftr_wrapper.py] net forward
[loftr_wrapper.py] mconf, 0.20205020904541016 0.6928237676620483
[loftr_wrapper.py] pair_ids (56,)
[loftr_wrapper.py] corres: (56, 5)
[loftr_wrapper.py] image0: torch.Size([1, 1, 400, 400])
[loftr_wrapper.py] net forward
[loftr_wrapper.py] mconf, 0.20382541418075562 0.9185175895690918
[loftr_wrapper.py] pair_ids (54,)
[loftr_wrapper.py] corres: (54, 5)
[loftr_wrapper.py] image0: torch.Size([1, 1, 400, 400])
[loftr_wrapper.py] net forward
[loftr_wrapper.py] mconf, 0.20548492670059204 0.6635754108428955
[loftr_wrapper.py] pair_ids (43,)
[loftr_wrapper.py] corres: (43, 5)
[loftr_wrapper.py] image0: torch.Size([1, 1, 400, 400])
[loftr_wrapper.py] net forward
[loftr_wrapper.py] mconf, 0.2005831003189087 0.8010159134864807
[loftr_wrapper.py] pair_ids (59,)
[loftr_wrapper.py] corres: (59, 5)
[loftr_wrapper.py] image0: torch.Size([1, 1, 400, 400])
[loftr_wrapper.py] net forward
[loftr_wrapper.py] mconf, 0.20001690089702606 0.8154663443565369
[loftr_wrapper.py] pair_ids (84,)
[loftr_wrapper.py] corres: (84, 5)
[loftr_wrapper.py] image0: torch.Size([1, 1, 400, 400])
[loftr_wrapper.py] net forward
[loftr_wrapper.py] mconf, 0.2017357051372528 0.7087748646736145
[loftr_wrapper.py] pair_ids (63,)
[loftr_wrapper.py] corres: (63, 5)
[loftr_wrapper.py] image0: torch.Size([1, 1, 400, 400])
[loftr_wrapper.py] net forward
[loftr_wrapper.py] mconf, 0.20187842845916748 0.6849673390388489
[loftr_wrapper.py] pair_ids (43,)
[loftr_wrapper.py] corres: (43, 5)
[loftr_wrapper.py] image0: torch.Size([1, 1, 400, 400])
[loftr_wrapper.py] net forward
[loftr_wrapper.py] mconf, 0.20001791417598724 0.7062243223190308
[loftr_wrapper.py] pair_ids (67,)
[loftr_wrapper.py] corres: (67, 5)
[loftr_wrapper.py] image0: torch.Size([1, 1, 400, 400])
[loftr_wrapper.py] net forward
[loftr_wrapper.py] mconf, 0.20623983442783356 0.6077784299850464
[loftr_wrapper.py] pair_ids (33,)
[loftr_wrapper.py] corres: (33, 5)
[loftr_wrapper.py] image0: torch.Size([1, 1, 400, 400])
[loftr_wrapper.py] net forward
[loftr_wrapper.py] mconf, 0.20212775468826294 0.6401413083076477
[loftr_wrapper.py] pair_ids (55,)
[loftr_wrapper.py] corres: (55, 5)
[loftr_wrapper.py] image0: torch.Size([1, 1, 400, 400])
[loftr_wrapper.py] net forward
[loftr_wrapper.py] mconf, 0.20216931402683258 0.8395175337791443
[loftr_wrapper.py] pair_ids (39,)
[loftr_wrapper.py] corres: (39, 5)
[loftr_wrapper.py] image0: torch.Size([1, 1, 400, 400])
[loftr_wrapper.py] net forward
[loftr_wrapper.py] mconf, 0.20023278892040253 0.601940929889679
[loftr_wrapper.py] pair_ids (48,)
[loftr_wrapper.py] corres: (48, 5)
[loftr_wrapper.py] image0: torch.Size([1, 1, 400, 400])
[loftr_wrapper.py] net forward
[loftr_wrapper.py] mconf, 0.2042369842529297 0.8730684518814087
[loftr_wrapper.py] pair_ids (48,)
[loftr_wrapper.py] corres: (48, 5)
  B MD-gt AP12 76/240 4.3s/kf | E-I=1.60 E-L=10.64 E-V2=64.42 E-V5b=25.12 E-V5b_r20=64.53 E-V5d=25.12 E-V5d_r20=64.52 E-V5x2=19.85 E-V5x2_r20=66.43 E-VI=14.20 E-VI_r20=87.88 | rot0 10.00
/home/kist/Desktop/BundleSAM3DGS/experiments/vggt_probe/models.py:30: FutureWarning: `torch.cuda.amp.autocast(args...)` is deprecated. Please use `torch.amp.autocast('cuda', args...)` instead.
  with torch.cuda.amp.autocast(dtype=torch.bfloat16):
/home/kist/venvs/vggt_probe/lib/python3.10/site-packages/vggt/models/vggt.py:65: FutureWarning: `torch.cuda.amp.autocast(args...)` is deprecated. Please use `torch.amp.autocast('cuda', args...)` instead.
  with torch.cuda.amp.autocast(enabled=False):
[loftr_wrapper.py] image0: torch.Size([1, 1, 400, 400])
/home/kist/Desktop/BundleSAM3DGS/loftr_wrapper.py:45: FutureWarning: `torch.cuda.amp.autocast(args...)` is deprecated. Please use `torch.amp.autocast('cuda', args...)` instead.
  with torch.cuda.amp.autocast(enabled=True):
[loftr_wrapper.py] net forward
[loftr_wrapper.py] mconf, 0.2001035362482071 0.7247946858406067
[loftr_wrapper.py] pair_ids (59,)
[loftr_wrapper.py] corres: (59, 5)
[loftr_wrapper.py] image0: torch.Size([1, 1, 400, 400])
[loftr_wrapper.py] net forward
[loftr_wrapper.py] mconf, 0.20094387233257294 0.8459492325782776
[loftr_wrapper.py] pair_ids (76,)
[loftr_wrapper.py] corres: (76, 5)
[loftr_wrapper.py] image0: torch.Size([1, 1, 400, 400])
[loftr_wrapper.py] net forward
[loftr_wrapper.py] mconf, 0.20427769422531128 0.7164494395256042
[loftr_wrapper.py] pair_ids (53,)
[loftr_wrapper.py] corres: (53, 5)
[loftr_wrapper.py] image0: torch.Size([1, 1, 400, 400])
[loftr_wrapper.py] net forward
[loftr_wrapper.py] mconf, 0.20261268317699432 0.7174161076545715
[loftr_wrapper.py] pair_ids (23,)
[loftr_wrapper.py] corres: (23, 5)
[loftr_wrapper.py] image0: torch.Size([1, 1, 400, 400])
[loftr_wrapper.py] net forward
[loftr_wrapper.py] mconf, 0.200956329703331 0.7314252853393555
[loftr_wrapper.py] pair_ids (18,)
[loftr_wrapper.py] corres: (18, 5)
[loftr_wrapper.py] image0: torch.Size([1, 1, 400, 400])
[loftr_wrapper.py] net forward
[loftr_wrapper.py] mconf, 0.20333907008171082 0.5345414280891418
[loftr_wrapper.py] pair_ids (25,)
[loftr_wrapper.py] corres: (25, 5)
[loftr_wrapper.py] image0: torch.Size([1, 1, 400, 400])
[loftr_wrapper.py] net forward
[loftr_wrapper.py] mconf, 0.20362398028373718 0.3724966049194336
[loftr_wrapper.py] pair_ids (6,)
[loftr_wrapper.py] corres: (6, 5)
[loftr_wrapper.py] image0: torch.Size([1, 1, 400, 400])
[loftr_wrapper.py] net forward
[loftr_wrapper.py] mconf, 0.2142476886510849 0.5335193276405334
[loftr_wrapper.py] pair_ids (14,)
[loftr_wrapper.py] corres: (14, 5)
[loftr_wrapper.py] image0: torch.Size([1, 1, 400, 400])
[loftr_wrapper.py] net forward
[loftr_wrapper.py] mconf, 0.20501069724559784 0.7649837136268616
[loftr_wrapper.py] pair_ids (56,)
[loftr_wrapper.py] corres: (56, 5)
[loftr_wrapper.py] image0: torch.Size([1, 1, 400, 400])
[loftr_wrapper.py] net forward
[loftr_wrapper.py] mconf, 0.20057694613933563 0.6270096302032471
[loftr_wrapper.py] pair_ids (46,)
[loftr_wrapper.py] corres: (46, 5)
[loftr_wrapper.py] image0: torch.Size([1, 1, 400, 400])
[loftr_wrapper.py] net forward
[loftr_wrapper.py] mconf, 0.2026696354150772 0.6594944596290588
[loftr_wrapper.py] pair_ids (36,)
[loftr_wrapper.py] corres: (36, 5)
[loftr_wrapper.py] image0: torch.Size([1, 1, 400, 400])
[loftr_wrapper.py] net forward
[loftr_wrapper.py] mconf, 0.2035764455795288 0.6658550500869751
[loftr_wrapper.py] pair_ids (21,)
[loftr_wrapper.py] corres: (21, 5)
[loftr_wrapper.py] image0: torch.Size([1, 1, 400, 400])
[loftr_wrapper.py] net forward
[loftr_wrapper.py] mconf, 0.20198293030261993 0.6520071029663086
[loftr_wrapper.py] pair_ids (28,)
[loftr_wrapper.py] corres: (28, 5)
[loftr_wrapper.py] image0: torch.Size([1, 1, 400, 400])
[loftr_wrapper.py] net forward
[loftr_wrapper.py] mconf, 0.20703713595867157 0.7472470998764038
[loftr_wrapper.py] pair_ids (25,)
[loftr_wrapper.py] corres: (25, 5)
[loftr_wrapper.py] image0: torch.Size([1, 1, 400, 400])
[loftr_wrapper.py] net forward
[loftr_wrapper.py] mconf, 0.201463520526886 0.6368452310562134
[loftr_wrapper.py] pair_ids (39,)
[loftr_wrapper.py] corres: (39, 5)
[loftr_wrapper.py] image0: torch.Size([1, 1, 400, 400])
[loftr_wrapper.py] net forward
[loftr_wrapper.py] mconf, 0.20096690952777863 0.7189055681228638
[loftr_wrapper.py] pair_ids (74,)
[loftr_wrapper.py] corres: (74, 5)
[loftr_wrapper.py] image0: torch.Size([1, 1, 400, 400])
[loftr_wrapper.py] net forward
[loftr_wrapper.py] mconf, 0.2005883753299713 0.6937572360038757
[loftr_wrapper.py] pair_ids (80,)
[loftr_wrapper.py] corres: (80, 5)
[loftr_wrapper.py] image0: torch.Size([1, 1, 400, 400])
[loftr_wrapper.py] net forward
[loftr_wrapper.py] mconf, 0.20426174998283386 0.6505616307258606
[loftr_wrapper.py] pair_ids (46,)
[loftr_wrapper.py] corres: (46, 5)
[loftr_wrapper.py] image0: torch.Size([1, 1, 400, 400])
[loftr_wrapper.py] net forward
[loftr_wrapper.py] mconf, 0.20178821682929993 0.5127690434455872
[loftr_wrapper.py] pair_ids (42,)
[loftr_wrapper.py] corres: (42, 5)
[loftr_wrapper.py] image0: torch.Size([1, 1, 400, 400])
[loftr_wrapper.py] net forward
[loftr_wrapper.py] mconf, 0.20343570411205292 0.8326995372772217
[loftr_wrapper.py] pair_ids (26,)
[loftr_wrapper.py] corres: (26, 5)
[loftr_wrapper.py] image0: torch.Size([1, 1, 400, 400])
[loftr_wrapper.py] net forward
[loftr_wrapper.py] mconf, 0.20003144443035126 0.8099700212478638
[loftr_wrapper.py] pair_ids (17,)
[loftr_wrapper.py] corres: (17, 5)
[loftr_wrapper.py] image0: torch.Size([1, 1, 400, 400])
[loftr_wrapper.py] net forward
[loftr_wrapper.py] mconf, 0.20098328590393066 0.6850847601890564
[loftr_wrapper.py] pair_ids (39,)
[loftr_wrapper.py] corres: (39, 5)
[loftr_wrapper.py] image0: torch.Size([1, 1, 400, 400])
[loftr_wrapper.py] net forward
[loftr_wrapper.py] mconf, 0.20428228378295898 0.49711573123931885
[loftr_wrapper.py] pair_ids (26,)
[loftr_wrapper.py] corres: (26, 5)
[loftr_wrapper.py] image0: torch.Size([1, 1, 400, 400])
[loftr_wrapper.py] net forward
[loftr_wrapper.py] mconf, 0.20199477672576904 0.9293707609176636
[loftr_wrapper.py] pair_ids (30,)
[loftr_wrapper.py] corres: (30, 5)
[loftr_wrapper.py] image0: torch.Size([1, 1, 400, 400])
[loftr_wrapper.py] net forward
[loftr_wrapper.py] mconf, 0.2149210125207901 0.6516635417938232
[loftr_wrapper.py] pair_ids (21,)
[loftr_wrapper.py] corres: (21, 5)
  B MD-gt AP12 101/240 4.4s/kf | E-I=2.02 E-L=18.93 E-V2=102.08 E-V5b=57.83 E-V5b_r20=79.50 E-V5d=57.93 E-V5d_r20=79.45 E-V5x2=23.63 E-V5x2_r20=48.24 E-VI=35.74 E-VI_r20=59.61 | rot0 20.00
/home/kist/Desktop/BundleSAM3DGS/experiments/vggt_probe/models.py:30: FutureWarning: `torch.cuda.amp.autocast(args...)` is deprecated. Please use `torch.amp.autocast('cuda', args...)` instead.
  with torch.cuda.amp.autocast(dtype=torch.bfloat16):
/home/kist/venvs/vggt_probe/lib/python3.10/site-packages/vggt/models/vggt.py:65: FutureWarning: `torch.cuda.amp.autocast(args...)` is deprecated. Please use `torch.amp.autocast('cuda', args...)` instead.
  with torch.cuda.amp.autocast(enabled=False):
[loftr_wrapper.py] image0: torch.Size([1, 1, 400, 400])
/home/kist/Desktop/BundleSAM3DGS/loftr_wrapper.py:45: FutureWarning: `torch.cuda.amp.autocast(args...)` is deprecated. Please use `torch.amp.autocast('cuda', args...)` instead.
  with torch.cuda.amp.autocast(enabled=True):
[loftr_wrapper.py] net forward
[loftr_wrapper.py] mconf, 0.20201678574085236 0.4138236939907074
[loftr_wrapper.py] pair_ids (32,)
[loftr_wrapper.py] corres: (32, 5)
[loftr_wrapper.py] image0: torch.Size([1, 1, 400, 400])
[loftr_wrapper.py] net forward
[loftr_wrapper.py] mconf, 0.20159704983234406 0.658526599407196
[loftr_wrapper.py] pair_ids (40,)
[loftr_wrapper.py] corres: (40, 5)
[loftr_wrapper.py] image0: torch.Size([1, 1, 400, 400])
[loftr_wrapper.py] net forward
[loftr_wrapper.py] mconf, 0.20203310251235962 0.6300920248031616
[loftr_wrapper.py] pair_ids (36,)
[loftr_wrapper.py] corres: (36, 5)
[loftr_wrapper.py] image0: torch.Size([1, 1, 400, 400])
[loftr_wrapper.py] net forward
[loftr_wrapper.py] mconf, 0.20036230981349945 0.8631362318992615
[loftr_wrapper.py] pair_ids (61,)
[loftr_wrapper.py] corres: (61, 5)
[loftr_wrapper.py] image0: torch.Size([1, 1, 400, 400])
[loftr_wrapper.py] net forward
[loftr_wrapper.py] mconf, 0.21242988109588623 0.751541018486023
[loftr_wrapper.py] pair_ids (32,)
[loftr_wrapper.py] corres: (32, 5)
[loftr_wrapper.py] image0: torch.Size([1, 1, 400, 400])
[loftr_wrapper.py] net forward
[loftr_wrapper.py] mconf, 0.20048865675926208 0.6368545889854431
[loftr_wrapper.py] pair_ids (31,)
[loftr_wrapper.py] corres: (31, 5)
[loftr_wrapper.py] image0: torch.Size([1, 1, 400, 400])
[loftr_wrapper.py] net forward
[loftr_wrapper.py] mconf, 0.20099757611751556 0.8065099716186523
[loftr_wrapper.py] pair_ids (67,)
[loftr_wrapper.py] corres: (67, 5)
[loftr_wrapper.py] image0: torch.Size([1, 1, 400, 400])
[loftr_wrapper.py] net forward
[loftr_wrapper.py] mconf, 0.20292533934116364 0.7369077801704407
[loftr_wrapper.py] pair_ids (57,)
[loftr_wrapper.py] corres: (57, 5)
[loftr_wrapper.py] image0: torch.Size([1, 1, 400, 400])
[loftr_wrapper.py] net forward
[loftr_wrapper.py] mconf, 0.2112593650817871 0.7265539765357971
[loftr_wrapper.py] pair_ids (33,)
[loftr_wrapper.py] corres: (33, 5)
[loftr_wrapper.py] image0: torch.Size([1, 1, 400, 400])
[loftr_wrapper.py] net forward
[loftr_wrapper.py] mconf, 0.20315851271152496 0.5508427023887634
[loftr_wrapper.py] pair_ids (33,)
[loftr_wrapper.py] corres: (33, 5)
[loftr_wrapper.py] image0: torch.Size([1, 1, 400, 400])
[loftr_wrapper.py] net forward
[loftr_wrapper.py] mconf, 0.20247521996498108 0.5618898272514343
[loftr_wrapper.py] pair_ids (23,)
[loftr_wrapper.py] corres: (23, 5)
[loftr_wrapper.py] image0: torch.Size([1, 1, 400, 400])
[loftr_wrapper.py] net forward
[loftr_wrapper.py] mconf, 0.201056569814682 0.4143544137477875
[loftr_wrapper.py] pair_ids (22,)
[loftr_wrapper.py] corres: (22, 5)
[loftr_wrapper.py] image0: torch.Size([1, 1, 400, 400])
[loftr_wrapper.py] net forward
[loftr_wrapper.py] mconf, 0.20330707728862762 0.7140313386917114
[loftr_wrapper.py] pair_ids (40,)
[loftr_wrapper.py] corres: (40, 5)
[loftr_wrapper.py] image0: torch.Size([1, 1, 400, 400])
[loftr_wrapper.py] net forward
[loftr_wrapper.py] mconf, 0.20069432258605957 0.6787928938865662
[loftr_wrapper.py] pair_ids (57,)
[loftr_wrapper.py] corres: (57, 5)
[loftr_wrapper.py] image0: torch.Size([1, 1, 400, 400])
[loftr_wrapper.py] net forward
[loftr_wrapper.py] mconf, 0.20252053439617157 0.743855357170105
[loftr_wrapper.py] pair_ids (44,)
[loftr_wrapper.py] corres: (44, 5)
[loftr_wrapper.py] image0: torch.Size([1, 1, 400, 400])
[loftr_wrapper.py] net forward
[loftr_wrapper.py] mconf, 0.20933188498020172 0.7728958129882812
[loftr_wrapper.py] pair_ids (34,)
[loftr_wrapper.py] corres: (34, 5)
[loftr_wrapper.py] image0: torch.Size([1, 1, 400, 400])
[loftr_wrapper.py] net forward
[loftr_wrapper.py] mconf, 0.202789306640625 0.8583040833473206
[loftr_wrapper.py] pair_ids (78,)
[loftr_wrapper.py] corres: (78, 5)
[loftr_wrapper.py] image0: torch.Size([1, 1, 400, 400])
[loftr_wrapper.py] net forward
[loftr_wrapper.py] mconf, 0.20240230858325958 0.7430357933044434
[loftr_wrapper.py] pair_ids (63,)
[loftr_wrapper.py] corres: (63, 5)
[loftr_wrapper.py] image0: torch.Size([1, 1, 400, 400])
[loftr_wrapper.py] net forward
[loftr_wrapper.py] mconf, 0.21231773495674133 0.49697744846343994
[loftr_wrapper.py] pair_ids (18,)
[loftr_wrapper.py] corres: (18, 5)
[loftr_wrapper.py] image0: torch.Size([1, 1, 400, 400])
[loftr_wrapper.py] net forward
[loftr_wrapper.py] mconf, 0.20019978284835815 0.5644859075546265
[loftr_wrapper.py] pair_ids (31,)
[loftr_wrapper.py] corres: (31, 5)
[loftr_wrapper.py] image0: torch.Size([1, 1, 400, 400])
[loftr_wrapper.py] net forward
[loftr_wrapper.py] mconf, 0.2029539793729782 0.6211121678352356
[loftr_wrapper.py] pair_ids (17,)
[loftr_wrapper.py] corres: (17, 5)
[loftr_wrapper.py] image0: torch.Size([1, 1, 400, 400])
[loftr_wrapper.py] net forward
[loftr_wrapper.py] mconf, 0.20212429761886597 0.525611162185669
[loftr_wrapper.py] pair_ids (26,)
[loftr_wrapper.py] corres: (26, 5)
[loftr_wrapper.py] image0: torch.Size([1, 1, 400, 400])
[loftr_wrapper.py] net forward
[loftr_wrapper.py] mconf, 0.20169435441493988 0.5851349830627441
[loftr_wrapper.py] pair_ids (22,)
[loftr_wrapper.py] corres: (22, 5)
[loftr_wrapper.py] image0: torch.Size([1, 1, 400, 400])
[loftr_wrapper.py] net forward
[loftr_wrapper.py] mconf, 0.2042265683412552 0.4304294288158417
[loftr_wrapper.py] pair_ids (14,)
[loftr_wrapper.py] corres: (14, 5)
[loftr_wrapper.py] image0: torch.Size([1, 1, 400, 400])
[loftr_wrapper.py] net forward
[loftr_wrapper.py] mconf, 0.20641830563545227 0.6804749369621277
[loftr_wrapper.py] pair_ids (38,)
[loftr_wrapper.py] corres: (38, 5)
  B MD-gt AP12 126/240 4.7s/kf | E-I=1.58 E-L=20.00 E-V2=87.33 E-V5b=41.60 E-V5b_r20=75.93 E-V5d=41.66 E-V5d_r20=76.23 E-V5x2=30.46 E-V5x2_r20=79.09 E-VI=34.36 E-VI_r20=82.07 | rot0 20.00
/home/kist/Desktop/BundleSAM3DGS/experiments/vggt_probe/models.py:30: FutureWarning: `torch.cuda.amp.autocast(args...)` is deprecated. Please use `torch.amp.autocast('cuda', args...)` instead.
  with torch.cuda.amp.autocast(dtype=torch.bfloat16):
/home/kist/venvs/vggt_probe/lib/python3.10/site-packages/vggt/models/vggt.py:65: FutureWarning: `torch.cuda.amp.autocast(args...)` is deprecated. Please use `torch.amp.autocast('cuda', args...)` instead.
  with torch.cuda.amp.autocast(enabled=False):
[loftr_wrapper.py] image0: torch.Size([1, 1, 400, 400])
/home/kist/Desktop/BundleSAM3DGS/loftr_wrapper.py:45: FutureWarning: `torch.cuda.amp.autocast(args...)` is deprecated. Please use `torch.amp.autocast('cuda', args...)` instead.
  with torch.cuda.amp.autocast(enabled=True):
[loftr_wrapper.py] net forward
[loftr_wrapper.py] mconf, 0.20228441059589386 0.7262282371520996
[loftr_wrapper.py] pair_ids (36,)
[loftr_wrapper.py] corres: (36, 5)
[loftr_wrapper.py] image0: torch.Size([1, 1, 400, 400])
[loftr_wrapper.py] net forward
[loftr_wrapper.py] mconf, 0.21867598593235016 0.3966979384422302
[loftr_wrapper.py] pair_ids (23,)
[loftr_wrapper.py] corres: (23, 5)
[loftr_wrapper.py] image0: torch.Size([1, 1, 400, 400])
[loftr_wrapper.py] net forward
[loftr_wrapper.py] mconf, 0.2007279247045517 0.5054704546928406
[loftr_wrapper.py] pair_ids (42,)
[loftr_wrapper.py] corres: (42, 5)
[loftr_wrapper.py] image0: torch.Size([1, 1, 400, 400])
[loftr_wrapper.py] net forward
[loftr_wrapper.py] mconf, 0.21231433749198914 0.5299299359321594
[loftr_wrapper.py] pair_ids (24,)
[loftr_wrapper.py] corres: (24, 5)
[loftr_wrapper.py] image0: torch.Size([1, 1, 400, 400])
[loftr_wrapper.py] net forward
[loftr_wrapper.py] mconf, 0.2031724601984024 0.7178508043289185
[loftr_wrapper.py] pair_ids (35,)
[loftr_wrapper.py] corres: (35, 5)
[loftr_wrapper.py] image0: torch.Size([1, 1, 400, 400])
[loftr_wrapper.py] net forward
[loftr_wrapper.py] mconf, 0.20072941482067108 0.4623662829399109
[loftr_wrapper.py] pair_ids (23,)
[loftr_wrapper.py] corres: (23, 5)
[loftr_wrapper.py] image0: torch.Size([1, 1, 400, 400])
[loftr_wrapper.py] net forward
[loftr_wrapper.py] mconf, 0.20168188214302063 0.5534985661506653
[loftr_wrapper.py] pair_ids (44,)
[loftr_wrapper.py] corres: (44, 5)
[loftr_wrapper.py] image0: torch.Size([1, 1, 400, 400])
[loftr_wrapper.py] net forward
[loftr_wrapper.py] mconf, 0.20450980961322784 0.7802326679229736
[loftr_wrapper.py] pair_ids (38,)
[loftr_wrapper.py] corres: (38, 5)
[loftr_wrapper.py] image0: torch.Size([1, 1, 400, 400])
[loftr_wrapper.py] net forward
[loftr_wrapper.py] mconf, 0.2032506763935089 0.5402774810791016
[loftr_wrapper.py] pair_ids (31,)
[loftr_wrapper.py] corres: (31, 5)
[loftr_wrapper.py] image0: torch.Size([1, 1, 400, 400])
[loftr_wrapper.py] net forward
[loftr_wrapper.py] mconf, 0.20219801366329193 0.5399320125579834
[loftr_wrapper.py] pair_ids (26,)
[loftr_wrapper.py] corres: (26, 5)
[loftr_wrapper.py] image0: torch.Size([1, 1, 400, 400])
[loftr_wrapper.py] net forward
[loftr_wrapper.py] mconf, 0.20136620104312897 0.7945041060447693
[loftr_wrapper.py] pair_ids (33,)
[loftr_wrapper.py] corres: (33, 5)
[loftr_wrapper.py] image0: torch.Size([1, 1, 400, 400])
[loftr_wrapper.py] net forward
[loftr_wrapper.py] mconf, 0.20194058120250702 0.8773550987243652
[loftr_wrapper.py] pair_ids (41,)
[loftr_wrapper.py] corres: (41, 5)
[loftr_wrapper.py] image0: torch.Size([1, 1, 400, 400])
[loftr_wrapper.py] net forward
[loftr_wrapper.py] mconf, 0.20300829410552979 0.6901735067367554
[loftr_wrapper.py] pair_ids (34,)
[loftr_wrapper.py] corres: (34, 5)
[loftr_wrapper.py] image0: torch.Size([1, 1, 400, 400])
[loftr_wrapper.py] net forward
[loftr_wrapper.py] mconf, 0.20057596266269684 0.7142907977104187
[loftr_wrapper.py] pair_ids (27,)
[loftr_wrapper.py] corres: (27, 5)
[loftr_wrapper.py] image0: torch.Size([1, 1, 400, 400])
[loftr_wrapper.py] net forward
[loftr_wrapper.py] mconf, 0.2181144654750824 0.6311864852905273
[loftr_wrapper.py] pair_ids (30,)
[loftr_wrapper.py] corres: (30, 5)
[loftr_wrapper.py] image0: torch.Size([1, 1, 400, 400])
[loftr_wrapper.py] net forward
[loftr_wrapper.py] mconf, 0.20385059714317322 0.6300089359283447
[loftr_wrapper.py] pair_ids (49,)
[loftr_wrapper.py] corres: (49, 5)
[loftr_wrapper.py] image0: torch.Size([1, 1, 400, 400])
[loftr_wrapper.py] net forward
[loftr_wrapper.py] mconf, 0.20146512985229492 0.7224687933921814
[loftr_wrapper.py] pair_ids (37,)
[loftr_wrapper.py] corres: (37, 5)
[loftr_wrapper.py] image0: torch.Size([1, 1, 400, 400])
[loftr_wrapper.py] net forward
[loftr_wrapper.py] mconf, 0.20422028005123138 0.7800472378730774
[loftr_wrapper.py] pair_ids (29,)
[loftr_wrapper.py] corres: (29, 5)
[loftr_wrapper.py] image0: torch.Size([1, 1, 400, 400])
[loftr_wrapper.py] net forward
[loftr_wrapper.py] mconf, 0.20811530947685242 0.6546786427497864
[loftr_wrapper.py] pair_ids (30,)
[loftr_wrapper.py] corres: (30, 5)
[loftr_wrapper.py] image0: torch.Size([1, 1, 400, 400])
[loftr_wrapper.py] net forward
[loftr_wrapper.py] mconf, 0.20173074305057526 0.7374712824821472
[loftr_wrapper.py] pair_ids (48,)
[loftr_wrapper.py] corres: (48, 5)
[loftr_wrapper.py] image0: torch.Size([1, 1, 400, 400])
[loftr_wrapper.py] net forward
[loftr_wrapper.py] mconf, 0.20047089457511902 0.5985164642333984
[loftr_wrapper.py] pair_ids (56,)
[loftr_wrapper.py] corres: (56, 5)
[loftr_wrapper.py] image0: torch.Size([1, 1, 400, 400])
[loftr_wrapper.py] net forward
[loftr_wrapper.py] mconf, 0.2055625468492508 0.8225616812705994
[loftr_wrapper.py] pair_ids (73,)
[loftr_wrapper.py] corres: (73, 5)
[loftr_wrapper.py] image0: torch.Size([1, 1, 400, 400])
[loftr_wrapper.py] net forward
[loftr_wrapper.py] mconf, 0.201157346367836 0.8402931094169617
[loftr_wrapper.py] pair_ids (41,)
[loftr_wrapper.py] corres: (41, 5)
[loftr_wrapper.py] image0: torch.Size([1, 1, 400, 400])
[loftr_wrapper.py] net forward
[loftr_wrapper.py] mconf, 0.200141042470932 0.5432462096214294
[loftr_wrapper.py] pair_ids (22,)
[loftr_wrapper.py] corres: (22, 5)
[loftr_wrapper.py] image0: torch.Size([1, 1, 400, 400])
[loftr_wrapper.py] net forward
[loftr_wrapper.py] mconf, 0.20243260264396667 0.8646906614303589
[loftr_wrapper.py] pair_ids (39,)
[loftr_wrapper.py] corres: (39, 5)
  B MD-gt AP12 151/240 4.9s/kf | E-I=1.78 E-L=30.00 E-V2=20.01 E-V5b=34.84 E-V5b_r20=79.13 E-V5d=35.00 E-V5d_r20=79.19 E-V5x2=13.64 E-V5x2_r20=62.98 E-VI=21.37 E-VI_r20=67.21 | rot0 30.00
/home/kist/Desktop/BundleSAM3DGS/experiments/vggt_probe/models.py:30: FutureWarning: `torch.cuda.amp.autocast(args...)` is deprecated. Please use `torch.amp.autocast('cuda', args...)` instead.
  with torch.cuda.amp.autocast(dtype=torch.bfloat16):
/home/kist/venvs/vggt_probe/lib/python3.10/site-packages/vggt/models/vggt.py:65: FutureWarning: `torch.cuda.amp.autocast(args...)` is deprecated. Please use `torch.amp.autocast('cuda', args...)` instead.
  with torch.cuda.amp.autocast(enabled=False):
[loftr_wrapper.py] image0: torch.Size([1, 1, 400, 400])
/home/kist/Desktop/BundleSAM3DGS/loftr_wrapper.py:45: FutureWarning: `torch.cuda.amp.autocast(args...)` is deprecated. Please use `torch.amp.autocast('cuda', args...)` instead.
  with torch.cuda.amp.autocast(enabled=True):
[loftr_wrapper.py] net forward
[loftr_wrapper.py] mconf, 0.20431211590766907 0.6968042850494385
[loftr_wrapper.py] pair_ids (30,)
[loftr_wrapper.py] corres: (30, 5)
[loftr_wrapper.py] image0: torch.Size([1, 1, 400, 400])
[loftr_wrapper.py] net forward
[loftr_wrapper.py] mconf, 0.20184800028800964 0.7938922047615051
[loftr_wrapper.py] pair_ids (42,)
[loftr_wrapper.py] corres: (42, 5)
[loftr_wrapper.py] image0: torch.Size([1, 1, 400, 400])
[loftr_wrapper.py] net forward
[loftr_wrapper.py] mconf, 0.2002059370279312 0.5902912020683289
[loftr_wrapper.py] pair_ids (21,)
[loftr_wrapper.py] corres: (21, 5)
[loftr_wrapper.py] image0: torch.Size([1, 1, 400, 400])
[loftr_wrapper.py] net forward
[loftr_wrapper.py] mconf, 0.2002740055322647 0.5105464458465576
[loftr_wrapper.py] pair_ids (22,)
[loftr_wrapper.py] corres: (22, 5)
[loftr_wrapper.py] image0: torch.Size([1, 1, 400, 400])
[loftr_wrapper.py] net forward
[loftr_wrapper.py] mconf, 0.20073652267456055 0.6286498308181763
[loftr_wrapper.py] pair_ids (36,)
[loftr_wrapper.py] corres: (36, 5)
[loftr_wrapper.py] image0: torch.Size([1, 1, 400, 400])
[loftr_wrapper.py] net forward
[loftr_wrapper.py] mconf, 0.20338548719882965 0.653810441493988
[loftr_wrapper.py] pair_ids (42,)
[loftr_wrapper.py] corres: (42, 5)
[loftr_wrapper.py] image0: torch.Size([1, 1, 400, 400])
[loftr_wrapper.py] net forward
[loftr_wrapper.py] mconf, 0.2018660604953766 0.6055697798728943
[loftr_wrapper.py] pair_ids (52,)
[loftr_wrapper.py] corres: (52, 5)
[loftr_wrapper.py] image0: torch.Size([1, 1, 400, 400])
[loftr_wrapper.py] net forward
[loftr_wrapper.py] mconf, 0.20064477622509003 0.6270789504051208
[loftr_wrapper.py] pair_ids (31,)
[loftr_wrapper.py] corres: (31, 5)
[loftr_wrapper.py] image0: torch.Size([1, 1, 400, 400])
[loftr_wrapper.py] net forward
[loftr_wrapper.py] mconf, 0.2007913887500763 0.6387737989425659
[loftr_wrapper.py] pair_ids (27,)
[loftr_wrapper.py] corres: (27, 5)
[loftr_wrapper.py] image0: torch.Size([1, 1, 400, 400])
[loftr_wrapper.py] net forward
[loftr_wrapper.py] mconf, 0.2001563459634781 0.4689963161945343
[loftr_wrapper.py] pair_ids (16,)
[loftr_wrapper.py] corres: (16, 5)
[loftr_wrapper.py] image0: torch.Size([1, 1, 400, 400])
[loftr_wrapper.py] net forward
[loftr_wrapper.py] mconf, 0.203948974609375 0.5551228523254395
[loftr_wrapper.py] pair_ids (18,)
[loftr_wrapper.py] corres: (18, 5)
[loftr_wrapper.py] image0: torch.Size([1, 1, 400, 400])
[loftr_wrapper.py] net forward
[loftr_wrapper.py] mconf, 0.21251215040683746 0.3307734429836273
[loftr_wrapper.py] pair_ids (8,)
[loftr_wrapper.py] corres: (8, 5)
[loftr_wrapper.py] image0: torch.Size([1, 1, 400, 400])
[loftr_wrapper.py] net forward
[loftr_wrapper.py] mconf, 0.20430447161197662 0.35937735438346863
[loftr_wrapper.py] pair_ids (18,)
[loftr_wrapper.py] corres: (18, 5)
[loftr_wrapper.py] image0: torch.Size([1, 1, 400, 400])
[loftr_wrapper.py] net forward
[loftr_wrapper.py] mconf, 0.20611415803432465 0.6636658310890198
[loftr_wrapper.py] pair_ids (33,)
[loftr_wrapper.py] corres: (33, 5)
[loftr_wrapper.py] image0: torch.Size([1, 1, 400, 400])
[loftr_wrapper.py] net forward
[loftr_wrapper.py] mconf, 0.20471473038196564 0.7284851670265198
[loftr_wrapper.py] pair_ids (27,)
[loftr_wrapper.py] corres: (27, 5)
[loftr_wrapper.py] image0: torch.Size([1, 1, 400, 400])
[loftr_wrapper.py] net forward
[loftr_wrapper.py] mconf, 0.20171023905277252 0.7074487805366516
[loftr_wrapper.py] pair_ids (28,)
[loftr_wrapper.py] corres: (28, 5)
[loftr_wrapper.py] image0: torch.Size([1, 1, 400, 400])
[loftr_wrapper.py] net forward
[loftr_wrapper.py] mconf, 0.20244993269443512 0.7606881260871887
[loftr_wrapper.py] pair_ids (40,)
[loftr_wrapper.py] corres: (40, 5)
[loftr_wrapper.py] image0: torch.Size([1, 1, 400, 400])
[loftr_wrapper.py] net forward
[loftr_wrapper.py] mconf, 0.20324325561523438 0.791341245174408
[loftr_wrapper.py] pair_ids (22,)
[loftr_wrapper.py] corres: (22, 5)
[loftr_wrapper.py] image0: torch.Size([1, 1, 400, 400])
[loftr_wrapper.py] net forward
[loftr_wrapper.py] mconf, 0.2028249204158783 0.6746619939804077
[loftr_wrapper.py] pair_ids (34,)
[loftr_wrapper.py] corres: (34, 5)
[loftr_wrapper.py] image0: torch.Size([1, 1, 400, 400])
[loftr_wrapper.py] net forward
[loftr_wrapper.py] mconf, 0.20203939080238342 0.44846612215042114
[loftr_wrapper.py] pair_ids (17,)
[loftr_wrapper.py] corres: (17, 5)
[loftr_wrapper.py] image0: torch.Size([1, 1, 400, 400])
[loftr_wrapper.py] net forward
[loftr_wrapper.py] mconf, 0.2011082023382187 0.6171765327453613
[loftr_wrapper.py] pair_ids (38,)
[loftr_wrapper.py] corres: (38, 5)
[loftr_wrapper.py] image0: torch.Size([1, 1, 400, 400])
[loftr_wrapper.py] net forward
[loftr_wrapper.py] mconf, 0.20006531476974487 0.6279229521751404
[loftr_wrapper.py] pair_ids (29,)
[loftr_wrapper.py] corres: (29, 5)
[loftr_wrapper.py] image0: torch.Size([1, 1, 400, 400])
[loftr_wrapper.py] net forward
[loftr_wrapper.py] mconf, 0.20356951653957367 0.7348528504371643
[loftr_wrapper.py] pair_ids (38,)
[loftr_wrapper.py] corres: (38, 5)
[loftr_wrapper.py] image0: torch.Size([1, 1, 400, 400])
[loftr_wrapper.py] net forward
[loftr_wrapper.py] mconf, 0.20453974604606628 0.6987789869308472
[loftr_wrapper.py] pair_ids (37,)
[loftr_wrapper.py] corres: (37, 5)
[loftr_wrapper.py] image0: torch.Size([1, 1, 400, 400])
[loftr_wrapper.py] net forward
[loftr_wrapper.py] mconf, 0.2012471705675125 0.5022816061973572
[loftr_wrapper.py] pair_ids (12,)
[loftr_wrapper.py] corres: (12, 5)
  B MD-gt AP12 176/240 4.6s/kf | E-I=1.93 E-L=45.00 E-V2=52.91 E-V5b=22.37 E-V5b_r20=56.63 E-V5d=22.44 E-V5d_r20=56.65 E-V5x2=26.62 E-V5x2_r20=60.26 E-VI=74.38 E-VI_r20=60.26 | rot0 45.00
/home/kist/Desktop/BundleSAM3DGS/experiments/vggt_probe/models.py:30: FutureWarning: `torch.cuda.amp.autocast(args...)` is deprecated. Please use `torch.amp.autocast('cuda', args...)` instead.
  with torch.cuda.amp.autocast(dtype=torch.bfloat16):
/home/kist/venvs/vggt_probe/lib/python3.10/site-packages/vggt/models/vggt.py:65: FutureWarning: `torch.cuda.amp.autocast(args...)` is deprecated. Please use `torch.amp.autocast('cuda', args...)` instead.
  with torch.cuda.amp.autocast(enabled=False):
[loftr_wrapper.py] image0: torch.Size([1, 1, 400, 400])
/home/kist/Desktop/BundleSAM3DGS/loftr_wrapper.py:45: FutureWarning: `torch.cuda.amp.autocast(args...)` is deprecated. Please use `torch.amp.autocast('cuda', args...)` instead.
  with torch.cuda.amp.autocast(enabled=True):
[loftr_wrapper.py] net forward
[loftr_wrapper.py] mconf, 0.20085735619068146 0.5811892747879028
[loftr_wrapper.py] pair_ids (19,)
[loftr_wrapper.py] corres: (19, 5)
[loftr_wrapper.py] image0: torch.Size([1, 1, 400, 400])
[loftr_wrapper.py] net forward
[loftr_wrapper.py] mconf, 0.2015964239835739 0.5613290071487427
[loftr_wrapper.py] pair_ids (31,)
[loftr_wrapper.py] corres: (31, 5)
[loftr_wrapper.py] image0: torch.Size([1, 1, 400, 400])
[loftr_wrapper.py] net forward
[loftr_wrapper.py] mconf, 0.2065645009279251 0.43970322608947754
[loftr_wrapper.py] pair_ids (5,)
[loftr_wrapper.py] corres: (5, 5)
[loftr_wrapper.py] image0: torch.Size([1, 1, 400, 400])
[loftr_wrapper.py] net forward
[loftr_wrapper.py] mconf, 0.2048996388912201 0.8100013732910156
[loftr_wrapper.py] pair_ids (37,)
[loftr_wrapper.py] corres: (37, 5)
[loftr_wrapper.py] image0: torch.Size([1, 1, 400, 400])
[loftr_wrapper.py] net forward
[loftr_wrapper.py] mconf, 0.20411445200443268 0.7503695487976074
[loftr_wrapper.py] pair_ids (45,)
[loftr_wrapper.py] corres: (45, 5)
[loftr_wrapper.py] image0: torch.Size([1, 1, 400, 400])
[loftr_wrapper.py] net forward
[loftr_wrapper.py] mconf, 0.20039048790931702 0.6163814067840576
[loftr_wrapper.py] pair_ids (29,)
[loftr_wrapper.py] corres: (29, 5)
[loftr_wrapper.py] image0: torch.Size([1, 1, 400, 400])
[loftr_wrapper.py] net forward
[loftr_wrapper.py] mconf, 0.20149247348308563 0.8148988485336304
[loftr_wrapper.py] pair_ids (25,)
[loftr_wrapper.py] corres: (25, 5)
[loftr_wrapper.py] image0: torch.Size([1, 1, 400, 400])
[loftr_wrapper.py] net forward
[loftr_wrapper.py] mconf, 0.21263328194618225 0.5226544141769409
[loftr_wrapper.py] pair_ids (28,)
[loftr_wrapper.py] corres: (28, 5)
[loftr_wrapper.py] image0: torch.Size([1, 1, 400, 400])
[loftr_wrapper.py] net forward
[loftr_wrapper.py] mconf, 0.2036137878894806 0.7050954103469849
[loftr_wrapper.py] pair_ids (28,)
[loftr_wrapper.py] corres: (28, 5)
[loftr_wrapper.py] image0: torch.Size([1, 1, 400, 400])
[loftr_wrapper.py] net forward
[loftr_wrapper.py] mconf, 0.20240725576877594 0.711006224155426
[loftr_wrapper.py] pair_ids (34,)
[loftr_wrapper.py] corres: (34, 5)
[loftr_wrapper.py] image0: torch.Size([1, 1, 400, 400])
[loftr_wrapper.py] net forward
[loftr_wrapper.py] mconf, 0.20160967111587524 0.7848160862922668
[loftr_wrapper.py] pair_ids (41,)
[loftr_wrapper.py] corres: (41, 5)
[loftr_wrapper.py] image0: torch.Size([1, 1, 400, 400])
[loftr_wrapper.py] net forward
[loftr_wrapper.py] mconf, 0.20095069706439972 0.5161246061325073
[loftr_wrapper.py] pair_ids (34,)
[loftr_wrapper.py] corres: (34, 5)
[loftr_wrapper.py] image0: torch.Size([1, 1, 400, 400])
[loftr_wrapper.py] net forward
[loftr_wrapper.py] mconf, 0.20278745889663696 0.5610347390174866
[loftr_wrapper.py] pair_ids (39,)
[loftr_wrapper.py] corres: (39, 5)
[loftr_wrapper.py] image0: torch.Size([1, 1, 400, 400])
[loftr_wrapper.py] net forward
[loftr_wrapper.py] mconf, 0.20270971953868866 0.5433424115180969
[loftr_wrapper.py] pair_ids (18,)
[loftr_wrapper.py] corres: (18, 5)
[loftr_wrapper.py] image0: torch.Size([1, 1, 400, 400])
[loftr_wrapper.py] net forward
[loftr_wrapper.py] mconf, 0.2048492729663849 0.558247447013855
[loftr_wrapper.py] pair_ids (21,)
[loftr_wrapper.py] corres: (21, 5)
[loftr_wrapper.py] image0: torch.Size([1, 1, 400, 400])
[loftr_wrapper.py] net forward
[loftr_wrapper.py] mconf, 0.20338456332683563 0.4351014494895935
[loftr_wrapper.py] pair_ids (29,)
[loftr_wrapper.py] corres: (29, 5)
[loftr_wrapper.py] image0: torch.Size([1, 1, 400, 400])
[loftr_wrapper.py] net forward
[loftr_wrapper.py] mconf, 0.20726412534713745 0.8411955833435059
[loftr_wrapper.py] pair_ids (24,)
[loftr_wrapper.py] corres: (24, 5)
[loftr_wrapper.py] image0: torch.Size([1, 1, 400, 400])
[loftr_wrapper.py] net forward
[loftr_wrapper.py] mconf, 0.20909638702869415 0.43094706535339355
[loftr_wrapper.py] pair_ids (13,)
[loftr_wrapper.py] corres: (13, 5)
[loftr_wrapper.py] image0: torch.Size([1, 1, 400, 400])
[loftr_wrapper.py] net forward
[loftr_wrapper.py] mconf, 0.2000293731689453 0.6057906150817871
[loftr_wrapper.py] pair_ids (34,)
[loftr_wrapper.py] corres: (34, 5)
[loftr_wrapper.py] image0: torch.Size([1, 1, 400, 400])
[loftr_wrapper.py] net forward
[loftr_wrapper.py] mconf, 0.20055025815963745 0.5973515510559082
[loftr_wrapper.py] pair_ids (36,)
[loftr_wrapper.py] corres: (36, 5)
[loftr_wrapper.py] image0: torch.Size([1, 1, 400, 400])
[loftr_wrapper.py] net forward
[loftr_wrapper.py] mconf, 0.2055596113204956 0.5908615589141846
[loftr_wrapper.py] pair_ids (34,)
[loftr_wrapper.py] corres: (34, 5)
[loftr_wrapper.py] image0: torch.Size([1, 1, 400, 400])
[loftr_wrapper.py] net forward
[loftr_wrapper.py] mconf, 0.20719127357006073 0.6119226217269897
[loftr_wrapper.py] pair_ids (31,)
[loftr_wrapper.py] corres: (31, 5)
[loftr_wrapper.py] image0: torch.Size([1, 1, 400, 400])
[loftr_wrapper.py] net forward
[loftr_wrapper.py] mconf, 0.20309627056121826 0.6299135088920593
[loftr_wrapper.py] pair_ids (37,)
[loftr_wrapper.py] corres: (37, 5)
[loftr_wrapper.py] image0: torch.Size([1, 1, 400, 400])
[loftr_wrapper.py] net forward
[loftr_wrapper.py] mconf, 0.20353712141513824 0.6728594303131104
[loftr_wrapper.py] pair_ids (39,)
[loftr_wrapper.py] corres: (39, 5)
[loftr_wrapper.py] image0: torch.Size([1, 1, 400, 400])
[loftr_wrapper.py] net forward
[loftr_wrapper.py] mconf, 0.20923233032226562 0.7881777882575989
[loftr_wrapper.py] pair_ids (26,)
[loftr_wrapper.py] corres: (26, 5)
  B MD-gt AP12 201/240 4.7s/kf | E-I=1.92 E-L=45.00 E-V2=34.25 E-V5b=51.16 E-V5b_r20=62.29 E-V5d=50.78 E-V5d_r20=62.32 E-V5x2=38.63 E-V5x2_r20=109.02 E-VI=61.79 E-VI_r20=110.92 | rot0 45.00
/home/kist/Desktop/BundleSAM3DGS/experiments/vggt_probe/models.py:30: FutureWarning: `torch.cuda.amp.autocast(args...)` is deprecated. Please use `torch.amp.autocast('cuda', args...)` instead.
  with torch.cuda.amp.autocast(dtype=torch.bfloat16):
/home/kist/venvs/vggt_probe/lib/python3.10/site-packages/vggt/models/vggt.py:65: FutureWarning: `torch.cuda.amp.autocast(args...)` is deprecated. Please use `torch.amp.autocast('cuda', args...)` instead.
  with torch.cuda.amp.autocast(enabled=False):
[loftr_wrapper.py] image0: torch.Size([1, 1, 400, 400])
/home/kist/Desktop/BundleSAM3DGS/loftr_wrapper.py:45: FutureWarning: `torch.cuda.amp.autocast(args...)` is deprecated. Please use `torch.amp.autocast('cuda', args...)` instead.
  with torch.cuda.amp.autocast(enabled=True):
[loftr_wrapper.py] net forward
[loftr_wrapper.py] mconf, 0.20935481786727905 0.8576480150222778
[loftr_wrapper.py] pair_ids (29,)
[loftr_wrapper.py] corres: (29, 5)
[loftr_wrapper.py] image0: torch.Size([1, 1, 400, 400])
[loftr_wrapper.py] net forward
[loftr_wrapper.py] mconf, 0.20293022692203522 0.4919472634792328
[loftr_wrapper.py] pair_ids (17,)
[loftr_wrapper.py] corres: (17, 5)
[loftr_wrapper.py] image0: torch.Size([1, 1, 400, 400])
[loftr_wrapper.py] net forward
[loftr_wrapper.py] mconf, 0.20678341388702393 0.5933900475502014
[loftr_wrapper.py] pair_ids (21,)
[loftr_wrapper.py] corres: (21, 5)
[loftr_wrapper.py] image0: torch.Size([1, 1, 400, 400])
[loftr_wrapper.py] net forward
[loftr_wrapper.py] mconf, 0.20503483712673187 0.5539829730987549
[loftr_wrapper.py] pair_ids (24,)
[loftr_wrapper.py] corres: (24, 5)
[loftr_wrapper.py] image0: torch.Size([1, 1, 400, 400])
[loftr_wrapper.py] net forward
[loftr_wrapper.py] mconf, 0.2259819060564041 0.6786323189735413
[loftr_wrapper.py] pair_ids (23,)
[loftr_wrapper.py] corres: (23, 5)
[loftr_wrapper.py] image0: torch.Size([1, 1, 400, 400])
[loftr_wrapper.py] net forward
[loftr_wrapper.py] mconf, 0.20075151324272156 0.47487571835517883
[loftr_wrapper.py] pair_ids (15,)
[loftr_wrapper.py] corres: (15, 5)
[loftr_wrapper.py] image0: torch.Size([1, 1, 400, 400])
[loftr_wrapper.py] net forward
[loftr_wrapper.py] mconf, 0.20018057525157928 0.7989214658737183
[loftr_wrapper.py] pair_ids (19,)
[loftr_wrapper.py] corres: (19, 5)
[loftr_wrapper.py] image0: torch.Size([1, 1, 400, 400])
[loftr_wrapper.py] net forward
[loftr_wrapper.py] mconf, 0.20609690248966217 0.396118700504303
[loftr_wrapper.py] pair_ids (6,)
[loftr_wrapper.py] corres: (6, 5)
[loftr_wrapper.py] image0: torch.Size([1, 1, 400, 400])
[loftr_wrapper.py] net forward
[loftr_wrapper.py] mconf, 0.20011192560195923 0.6409856677055359
[loftr_wrapper.py] pair_ids (36,)
[loftr_wrapper.py] corres: (36, 5)
[loftr_wrapper.py] image0: torch.Size([1, 1, 400, 400])
[loftr_wrapper.py] net forward
[loftr_wrapper.py] mconf, 0.20125137269496918 0.4704118072986603
[loftr_wrapper.py] pair_ids (20,)
[loftr_wrapper.py] corres: (20, 5)
[loftr_wrapper.py] image0: torch.Size([1, 1, 400, 400])
[loftr_wrapper.py] net forward
[loftr_wrapper.py] mconf, 0.2015382945537567 0.5840322375297546
[loftr_wrapper.py] pair_ids (27,)
[loftr_wrapper.py] corres: (27, 5)
[loftr_wrapper.py] image0: torch.Size([1, 1, 400, 400])
[loftr_wrapper.py] net forward
[loftr_wrapper.py] mconf, 0.20458394289016724 0.6520146131515503
[loftr_wrapper.py] pair_ids (55,)
[loftr_wrapper.py] corres: (55, 5)
[loftr_wrapper.py] image0: torch.Size([1, 1, 400, 400])
[loftr_wrapper.py] net forward
[loftr_wrapper.py] mconf, 0.2031724900007248 0.6941845417022705
[loftr_wrapper.py] pair_ids (29,)
[loftr_wrapper.py] corres: (29, 5)
[loftr_wrapper.py] image0: torch.Size([1, 1, 400, 400])
[loftr_wrapper.py] net forward
[loftr_wrapper.py] mconf, 0.2098141312599182 0.8251529335975647
[loftr_wrapper.py] pair_ids (21,)
[loftr_wrapper.py] corres: (21, 5)
[loftr_wrapper.py] image0: torch.Size([1, 1, 400, 400])
[loftr_wrapper.py] net forward
[loftr_wrapper.py] mconf, 0.21969157457351685 0.48018044233322144
[loftr_wrapper.py] pair_ids (11,)
[loftr_wrapper.py] corres: (11, 5)
[loftr_wrapper.py] image0: torch.Size([1, 1, 400, 400])
[loftr_wrapper.py] net forward
[loftr_wrapper.py] mconf, 0.25174540281295776 0.6007240414619446
[loftr_wrapper.py] pair_ids (7,)
[loftr_wrapper.py] corres: (7, 5)
[loftr_wrapper.py] image0: torch.Size([1, 1, 400, 400])
[loftr_wrapper.py] net forward
[loftr_wrapper.py] mconf, 0.20337674021720886 0.6067902445793152
[loftr_wrapper.py] pair_ids (18,)
[loftr_wrapper.py] corres: (18, 5)
[loftr_wrapper.py] image0: torch.Size([1, 1, 400, 400])
[loftr_wrapper.py] net forward
[loftr_wrapper.py] mconf, 0.20368409156799316 0.40414851903915405
[loftr_wrapper.py] pair_ids (23,)
[loftr_wrapper.py] corres: (23, 5)
[loftr_wrapper.py] image0: torch.Size([1, 1, 400, 400])
[loftr_wrapper.py] net forward
[loftr_wrapper.py] mconf, 0.20034123957157135 0.5262328386306763
[loftr_wrapper.py] pair_ids (27,)
[loftr_wrapper.py] corres: (27, 5)
[loftr_wrapper.py] image0: torch.Size([1, 1, 400, 400])
[loftr_wrapper.py] net forward
[loftr_wrapper.py] mconf, 0.2052910178899765 0.4217745363712311
[loftr_wrapper.py] pair_ids (14,)
[loftr_wrapper.py] corres: (14, 5)
[loftr_wrapper.py] image0: torch.Size([1, 1, 400, 400])
[loftr_wrapper.py] net forward
[loftr_wrapper.py] mconf, 0.20220135152339935 0.5730625987052917
[loftr_wrapper.py] pair_ids (46,)
[loftr_wrapper.py] corres: (46, 5)
[loftr_wrapper.py] image0: torch.Size([1, 1, 400, 400])
[loftr_wrapper.py] net forward
[loftr_wrapper.py] mconf, 0.20012713968753815 0.7560534477233887
[loftr_wrapper.py] pair_ids (37,)
[loftr_wrapper.py] corres: (37, 5)
[loftr_wrapper.py] image0: torch.Size([1, 1, 400, 400])
[loftr_wrapper.py] net forward
[loftr_wrapper.py] mconf, 0.20359322428703308 0.5962468981742859
[loftr_wrapper.py] pair_ids (11,)
[loftr_wrapper.py] corres: (11, 5)
[loftr_wrapper.py] image0: torch.Size([1, 1, 400, 400])
[loftr_wrapper.py] net forward
[loftr_wrapper.py] mconf, 0.2035541832447052 0.5860102772712708
[loftr_wrapper.py] pair_ids (36,)
[loftr_wrapper.py] corres: (36, 5)
[loftr_wrapper.py] image0: torch.Size([1, 1, 400, 400])
[loftr_wrapper.py] net forward
[loftr_wrapper.py] mconf, 0.20011065900325775 0.4496484100818634
[loftr_wrapper.py] pair_ids (22,)
[loftr_wrapper.py] corres: (22, 5)
  B MD-gt AP12 226/240 4.6s/kf | E-I=4.35 E-L=60.00 E-V2=38.90 E-V5b=55.43 E-V5b_r20=74.57 E-V5d=55.51 E-V5d_r20=74.30 E-V5x2=36.52 E-V5x2_r20=69.71 E-VI=75.88 E-VI_r20=83.30 | rot0 60.00
/home/kist/Desktop/BundleSAM3DGS/experiments/vggt_probe/models.py:30: FutureWarning: `torch.cuda.amp.autocast(args...)` is deprecated. Please use `torch.amp.autocast('cuda', args...)` instead.
  with torch.cuda.amp.autocast(dtype=torch.bfloat16):
/home/kist/venvs/vggt_probe/lib/python3.10/site-packages/vggt/models/vggt.py:65: FutureWarning: `torch.cuda.amp.autocast(args...)` is deprecated. Please use `torch.amp.autocast('cuda', args...)` instead.
  with torch.cuda.amp.autocast(enabled=False):
[loftr_wrapper.py] image0: torch.Size([1, 1, 400, 400])
/home/kist/Desktop/BundleSAM3DGS/loftr_wrapper.py:45: FutureWarning: `torch.cuda.amp.autocast(args...)` is deprecated. Please use `torch.amp.autocast('cuda', args...)` instead.
  with torch.cuda.amp.autocast(enabled=True):
[loftr_wrapper.py] net forward
[loftr_wrapper.py] mconf, 0.20422540605068207 0.6126684546470642
[loftr_wrapper.py] pair_ids (28,)
[loftr_wrapper.py] corres: (28, 5)
[loftr_wrapper.py] image0: torch.Size([1, 1, 400, 400])
[loftr_wrapper.py] net forward
[loftr_wrapper.py] mconf, 0.20681120455265045 0.6732529997825623
[loftr_wrapper.py] pair_ids (27,)
[loftr_wrapper.py] corres: (27, 5)
[loftr_wrapper.py] image0: torch.Size([1, 1, 400, 400])
[loftr_wrapper.py] net forward
[loftr_wrapper.py] mconf, 0.21270594000816345 0.7111338376998901
[loftr_wrapper.py] pair_ids (10,)
[loftr_wrapper.py] corres: (10, 5)
[loftr_wrapper.py] image0: torch.Size([1, 1, 400, 400])
[loftr_wrapper.py] net forward
[loftr_wrapper.py] mconf, 0.20730631053447723 0.6588390469551086
[loftr_wrapper.py] pair_ids (14,)
[loftr_wrapper.py] corres: (14, 5)
[loftr_wrapper.py] image0: torch.Size([1, 1, 400, 400])
[loftr_wrapper.py] net forward
[loftr_wrapper.py] mconf, 0.20624685287475586 0.635212242603302
[loftr_wrapper.py] pair_ids (17,)
[loftr_wrapper.py] corres: (17, 5)
[loftr_wrapper.py] image0: torch.Size([1, 1, 400, 400])
[loftr_wrapper.py] net forward
[loftr_wrapper.py] mconf, 0.20306213200092316 0.6509879231452942
[loftr_wrapper.py] pair_ids (20,)
[loftr_wrapper.py] corres: (20, 5)
[loftr_wrapper.py] image0: torch.Size([1, 1, 400, 400])
[loftr_wrapper.py] net forward
[loftr_wrapper.py] mconf, 0.2012842297554016 0.643315315246582
[loftr_wrapper.py] pair_ids (18,)
[loftr_wrapper.py] corres: (18, 5)
[loftr_wrapper.py] image0: torch.Size([1, 1, 400, 400])
[loftr_wrapper.py] net forward
[loftr_wrapper.py] mconf, 0.20276165008544922 0.4252261221408844
[loftr_wrapper.py] pair_ids (15,)
[loftr_wrapper.py] corres: (15, 5)
[loftr_wrapper.py] image0: torch.Size([1, 1, 400, 400])
[loftr_wrapper.py] net forward
[loftr_wrapper.py] mconf, 0.20165564119815826 0.6237245202064514
[loftr_wrapper.py] pair_ids (21,)
[loftr_wrapper.py] corres: (21, 5)
[loftr_wrapper.py] image0: torch.Size([1, 1, 400, 400])
[loftr_wrapper.py] net forward
[loftr_wrapper.py] mconf, 0.2090819776058197 0.6664541959762573
[loftr_wrapper.py] pair_ids (39,)
[loftr_wrapper.py] corres: (39, 5)
[loftr_wrapper.py] image0: torch.Size([1, 1, 400, 400])
[loftr_wrapper.py] net forward
[loftr_wrapper.py] mconf, 0.2020605206489563 0.7266741394996643
[loftr_wrapper.py] pair_ids (40,)
[loftr_wrapper.py] corres: (40, 5)
[loftr_wrapper.py] image0: torch.Size([1, 1, 400, 400])
[loftr_wrapper.py] net forward
[loftr_wrapper.py] mconf, 0.2037922441959381 0.6107052564620972
[loftr_wrapper.py] pair_ids (33,)
[loftr_wrapper.py] corres: (33, 5)
[loftr_wrapper.py] image0: torch.Size([1, 1, 400, 400])
[loftr_wrapper.py] net forward
[loftr_wrapper.py] mconf, 0.2126845121383667 0.4321761429309845
[loftr_wrapper.py] pair_ids (27,)
[loftr_wrapper.py] corres: (27, 5)
[loftr_wrapper.py] image0: torch.Size([1, 1, 400, 400])
[loftr_wrapper.py] net forward
[loftr_wrapper.py] mconf, 0.20319034159183502 0.8108970522880554
[loftr_wrapper.py] pair_ids (45,)
[loftr_wrapper.py] corres: (45, 5)
DONE B MD-gt AP12 jobs 240 1080s | E-I=1.92/66% E-L=20.40/5% E-V2=54.21/0% E-V5b=47.98/0% E-V5b_r20=75.37/0% E-V5d=48.07/0% E-V5d_r20=75.49/0% E-V5x2=23.65/0% E-V5x2_r20=67.20/0% E-VI=38.83/6% E-VI_r20=77.76/5% | rot0 25.00
[probe] GT rotations orthonormalized (max element change 3.99e-08)
[probe] GT rotations orthonormalized (max element change 3.99e-08)
/home/kist/Desktop/BundleSAM3DGS/experiments/vggt_probe/models.py:30: FutureWarning: `torch.cuda.amp.autocast(args...)` is deprecated. Please use `torch.amp.autocast('cuda', args...)` instead.
  with torch.cuda.amp.autocast(dtype=torch.bfloat16):
/home/kist/venvs/vggt_probe/lib/python3.10/site-packages/vggt/models/vggt.py:65: FutureWarning: `torch.cuda.amp.autocast(args...)` is deprecated. Please use `torch.amp.autocast('cuda', args...)` instead.
  with torch.cuda.amp.autocast(enabled=False):
[loftr_wrapper.py] image0: torch.Size([1, 1, 400, 400])
/home/kist/Desktop/BundleSAM3DGS/loftr_wrapper.py:45: FutureWarning: `torch.cuda.amp.autocast(args...)` is deprecated. Please use `torch.amp.autocast('cuda', args...)` instead.
  with torch.cuda.amp.autocast(enabled=True):
[loftr_wrapper.py] net forward
[loftr_wrapper.py] mconf, 0.20003542304039001 0.9866510033607483
[loftr_wrapper.py] pair_ids (337,)
[loftr_wrapper.py] corres: (337, 5)
  B MD-gt MPM12 1/240 4.2s/kf | E-I=3.89 E-L=0.71 E-V2=1.38 E-V5b=71.24 E-V5b_r20=149.36 E-V5d=71.29 E-V5d_r20=149.58 E-V5x2=9.49 E-V5x2_r20=19.22 E-VI=9.49 E-VI_r20=19.22 | rot0 5.00
/home/kist/Desktop/BundleSAM3DGS/experiments/vggt_probe/models.py:30: FutureWarning: `torch.cuda.amp.autocast(args...)` is deprecated. Please use `torch.amp.autocast('cuda', args...)` instead.
  with torch.cuda.amp.autocast(dtype=torch.bfloat16):
/home/kist/venvs/vggt_probe/lib/python3.10/site-packages/vggt/models/vggt.py:65: FutureWarning: `torch.cuda.amp.autocast(args...)` is deprecated. Please use `torch.amp.autocast('cuda', args...)` instead.
  with torch.cuda.amp.autocast(enabled=False):
[loftr_wrapper.py] image0: torch.Size([1, 1, 400, 400])
/home/kist/Desktop/BundleSAM3DGS/loftr_wrapper.py:45: FutureWarning: `torch.cuda.amp.autocast(args...)` is deprecated. Please use `torch.amp.autocast('cuda', args...)` instead.
  with torch.cuda.amp.autocast(enabled=True):
[loftr_wrapper.py] net forward
[loftr_wrapper.py] mconf, 0.20187518000602722 0.9252949953079224
[loftr_wrapper.py] pair_ids (118,)
[loftr_wrapper.py] corres: (118, 5)
[loftr_wrapper.py] image0: torch.Size([1, 1, 400, 400])
[loftr_wrapper.py] net forward
[loftr_wrapper.py] mconf, 0.2019321471452713 0.8900412917137146
[loftr_wrapper.py] pair_ids (82,)
[loftr_wrapper.py] corres: (82, 5)
[loftr_wrapper.py] image0: torch.Size([1, 1, 400, 400])
[loftr_wrapper.py] net forward
[loftr_wrapper.py] mconf, 0.20712657272815704 0.6570000648498535
[loftr_wrapper.py] pair_ids (63,)
[loftr_wrapper.py] corres: (63, 5)
[loftr_wrapper.py] image0: torch.Size([1, 1, 400, 400])
[loftr_wrapper.py] net forward
[loftr_wrapper.py] mconf, 0.20096246898174286 0.9733121991157532
[loftr_wrapper.py] pair_ids (456,)
[loftr_wrapper.py] corres: (456, 5)
[loftr_wrapper.py] image0: torch.Size([1, 1, 400, 400])
[loftr_wrapper.py] net forward
[loftr_wrapper.py] mconf, 0.20137588679790497 0.9982739090919495
[loftr_wrapper.py] pair_ids (660,)
[loftr_wrapper.py] corres: (660, 5)
[loftr_wrapper.py] image0: torch.Size([1, 1, 400, 400])
[loftr_wrapper.py] net forward
[loftr_wrapper.py] mconf, 0.20000027120113373 0.9901444315910339
[loftr_wrapper.py] pair_ids (829,)
[loftr_wrapper.py] corres: (829, 5)
[loftr_wrapper.py] image0: torch.Size([1, 1, 400, 400])
[loftr_wrapper.py] net forward
[loftr_wrapper.py] mconf, 0.20006830990314484 0.9861197471618652
[loftr_wrapper.py] pair_ids (424,)
[loftr_wrapper.py] corres: (424, 5)
[loftr_wrapper.py] image0: torch.Size([1, 1, 400, 400])
[loftr_wrapper.py] net forward
[loftr_wrapper.py] mconf, 0.20117288827896118 0.995334804058075
[loftr_wrapper.py] pair_ids (384,)
[loftr_wrapper.py] corres: (384, 5)
[loftr_wrapper.py] image0: torch.Size([1, 1, 400, 400])
[loftr_wrapper.py] net forward
[loftr_wrapper.py] mconf, 0.20188215374946594 0.9908841252326965
[loftr_wrapper.py] pair_ids (263,)
[loftr_wrapper.py] corres: (263, 5)
[loftr_wrapper.py] image0: torch.Size([1, 1, 400, 400])
[loftr_wrapper.py] net forward
[loftr_wrapper.py] mconf, 0.20019368827342987 0.9947417378425598
[loftr_wrapper.py] pair_ids (343,)
[loftr_wrapper.py] corres: (343, 5)
[loftr_wrapper.py] image0: torch.Size([1, 1, 400, 400])
[loftr_wrapper.py] net forward
[loftr_wrapper.py] mconf, 0.20125098526477814 0.986958384513855
[loftr_wrapper.py] pair_ids (390,)
[loftr_wrapper.py] corres: (390, 5)
[loftr_wrapper.py] image0: torch.Size([1, 1, 400, 400])
[loftr_wrapper.py] net forward
[loftr_wrapper.py] mconf, 0.20012620091438293 0.9938890337944031
[loftr_wrapper.py] pair_ids (454,)
[loftr_wrapper.py] corres: (454, 5)
[loftr_wrapper.py] image0: torch.Size([1, 1, 400, 400])
[loftr_wrapper.py] net forward
[loftr_wrapper.py] mconf, 0.20032145082950592 0.9928630590438843
[loftr_wrapper.py] pair_ids (695,)
[loftr_wrapper.py] corres: (695, 5)
[loftr_wrapper.py] image0: torch.Size([1, 1, 400, 400])
[loftr_wrapper.py] net forward
[loftr_wrapper.py] mconf, 0.2009732723236084 0.9975368976593018
[loftr_wrapper.py] pair_ids (734,)
[loftr_wrapper.py] corres: (734, 5)
[loftr_wrapper.py] image0: torch.Size([1, 1, 400, 400])
[loftr_wrapper.py] net forward
[loftr_wrapper.py] mconf, 0.2034420520067215 0.9956589937210083
[loftr_wrapper.py] pair_ids (558,)
[loftr_wrapper.py] corres: (558, 5)
[loftr_wrapper.py] image0: torch.Size([1, 1, 400, 400])
[loftr_wrapper.py] net forward
[loftr_wrapper.py] mconf, 0.20191584527492523 0.8927151560783386
[loftr_wrapper.py] pair_ids (203,)
[loftr_wrapper.py] corres: (203, 5)
[loftr_wrapper.py] image0: torch.Size([1, 1, 400, 400])
[loftr_wrapper.py] net forward
[loftr_wrapper.py] mconf, 0.20287775993347168 0.9851720333099365
[loftr_wrapper.py] pair_ids (496,)
[loftr_wrapper.py] corres: (496, 5)
[loftr_wrapper.py] image0: torch.Size([1, 1, 400, 400])
[loftr_wrapper.py] net forward
[loftr_wrapper.py] mconf, 0.20023466646671295 0.9792641997337341
[loftr_wrapper.py] pair_ids (264,)
[loftr_wrapper.py] corres: (264, 5)
[loftr_wrapper.py] image0: torch.Size([1, 1, 400, 400])
[loftr_wrapper.py] net forward
[loftr_wrapper.py] mconf, 0.2013399600982666 0.9898465275764465
[loftr_wrapper.py] pair_ids (320,)
[loftr_wrapper.py] corres: (320, 5)
[loftr_wrapper.py] image0: torch.Size([1, 1, 400, 400])
[loftr_wrapper.py] net forward
[loftr_wrapper.py] mconf, 0.2005443572998047 0.9457167387008667
[loftr_wrapper.py] pair_ids (193,)
[loftr_wrapper.py] corres: (193, 5)
[loftr_wrapper.py] image0: torch.Size([1, 1, 400, 400])
[loftr_wrapper.py] net forward
[loftr_wrapper.py] mconf, 0.20081907510757446 0.9407126903533936
[loftr_wrapper.py] pair_ids (303,)
[loftr_wrapper.py] corres: (303, 5)
[loftr_wrapper.py] image0: torch.Size([1, 1, 400, 400])
[loftr_wrapper.py] net forward
[loftr_wrapper.py] mconf, 0.20085600018501282 0.9961791634559631
[loftr_wrapper.py] pair_ids (501,)
[loftr_wrapper.py] corres: (501, 5)
[loftr_wrapper.py] image0: torch.Size([1, 1, 400, 400])
[loftr_wrapper.py] net forward
[loftr_wrapper.py] mconf, 0.20120827853679657 0.9524601697921753
[loftr_wrapper.py] pair_ids (282,)
[loftr_wrapper.py] corres: (282, 5)
[loftr_wrapper.py] image0: torch.Size([1, 1, 400, 400])
[loftr_wrapper.py] net forward
[loftr_wrapper.py] mconf, 0.20021691918373108 0.979354202747345
[loftr_wrapper.py] pair_ids (485,)
[loftr_wrapper.py] corres: (485, 5)
[loftr_wrapper.py] image0: torch.Size([1, 1, 400, 400])
[loftr_wrapper.py] net forward
[loftr_wrapper.py] mconf, 0.2007083296775818 0.9915820956230164
[loftr_wrapper.py] pair_ids (739,)
[loftr_wrapper.py] corres: (739, 5)
  B MD-gt MPM12 26/240 4.3s/kf | E-I=2.34 E-L=2.34 E-V2=18.41 E-V5b=64.02 E-V5b_r20=38.82 E-V5d=64.00 E-V5d_r20=38.71 E-V5x2=9.20 E-V5x2_r20=23.06 E-VI=11.63 E-VI_r20=23.06 | rot0 5.00
/home/kist/Desktop/BundleSAM3DGS/experiments/vggt_probe/models.py:30: FutureWarning: `torch.cuda.amp.autocast(args...)` is deprecated. Please use `torch.amp.autocast('cuda', args...)` instead.
  with torch.cuda.amp.autocast(dtype=torch.bfloat16):
/home/kist/venvs/vggt_probe/lib/python3.10/site-packages/vggt/models/vggt.py:65: FutureWarning: `torch.cuda.amp.autocast(args...)` is deprecated. Please use `torch.amp.autocast('cuda', args...)` instead.
  with torch.cuda.amp.autocast(enabled=False):
[loftr_wrapper.py] image0: torch.Size([1, 1, 400, 400])
/home/kist/Desktop/BundleSAM3DGS/loftr_wrapper.py:45: FutureWarning: `torch.cuda.amp.autocast(args...)` is deprecated. Please use `torch.amp.autocast('cuda', args...)` instead.
  with torch.cuda.amp.autocast(enabled=True):
[loftr_wrapper.py] net forward
[loftr_wrapper.py] mconf, 0.20046710968017578 0.9928614497184753
[loftr_wrapper.py] pair_ids (762,)
[loftr_wrapper.py] corres: (762, 5)
[loftr_wrapper.py] image0: torch.Size([1, 1, 400, 400])
[loftr_wrapper.py] net forward
[loftr_wrapper.py] mconf, 0.20178185403347015 0.9943690299987793
[loftr_wrapper.py] pair_ids (589,)
[loftr_wrapper.py] corres: (589, 5)
[loftr_wrapper.py] image0: torch.Size([1, 1, 400, 400])
[loftr_wrapper.py] net forward
[loftr_wrapper.py] mconf, 0.20040187239646912 0.9826062917709351
[loftr_wrapper.py] pair_ids (372,)
[loftr_wrapper.py] corres: (372, 5)
[loftr_wrapper.py] image0: torch.Size([1, 1, 400, 400])
[loftr_wrapper.py] net forward
[loftr_wrapper.py] mconf, 0.200459286570549 0.980248749256134
[loftr_wrapper.py] pair_ids (630,)
[loftr_wrapper.py] corres: (630, 5)
[loftr_wrapper.py] image0: torch.Size([1, 1, 400, 400])
[loftr_wrapper.py] net forward
[loftr_wrapper.py] mconf, 0.20142483711242676 0.9809902310371399
[loftr_wrapper.py] pair_ids (378,)
[loftr_wrapper.py] corres: (378, 5)
[loftr_wrapper.py] image0: torch.Size([1, 1, 400, 400])
[loftr_wrapper.py] net forward
[loftr_wrapper.py] mconf, 0.20050807297229767 0.9923269748687744
[loftr_wrapper.py] pair_ids (527,)
[loftr_wrapper.py] corres: (527, 5)
[loftr_wrapper.py] image0: torch.Size([1, 1, 400, 400])
[loftr_wrapper.py] net forward
[loftr_wrapper.py] mconf, 0.20086224377155304 0.9514133334159851
[loftr_wrapper.py] pair_ids (324,)
[loftr_wrapper.py] corres: (324, 5)
[loftr_wrapper.py] image0: torch.Size([1, 1, 400, 400])
[loftr_wrapper.py] net forward
[loftr_wrapper.py] mconf, 0.20012930035591125 0.9862052798271179
[loftr_wrapper.py] pair_ids (499,)
[loftr_wrapper.py] corres: (499, 5)
[loftr_wrapper.py] image0: torch.Size([1, 1, 400, 400])
[loftr_wrapper.py] net forward
[loftr_wrapper.py] mconf, 0.20048783719539642 0.9501031637191772
[loftr_wrapper.py] pair_ids (272,)
[loftr_wrapper.py] corres: (272, 5)
[loftr_wrapper.py] image0: torch.Size([1, 1, 400, 400])
[loftr_wrapper.py] net forward
[loftr_wrapper.py] mconf, 0.20173802971839905 0.9931043386459351
[loftr_wrapper.py] pair_ids (434,)
[loftr_wrapper.py] corres: (434, 5)
[loftr_wrapper.py] image0: torch.Size([1, 1, 400, 400])
[loftr_wrapper.py] net forward
[loftr_wrapper.py] mconf, 0.20004206895828247 0.9921783804893494
[loftr_wrapper.py] pair_ids (499,)
[loftr_wrapper.py] corres: (499, 5)
[loftr_wrapper.py] image0: torch.Size([1, 1, 400, 400])
[loftr_wrapper.py] net forward
[loftr_wrapper.py] mconf, 0.20149129629135132 0.9787976741790771
[loftr_wrapper.py] pair_ids (444,)
[loftr_wrapper.py] corres: (444, 5)
[loftr_wrapper.py] image0: torch.Size([1, 1, 400, 400])
[loftr_wrapper.py] net forward
[loftr_wrapper.py] mconf, 0.20028120279312134 0.9974338412284851
[loftr_wrapper.py] pair_ids (762,)
[loftr_wrapper.py] corres: (762, 5)
[loftr_wrapper.py] image0: torch.Size([1, 1, 400, 400])
[loftr_wrapper.py] net forward
[loftr_wrapper.py] mconf, 0.20049287378787994 0.9912635087966919
[loftr_wrapper.py] pair_ids (336,)
[loftr_wrapper.py] corres: (336, 5)
[loftr_wrapper.py] image0: torch.Size([1, 1, 400, 400])
[loftr_wrapper.py] net forward
[loftr_wrapper.py] mconf, 0.20215272903442383 0.9582553505897522
[loftr_wrapper.py] pair_ids (317,)
[loftr_wrapper.py] corres: (317, 5)
[loftr_wrapper.py] image0: torch.Size([1, 1, 400, 400])
[loftr_wrapper.py] net forward
[loftr_wrapper.py] mconf, 0.2019926905632019 0.9646223187446594
[loftr_wrapper.py] pair_ids (206,)
[loftr_wrapper.py] corres: (206, 5)
[loftr_wrapper.py] image0: torch.Size([1, 1, 400, 400])
[loftr_wrapper.py] net forward
[loftr_wrapper.py] mconf, 0.20080628991127014 0.9096633195877075
[loftr_wrapper.py] pair_ids (91,)
[loftr_wrapper.py] corres: (91, 5)
[loftr_wrapper.py] image0: torch.Size([1, 1, 400, 400])
[loftr_wrapper.py] net forward
[loftr_wrapper.py] mconf, 0.20069923996925354 0.892072319984436
[loftr_wrapper.py] pair_ids (94,)
[loftr_wrapper.py] corres: (94, 5)
[loftr_wrapper.py] image0: torch.Size([1, 1, 400, 400])
[loftr_wrapper.py] net forward
[loftr_wrapper.py] mconf, 0.20232392847537994 0.9789421558380127
[loftr_wrapper.py] pair_ids (411,)
[loftr_wrapper.py] corres: (411, 5)
[loftr_wrapper.py] image0: torch.Size([1, 1, 400, 400])
[loftr_wrapper.py] net forward
[loftr_wrapper.py] mconf, 0.20100563764572144 0.9970820546150208
[loftr_wrapper.py] pair_ids (624,)
[loftr_wrapper.py] corres: (624, 5)
[loftr_wrapper.py] image0: torch.Size([1, 1, 400, 400])
[loftr_wrapper.py] net forward
[loftr_wrapper.py] mconf, 0.2006298154592514 0.9955223202705383
[loftr_wrapper.py] pair_ids (806,)
[loftr_wrapper.py] corres: (806, 5)
[loftr_wrapper.py] image0: torch.Size([1, 1, 400, 400])
[loftr_wrapper.py] net forward
[loftr_wrapper.py] mconf, 0.20081478357315063 0.9872565865516663
[loftr_wrapper.py] pair_ids (448,)
[loftr_wrapper.py] corres: (448, 5)
[loftr_wrapper.py] image0: torch.Size([1, 1, 400, 400])
[loftr_wrapper.py] net forward
[loftr_wrapper.py] mconf, 0.20095816254615784 0.9742348194122314
[loftr_wrapper.py] pair_ids (185,)
[loftr_wrapper.py] corres: (185, 5)
[loftr_wrapper.py] image0: torch.Size([1, 1, 400, 400])
[loftr_wrapper.py] net forward
[loftr_wrapper.py] mconf, 0.20030874013900757 0.9904980659484863
[loftr_wrapper.py] pair_ids (298,)
[loftr_wrapper.py] corres: (298, 5)
[loftr_wrapper.py] image0: torch.Size([1, 1, 400, 400])
[loftr_wrapper.py] net forward
[loftr_wrapper.py] mconf, 0.20075947046279907 0.9948685765266418
[loftr_wrapper.py] pair_ids (341,)
[loftr_wrapper.py] corres: (341, 5)
  B MD-gt MPM12 51/240 3.3s/kf | E-I=2.71 E-L=2.69 E-V2=6.65 E-V5b=63.39 E-V5b_r20=64.40 E-V5d=63.41 E-V5d_r20=64.36 E-V5x2=13.73 E-V5x2_r20=16.93 E-VI=17.60 E-VI_r20=14.23 | rot0 5.00
/home/kist/Desktop/BundleSAM3DGS/experiments/vggt_probe/models.py:30: FutureWarning: `torch.cuda.amp.autocast(args...)` is deprecated. Please use `torch.amp.autocast('cuda', args...)` instead.
  with torch.cuda.amp.autocast(dtype=torch.bfloat16):
/home/kist/venvs/vggt_probe/lib/python3.10/site-packages/vggt/models/vggt.py:65: FutureWarning: `torch.cuda.amp.autocast(args...)` is deprecated. Please use `torch.amp.autocast('cuda', args...)` instead.
  with torch.cuda.amp.autocast(enabled=False):
[loftr_wrapper.py] image0: torch.Size([1, 1, 400, 400])
/home/kist/Desktop/BundleSAM3DGS/loftr_wrapper.py:45: FutureWarning: `torch.cuda.amp.autocast(args...)` is deprecated. Please use `torch.amp.autocast('cuda', args...)` instead.
  with torch.cuda.amp.autocast(enabled=True):
[loftr_wrapper.py] net forward
[loftr_wrapper.py] mconf, 0.20163258910179138 0.9553150534629822
[loftr_wrapper.py] pair_ids (292,)
[loftr_wrapper.py] corres: (292, 5)
[loftr_wrapper.py] image0: torch.Size([1, 1, 400, 400])
[loftr_wrapper.py] net forward
[loftr_wrapper.py] mconf, 0.20112966001033783 0.9863100051879883
[loftr_wrapper.py] pair_ids (339,)
[loftr_wrapper.py] corres: (339, 5)
[loftr_wrapper.py] image0: torch.Size([1, 1, 400, 400])
[loftr_wrapper.py] net forward
[loftr_wrapper.py] mconf, 0.2007189691066742 0.9964815974235535
[loftr_wrapper.py] pair_ids (579,)
[loftr_wrapper.py] corres: (579, 5)
[loftr_wrapper.py] image0: torch.Size([1, 1, 400, 400])
[loftr_wrapper.py] net forward
[loftr_wrapper.py] mconf, 0.2011367380619049 0.9979274868965149
[loftr_wrapper.py] pair_ids (650,)
[loftr_wrapper.py] corres: (650, 5)
[loftr_wrapper.py] image0: torch.Size([1, 1, 400, 400])
[loftr_wrapper.py] net forward
[loftr_wrapper.py] mconf, 0.20080453157424927 0.9949052929878235
[loftr_wrapper.py] pair_ids (516,)
[loftr_wrapper.py] corres: (516, 5)
[loftr_wrapper.py] image0: torch.Size([1, 1, 400, 400])
[loftr_wrapper.py] net forward
[loftr_wrapper.py] mconf, 0.20042480528354645 0.9446918964385986
[loftr_wrapper.py] pair_ids (307,)
[loftr_wrapper.py] corres: (307, 5)
[loftr_wrapper.py] image0: torch.Size([1, 1, 400, 400])
[loftr_wrapper.py] net forward
[loftr_wrapper.py] mconf, 0.2005033642053604 0.986854076385498
[loftr_wrapper.py] pair_ids (440,)
[loftr_wrapper.py] corres: (440, 5)
[loftr_wrapper.py] image0: torch.Size([1, 1, 400, 400])
[loftr_wrapper.py] net forward
[loftr_wrapper.py] mconf, 0.2004687339067459 0.9912754893302917
[loftr_wrapper.py] pair_ids (277,)
[loftr_wrapper.py] corres: (277, 5)
[loftr_wrapper.py] image0: torch.Size([1, 1, 400, 400])
[loftr_wrapper.py] net forward
[loftr_wrapper.py] mconf, 0.20470920205116272 0.9263613820075989
[loftr_wrapper.py] pair_ids (218,)
[loftr_wrapper.py] corres: (218, 5)
[loftr_wrapper.py] image0: torch.Size([1, 1, 400, 400])
[loftr_wrapper.py] net forward
[loftr_wrapper.py] mconf, 0.20033809542655945 0.8886858820915222
[loftr_wrapper.py] pair_ids (117,)
[loftr_wrapper.py] corres: (117, 5)
[loftr_wrapper.py] image0: torch.Size([1, 1, 400, 400])
[loftr_wrapper.py] net forward
[loftr_wrapper.py] mconf, 0.20042437314987183 0.9844973683357239
[loftr_wrapper.py] pair_ids (426,)
[loftr_wrapper.py] corres: (426, 5)
[loftr_wrapper.py] image0: torch.Size([1, 1, 400, 400])
[loftr_wrapper.py] net forward
[loftr_wrapper.py] mconf, 0.20191296935081482 0.9879359602928162
[loftr_wrapper.py] pair_ids (512,)
[loftr_wrapper.py] corres: (512, 5)
[loftr_wrapper.py] image0: torch.Size([1, 1, 400, 400])
[loftr_wrapper.py] net forward
[loftr_wrapper.py] mconf, 0.20035356283187866 0.918543815612793
[loftr_wrapper.py] pair_ids (194,)
[loftr_wrapper.py] corres: (194, 5)
[loftr_wrapper.py] image0: torch.Size([1, 1, 400, 400])
[loftr_wrapper.py] net forward
[loftr_wrapper.py] mconf, 0.20058998465538025 0.9953964948654175
[loftr_wrapper.py] pair_ids (540,)
[loftr_wrapper.py] corres: (540, 5)
[loftr_wrapper.py] image0: torch.Size([1, 1, 400, 400])
[loftr_wrapper.py] net forward
[loftr_wrapper.py] mconf, 0.20006345212459564 0.9946363568305969
[loftr_wrapper.py] pair_ids (666,)
[loftr_wrapper.py] corres: (666, 5)
[loftr_wrapper.py] image0: torch.Size([1, 1, 400, 400])
[loftr_wrapper.py] net forward
[loftr_wrapper.py] mconf, 0.2019437849521637 0.9916068911552429
[loftr_wrapper.py] pair_ids (612,)
[loftr_wrapper.py] corres: (612, 5)
[loftr_wrapper.py] image0: torch.Size([1, 1, 400, 400])
[loftr_wrapper.py] net forward
[loftr_wrapper.py] mconf, 0.2001951038837433 0.9937924146652222
[loftr_wrapper.py] pair_ids (541,)
[loftr_wrapper.py] corres: (541, 5)
[loftr_wrapper.py] image0: torch.Size([1, 1, 400, 400])
[loftr_wrapper.py] net forward
[loftr_wrapper.py] mconf, 0.20190966129302979 0.9937633872032166
[loftr_wrapper.py] pair_ids (346,)
[loftr_wrapper.py] corres: (346, 5)
[loftr_wrapper.py] image0: torch.Size([1, 1, 400, 400])
[loftr_wrapper.py] net forward
[loftr_wrapper.py] mconf, 0.20084434747695923 0.9937596321105957
[loftr_wrapper.py] pair_ids (616,)
[loftr_wrapper.py] corres: (616, 5)
[loftr_wrapper.py] image0: torch.Size([1, 1, 400, 400])
[loftr_wrapper.py] net forward
[loftr_wrapper.py] mconf, 0.2000347375869751 0.9799522161483765
[loftr_wrapper.py] pair_ids (373,)
[loftr_wrapper.py] corres: (373, 5)
[loftr_wrapper.py] image0: torch.Size([1, 1, 400, 400])
[loftr_wrapper.py] net forward
[loftr_wrapper.py] mconf, 0.20005109906196594 0.9833464026451111
[loftr_wrapper.py] pair_ids (425,)
[loftr_wrapper.py] corres: (425, 5)
[loftr_wrapper.py] image0: torch.Size([1, 1, 400, 400])
[loftr_wrapper.py] net forward
[loftr_wrapper.py] mconf, 0.20029239356517792 0.9219562411308289
[loftr_wrapper.py] pair_ids (251,)
[loftr_wrapper.py] corres: (251, 5)
[loftr_wrapper.py] image0: torch.Size([1, 1, 400, 400])
[loftr_wrapper.py] net forward
[loftr_wrapper.py] mconf, 0.2004617154598236 0.9628683924674988
[loftr_wrapper.py] pair_ids (371,)
[loftr_wrapper.py] corres: (371, 5)
[loftr_wrapper.py] image0: torch.Size([1, 1, 400, 400])
[loftr_wrapper.py] net forward
[loftr_wrapper.py] mconf, 0.2008485496044159 0.8792891502380371
[loftr_wrapper.py] pair_ids (179,)
[loftr_wrapper.py] corres: (179, 5)
[loftr_wrapper.py] image0: torch.Size([1, 1, 400, 400])
[loftr_wrapper.py] net forward
[loftr_wrapper.py] mconf, 0.2000468522310257 0.9906309843063354
[loftr_wrapper.py] pair_ids (425,)
[loftr_wrapper.py] corres: (425, 5)
  B MD-gt MPM12 76/240 4.3s/kf | E-I=2.44 E-L=2.20 E-V2=53.41 E-V5b=93.38 E-V5b_r20=76.92 E-V5d=93.43 E-V5d_r20=77.12 E-V5x2=17.76 E-V5x2_r20=26.72 E-VI=25.18 E-VI_r20=27.82 | rot0 10.00
/home/kist/Desktop/BundleSAM3DGS/experiments/vggt_probe/models.py:30: FutureWarning: `torch.cuda.amp.autocast(args...)` is deprecated. Please use `torch.amp.autocast('cuda', args...)` instead.
  with torch.cuda.amp.autocast(dtype=torch.bfloat16):
/home/kist/venvs/vggt_probe/lib/python3.10/site-packages/vggt/models/vggt.py:65: FutureWarning: `torch.cuda.amp.autocast(args...)` is deprecated. Please use `torch.amp.autocast('cuda', args...)` instead.
  with torch.cuda.amp.autocast(enabled=False):
[loftr_wrapper.py] image0: torch.Size([1, 1, 400, 400])
/home/kist/Desktop/BundleSAM3DGS/loftr_wrapper.py:45: FutureWarning: `torch.cuda.amp.autocast(args...)` is deprecated. Please use `torch.amp.autocast('cuda', args...)` instead.
  with torch.cuda.amp.autocast(enabled=True):
[loftr_wrapper.py] net forward
[loftr_wrapper.py] mconf, 0.2004995048046112 0.9450922608375549
[loftr_wrapper.py] pair_ids (339,)
[loftr_wrapper.py] corres: (339, 5)
[loftr_wrapper.py] image0: torch.Size([1, 1, 400, 400])
[loftr_wrapper.py] net forward
[loftr_wrapper.py] mconf, 0.20067152380943298 0.996701180934906
[loftr_wrapper.py] pair_ids (644,)
[loftr_wrapper.py] corres: (644, 5)
[loftr_wrapper.py] image0: torch.Size([1, 1, 400, 400])
[loftr_wrapper.py] net forward
[loftr_wrapper.py] mconf, 0.20058414340019226 0.9954835176467896
[loftr_wrapper.py] pair_ids (722,)
[loftr_wrapper.py] corres: (722, 5)
[loftr_wrapper.py] image0: torch.Size([1, 1, 400, 400])
[loftr_wrapper.py] net forward
[loftr_wrapper.py] mconf, 0.2018696665763855 0.9817935228347778
[loftr_wrapper.py] pair_ids (405,)
[loftr_wrapper.py] corres: (405, 5)
[loftr_wrapper.py] image0: torch.Size([1, 1, 400, 400])
[loftr_wrapper.py] net forward
[loftr_wrapper.py] mconf, 0.20123843848705292 0.99803626537323
[loftr_wrapper.py] pair_ids (379,)
[loftr_wrapper.py] corres: (379, 5)
[loftr_wrapper.py] image0: torch.Size([1, 1, 400, 400])
[loftr_wrapper.py] net forward
[loftr_wrapper.py] mconf, 0.20028449594974518 0.941224217414856
[loftr_wrapper.py] pair_ids (130,)
[loftr_wrapper.py] corres: (130, 5)
[loftr_wrapper.py] image0: torch.Size([1, 1, 400, 400])
[loftr_wrapper.py] net forward
[loftr_wrapper.py] mconf, 0.202172189950943 0.8887209296226501
[loftr_wrapper.py] pair_ids (88,)
[loftr_wrapper.py] corres: (88, 5)
[loftr_wrapper.py] image0: torch.Size([1, 1, 400, 400])
[loftr_wrapper.py] net forward
[loftr_wrapper.py] mconf, 0.20111200213432312 0.6423445343971252
[loftr_wrapper.py] pair_ids (67,)
[loftr_wrapper.py] corres: (67, 5)
[loftr_wrapper.py] image0: torch.Size([1, 1, 400, 400])
[loftr_wrapper.py] net forward
[loftr_wrapper.py] mconf, 0.2018214911222458 0.9725021123886108
[loftr_wrapper.py] pair_ids (389,)
[loftr_wrapper.py] corres: (389, 5)
[loftr_wrapper.py] image0: torch.Size([1, 1, 400, 400])
[loftr_wrapper.py] net forward
[loftr_wrapper.py] mconf, 0.20100949704647064 0.9463073015213013
[loftr_wrapper.py] pair_ids (326,)
[loftr_wrapper.py] corres: (326, 5)
[loftr_wrapper.py] image0: torch.Size([1, 1, 400, 400])
[loftr_wrapper.py] net forward
[loftr_wrapper.py] mconf, 0.20286935567855835 0.9944728016853333
[loftr_wrapper.py] pair_ids (705,)
[loftr_wrapper.py] corres: (705, 5)
[loftr_wrapper.py] image0: torch.Size([1, 1, 400, 400])
[loftr_wrapper.py] net forward
[loftr_wrapper.py] mconf, 0.20205561816692352 0.9775404334068298
[loftr_wrapper.py] pair_ids (344,)
[loftr_wrapper.py] corres: (344, 5)
[loftr_wrapper.py] image0: torch.Size([1, 1, 400, 400])
[loftr_wrapper.py] net forward
[loftr_wrapper.py] mconf, 0.20148088037967682 0.995885968208313
[loftr_wrapper.py] pair_ids (365,)
[loftr_wrapper.py] corres: (365, 5)
[loftr_wrapper.py] image0: torch.Size([1, 1, 400, 400])
[loftr_wrapper.py] net forward
[loftr_wrapper.py] mconf, 0.2008025348186493 0.7997416853904724
[loftr_wrapper.py] pair_ids (83,)
[loftr_wrapper.py] corres: (83, 5)
[loftr_wrapper.py] image0: torch.Size([1, 1, 400, 400])
[loftr_wrapper.py] net forward
[loftr_wrapper.py] mconf, 0.20033840835094452 0.88758385181427
[loftr_wrapper.py] pair_ids (120,)
[loftr_wrapper.py] corres: (120, 5)
[loftr_wrapper.py] image0: torch.Size([1, 1, 400, 400])
[loftr_wrapper.py] net forward
[loftr_wrapper.py] mconf, 0.20029614865779877 0.9821054935455322
[loftr_wrapper.py] pair_ids (310,)
[loftr_wrapper.py] corres: (310, 5)
[loftr_wrapper.py] image0: torch.Size([1, 1, 400, 400])
[loftr_wrapper.py] net forward
[loftr_wrapper.py] mconf, 0.2014046460390091 0.9666428565979004
[loftr_wrapper.py] pair_ids (337,)
[loftr_wrapper.py] corres: (337, 5)
[loftr_wrapper.py] image0: torch.Size([1, 1, 400, 400])
[loftr_wrapper.py] net forward
[loftr_wrapper.py] mconf, 0.20177873969078064 0.9877657294273376
[loftr_wrapper.py] pair_ids (509,)
[loftr_wrapper.py] corres: (509, 5)
[loftr_wrapper.py] image0: torch.Size([1, 1, 400, 400])
[loftr_wrapper.py] net forward
[loftr_wrapper.py] mconf, 0.20009003579616547 0.9962088465690613
[loftr_wrapper.py] pair_ids (492,)
[loftr_wrapper.py] corres: (492, 5)
[loftr_wrapper.py] image0: torch.Size([1, 1, 400, 400])
[loftr_wrapper.py] net forward
[loftr_wrapper.py] mconf, 0.2013479471206665 0.9971408843994141
[loftr_wrapper.py] pair_ids (482,)
[loftr_wrapper.py] corres: (482, 5)
[loftr_wrapper.py] image0: torch.Size([1, 1, 400, 400])
[loftr_wrapper.py] net forward
[loftr_wrapper.py] mconf, 0.20042841136455536 0.9204655885696411
[loftr_wrapper.py] pair_ids (164,)
[loftr_wrapper.py] corres: (164, 5)
[loftr_wrapper.py] image0: torch.Size([1, 1, 400, 400])
[loftr_wrapper.py] net forward
[loftr_wrapper.py] mconf, 0.20063410699367523 0.9857147932052612
[loftr_wrapper.py] pair_ids (295,)
[loftr_wrapper.py] corres: (295, 5)
[loftr_wrapper.py] image0: torch.Size([1, 1, 400, 400])
[loftr_wrapper.py] net forward
[loftr_wrapper.py] mconf, 0.2001345306634903 0.9724145531654358
[loftr_wrapper.py] pair_ids (207,)
[loftr_wrapper.py] corres: (207, 5)
[loftr_wrapper.py] image0: torch.Size([1, 1, 400, 400])
[loftr_wrapper.py] net forward
[loftr_wrapper.py] mconf, 0.20031876862049103 0.9884564876556396
[loftr_wrapper.py] pair_ids (242,)
[loftr_wrapper.py] corres: (242, 5)
[loftr_wrapper.py] image0: torch.Size([1, 1, 400, 400])
[loftr_wrapper.py] net forward
[loftr_wrapper.py] mconf, 0.20084311068058014 0.9726305603981018
[loftr_wrapper.py] pair_ids (229,)
[loftr_wrapper.py] corres: (229, 5)
  B MD-gt MPM12 101/240 4.2s/kf | E-I=2.16 E-L=2.32 E-V2=15.10 E-V5b=26.91 E-V5b_r20=38.05 E-V5d=26.77 E-V5d_r20=38.19 E-V5x2=24.97 E-V5x2_r20=65.17 E-VI=34.36 E-VI_r20=65.17 | rot0 20.00
/home/kist/Desktop/BundleSAM3DGS/experiments/vggt_probe/models.py:30: FutureWarning: `torch.cuda.amp.autocast(args...)` is deprecated. Please use `torch.amp.autocast('cuda', args...)` instead.
  with torch.cuda.amp.autocast(dtype=torch.bfloat16):
/home/kist/venvs/vggt_probe/lib/python3.10/site-packages/vggt/models/vggt.py:65: FutureWarning: `torch.cuda.amp.autocast(args...)` is deprecated. Please use `torch.amp.autocast('cuda', args...)` instead.
  with torch.cuda.amp.autocast(enabled=False):
[loftr_wrapper.py] image0: torch.Size([1, 1, 400, 400])
/home/kist/Desktop/BundleSAM3DGS/loftr_wrapper.py:45: FutureWarning: `torch.cuda.amp.autocast(args...)` is deprecated. Please use `torch.amp.autocast('cuda', args...)` instead.
  with torch.cuda.amp.autocast(enabled=True):
[loftr_wrapper.py] net forward
[loftr_wrapper.py] mconf, 0.20109382271766663 0.94847571849823
[loftr_wrapper.py] pair_ids (166,)
[loftr_wrapper.py] corres: (166, 5)
[loftr_wrapper.py] image0: torch.Size([1, 1, 400, 400])
[loftr_wrapper.py] net forward
[loftr_wrapper.py] mconf, 0.20004083216190338 0.9829351902008057
[loftr_wrapper.py] pair_ids (398,)
[loftr_wrapper.py] corres: (398, 5)
[loftr_wrapper.py] image0: torch.Size([1, 1, 400, 400])
[loftr_wrapper.py] net forward
[loftr_wrapper.py] mconf, 0.2002013474702835 0.7884566783905029
[loftr_wrapper.py] pair_ids (125,)
[loftr_wrapper.py] corres: (125, 5)
[loftr_wrapper.py] image0: torch.Size([1, 1, 400, 400])
[loftr_wrapper.py] net forward
[loftr_wrapper.py] mconf, 0.20035238564014435 0.9939937591552734
[loftr_wrapper.py] pair_ids (439,)
[loftr_wrapper.py] corres: (439, 5)
[loftr_wrapper.py] image0: torch.Size([1, 1, 400, 400])
[loftr_wrapper.py] net forward
[loftr_wrapper.py] mconf, 0.20011766254901886 0.9667229652404785
[loftr_wrapper.py] pair_ids (465,)
[loftr_wrapper.py] corres: (465, 5)
[loftr_wrapper.py] image0: torch.Size([1, 1, 400, 400])
[loftr_wrapper.py] net forward
[loftr_wrapper.py] mconf, 0.20062199234962463 0.9822753667831421
[loftr_wrapper.py] pair_ids (338,)
[loftr_wrapper.py] corres: (338, 5)
[loftr_wrapper.py] image0: torch.Size([1, 1, 400, 400])
[loftr_wrapper.py] net forward
[loftr_wrapper.py] mconf, 0.20041482150554657 0.9862397313117981
[loftr_wrapper.py] pair_ids (402,)
[loftr_wrapper.py] corres: (402, 5)
[loftr_wrapper.py] image0: torch.Size([1, 1, 400, 400])
[loftr_wrapper.py] net forward
[loftr_wrapper.py] mconf, 0.20114849507808685 0.9703444838523865
[loftr_wrapper.py] pair_ids (79,)
[loftr_wrapper.py] corres: (79, 5)
[loftr_wrapper.py] image0: torch.Size([1, 1, 400, 400])
[loftr_wrapper.py] net forward
[loftr_wrapper.py] mconf, 0.20182204246520996 0.9871308207511902
[loftr_wrapper.py] pair_ids (461,)
[loftr_wrapper.py] corres: (461, 5)
[loftr_wrapper.py] image0: torch.Size([1, 1, 400, 400])
[loftr_wrapper.py] net forward
[loftr_wrapper.py] mconf, 0.200458362698555 0.992292582988739
[loftr_wrapper.py] pair_ids (343,)
[loftr_wrapper.py] corres: (343, 5)
[loftr_wrapper.py] image0: torch.Size([1, 1, 400, 400])
[loftr_wrapper.py] net forward
[loftr_wrapper.py] mconf, 0.2003890424966812 0.8841372728347778
[loftr_wrapper.py] pair_ids (219,)
[loftr_wrapper.py] corres: (219, 5)
[loftr_wrapper.py] image0: torch.Size([1, 1, 400, 400])
[loftr_wrapper.py] net forward
[loftr_wrapper.py] mconf, 0.20146839320659637 0.970869779586792
[loftr_wrapper.py] pair_ids (272,)
[loftr_wrapper.py] corres: (272, 5)
[loftr_wrapper.py] image0: torch.Size([1, 1, 400, 400])
[loftr_wrapper.py] net forward
[loftr_wrapper.py] mconf, 0.20014016330242157 0.9552915096282959
[loftr_wrapper.py] pair_ids (348,)
[loftr_wrapper.py] corres: (348, 5)
[loftr_wrapper.py] image0: torch.Size([1, 1, 400, 400])
[loftr_wrapper.py] net forward
[loftr_wrapper.py] mconf, 0.20115789771080017 0.9059244990348816
[loftr_wrapper.py] pair_ids (179,)
[loftr_wrapper.py] corres: (179, 5)
[loftr_wrapper.py] image0: torch.Size([1, 1, 400, 400])
[loftr_wrapper.py] net forward
[loftr_wrapper.py] mconf, 0.20002616941928864 0.887627899646759
[loftr_wrapper.py] pair_ids (200,)
[loftr_wrapper.py] corres: (200, 5)
[loftr_wrapper.py] image0: torch.Size([1, 1, 400, 400])
[loftr_wrapper.py] net forward
[loftr_wrapper.py] mconf, 0.2001340091228485 0.95987868309021
[loftr_wrapper.py] pair_ids (228,)
[loftr_wrapper.py] corres: (228, 5)
[loftr_wrapper.py] image0: torch.Size([1, 1, 400, 400])
[loftr_wrapper.py] net forward
[loftr_wrapper.py] mconf, 0.2014281004667282 0.9958445429801941
[loftr_wrapper.py] pair_ids (435,)
[loftr_wrapper.py] corres: (435, 5)
[loftr_wrapper.py] image0: torch.Size([1, 1, 400, 400])
[loftr_wrapper.py] net forward
[loftr_wrapper.py] mconf, 0.20045262575149536 0.9914223551750183
[loftr_wrapper.py] pair_ids (574,)
[loftr_wrapper.py] corres: (574, 5)
[loftr_wrapper.py] image0: torch.Size([1, 1, 400, 400])
[loftr_wrapper.py] net forward
[loftr_wrapper.py] mconf, 0.20005746185779572 0.9940366744995117
[loftr_wrapper.py] pair_ids (375,)
[loftr_wrapper.py] corres: (375, 5)
[loftr_wrapper.py] image0: torch.Size([1, 1, 400, 400])
[loftr_wrapper.py] net forward
[loftr_wrapper.py] mconf, 0.20154491066932678 0.9929721355438232
[loftr_wrapper.py] pair_ids (268,)
[loftr_wrapper.py] corres: (268, 5)
[loftr_wrapper.py] image0: torch.Size([1, 1, 400, 400])
[loftr_wrapper.py] net forward
[loftr_wrapper.py] mconf, 0.20256537199020386 0.6804834604263306
[loftr_wrapper.py] pair_ids (81,)
[loftr_wrapper.py] corres: (81, 5)
[loftr_wrapper.py] image0: torch.Size([1, 1, 400, 400])
[loftr_wrapper.py] net forward
[loftr_wrapper.py] mconf, 0.200497567653656 0.7959162592887878
[loftr_wrapper.py] pair_ids (92,)
[loftr_wrapper.py] corres: (92, 5)
[loftr_wrapper.py] image0: torch.Size([1, 1, 400, 400])
[loftr_wrapper.py] net forward
[loftr_wrapper.py] mconf, 0.20408691465854645 0.7056614756584167
[loftr_wrapper.py] pair_ids (82,)
[loftr_wrapper.py] corres: (82, 5)
[loftr_wrapper.py] image0: torch.Size([1, 1, 400, 400])
[loftr_wrapper.py] net forward
[loftr_wrapper.py] mconf, 0.20038045942783356 0.8805859684944153
[loftr_wrapper.py] pair_ids (111,)
[loftr_wrapper.py] corres: (111, 5)
[loftr_wrapper.py] image0: torch.Size([1, 1, 400, 400])
[loftr_wrapper.py] net forward
[loftr_wrapper.py] mconf, 0.2020464986562729 0.995772123336792
[loftr_wrapper.py] pair_ids (482,)
[loftr_wrapper.py] corres: (482, 5)
  B MD-gt MPM12 126/240 4.3s/kf | E-I=3.04 E-L=2.34 E-V2=46.79 E-V5b=120.03 E-V5b_r20=103.90 E-V5d=119.93 E-V5d_r20=103.97 E-V5x2=19.76 E-V5x2_r20=36.03 E-VI=24.28 E-VI_r20=47.05 | rot0 20.00
/home/kist/Desktop/BundleSAM3DGS/experiments/vggt_probe/models.py:30: FutureWarning: `torch.cuda.amp.autocast(args...)` is deprecated. Please use `torch.amp.autocast('cuda', args...)` instead.
  with torch.cuda.amp.autocast(dtype=torch.bfloat16):
/home/kist/venvs/vggt_probe/lib/python3.10/site-packages/vggt/models/vggt.py:65: FutureWarning: `torch.cuda.amp.autocast(args...)` is deprecated. Please use `torch.amp.autocast('cuda', args...)` instead.
  with torch.cuda.amp.autocast(enabled=False):
[loftr_wrapper.py] image0: torch.Size([1, 1, 400, 400])
/home/kist/Desktop/BundleSAM3DGS/loftr_wrapper.py:45: FutureWarning: `torch.cuda.amp.autocast(args...)` is deprecated. Please use `torch.amp.autocast('cuda', args...)` instead.
  with torch.cuda.amp.autocast(enabled=True):
[loftr_wrapper.py] net forward
[loftr_wrapper.py] mconf, 0.2026480883359909 0.9975203275680542
[loftr_wrapper.py] pair_ids (517,)
[loftr_wrapper.py] corres: (517, 5)
[loftr_wrapper.py] image0: torch.Size([1, 1, 400, 400])
[loftr_wrapper.py] net forward
[loftr_wrapper.py] mconf, 0.2035067081451416 0.8760724663734436
[loftr_wrapper.py] pair_ids (163,)
[loftr_wrapper.py] corres: (163, 5)
[loftr_wrapper.py] image0: torch.Size([1, 1, 400, 400])
[loftr_wrapper.py] net forward
[loftr_wrapper.py] mconf, 0.2001153528690338 0.9831374883651733
[loftr_wrapper.py] pair_ids (269,)
[loftr_wrapper.py] corres: (269, 5)
[loftr_wrapper.py] image0: torch.Size([1, 1, 400, 400])
[loftr_wrapper.py] net forward
[loftr_wrapper.py] mconf, 0.20651501417160034 0.7901875972747803
[loftr_wrapper.py] pair_ids (82,)
[loftr_wrapper.py] corres: (82, 5)
[loftr_wrapper.py] image0: torch.Size([1, 1, 400, 400])
[loftr_wrapper.py] net forward
[loftr_wrapper.py] mconf, 0.20033688843250275 0.9610118269920349
[loftr_wrapper.py] pair_ids (189,)
[loftr_wrapper.py] corres: (189, 5)
[loftr_wrapper.py] image0: torch.Size([1, 1, 400, 400])
[loftr_wrapper.py] net forward
[loftr_wrapper.py] mconf, 0.20020662248134613 0.9415240287780762
[loftr_wrapper.py] pair_ids (109,)
[loftr_wrapper.py] corres: (109, 5)
[loftr_wrapper.py] image0: torch.Size([1, 1, 400, 400])
[loftr_wrapper.py] net forward
[loftr_wrapper.py] mconf, 0.2001766562461853 0.9105536341667175
[loftr_wrapper.py] pair_ids (199,)
[loftr_wrapper.py] corres: (199, 5)
[loftr_wrapper.py] image0: torch.Size([1, 1, 400, 400])
[loftr_wrapper.py] net forward
[loftr_wrapper.py] mconf, 0.2027038186788559 0.9274648427963257
[loftr_wrapper.py] pair_ids (193,)
[loftr_wrapper.py] corres: (193, 5)
[loftr_wrapper.py] image0: torch.Size([1, 1, 400, 400])
[loftr_wrapper.py] net forward
[loftr_wrapper.py] mconf, 0.20027492940425873 0.9832373261451721
[loftr_wrapper.py] pair_ids (302,)
[loftr_wrapper.py] corres: (302, 5)
[loftr_wrapper.py] image0: torch.Size([1, 1, 400, 400])
[loftr_wrapper.py] net forward
[loftr_wrapper.py] mconf, 0.20014691352844238 0.9098014235496521
[loftr_wrapper.py] pair_ids (84,)
[loftr_wrapper.py] corres: (84, 5)
[loftr_wrapper.py] image0: torch.Size([1, 1, 400, 400])
[loftr_wrapper.py] net forward
[loftr_wrapper.py] mconf, 0.2000676542520523 0.8654136061668396
[loftr_wrapper.py] pair_ids (71,)
[loftr_wrapper.py] corres: (71, 5)
[loftr_wrapper.py] image0: torch.Size([1, 1, 400, 400])
[loftr_wrapper.py] net forward
[loftr_wrapper.py] mconf, 0.20178307592868805 0.9781913161277771
[loftr_wrapper.py] pair_ids (217,)
[loftr_wrapper.py] corres: (217, 5)
[loftr_wrapper.py] image0: torch.Size([1, 1, 400, 400])
[loftr_wrapper.py] net forward
[loftr_wrapper.py] mconf, 0.20094634592533112 0.9375975728034973
[loftr_wrapper.py] pair_ids (164,)
[loftr_wrapper.py] corres: (164, 5)
[loftr_wrapper.py] image0: torch.Size([1, 1, 400, 400])
[loftr_wrapper.py] net forward
[loftr_wrapper.py] mconf, 0.20439094305038452 0.8862142562866211
[loftr_wrapper.py] pair_ids (111,)
[loftr_wrapper.py] corres: (111, 5)
[loftr_wrapper.py] image0: torch.Size([1, 1, 400, 400])
[loftr_wrapper.py] net forward
[loftr_wrapper.py] mconf, 0.2036324292421341 0.9205640554428101
[loftr_wrapper.py] pair_ids (153,)
[loftr_wrapper.py] corres: (153, 5)
[loftr_wrapper.py] image0: torch.Size([1, 1, 400, 400])
[loftr_wrapper.py] net forward
[loftr_wrapper.py] mconf, 0.20014898478984833 0.9900064468383789
[loftr_wrapper.py] pair_ids (406,)
[loftr_wrapper.py] corres: (406, 5)
[loftr_wrapper.py] image0: torch.Size([1, 1, 400, 400])
[loftr_wrapper.py] net forward
[loftr_wrapper.py] mconf, 0.2012394815683365 0.9932180047035217
[loftr_wrapper.py] pair_ids (394,)
[loftr_wrapper.py] corres: (394, 5)
[loftr_wrapper.py] image0: torch.Size([1, 1, 400, 400])
[loftr_wrapper.py] net forward
[loftr_wrapper.py] mconf, 0.20250460505485535 0.9214894771575928
[loftr_wrapper.py] pair_ids (140,)
[loftr_wrapper.py] corres: (140, 5)
[loftr_wrapper.py] image0: torch.Size([1, 1, 400, 400])
[loftr_wrapper.py] net forward
[loftr_wrapper.py] mconf, 0.2054852694272995 0.9924327731132507
[loftr_wrapper.py] pair_ids (332,)
[loftr_wrapper.py] corres: (332, 5)
[loftr_wrapper.py] image0: torch.Size([1, 1, 400, 400])
[loftr_wrapper.py] net forward
[loftr_wrapper.py] mconf, 0.20062534511089325 0.9145402908325195
[loftr_wrapper.py] pair_ids (179,)
[loftr_wrapper.py] corres: (179, 5)
[loftr_wrapper.py] image0: torch.Size([1, 1, 400, 400])
[loftr_wrapper.py] net forward
[loftr_wrapper.py] mconf, 0.2007899284362793 0.9159342646598816
[loftr_wrapper.py] pair_ids (274,)
[loftr_wrapper.py] corres: (274, 5)
[loftr_wrapper.py] image0: torch.Size([1, 1, 400, 400])
[loftr_wrapper.py] net forward
[loftr_wrapper.py] mconf, 0.20107947289943695 0.9876595735549927
[loftr_wrapper.py] pair_ids (303,)
[loftr_wrapper.py] corres: (303, 5)
[loftr_wrapper.py] image0: torch.Size([1, 1, 400, 400])
[loftr_wrapper.py] net forward
[loftr_wrapper.py] mconf, 0.20123951137065887 0.8667523264884949
[loftr_wrapper.py] pair_ids (66,)
[loftr_wrapper.py] corres: (66, 5)
[loftr_wrapper.py] image0: torch.Size([1, 1, 400, 400])
[loftr_wrapper.py] net forward
[loftr_wrapper.py] mconf, 0.20028337836265564 0.9752662181854248
[loftr_wrapper.py] pair_ids (438,)
[loftr_wrapper.py] corres: (438, 5)
[loftr_wrapper.py] image0: torch.Size([1, 1, 400, 400])
[loftr_wrapper.py] net forward
[loftr_wrapper.py] mconf, 0.20298346877098083 0.8369982242584229
[loftr_wrapper.py] pair_ids (93,)
[loftr_wrapper.py] corres: (93, 5)
  B MD-gt MPM12 151/240 4.2s/kf | E-I=2.61 E-L=2.59 E-V2=25.84 E-V5b=56.83 E-V5b_r20=40.19 E-V5d=56.78 E-V5d_r20=40.01 E-V5x2=32.17 E-V5x2_r20=36.81 E-VI=32.17 E-VI_r20=36.91 | rot0 30.00
/home/kist/Desktop/BundleSAM3DGS/experiments/vggt_probe/models.py:30: FutureWarning: `torch.cuda.amp.autocast(args...)` is deprecated. Please use `torch.amp.autocast('cuda', args...)` instead.
  with torch.cuda.amp.autocast(dtype=torch.bfloat16):
/home/kist/venvs/vggt_probe/lib/python3.10/site-packages/vggt/models/vggt.py:65: FutureWarning: `torch.cuda.amp.autocast(args...)` is deprecated. Please use `torch.amp.autocast('cuda', args...)` instead.
  with torch.cuda.amp.autocast(enabled=False):
[loftr_wrapper.py] image0: torch.Size([1, 1, 400, 400])
/home/kist/Desktop/BundleSAM3DGS/loftr_wrapper.py:45: FutureWarning: `torch.cuda.amp.autocast(args...)` is deprecated. Please use `torch.amp.autocast('cuda', args...)` instead.
  with torch.cuda.amp.autocast(enabled=True):
[loftr_wrapper.py] net forward
[loftr_wrapper.py] mconf, 0.20295654237270355 0.9538283348083496
[loftr_wrapper.py] pair_ids (367,)
[loftr_wrapper.py] corres: (367, 5)
[loftr_wrapper.py] image0: torch.Size([1, 1, 400, 400])
[loftr_wrapper.py] net forward
[loftr_wrapper.py] mconf, 0.2005569338798523 0.9679250121116638
[loftr_wrapper.py] pair_ids (199,)
[loftr_wrapper.py] corres: (199, 5)
[loftr_wrapper.py] image0: torch.Size([1, 1, 400, 400])
[loftr_wrapper.py] net forward
[loftr_wrapper.py] mconf, 0.20026393234729767 0.9700572490692139
[loftr_wrapper.py] pair_ids (369,)
[loftr_wrapper.py] corres: (369, 5)
[loftr_wrapper.py] image0: torch.Size([1, 1, 400, 400])
[loftr_wrapper.py] net forward
[loftr_wrapper.py] mconf, 0.20073598623275757 0.8399473428726196
[loftr_wrapper.py] pair_ids (170,)
[loftr_wrapper.py] corres: (170, 5)
[loftr_wrapper.py] image0: torch.Size([1, 1, 400, 400])
[loftr_wrapper.py] net forward
[loftr_wrapper.py] mconf, 0.20173481106758118 0.7037605047225952
[loftr_wrapper.py] pair_ids (47,)
[loftr_wrapper.py] corres: (47, 5)
[loftr_wrapper.py] image0: torch.Size([1, 1, 400, 400])
[loftr_wrapper.py] net forward
[loftr_wrapper.py] mconf, 0.20072072744369507 0.7316916584968567
[loftr_wrapper.py] pair_ids (78,)
[loftr_wrapper.py] corres: (78, 5)
[loftr_wrapper.py] image0: torch.Size([1, 1, 400, 400])
[loftr_wrapper.py] net forward
[loftr_wrapper.py] mconf, 0.20209316909313202 0.5186025500297546
[loftr_wrapper.py] pair_ids (55,)
[loftr_wrapper.py] corres: (55, 5)
[loftr_wrapper.py] image0: torch.Size([1, 1, 400, 400])
[loftr_wrapper.py] net forward
[loftr_wrapper.py] mconf, 0.20060904324054718 0.9940516352653503
[loftr_wrapper.py] pair_ids (524,)
[loftr_wrapper.py] corres: (524, 5)
[loftr_wrapper.py] image0: torch.Size([1, 1, 400, 400])
[loftr_wrapper.py] net forward
[loftr_wrapper.py] mconf, 0.2002555876970291 0.7403202652931213
[loftr_wrapper.py] pair_ids (87,)
[loftr_wrapper.py] corres: (87, 5)
[loftr_wrapper.py] image0: torch.Size([1, 1, 400, 400])
[loftr_wrapper.py] net forward
[loftr_wrapper.py] mconf, 0.20108486711978912 0.9918156266212463
[loftr_wrapper.py] pair_ids (277,)
[loftr_wrapper.py] corres: (277, 5)
[loftr_wrapper.py] image0: torch.Size([1, 1, 400, 400])
[loftr_wrapper.py] net forward
[loftr_wrapper.py] mconf, 0.20084381103515625 0.9500341415405273
[loftr_wrapper.py] pair_ids (145,)
[loftr_wrapper.py] corres: (145, 5)
[loftr_wrapper.py] image0: torch.Size([1, 1, 400, 400])
[loftr_wrapper.py] net forward
[loftr_wrapper.py] mconf, 0.20023313164710999 0.7981102466583252
[loftr_wrapper.py] pair_ids (106,)
[loftr_wrapper.py] corres: (106, 5)
[loftr_wrapper.py] image0: torch.Size([1, 1, 400, 400])
[loftr_wrapper.py] net forward
[loftr_wrapper.py] mconf, 0.20120759308338165 0.599652111530304
[loftr_wrapper.py] pair_ids (39,)
[loftr_wrapper.py] corres: (39, 5)
[loftr_wrapper.py] image0: torch.Size([1, 1, 400, 400])
[loftr_wrapper.py] net forward
[loftr_wrapper.py] mconf, 0.2017545998096466 0.9838545918464661
[loftr_wrapper.py] pair_ids (252,)
[loftr_wrapper.py] corres: (252, 5)
[loftr_wrapper.py] image0: torch.Size([1, 1, 400, 400])
[loftr_wrapper.py] net forward
[loftr_wrapper.py] mconf, 0.2015717327594757 0.918423593044281
[loftr_wrapper.py] pair_ids (133,)
[loftr_wrapper.py] corres: (133, 5)
[loftr_wrapper.py] image0: torch.Size([1, 1, 400, 400])
[loftr_wrapper.py] net forward
[loftr_wrapper.py] mconf, 0.20040418207645416 0.9660397171974182
[loftr_wrapper.py] pair_ids (406,)
[loftr_wrapper.py] corres: (406, 5)
[loftr_wrapper.py] image0: torch.Size([1, 1, 400, 400])
[loftr_wrapper.py] net forward
[loftr_wrapper.py] mconf, 0.20146197080612183 0.9435749053955078
[loftr_wrapper.py] pair_ids (203,)
[loftr_wrapper.py] corres: (203, 5)
[loftr_wrapper.py] image0: torch.Size([1, 1, 400, 400])
[loftr_wrapper.py] net forward
[loftr_wrapper.py] mconf, 0.20014120638370514 0.6873263716697693
[loftr_wrapper.py] pair_ids (59,)
[loftr_wrapper.py] corres: (59, 5)
[loftr_wrapper.py] image0: torch.Size([1, 1, 400, 400])
[loftr_wrapper.py] net forward
[loftr_wrapper.py] mconf, 0.202132448554039 0.7550935745239258
[loftr_wrapper.py] pair_ids (49,)
[loftr_wrapper.py] corres: (49, 5)
[loftr_wrapper.py] image0: torch.Size([1, 1, 400, 400])
[loftr_wrapper.py] net forward
[loftr_wrapper.py] mconf, 0.20320811867713928 0.6832842826843262
[loftr_wrapper.py] pair_ids (45,)
[loftr_wrapper.py] corres: (45, 5)
[loftr_wrapper.py] image0: torch.Size([1, 1, 400, 400])
[loftr_wrapper.py] net forward
[loftr_wrapper.py] mconf, 0.20018741488456726 0.6293967366218567
[loftr_wrapper.py] pair_ids (73,)
[loftr_wrapper.py] corres: (73, 5)
[loftr_wrapper.py] image0: torch.Size([1, 1, 400, 400])
[loftr_wrapper.py] net forward
[loftr_wrapper.py] mconf, 0.20341606438159943 0.6818879246711731
[loftr_wrapper.py] pair_ids (69,)
[loftr_wrapper.py] corres: (69, 5)
[loftr_wrapper.py] image0: torch.Size([1, 1, 400, 400])
[loftr_wrapper.py] net forward
[loftr_wrapper.py] mconf, 0.20034755766391754 0.9752593040466309
[loftr_wrapper.py] pair_ids (309,)
[loftr_wrapper.py] corres: (309, 5)
[loftr_wrapper.py] image0: torch.Size([1, 1, 400, 400])
[loftr_wrapper.py] net forward
[loftr_wrapper.py] mconf, 0.2000686377286911 0.9704325795173645
[loftr_wrapper.py] pair_ids (334,)
[loftr_wrapper.py] corres: (334, 5)
[loftr_wrapper.py] image0: torch.Size([1, 1, 400, 400])
[loftr_wrapper.py] net forward
[loftr_wrapper.py] mconf, 0.20460905134677887 0.9960023164749146
[loftr_wrapper.py] pair_ids (396,)
[loftr_wrapper.py] corres: (396, 5)
  B MD-gt MPM12 176/240 4.3s/kf | E-I=2.67 E-L=4.06 E-V2=43.77 E-V5b=68.42 E-V5b_r20=73.60 E-V5d=68.43 E-V5d_r20=73.61 E-V5x2=24.31 E-V5x2_r20=46.45 E-VI=26.32 E-VI_r20=60.42 | rot0 45.00
/home/kist/Desktop/BundleSAM3DGS/experiments/vggt_probe/models.py:30: FutureWarning: `torch.cuda.amp.autocast(args...)` is deprecated. Please use `torch.amp.autocast('cuda', args...)` instead.
  with torch.cuda.amp.autocast(dtype=torch.bfloat16):
/home/kist/venvs/vggt_probe/lib/python3.10/site-packages/vggt/models/vggt.py:65: FutureWarning: `torch.cuda.amp.autocast(args...)` is deprecated. Please use `torch.amp.autocast('cuda', args...)` instead.
  with torch.cuda.amp.autocast(enabled=False):
[loftr_wrapper.py] image0: torch.Size([1, 1, 400, 400])
/home/kist/Desktop/BundleSAM3DGS/loftr_wrapper.py:45: FutureWarning: `torch.cuda.amp.autocast(args...)` is deprecated. Please use `torch.amp.autocast('cuda', args...)` instead.
  with torch.cuda.amp.autocast(enabled=True):
[loftr_wrapper.py] net forward
[loftr_wrapper.py] mconf, 0.20753982663154602 0.8308418989181519
[loftr_wrapper.py] pair_ids (69,)
[loftr_wrapper.py] corres: (69, 5)
[loftr_wrapper.py] image0: torch.Size([1, 1, 400, 400])
[loftr_wrapper.py] net forward
[loftr_wrapper.py] mconf, 0.20009444653987885 0.6580564975738525
[loftr_wrapper.py] pair_ids (77,)
[loftr_wrapper.py] corres: (77, 5)
[loftr_wrapper.py] image0: torch.Size([1, 1, 400, 400])
[loftr_wrapper.py] net forward
[loftr_wrapper.py] mconf, 0.20069092512130737 0.6394907832145691
[loftr_wrapper.py] pair_ids (68,)
[loftr_wrapper.py] corres: (68, 5)
[loftr_wrapper.py] image0: torch.Size([1, 1, 400, 400])
[loftr_wrapper.py] net forward
[loftr_wrapper.py] mconf, 0.2007605880498886 0.5677120685577393
[loftr_wrapper.py] pair_ids (53,)
[loftr_wrapper.py] corres: (53, 5)
[loftr_wrapper.py] image0: torch.Size([1, 1, 400, 400])
[loftr_wrapper.py] net forward
[loftr_wrapper.py] mconf, 0.20356395840644836 0.6570917367935181
[loftr_wrapper.py] pair_ids (53,)
[loftr_wrapper.py] corres: (53, 5)
[loftr_wrapper.py] image0: torch.Size([1, 1, 400, 400])
[loftr_wrapper.py] net forward
[loftr_wrapper.py] mconf, 0.20213951170444489 0.8064706325531006
[loftr_wrapper.py] pair_ids (90,)
[loftr_wrapper.py] corres: (90, 5)
[loftr_wrapper.py] image0: torch.Size([1, 1, 400, 400])
[loftr_wrapper.py] net forward
[loftr_wrapper.py] mconf, 0.2039583921432495 0.761031448841095
[loftr_wrapper.py] pair_ids (83,)
[loftr_wrapper.py] corres: (83, 5)
[loftr_wrapper.py] image0: torch.Size([1, 1, 400, 400])
[loftr_wrapper.py] net forward
[loftr_wrapper.py] mconf, 0.20043759047985077 0.758915901184082
[loftr_wrapper.py] pair_ids (71,)
[loftr_wrapper.py] corres: (71, 5)
[loftr_wrapper.py] image0: torch.Size([1, 1, 400, 400])
[loftr_wrapper.py] net forward
[loftr_wrapper.py] mconf, 0.20019219815731049 0.9931284785270691
[loftr_wrapper.py] pair_ids (403,)
[loftr_wrapper.py] corres: (403, 5)
[loftr_wrapper.py] image0: torch.Size([1, 1, 400, 400])
[loftr_wrapper.py] net forward
[loftr_wrapper.py] mconf, 0.20569969713687897 0.7695460915565491
[loftr_wrapper.py] pair_ids (80,)
[loftr_wrapper.py] corres: (80, 5)
[loftr_wrapper.py] image0: torch.Size([1, 1, 400, 400])
[loftr_wrapper.py] net forward
[loftr_wrapper.py] mconf, 0.20844510197639465 0.6382747292518616
[loftr_wrapper.py] pair_ids (75,)
[loftr_wrapper.py] corres: (75, 5)
[loftr_wrapper.py] image0: torch.Size([1, 1, 400, 400])
[loftr_wrapper.py] net forward
[loftr_wrapper.py] mconf, 0.20126496255397797 0.8293707370758057
[loftr_wrapper.py] pair_ids (61,)
[loftr_wrapper.py] corres: (61, 5)
[loftr_wrapper.py] image0: torch.Size([1, 1, 400, 400])
[loftr_wrapper.py] net forward
[loftr_wrapper.py] mconf, 0.20051144063472748 0.9647389054298401
[loftr_wrapper.py] pair_ids (166,)
[loftr_wrapper.py] corres: (166, 5)
[loftr_wrapper.py] image0: torch.Size([1, 1, 400, 400])
[loftr_wrapper.py] net forward
[loftr_wrapper.py] mconf, 0.201761394739151 0.8721432089805603
[loftr_wrapper.py] pair_ids (186,)
[loftr_wrapper.py] corres: (186, 5)
[loftr_wrapper.py] image0: torch.Size([1, 1, 400, 400])
[loftr_wrapper.py] net forward
[loftr_wrapper.py] mconf, 0.20050203800201416 0.8077868819236755
[loftr_wrapper.py] pair_ids (67,)
[loftr_wrapper.py] corres: (67, 5)
[loftr_wrapper.py] image0: torch.Size([1, 1, 400, 400])
[loftr_wrapper.py] net forward
[loftr_wrapper.py] mconf, 0.20161379873752594 0.6765635013580322
[loftr_wrapper.py] pair_ids (45,)
[loftr_wrapper.py] corres: (45, 5)
[loftr_wrapper.py] image0: torch.Size([1, 1, 400, 400])
[loftr_wrapper.py] net forward
[loftr_wrapper.py] mconf, 0.20020803809165955 0.8374013304710388
[loftr_wrapper.py] pair_ids (55,)
[loftr_wrapper.py] corres: (55, 5)
[loftr_wrapper.py] image0: torch.Size([1, 1, 400, 400])
[loftr_wrapper.py] net forward
[loftr_wrapper.py] mconf, 0.2007615864276886 0.9483100771903992
[loftr_wrapper.py] pair_ids (128,)
[loftr_wrapper.py] corres: (128, 5)
[loftr_wrapper.py] image0: torch.Size([1, 1, 400, 400])
[loftr_wrapper.py] net forward
[loftr_wrapper.py] mconf, 0.20470896363258362 0.8093105554580688
[loftr_wrapper.py] pair_ids (97,)
[loftr_wrapper.py] corres: (97, 5)
[loftr_wrapper.py] image0: torch.Size([1, 1, 400, 400])
[loftr_wrapper.py] net forward
[loftr_wrapper.py] mconf, 0.20039263367652893 0.850257933139801
[loftr_wrapper.py] pair_ids (76,)
[loftr_wrapper.py] corres: (76, 5)
[loftr_wrapper.py] image0: torch.Size([1, 1, 400, 400])
[loftr_wrapper.py] net forward
[loftr_wrapper.py] mconf, 0.20591142773628235 0.7273234128952026
[loftr_wrapper.py] pair_ids (66,)
[loftr_wrapper.py] corres: (66, 5)
[loftr_wrapper.py] image0: torch.Size([1, 1, 400, 400])
[loftr_wrapper.py] net forward
[loftr_wrapper.py] mconf, 0.20042739808559418 0.5571497082710266
[loftr_wrapper.py] pair_ids (54,)
[loftr_wrapper.py] corres: (54, 5)
[loftr_wrapper.py] image0: torch.Size([1, 1, 400, 400])
[loftr_wrapper.py] net forward
[loftr_wrapper.py] mconf, 0.20108278095722198 0.9794836044311523
[loftr_wrapper.py] pair_ids (466,)
[loftr_wrapper.py] corres: (466, 5)
[loftr_wrapper.py] image0: torch.Size([1, 1, 400, 400])
[loftr_wrapper.py] net forward
[loftr_wrapper.py] mconf, 0.20115701854228973 0.9588444232940674
[loftr_wrapper.py] pair_ids (146,)
[loftr_wrapper.py] corres: (146, 5)
[loftr_wrapper.py] image0: torch.Size([1, 1, 400, 400])
[loftr_wrapper.py] net forward
[loftr_wrapper.py] mconf, 0.20004722476005554 0.7069547772407532
[loftr_wrapper.py] pair_ids (67,)
[loftr_wrapper.py] corres: (67, 5)
  B MD-gt MPM12 201/240 4.2s/kf | E-I=3.67 E-L=9.38 E-V2=26.37 E-V5b=33.56 E-V5b_r20=49.12 E-V5d=33.57 E-V5d_r20=49.27 E-V5x2=42.38 E-V5x2_r20=49.97 E-VI=61.14 E-VI_r20=94.79 | rot0 45.00
/home/kist/Desktop/BundleSAM3DGS/experiments/vggt_probe/models.py:30: FutureWarning: `torch.cuda.amp.autocast(args...)` is deprecated. Please use `torch.amp.autocast('cuda', args...)` instead.
  with torch.cuda.amp.autocast(dtype=torch.bfloat16):
/home/kist/venvs/vggt_probe/lib/python3.10/site-packages/vggt/models/vggt.py:65: FutureWarning: `torch.cuda.amp.autocast(args...)` is deprecated. Please use `torch.amp.autocast('cuda', args...)` instead.
  with torch.cuda.amp.autocast(enabled=False):
[loftr_wrapper.py] image0: torch.Size([1, 1, 400, 400])
/home/kist/Desktop/BundleSAM3DGS/loftr_wrapper.py:45: FutureWarning: `torch.cuda.amp.autocast(args...)` is deprecated. Please use `torch.amp.autocast('cuda', args...)` instead.
  with torch.cuda.amp.autocast(enabled=True):
[loftr_wrapper.py] net forward
[loftr_wrapper.py] mconf, 0.2009749561548233 0.7496524453163147
[loftr_wrapper.py] pair_ids (47,)
[loftr_wrapper.py] corres: (47, 5)
[loftr_wrapper.py] image0: torch.Size([1, 1, 400, 400])
[loftr_wrapper.py] net forward
[loftr_wrapper.py] mconf, 0.2002485692501068 0.7623298764228821
[loftr_wrapper.py] pair_ids (69,)
[loftr_wrapper.py] corres: (69, 5)
[loftr_wrapper.py] image0: torch.Size([1, 1, 400, 400])
[loftr_wrapper.py] net forward
[loftr_wrapper.py] mconf, 0.20052160322666168 0.8872265219688416
[loftr_wrapper.py] pair_ids (86,)
[loftr_wrapper.py] corres: (86, 5)
[loftr_wrapper.py] image0: torch.Size([1, 1, 400, 400])
[loftr_wrapper.py] net forward
[loftr_wrapper.py] mconf, 0.2002253234386444 0.8311577439308167
[loftr_wrapper.py] pair_ids (82,)
[loftr_wrapper.py] corres: (82, 5)
[loftr_wrapper.py] image0: torch.Size([1, 1, 400, 400])
[loftr_wrapper.py] net forward
[loftr_wrapper.py] mconf, 0.2056003361940384 0.73502117395401
[loftr_wrapper.py] pair_ids (52,)
[loftr_wrapper.py] corres: (52, 5)
[loftr_wrapper.py] image0: torch.Size([1, 1, 400, 400])
[loftr_wrapper.py] net forward
[loftr_wrapper.py] mconf, 0.2001533806324005 0.8663175106048584
[loftr_wrapper.py] pair_ids (113,)
[loftr_wrapper.py] corres: (113, 5)
[loftr_wrapper.py] image0: torch.Size([1, 1, 400, 400])
[loftr_wrapper.py] net forward
[loftr_wrapper.py] mconf, 0.2008735090494156 0.7782477736473083
[loftr_wrapper.py] pair_ids (86,)
[loftr_wrapper.py] corres: (86, 5)
[loftr_wrapper.py] image0: torch.Size([1, 1, 400, 400])
[loftr_wrapper.py] net forward
[loftr_wrapper.py] mconf, 0.20274297893047333 0.8018844723701477
[loftr_wrapper.py] pair_ids (78,)
[loftr_wrapper.py] corres: (78, 5)
[loftr_wrapper.py] image0: torch.Size([1, 1, 400, 400])
[loftr_wrapper.py] net forward
[loftr_wrapper.py] mconf, 0.20160739123821259 0.7023829221725464
[loftr_wrapper.py] pair_ids (45,)
[loftr_wrapper.py] corres: (45, 5)
[loftr_wrapper.py] image0: torch.Size([1, 1, 400, 400])
[loftr_wrapper.py] net forward
[loftr_wrapper.py] mconf, 0.2007153034210205 0.6316653490066528
[loftr_wrapper.py] pair_ids (46,)
[loftr_wrapper.py] corres: (46, 5)
[loftr_wrapper.py] image0: torch.Size([1, 1, 400, 400])
[loftr_wrapper.py] net forward
[loftr_wrapper.py] mconf, 0.20117789506912231 0.7126669883728027
[loftr_wrapper.py] pair_ids (68,)
[loftr_wrapper.py] corres: (68, 5)
[loftr_wrapper.py] image0: torch.Size([1, 1, 400, 400])
[loftr_wrapper.py] net forward
[loftr_wrapper.py] mconf, 0.20416730642318726 0.6866673827171326
[loftr_wrapper.py] pair_ids (41,)
[loftr_wrapper.py] corres: (41, 5)
[loftr_wrapper.py] image0: torch.Size([1, 1, 400, 400])
[loftr_wrapper.py] net forward
[loftr_wrapper.py] mconf, 0.2018078863620758 0.6449902057647705
[loftr_wrapper.py] pair_ids (66,)
[loftr_wrapper.py] corres: (66, 5)
[loftr_wrapper.py] image0: torch.Size([1, 1, 400, 400])
[loftr_wrapper.py] net forward
[loftr_wrapper.py] mconf, 0.20653760433197021 0.9695806503295898
[loftr_wrapper.py] pair_ids (308,)
[loftr_wrapper.py] corres: (308, 5)
[loftr_wrapper.py] image0: torch.Size([1, 1, 400, 400])
[loftr_wrapper.py] net forward
[loftr_wrapper.py] mconf, 0.20388482511043549 0.9967864751815796
[loftr_wrapper.py] pair_ids (376,)
[loftr_wrapper.py] corres: (376, 5)
[loftr_wrapper.py] image0: torch.Size([1, 1, 400, 400])
[loftr_wrapper.py] net forward
[loftr_wrapper.py] mconf, 0.2003427892923355 0.8382455706596375
[loftr_wrapper.py] pair_ids (93,)
[loftr_wrapper.py] corres: (93, 5)
[loftr_wrapper.py] image0: torch.Size([1, 1, 400, 400])
[loftr_wrapper.py] net forward
[loftr_wrapper.py] mconf, 0.20380713045597076 0.7467008233070374
[loftr_wrapper.py] pair_ids (43,)
[loftr_wrapper.py] corres: (43, 5)
[loftr_wrapper.py] image0: torch.Size([1, 1, 400, 400])
[loftr_wrapper.py] net forward
[loftr_wrapper.py] mconf, 0.20209597051143646 0.8330284953117371
[loftr_wrapper.py] pair_ids (84,)
[loftr_wrapper.py] corres: (84, 5)
[loftr_wrapper.py] image0: torch.Size([1, 1, 400, 400])
[loftr_wrapper.py] net forward
[loftr_wrapper.py] mconf, 0.20120219886302948 0.8830037117004395
[loftr_wrapper.py] pair_ids (46,)
[loftr_wrapper.py] corres: (46, 5)
[loftr_wrapper.py] image0: torch.Size([1, 1, 400, 400])
[loftr_wrapper.py] net forward
[loftr_wrapper.py] mconf, 0.20092454552650452 0.6693156957626343
[loftr_wrapper.py] pair_ids (89,)
[loftr_wrapper.py] corres: (89, 5)
[loftr_wrapper.py] image0: torch.Size([1, 1, 400, 400])
[loftr_wrapper.py] net forward
[loftr_wrapper.py] mconf, 0.20134352147579193 0.9262530207633972
[loftr_wrapper.py] pair_ids (144,)
[loftr_wrapper.py] corres: (144, 5)
[loftr_wrapper.py] image0: torch.Size([1, 1, 400, 400])
[loftr_wrapper.py] net forward
[loftr_wrapper.py] mconf, 0.2004898190498352 0.7278535962104797
[loftr_wrapper.py] pair_ids (62,)
[loftr_wrapper.py] corres: (62, 5)
[loftr_wrapper.py] image0: torch.Size([1, 1, 400, 400])
[loftr_wrapper.py] net forward
[loftr_wrapper.py] mconf, 0.2011719048023224 0.8975386619567871
[loftr_wrapper.py] pair_ids (112,)
[loftr_wrapper.py] corres: (112, 5)
[loftr_wrapper.py] image0: torch.Size([1, 1, 400, 400])
[loftr_wrapper.py] net forward
[loftr_wrapper.py] mconf, 0.2007463574409485 0.9085525274276733
[loftr_wrapper.py] pair_ids (201,)
[loftr_wrapper.py] corres: (201, 5)
[loftr_wrapper.py] image0: torch.Size([1, 1, 400, 400])
[loftr_wrapper.py] net forward
[loftr_wrapper.py] mconf, 0.20038311183452606 0.6321805119514465
[loftr_wrapper.py] pair_ids (31,)
[loftr_wrapper.py] corres: (31, 5)
  B MD-gt MPM12 226/240 4.2s/kf | E-I=6.15 E-L=17.58 E-V2=31.83 E-V5b=82.21 E-V5b_r20=65.43 E-V5d=82.19 E-V5d_r20=65.65 E-V5x2=62.03 E-V5x2_r20=41.09 E-VI=62.03 E-VI_r20=44.72 | rot0 60.00
/home/kist/Desktop/BundleSAM3DGS/experiments/vggt_probe/models.py:30: FutureWarning: `torch.cuda.amp.autocast(args...)` is deprecated. Please use `torch.amp.autocast('cuda', args...)` instead.
  with torch.cuda.amp.autocast(dtype=torch.bfloat16):
/home/kist/venvs/vggt_probe/lib/python3.10/site-packages/vggt/models/vggt.py:65: FutureWarning: `torch.cuda.amp.autocast(args...)` is deprecated. Please use `torch.amp.autocast('cuda', args...)` instead.
  with torch.cuda.amp.autocast(enabled=False):
[loftr_wrapper.py] image0: torch.Size([1, 1, 400, 400])
/home/kist/Desktop/BundleSAM3DGS/loftr_wrapper.py:45: FutureWarning: `torch.cuda.amp.autocast(args...)` is deprecated. Please use `torch.amp.autocast('cuda', args...)` instead.
  with torch.cuda.amp.autocast(enabled=True):
[loftr_wrapper.py] net forward
[loftr_wrapper.py] mconf, 0.20185711979866028 0.6560928821563721
[loftr_wrapper.py] pair_ids (61,)
[loftr_wrapper.py] corres: (61, 5)
[loftr_wrapper.py] image0: torch.Size([1, 1, 400, 400])
[loftr_wrapper.py] net forward
[loftr_wrapper.py] mconf, 0.2000647932291031 0.6948397159576416
[loftr_wrapper.py] pair_ids (35,)
[loftr_wrapper.py] corres: (35, 5)
[loftr_wrapper.py] image0: torch.Size([1, 1, 400, 400])
[loftr_wrapper.py] net forward
[loftr_wrapper.py] mconf, 0.2002430409193039 0.6058961153030396
[loftr_wrapper.py] pair_ids (62,)
[loftr_wrapper.py] corres: (62, 5)
[loftr_wrapper.py] image0: torch.Size([1, 1, 400, 400])
[loftr_wrapper.py] net forward
[loftr_wrapper.py] mconf, 0.20013383030891418 0.6857888102531433
[loftr_wrapper.py] pair_ids (55,)
[loftr_wrapper.py] corres: (55, 5)
[loftr_wrapper.py] image0: torch.Size([1, 1, 400, 400])
[loftr_wrapper.py] net forward
[loftr_wrapper.py] mconf, 0.2002653181552887 0.6750471591949463
[loftr_wrapper.py] pair_ids (47,)
[loftr_wrapper.py] corres: (47, 5)
[loftr_wrapper.py] image0: torch.Size([1, 1, 400, 400])
[loftr_wrapper.py] net forward
[loftr_wrapper.py] mconf, 0.20097993314266205 0.6242906451225281
[loftr_wrapper.py] pair_ids (35,)
[loftr_wrapper.py] corres: (35, 5)
[loftr_wrapper.py] image0: torch.Size([1, 1, 400, 400])
[loftr_wrapper.py] net forward
[loftr_wrapper.py] mconf, 0.20196034014225006 0.6240747570991516
[loftr_wrapper.py] pair_ids (55,)
[loftr_wrapper.py] corres: (55, 5)
[loftr_wrapper.py] image0: torch.Size([1, 1, 400, 400])
[loftr_wrapper.py] net forward
[loftr_wrapper.py] mconf, 0.20457856357097626 0.8455011248588562
[loftr_wrapper.py] pair_ids (67,)
[loftr_wrapper.py] corres: (67, 5)
[loftr_wrapper.py] image0: torch.Size([1, 1, 400, 400])
[loftr_wrapper.py] net forward
[loftr_wrapper.py] mconf, 0.20125961303710938 0.7070753574371338
[loftr_wrapper.py] pair_ids (73,)
[loftr_wrapper.py] corres: (73, 5)
[loftr_wrapper.py] image0: torch.Size([1, 1, 400, 400])
[loftr_wrapper.py] net forward
[loftr_wrapper.py] mconf, 0.20183943212032318 0.7380938529968262
[loftr_wrapper.py] pair_ids (65,)
[loftr_wrapper.py] corres: (65, 5)
[loftr_wrapper.py] image0: torch.Size([1, 1, 400, 400])
[loftr_wrapper.py] net forward
[loftr_wrapper.py] mconf, 0.20213845372200012 0.8460791110992432
[loftr_wrapper.py] pair_ids (132,)
[loftr_wrapper.py] corres: (132, 5)
[loftr_wrapper.py] image0: torch.Size([1, 1, 400, 400])
[loftr_wrapper.py] net forward
[loftr_wrapper.py] mconf, 0.20059749484062195 0.9926968812942505
[loftr_wrapper.py] pair_ids (403,)
[loftr_wrapper.py] corres: (403, 5)
[loftr_wrapper.py] image0: torch.Size([1, 1, 400, 400])
[loftr_wrapper.py] net forward
[loftr_wrapper.py] mconf, 0.2039000689983368 0.7637952566146851
[loftr_wrapper.py] pair_ids (82,)
[loftr_wrapper.py] corres: (82, 5)
[loftr_wrapper.py] image0: torch.Size([1, 1, 400, 400])
[loftr_wrapper.py] net forward
[loftr_wrapper.py] mconf, 0.20521698892116547 0.6188422441482544
[loftr_wrapper.py] pair_ids (76,)
[loftr_wrapper.py] corres: (76, 5)
DONE B MD-gt MPM12 jobs 240 1007s | E-I=2.84/64% E-L=2.72/59% E-V2=28.85/1% E-V5b=66.03/2% E-V5b_r20=68.55/1% E-V5d=66.03/1% E-V5d_r20=68.55/2% E-V5x2=21.94/1% E-V5x2_r20=36.86/1% E-VI=28.15/7% E-VI_r20=44.21/9% | rot0 25.00
[probe] GT rotations orthonormalized (max element change 3.54e-08)
[probe] GT rotations orthonormalized (max element change 3.54e-08)
/home/kist/Desktop/BundleSAM3DGS/experiments/vggt_probe/models.py:30: FutureWarning: `torch.cuda.amp.autocast(args...)` is deprecated. Please use `torch.amp.autocast('cuda', args...)` instead.
  with torch.cuda.amp.autocast(dtype=torch.bfloat16):
/home/kist/venvs/vggt_probe/lib/python3.10/site-packages/vggt/models/vggt.py:65: FutureWarning: `torch.cuda.amp.autocast(args...)` is deprecated. Please use `torch.amp.autocast('cuda', args...)` instead.
  with torch.cuda.amp.autocast(enabled=False):
[loftr_wrapper.py] image0: torch.Size([1, 1, 400, 400])
/home/kist/Desktop/BundleSAM3DGS/loftr_wrapper.py:45: FutureWarning: `torch.cuda.amp.autocast(args...)` is deprecated. Please use `torch.amp.autocast('cuda', args...)` instead.
  with torch.cuda.amp.autocast(enabled=True):
[loftr_wrapper.py] net forward
[loftr_wrapper.py] mconf, 0.20016947388648987 0.9903762340545654
[loftr_wrapper.py] pair_ids (196,)
[loftr_wrapper.py] corres: (196, 5)
  B MD-gt SM1 1/240 4.3s/kf | E-I=6.95 E-L=6.02 E-V2=167.10 E-V5b=117.62 E-V5b_r20=47.63 E-V5d=117.65 E-V5d_r20=47.66 E-V5x2=23.41 E-V5x2_r20=160.36 E-VI=23.41 E-VI_r20=160.36 | rot0 5.00
/home/kist/Desktop/BundleSAM3DGS/experiments/vggt_probe/models.py:30: FutureWarning: `torch.cuda.amp.autocast(args...)` is deprecated. Please use `torch.amp.autocast('cuda', args...)` instead.
  with torch.cuda.amp.autocast(dtype=torch.bfloat16):
/home/kist/venvs/vggt_probe/lib/python3.10/site-packages/vggt/models/vggt.py:65: FutureWarning: `torch.cuda.amp.autocast(args...)` is deprecated. Please use `torch.amp.autocast('cuda', args...)` instead.
  with torch.cuda.amp.autocast(enabled=False):
[loftr_wrapper.py] image0: torch.Size([1, 1, 400, 400])
/home/kist/Desktop/BundleSAM3DGS/loftr_wrapper.py:45: FutureWarning: `torch.cuda.amp.autocast(args...)` is deprecated. Please use `torch.amp.autocast('cuda', args...)` instead.
  with torch.cuda.amp.autocast(enabled=True):
[loftr_wrapper.py] net forward
[loftr_wrapper.py] mconf, 0.2063918113708496 0.9986593127250671
[loftr_wrapper.py] pair_ids (162,)
[loftr_wrapper.py] corres: (162, 5)
[loftr_wrapper.py] image0: torch.Size([1, 1, 400, 400])
[loftr_wrapper.py] net forward
[loftr_wrapper.py] mconf, 0.2011156678199768 0.9980280995368958
[loftr_wrapper.py] pair_ids (199,)
[loftr_wrapper.py] corres: (199, 5)
[loftr_wrapper.py] image0: torch.Size([1, 1, 400, 400])
[loftr_wrapper.py] net forward
[loftr_wrapper.py] mconf, 0.20338301360607147 0.9929931163787842
[loftr_wrapper.py] pair_ids (217,)
[loftr_wrapper.py] corres: (217, 5)
[loftr_wrapper.py] image0: torch.Size([1, 1, 400, 400])
[loftr_wrapper.py] net forward
[loftr_wrapper.py] mconf, 0.20083338022232056 0.5884323120117188
[loftr_wrapper.py] pair_ids (57,)
[loftr_wrapper.py] corres: (57, 5)
[loftr_wrapper.py] image0: torch.Size([1, 1, 400, 400])
[loftr_wrapper.py] net forward
[loftr_wrapper.py] mconf, 0.2012844681739807 0.7009470462799072
[loftr_wrapper.py] pair_ids (59,)
[loftr_wrapper.py] corres: (59, 5)
[loftr_wrapper.py] image0: torch.Size([1, 1, 400, 400])
[loftr_wrapper.py] net forward
[loftr_wrapper.py] mconf, 0.2003394514322281 0.9902710318565369
[loftr_wrapper.py] pair_ids (300,)
[loftr_wrapper.py] corres: (300, 5)
[loftr_wrapper.py] image0: torch.Size([1, 1, 400, 400])
[loftr_wrapper.py] net forward
[loftr_wrapper.py] mconf, 0.20032787322998047 0.9870814681053162
[loftr_wrapper.py] pair_ids (278,)
[loftr_wrapper.py] corres: (278, 5)
[loftr_wrapper.py] image0: torch.Size([1, 1, 400, 400])
[loftr_wrapper.py] net forward
[loftr_wrapper.py] mconf, 0.20683591067790985 0.7955840229988098
[loftr_wrapper.py] pair_ids (71,)
[loftr_wrapper.py] corres: (71, 5)
[loftr_wrapper.py] image0: torch.Size([1, 1, 400, 400])
[loftr_wrapper.py] net forward
[loftr_wrapper.py] mconf, 0.20264646410942078 0.9826897978782654
[loftr_wrapper.py] pair_ids (125,)
[loftr_wrapper.py] corres: (125, 5)
[loftr_wrapper.py] image0: torch.Size([1, 1, 400, 400])
[loftr_wrapper.py] net forward
[loftr_wrapper.py] mconf, 0.20050600171089172 0.999180018901825
[loftr_wrapper.py] pair_ids (278,)
[loftr_wrapper.py] corres: (278, 5)
[loftr_wrapper.py] image0: torch.Size([1, 1, 400, 400])
[loftr_wrapper.py] net forward
[loftr_wrapper.py] mconf, 0.20055700838565826 0.999151349067688
[loftr_wrapper.py] pair_ids (546,)
[loftr_wrapper.py] corres: (546, 5)
[loftr_wrapper.py] image0: torch.Size([1, 1, 400, 400])
[loftr_wrapper.py] net forward
[loftr_wrapper.py] mconf, 0.20202337205410004 0.998650848865509
[loftr_wrapper.py] pair_ids (460,)
[loftr_wrapper.py] corres: (460, 5)
[loftr_wrapper.py] image0: torch.Size([1, 1, 400, 400])
[loftr_wrapper.py] net forward
[loftr_wrapper.py] mconf, 0.20010018348693848 0.8038143515586853
[loftr_wrapper.py] pair_ids (47,)
[loftr_wrapper.py] corres: (47, 5)
[loftr_wrapper.py] image0: torch.Size([1, 1, 400, 400])
[loftr_wrapper.py] net forward
[loftr_wrapper.py] mconf, 0.21060070395469666 0.9653003811836243
[loftr_wrapper.py] pair_ids (161,)
[loftr_wrapper.py] corres: (161, 5)
[loftr_wrapper.py] image0: torch.Size([1, 1, 400, 400])
[loftr_wrapper.py] net forward
[loftr_wrapper.py] mconf, 0.2063426524400711 0.9979522228240967
[loftr_wrapper.py] pair_ids (185,)
[loftr_wrapper.py] corres: (185, 5)
[loftr_wrapper.py] image0: torch.Size([1, 1, 400, 400])
[loftr_wrapper.py] net forward
[loftr_wrapper.py] mconf, 0.20142939686775208 0.8993035554885864
[loftr_wrapper.py] pair_ids (96,)
[loftr_wrapper.py] corres: (96, 5)
[loftr_wrapper.py] image0: torch.Size([1, 1, 400, 400])
[loftr_wrapper.py] net forward
[loftr_wrapper.py] mconf, 0.20023679733276367 0.9932953119277954
[loftr_wrapper.py] pair_ids (261,)
[loftr_wrapper.py] corres: (261, 5)
[loftr_wrapper.py] image0: torch.Size([1, 1, 400, 400])
[loftr_wrapper.py] net forward
[loftr_wrapper.py] mconf, 0.20236732065677643 0.9989960789680481
[loftr_wrapper.py] pair_ids (433,)
[loftr_wrapper.py] corres: (433, 5)
[loftr_wrapper.py] image0: torch.Size([1, 1, 400, 400])
[loftr_wrapper.py] net forward
[loftr_wrapper.py] mconf, 0.20463716983795166 0.9976235628128052
[loftr_wrapper.py] pair_ids (456,)
[loftr_wrapper.py] corres: (456, 5)
[loftr_wrapper.py] image0: torch.Size([1, 1, 400, 400])
[loftr_wrapper.py] net forward
[loftr_wrapper.py] mconf, 0.20006364583969116 0.9896786212921143
[loftr_wrapper.py] pair_ids (394,)
[loftr_wrapper.py] corres: (394, 5)
[loftr_wrapper.py] image0: torch.Size([1, 1, 400, 400])
[loftr_wrapper.py] net forward
[loftr_wrapper.py] mconf, 0.2021355777978897 0.9955240488052368
[loftr_wrapper.py] pair_ids (538,)
[loftr_wrapper.py] corres: (538, 5)
[loftr_wrapper.py] image0: torch.Size([1, 1, 400, 400])
[loftr_wrapper.py] net forward
[loftr_wrapper.py] mconf, 0.20096558332443237 0.9895116090774536
[loftr_wrapper.py] pair_ids (493,)
[loftr_wrapper.py] corres: (493, 5)
[loftr_wrapper.py] image0: torch.Size([1, 1, 400, 400])
[loftr_wrapper.py] net forward
[loftr_wrapper.py] mconf, 0.20163419842720032 0.9979087114334106
[loftr_wrapper.py] pair_ids (524,)
[loftr_wrapper.py] corres: (524, 5)
[loftr_wrapper.py] image0: torch.Size([1, 1, 400, 400])
[loftr_wrapper.py] net forward
[loftr_wrapper.py] mconf, 0.20010842382907867 0.996347188949585
[loftr_wrapper.py] pair_ids (481,)
[loftr_wrapper.py] corres: (481, 5)
[loftr_wrapper.py] image0: torch.Size([1, 1, 400, 400])
[loftr_wrapper.py] net forward
[loftr_wrapper.py] mconf, 0.20151571929454803 0.47378695011138916
[loftr_wrapper.py] pair_ids (27,)
[loftr_wrapper.py] corres: (27, 5)
  B MD-gt SM1 26/240 4.2s/kf | E-I=2.61 E-L=2.59 E-V2=37.03 E-V5b=48.19 E-V5b_r20=62.83 E-V5d=48.54 E-V5d_r20=62.93 E-V5x2=13.85 E-V5x2_r20=28.65 E-VI=8.67 E-VI_r20=35.34 | rot0 5.00
/home/kist/Desktop/BundleSAM3DGS/experiments/vggt_probe/models.py:30: FutureWarning: `torch.cuda.amp.autocast(args...)` is deprecated. Please use `torch.amp.autocast('cuda', args...)` instead.
  with torch.cuda.amp.autocast(dtype=torch.bfloat16):
/home/kist/venvs/vggt_probe/lib/python3.10/site-packages/vggt/models/vggt.py:65: FutureWarning: `torch.cuda.amp.autocast(args...)` is deprecated. Please use `torch.amp.autocast('cuda', args...)` instead.
  with torch.cuda.amp.autocast(enabled=False):
[loftr_wrapper.py] image0: torch.Size([1, 1, 400, 400])
/home/kist/Desktop/BundleSAM3DGS/loftr_wrapper.py:45: FutureWarning: `torch.cuda.amp.autocast(args...)` is deprecated. Please use `torch.amp.autocast('cuda', args...)` instead.
  with torch.cuda.amp.autocast(enabled=True):
[loftr_wrapper.py] net forward
[loftr_wrapper.py] mconf, 0.20028471946716309 0.9726247787475586
[loftr_wrapper.py] pair_ids (220,)
[loftr_wrapper.py] corres: (220, 5)
[loftr_wrapper.py] image0: torch.Size([1, 1, 400, 400])
[loftr_wrapper.py] net forward
[loftr_wrapper.py] mconf, 0.20111049711704254 0.9776382446289062
[loftr_wrapper.py] pair_ids (213,)
[loftr_wrapper.py] corres: (213, 5)
[loftr_wrapper.py] image0: torch.Size([1, 1, 400, 400])
[loftr_wrapper.py] net forward
[loftr_wrapper.py] mconf, 0.2009858787059784 0.9783912301063538
[loftr_wrapper.py] pair_ids (196,)
[loftr_wrapper.py] corres: (196, 5)
[loftr_wrapper.py] image0: torch.Size([1, 1, 400, 400])
[loftr_wrapper.py] net forward
[loftr_wrapper.py] mconf, 0.2010374665260315 0.9972981810569763
[loftr_wrapper.py] pair_ids (151,)
[loftr_wrapper.py] corres: (151, 5)
[loftr_wrapper.py] image0: torch.Size([1, 1, 400, 400])
[loftr_wrapper.py] net forward
[loftr_wrapper.py] mconf, 0.20167222619056702 0.9774397611618042
[loftr_wrapper.py] pair_ids (168,)
[loftr_wrapper.py] corres: (168, 5)
[loftr_wrapper.py] image0: torch.Size([1, 1, 400, 400])
[loftr_wrapper.py] net forward
[loftr_wrapper.py] mconf, 0.2014654129743576 0.9946929812431335
[loftr_wrapper.py] pair_ids (160,)
[loftr_wrapper.py] corres: (160, 5)
[loftr_wrapper.py] image0: torch.Size([1, 1, 400, 400])
[loftr_wrapper.py] net forward
[loftr_wrapper.py] mconf, 0.20015157759189606 0.9977095723152161
[loftr_wrapper.py] pair_ids (165,)
[loftr_wrapper.py] corres: (165, 5)
[loftr_wrapper.py] image0: torch.Size([1, 1, 400, 400])
[loftr_wrapper.py] net forward
[loftr_wrapper.py] mconf, 0.20005550980567932 0.9993129372596741
[loftr_wrapper.py] pair_ids (499,)
[loftr_wrapper.py] corres: (499, 5)
[loftr_wrapper.py] image0: torch.Size([1, 1, 400, 400])
[loftr_wrapper.py] net forward
[loftr_wrapper.py] mconf, 0.20132531225681305 0.9941430687904358
[loftr_wrapper.py] pair_ids (398,)
[loftr_wrapper.py] corres: (398, 5)
[loftr_wrapper.py] image0: torch.Size([1, 1, 400, 400])
[loftr_wrapper.py] net forward
[loftr_wrapper.py] mconf, 0.2005968540906906 0.9817381501197815
[loftr_wrapper.py] pair_ids (386,)
[loftr_wrapper.py] corres: (386, 5)
[loftr_wrapper.py] image0: torch.Size([1, 1, 400, 400])
[loftr_wrapper.py] net forward
[loftr_wrapper.py] mconf, 0.20046639442443848 0.9985600709915161
[loftr_wrapper.py] pair_ids (538,)
[loftr_wrapper.py] corres: (538, 5)
[loftr_wrapper.py] image0: torch.Size([1, 1, 400, 400])
[loftr_wrapper.py] net forward
[loftr_wrapper.py] mconf, 0.20135395228862762 0.9992601275444031
[loftr_wrapper.py] pair_ids (394,)
[loftr_wrapper.py] corres: (394, 5)
[loftr_wrapper.py] image0: torch.Size([1, 1, 400, 400])
[loftr_wrapper.py] net forward
[loftr_wrapper.py] mconf, 0.2007482647895813 0.9927035570144653
[loftr_wrapper.py] pair_ids (423,)
[loftr_wrapper.py] corres: (423, 5)
[loftr_wrapper.py] image0: torch.Size([1, 1, 400, 400])
[loftr_wrapper.py] net forward
[loftr_wrapper.py] mconf, 0.20044954121112823 0.9936412572860718
[loftr_wrapper.py] pair_ids (186,)
[loftr_wrapper.py] corres: (186, 5)
[loftr_wrapper.py] image0: torch.Size([1, 1, 400, 400])
[loftr_wrapper.py] net forward
[loftr_wrapper.py] mconf, 0.20007742941379547 0.9879838228225708
[loftr_wrapper.py] pair_ids (176,)
[loftr_wrapper.py] corres: (176, 5)
[loftr_wrapper.py] image0: torch.Size([1, 1, 400, 400])
[loftr_wrapper.py] net forward
[loftr_wrapper.py] mconf, 0.20355330407619476 0.9958158731460571
[loftr_wrapper.py] pair_ids (147,)
[loftr_wrapper.py] corres: (147, 5)
[loftr_wrapper.py] image0: torch.Size([1, 1, 400, 400])
[loftr_wrapper.py] net forward
[loftr_wrapper.py] mconf, 0.20070196688175201 0.9952660799026489
[loftr_wrapper.py] pair_ids (245,)
[loftr_wrapper.py] corres: (245, 5)
[loftr_wrapper.py] image0: torch.Size([1, 1, 400, 400])
[loftr_wrapper.py] net forward
[loftr_wrapper.py] mconf, 0.20031926035881042 0.9899758100509644
[loftr_wrapper.py] pair_ids (233,)
[loftr_wrapper.py] corres: (233, 5)
[loftr_wrapper.py] image0: torch.Size([1, 1, 400, 400])
[loftr_wrapper.py] net forward
[loftr_wrapper.py] mconf, 0.20232167840003967 0.9251527190208435
[loftr_wrapper.py] pair_ids (54,)
[loftr_wrapper.py] corres: (54, 5)
[loftr_wrapper.py] image0: torch.Size([1, 1, 400, 400])
[loftr_wrapper.py] net forward
[loftr_wrapper.py] mconf, 0.20360510051250458 0.6087145805358887
[loftr_wrapper.py] pair_ids (56,)
[loftr_wrapper.py] corres: (56, 5)
[loftr_wrapper.py] image0: torch.Size([1, 1, 400, 400])
[loftr_wrapper.py] net forward
[loftr_wrapper.py] mconf, 0.20230814814567566 0.9963584542274475
[loftr_wrapper.py] pair_ids (333,)
[loftr_wrapper.py] corres: (333, 5)
[loftr_wrapper.py] image0: torch.Size([1, 1, 400, 400])
[loftr_wrapper.py] net forward
[loftr_wrapper.py] mconf, 0.20096081495285034 0.9881883859634399
[loftr_wrapper.py] pair_ids (266,)
[loftr_wrapper.py] corres: (266, 5)
[loftr_wrapper.py] image0: torch.Size([1, 1, 400, 400])
[loftr_wrapper.py] net forward
[loftr_wrapper.py] mconf, 0.20064677298069 0.9521757364273071
[loftr_wrapper.py] pair_ids (125,)
[loftr_wrapper.py] corres: (125, 5)
[loftr_wrapper.py] image0: torch.Size([1, 1, 400, 400])
[loftr_wrapper.py] net forward
[loftr_wrapper.py] mconf, 0.20431263744831085 0.9063352942466736
[loftr_wrapper.py] pair_ids (107,)
[loftr_wrapper.py] corres: (107, 5)
[loftr_wrapper.py] image0: torch.Size([1, 1, 400, 400])
[loftr_wrapper.py] net forward
[loftr_wrapper.py] mconf, 0.2002772092819214 0.9917981624603271
[loftr_wrapper.py] pair_ids (246,)
[loftr_wrapper.py] corres: (246, 5)
  B MD-gt SM1 51/240 4.3s/kf | E-I=4.22 E-L=3.47 E-V2=51.34 E-V5b=43.86 E-V5b_r20=77.02 E-V5d=43.83 E-V5d_r20=77.11 E-V5x2=15.38 E-V5x2_r20=26.40 E-VI=15.99 E-VI_r20=36.83 | rot0 5.00
/home/kist/Desktop/BundleSAM3DGS/experiments/vggt_probe/models.py:30: FutureWarning: `torch.cuda.amp.autocast(args...)` is deprecated. Please use `torch.amp.autocast('cuda', args...)` instead.
  with torch.cuda.amp.autocast(dtype=torch.bfloat16):
/home/kist/venvs/vggt_probe/lib/python3.10/site-packages/vggt/models/vggt.py:65: FutureWarning: `torch.cuda.amp.autocast(args...)` is deprecated. Please use `torch.amp.autocast('cuda', args...)` instead.
  with torch.cuda.amp.autocast(enabled=False):
[loftr_wrapper.py] image0: torch.Size([1, 1, 400, 400])
/home/kist/Desktop/BundleSAM3DGS/loftr_wrapper.py:45: FutureWarning: `torch.cuda.amp.autocast(args...)` is deprecated. Please use `torch.amp.autocast('cuda', args...)` instead.
  with torch.cuda.amp.autocast(enabled=True):
[loftr_wrapper.py] net forward
[loftr_wrapper.py] mconf, 0.20002874732017517 0.9989565014839172
[loftr_wrapper.py] pair_ids (571,)
[loftr_wrapper.py] corres: (571, 5)
[loftr_wrapper.py] image0: torch.Size([1, 1, 400, 400])
[loftr_wrapper.py] net forward
[loftr_wrapper.py] mconf, 0.20067040622234344 0.9980466365814209
[loftr_wrapper.py] pair_ids (453,)
[loftr_wrapper.py] corres: (453, 5)
[loftr_wrapper.py] image0: torch.Size([1, 1, 400, 400])
[loftr_wrapper.py] net forward
[loftr_wrapper.py] mconf, 0.20012305676937103 0.9586035013198853
[loftr_wrapper.py] pair_ids (57,)
[loftr_wrapper.py] corres: (57, 5)
[loftr_wrapper.py] image0: torch.Size([1, 1, 400, 400])
[loftr_wrapper.py] net forward
[loftr_wrapper.py] mconf, 0.20035946369171143 0.9981523752212524
[loftr_wrapper.py] pair_ids (213,)
[loftr_wrapper.py] corres: (213, 5)
[loftr_wrapper.py] image0: torch.Size([1, 1, 400, 400])
[loftr_wrapper.py] net forward
[loftr_wrapper.py] mconf, 0.2004522979259491 0.9702590703964233
[loftr_wrapper.py] pair_ids (188,)
[loftr_wrapper.py] corres: (188, 5)
[loftr_wrapper.py] image0: torch.Size([1, 1, 400, 400])
[loftr_wrapper.py] net forward
[loftr_wrapper.py] mconf, 0.20018333196640015 0.9463122487068176
[loftr_wrapper.py] pair_ids (84,)
[loftr_wrapper.py] corres: (84, 5)
[loftr_wrapper.py] image0: torch.Size([1, 1, 400, 400])
[loftr_wrapper.py] net forward
[loftr_wrapper.py] mconf, 0.20511864125728607 0.9992809891700745
[loftr_wrapper.py] pair_ids (226,)
[loftr_wrapper.py] corres: (226, 5)
[loftr_wrapper.py] image0: torch.Size([1, 1, 400, 400])
[loftr_wrapper.py] net forward
[loftr_wrapper.py] mconf, 0.2026980221271515 0.9988013505935669
[loftr_wrapper.py] pair_ids (401,)
[loftr_wrapper.py] corres: (401, 5)
[loftr_wrapper.py] image0: torch.Size([1, 1, 400, 400])
[loftr_wrapper.py] net forward
[loftr_wrapper.py] mconf, 0.2020764797925949 0.9988760948181152
[loftr_wrapper.py] pair_ids (442,)
[loftr_wrapper.py] corres: (442, 5)
[loftr_wrapper.py] image0: torch.Size([1, 1, 400, 400])
[loftr_wrapper.py] net forward
[loftr_wrapper.py] mconf, 0.20054537057876587 0.8781834840774536
[loftr_wrapper.py] pair_ids (113,)
[loftr_wrapper.py] corres: (113, 5)
[loftr_wrapper.py] image0: torch.Size([1, 1, 400, 400])
[loftr_wrapper.py] net forward
[loftr_wrapper.py] mconf, 0.20075128972530365 0.9915747046470642
[loftr_wrapper.py] pair_ids (439,)
[loftr_wrapper.py] corres: (439, 5)
[loftr_wrapper.py] image0: torch.Size([1, 1, 400, 400])
[loftr_wrapper.py] net forward
[loftr_wrapper.py] mconf, 0.2025538682937622 0.9954426884651184
[loftr_wrapper.py] pair_ids (451,)
[loftr_wrapper.py] corres: (451, 5)
[loftr_wrapper.py] image0: torch.Size([1, 1, 400, 400])
[loftr_wrapper.py] net forward
[loftr_wrapper.py] mconf, 0.20193997025489807 0.9956060647964478
[loftr_wrapper.py] pair_ids (459,)
[loftr_wrapper.py] corres: (459, 5)
[loftr_wrapper.py] image0: torch.Size([1, 1, 400, 400])
[loftr_wrapper.py] net forward
[loftr_wrapper.py] mconf, 0.20005300641059875 0.9958605766296387
[loftr_wrapper.py] pair_ids (351,)
[loftr_wrapper.py] corres: (351, 5)
[loftr_wrapper.py] image0: torch.Size([1, 1, 400, 400])
[loftr_wrapper.py] net forward
[loftr_wrapper.py] mconf, 0.2048804759979248 0.494952917098999
[loftr_wrapper.py] pair_ids (31,)
[loftr_wrapper.py] corres: (31, 5)
[loftr_wrapper.py] image0: torch.Size([1, 1, 400, 400])
[loftr_wrapper.py] net forward
[loftr_wrapper.py] mconf, 0.20512188971042633 0.9849616885185242
[loftr_wrapper.py] pair_ids (220,)
[loftr_wrapper.py] corres: (220, 5)
[loftr_wrapper.py] image0: torch.Size([1, 1, 400, 400])
[loftr_wrapper.py] net forward
[loftr_wrapper.py] mconf, 0.20424295961856842 0.986992359161377
[loftr_wrapper.py] pair_ids (182,)
[loftr_wrapper.py] corres: (182, 5)
[loftr_wrapper.py] image0: torch.Size([1, 1, 400, 400])
[loftr_wrapper.py] net forward
[loftr_wrapper.py] mconf, 0.2000151127576828 0.987246572971344
[loftr_wrapper.py] pair_ids (240,)
[loftr_wrapper.py] corres: (240, 5)
[loftr_wrapper.py] image0: torch.Size([1, 1, 400, 400])
[loftr_wrapper.py] net forward
[loftr_wrapper.py] mconf, 0.200008824467659 0.9534334540367126
[loftr_wrapper.py] pair_ids (107,)
[loftr_wrapper.py] corres: (107, 5)
[loftr_wrapper.py] image0: torch.Size([1, 1, 400, 400])
[loftr_wrapper.py] net forward
[loftr_wrapper.py] mconf, 0.20079340040683746 0.9982961416244507
[loftr_wrapper.py] pair_ids (181,)
[loftr_wrapper.py] corres: (181, 5)
[loftr_wrapper.py] image0: torch.Size([1, 1, 400, 400])
[loftr_wrapper.py] net forward
[loftr_wrapper.py] mconf, 0.20258767902851105 0.9979668259620667
[loftr_wrapper.py] pair_ids (184,)
[loftr_wrapper.py] corres: (184, 5)
[loftr_wrapper.py] image0: torch.Size([1, 1, 400, 400])
[loftr_wrapper.py] net forward
[loftr_wrapper.py] mconf, 0.20019316673278809 0.9913554787635803
[loftr_wrapper.py] pair_ids (175,)
[loftr_wrapper.py] corres: (175, 5)
[loftr_wrapper.py] image0: torch.Size([1, 1, 400, 400])
[loftr_wrapper.py] net forward
[loftr_wrapper.py] mconf, 0.20490771532058716 0.9991586208343506
[loftr_wrapper.py] pair_ids (453,)
[loftr_wrapper.py] corres: (453, 5)
[loftr_wrapper.py] image0: torch.Size([1, 1, 400, 400])
[loftr_wrapper.py] net forward
[loftr_wrapper.py] mconf, 0.20215220749378204 0.9399641752243042
[loftr_wrapper.py] pair_ids (180,)
[loftr_wrapper.py] corres: (180, 5)
[loftr_wrapper.py] image0: torch.Size([1, 1, 400, 400])
[loftr_wrapper.py] net forward
[loftr_wrapper.py] mconf, 0.20272769033908844 0.9930314421653748
[loftr_wrapper.py] pair_ids (448,)
[loftr_wrapper.py] corres: (448, 5)
  B MD-gt SM1 76/240 4.3s/kf | E-I=3.05 E-L=2.15 E-V2=38.52 E-V5b=38.16 E-V5b_r20=110.50 E-V5d=38.13 E-V5d_r20=110.56 E-V5x2=8.94 E-V5x2_r20=58.31 E-VI=9.10 E-VI_r20=89.57 | rot0 10.00
/home/kist/Desktop/BundleSAM3DGS/experiments/vggt_probe/models.py:30: FutureWarning: `torch.cuda.amp.autocast(args...)` is deprecated. Please use `torch.amp.autocast('cuda', args...)` instead.
  with torch.cuda.amp.autocast(dtype=torch.bfloat16):
/home/kist/venvs/vggt_probe/lib/python3.10/site-packages/vggt/models/vggt.py:65: FutureWarning: `torch.cuda.amp.autocast(args...)` is deprecated. Please use `torch.amp.autocast('cuda', args...)` instead.
  with torch.cuda.amp.autocast(enabled=False):
[loftr_wrapper.py] image0: torch.Size([1, 1, 400, 400])
/home/kist/Desktop/BundleSAM3DGS/loftr_wrapper.py:45: FutureWarning: `torch.cuda.amp.autocast(args...)` is deprecated. Please use `torch.amp.autocast('cuda', args...)` instead.
  with torch.cuda.amp.autocast(enabled=True):
[loftr_wrapper.py] net forward
[loftr_wrapper.py] mconf, 0.20205558836460114 0.9984085559844971
[loftr_wrapper.py] pair_ids (432,)
[loftr_wrapper.py] corres: (432, 5)
[loftr_wrapper.py] image0: torch.Size([1, 1, 400, 400])
[loftr_wrapper.py] net forward
[loftr_wrapper.py] mconf, 0.20019102096557617 0.9977437853813171
[loftr_wrapper.py] pair_ids (360,)
[loftr_wrapper.py] corres: (360, 5)
[loftr_wrapper.py] image0: torch.Size([1, 1, 400, 400])
[loftr_wrapper.py] net forward
[loftr_wrapper.py] mconf, 0.20093576610088348 0.9722180366516113
[loftr_wrapper.py] pair_ids (423,)
[loftr_wrapper.py] corres: (423, 5)
[loftr_wrapper.py] image0: torch.Size([1, 1, 400, 400])
[loftr_wrapper.py] net forward
[loftr_wrapper.py] mconf, 0.2003496289253235 0.9897646307945251
[loftr_wrapper.py] pair_ids (197,)
[loftr_wrapper.py] corres: (197, 5)
[loftr_wrapper.py] image0: torch.Size([1, 1, 400, 400])
[loftr_wrapper.py] net forward
[loftr_wrapper.py] mconf, 0.20190350711345673 0.9938085675239563
[loftr_wrapper.py] pair_ids (167,)
[loftr_wrapper.py] corres: (167, 5)
[loftr_wrapper.py] image0: torch.Size([1, 1, 400, 400])
[loftr_wrapper.py] net forward
[loftr_wrapper.py] mconf, 0.2019561380147934 0.994790256023407
[loftr_wrapper.py] pair_ids (205,)
[loftr_wrapper.py] corres: (205, 5)
[loftr_wrapper.py] image0: torch.Size([1, 1, 400, 400])
[loftr_wrapper.py] net forward
[loftr_wrapper.py] mconf, 0.20034657418727875 0.9883567094802856
[loftr_wrapper.py] pair_ids (190,)
[loftr_wrapper.py] corres: (190, 5)
[loftr_wrapper.py] image0: torch.Size([1, 1, 400, 400])
[loftr_wrapper.py] net forward
[loftr_wrapper.py] mconf, 0.20246392488479614 0.9362710118293762
[loftr_wrapper.py] pair_ids (117,)
[loftr_wrapper.py] corres: (117, 5)
[loftr_wrapper.py] image0: torch.Size([1, 1, 400, 400])
[loftr_wrapper.py] net forward
[loftr_wrapper.py] mconf, 0.2030591368675232 0.49616092443466187
[loftr_wrapper.py] pair_ids (24,)
[loftr_wrapper.py] corres: (24, 5)
[loftr_wrapper.py] image0: torch.Size([1, 1, 400, 400])
[loftr_wrapper.py] net forward
[loftr_wrapper.py] mconf, 0.2022143304347992 0.5222132802009583
[loftr_wrapper.py] pair_ids (53,)
[loftr_wrapper.py] corres: (53, 5)
[loftr_wrapper.py] image0: torch.Size([1, 1, 400, 400])
[loftr_wrapper.py] net forward
[loftr_wrapper.py] mconf, 0.20104970037937164 0.9900659918785095
[loftr_wrapper.py] pair_ids (273,)
[loftr_wrapper.py] corres: (273, 5)
[loftr_wrapper.py] image0: torch.Size([1, 1, 400, 400])
[loftr_wrapper.py] net forward
[loftr_wrapper.py] mconf, 0.2024906724691391 0.8970990180969238
[loftr_wrapper.py] pair_ids (156,)
[loftr_wrapper.py] corres: (156, 5)
[loftr_wrapper.py] image0: torch.Size([1, 1, 400, 400])
[loftr_wrapper.py] net forward
[loftr_wrapper.py] mconf, 0.20024006068706512 0.7107508778572083
[loftr_wrapper.py] pair_ids (51,)
[loftr_wrapper.py] corres: (51, 5)
[loftr_wrapper.py] image0: torch.Size([1, 1, 400, 400])
[loftr_wrapper.py] net forward
[loftr_wrapper.py] mconf, 0.20073001086711884 0.9465460777282715
[loftr_wrapper.py] pair_ids (95,)
[loftr_wrapper.py] corres: (95, 5)
[loftr_wrapper.py] image0: torch.Size([1, 1, 400, 400])
[loftr_wrapper.py] net forward
[loftr_wrapper.py] mconf, 0.20012183487415314 0.9943917989730835
[loftr_wrapper.py] pair_ids (231,)
[loftr_wrapper.py] corres: (231, 5)
[loftr_wrapper.py] image0: torch.Size([1, 1, 400, 400])
[loftr_wrapper.py] net forward
[loftr_wrapper.py] mconf, 0.2020406424999237 0.9997403621673584
[loftr_wrapper.py] pair_ids (481,)
[loftr_wrapper.py] corres: (481, 5)
[loftr_wrapper.py] image0: torch.Size([1, 1, 400, 400])
[loftr_wrapper.py] net forward
[loftr_wrapper.py] mconf, 0.20069114863872528 0.9994431138038635
[loftr_wrapper.py] pair_ids (448,)
[loftr_wrapper.py] corres: (448, 5)
[loftr_wrapper.py] image0: torch.Size([1, 1, 400, 400])
[loftr_wrapper.py] net forward
[loftr_wrapper.py] mconf, 0.20002438127994537 0.8088293075561523
[loftr_wrapper.py] pair_ids (62,)
[loftr_wrapper.py] corres: (62, 5)
[loftr_wrapper.py] image0: torch.Size([1, 1, 400, 400])
[loftr_wrapper.py] net forward
[loftr_wrapper.py] mconf, 0.2017064094543457 0.9363856315612793
[loftr_wrapper.py] pair_ids (154,)
[loftr_wrapper.py] corres: (154, 5)
[loftr_wrapper.py] image0: torch.Size([1, 1, 400, 400])
[loftr_wrapper.py] net forward
[loftr_wrapper.py] mconf, 0.20071569085121155 0.8121452927589417
[loftr_wrapper.py] pair_ids (72,)
[loftr_wrapper.py] corres: (72, 5)
[loftr_wrapper.py] image0: torch.Size([1, 1, 400, 400])
[loftr_wrapper.py] net forward
[loftr_wrapper.py] mconf, 0.2119390368461609 0.7334163188934326
[loftr_wrapper.py] pair_ids (52,)
[loftr_wrapper.py] corres: (52, 5)
[loftr_wrapper.py] image0: torch.Size([1, 1, 400, 400])
[loftr_wrapper.py] net forward
[loftr_wrapper.py] mconf, 0.20002928376197815 0.9894486665725708
[loftr_wrapper.py] pair_ids (148,)
[loftr_wrapper.py] corres: (148, 5)
[loftr_wrapper.py] image0: torch.Size([1, 1, 400, 400])
[loftr_wrapper.py] net forward
[loftr_wrapper.py] mconf, 0.20197324454784393 0.9925931096076965
[loftr_wrapper.py] pair_ids (406,)
[loftr_wrapper.py] corres: (406, 5)
[loftr_wrapper.py] image0: torch.Size([1, 1, 400, 400])
[loftr_wrapper.py] net forward
[loftr_wrapper.py] mconf, 0.20091252028942108 0.9961348176002502
[loftr_wrapper.py] pair_ids (376,)
[loftr_wrapper.py] corres: (376, 5)
[loftr_wrapper.py] image0: torch.Size([1, 1, 400, 400])
[loftr_wrapper.py] net forward
[loftr_wrapper.py] mconf, 0.20082546770572662 0.9689357280731201
[loftr_wrapper.py] pair_ids (230,)
[loftr_wrapper.py] corres: (230, 5)
  B MD-gt SM1 101/240 4.3s/kf | E-I=2.73 E-L=3.96 E-V2=43.37 E-V5b=45.46 E-V5b_r20=72.21 E-V5d=45.38 E-V5d_r20=72.04 E-V5x2=20.03 E-V5x2_r20=34.83 E-VI=17.12 E-VI_r20=42.39 | rot0 20.00
/home/kist/Desktop/BundleSAM3DGS/experiments/vggt_probe/models.py:30: FutureWarning: `torch.cuda.amp.autocast(args...)` is deprecated. Please use `torch.amp.autocast('cuda', args...)` instead.
  with torch.cuda.amp.autocast(dtype=torch.bfloat16):
/home/kist/venvs/vggt_probe/lib/python3.10/site-packages/vggt/models/vggt.py:65: FutureWarning: `torch.cuda.amp.autocast(args...)` is deprecated. Please use `torch.amp.autocast('cuda', args...)` instead.
  with torch.cuda.amp.autocast(enabled=False):
[loftr_wrapper.py] image0: torch.Size([1, 1, 400, 400])
/home/kist/Desktop/BundleSAM3DGS/loftr_wrapper.py:45: FutureWarning: `torch.cuda.amp.autocast(args...)` is deprecated. Please use `torch.amp.autocast('cuda', args...)` instead.
  with torch.cuda.amp.autocast(enabled=True):
[loftr_wrapper.py] net forward
[loftr_wrapper.py] mconf, 0.20214316248893738 0.9770417213439941
[loftr_wrapper.py] pair_ids (315,)
[loftr_wrapper.py] corres: (315, 5)
[loftr_wrapper.py] image0: torch.Size([1, 1, 400, 400])
[loftr_wrapper.py] net forward
[loftr_wrapper.py] mconf, 0.20099209249019623 0.9927595853805542
[loftr_wrapper.py] pair_ids (382,)
[loftr_wrapper.py] corres: (382, 5)
[loftr_wrapper.py] image0: torch.Size([1, 1, 400, 400])
[loftr_wrapper.py] net forward
[loftr_wrapper.py] mconf, 0.20068736374378204 0.997053861618042
[loftr_wrapper.py] pair_ids (387,)
[loftr_wrapper.py] corres: (387, 5)
[loftr_wrapper.py] image0: torch.Size([1, 1, 400, 400])
[loftr_wrapper.py] net forward
[loftr_wrapper.py] mconf, 0.20134568214416504 0.991767942905426
[loftr_wrapper.py] pair_ids (363,)
[loftr_wrapper.py] corres: (363, 5)
[loftr_wrapper.py] image0: torch.Size([1, 1, 400, 400])
[loftr_wrapper.py] net forward
[loftr_wrapper.py] mconf, 0.20080745220184326 0.7502191066741943
[loftr_wrapper.py] pair_ids (53,)
[loftr_wrapper.py] corres: (53, 5)
[loftr_wrapper.py] image0: torch.Size([1, 1, 400, 400])
[loftr_wrapper.py] net forward
[loftr_wrapper.py] mconf, 0.20029692351818085 0.9885590076446533
[loftr_wrapper.py] pair_ids (155,)
[loftr_wrapper.py] corres: (155, 5)
[loftr_wrapper.py] image0: torch.Size([1, 1, 400, 400])
[loftr_wrapper.py] net forward
[loftr_wrapper.py] mconf, 0.2006799429655075 0.780057430267334
[loftr_wrapper.py] pair_ids (60,)
[loftr_wrapper.py] corres: (60, 5)
[loftr_wrapper.py] image0: torch.Size([1, 1, 400, 400])
[loftr_wrapper.py] net forward
[loftr_wrapper.py] mconf, 0.20060119032859802 0.910634458065033
[loftr_wrapper.py] pair_ids (143,)
[loftr_wrapper.py] corres: (143, 5)
[loftr_wrapper.py] image0: torch.Size([1, 1, 400, 400])
[loftr_wrapper.py] net forward
[loftr_wrapper.py] mconf, 0.20755022764205933 0.8120182752609253
[loftr_wrapper.py] pair_ids (50,)
[loftr_wrapper.py] corres: (50, 5)
[loftr_wrapper.py] image0: torch.Size([1, 1, 400, 400])
[loftr_wrapper.py] net forward
[loftr_wrapper.py] mconf, 0.20359662175178528 0.9929749965667725
[loftr_wrapper.py] pair_ids (125,)
[loftr_wrapper.py] corres: (125, 5)
[loftr_wrapper.py] image0: torch.Size([1, 1, 400, 400])
[loftr_wrapper.py] net forward
[loftr_wrapper.py] mconf, 0.2041737288236618 0.9991484880447388
[loftr_wrapper.py] pair_ids (159,)
[loftr_wrapper.py] corres: (159, 5)
[loftr_wrapper.py] image0: torch.Size([1, 1, 400, 400])
[loftr_wrapper.py] net forward
[loftr_wrapper.py] mconf, 0.20071107149124146 0.921493411064148
[loftr_wrapper.py] pair_ids (112,)
[loftr_wrapper.py] corres: (112, 5)
[loftr_wrapper.py] image0: torch.Size([1, 1, 400, 400])
[loftr_wrapper.py] net forward
[loftr_wrapper.py] mconf, 0.20079952478408813 0.9984508156776428
[loftr_wrapper.py] pair_ids (404,)
[loftr_wrapper.py] corres: (404, 5)
[loftr_wrapper.py] image0: torch.Size([1, 1, 400, 400])
[loftr_wrapper.py] net forward
[loftr_wrapper.py] mconf, 0.20500919222831726 0.9427165389060974
[loftr_wrapper.py] pair_ids (184,)
[loftr_wrapper.py] corres: (184, 5)
[loftr_wrapper.py] image0: torch.Size([1, 1, 400, 400])
[loftr_wrapper.py] net forward
[loftr_wrapper.py] mconf, 0.20006881654262543 0.8046261072158813
[loftr_wrapper.py] pair_ids (181,)
[loftr_wrapper.py] corres: (181, 5)
[loftr_wrapper.py] image0: torch.Size([1, 1, 400, 400])
[loftr_wrapper.py] net forward
[loftr_wrapper.py] mconf, 0.20008881390094757 0.9942777156829834
[loftr_wrapper.py] pair_ids (382,)
[loftr_wrapper.py] corres: (382, 5)
[loftr_wrapper.py] image0: torch.Size([1, 1, 400, 400])
[loftr_wrapper.py] net forward
[loftr_wrapper.py] mconf, 0.2006920576095581 0.9970518350601196
[loftr_wrapper.py] pair_ids (303,)
[loftr_wrapper.py] corres: (303, 5)
[loftr_wrapper.py] image0: torch.Size([1, 1, 400, 400])
[loftr_wrapper.py] net forward
[loftr_wrapper.py] mconf, 0.20078113675117493 0.9264145493507385
[loftr_wrapper.py] pair_ids (206,)
[loftr_wrapper.py] corres: (206, 5)
[loftr_wrapper.py] image0: torch.Size([1, 1, 400, 400])
[loftr_wrapper.py] net forward
[loftr_wrapper.py] mconf, 0.20022988319396973 0.9220237731933594
[loftr_wrapper.py] pair_ids (136,)
[loftr_wrapper.py] corres: (136, 5)
[loftr_wrapper.py] image0: torch.Size([1, 1, 400, 400])
[loftr_wrapper.py] net forward
[loftr_wrapper.py] mconf, 0.20057253539562225 0.9814176559448242
[loftr_wrapper.py] pair_ids (162,)
[loftr_wrapper.py] corres: (162, 5)
[loftr_wrapper.py] image0: torch.Size([1, 1, 400, 400])
[loftr_wrapper.py] net forward
[loftr_wrapper.py] mconf, 0.20004761219024658 0.9965935349464417
[loftr_wrapper.py] pair_ids (174,)
[loftr_wrapper.py] corres: (174, 5)
[loftr_wrapper.py] image0: torch.Size([1, 1, 400, 400])
[loftr_wrapper.py] net forward
[loftr_wrapper.py] mconf, 0.20198717713356018 0.999457836151123
[loftr_wrapper.py] pair_ids (196,)
[loftr_wrapper.py] corres: (196, 5)
[loftr_wrapper.py] image0: torch.Size([1, 1, 400, 400])
[loftr_wrapper.py] net forward
[loftr_wrapper.py] mconf, 0.20131896436214447 0.8352330923080444
[loftr_wrapper.py] pair_ids (59,)
[loftr_wrapper.py] corres: (59, 5)
[loftr_wrapper.py] image0: torch.Size([1, 1, 400, 400])
[loftr_wrapper.py] net forward
[loftr_wrapper.py] mconf, 0.20258839428424835 0.40084531903266907
[loftr_wrapper.py] pair_ids (27,)
[loftr_wrapper.py] corres: (27, 5)
[loftr_wrapper.py] image0: torch.Size([1, 1, 400, 400])
[loftr_wrapper.py] net forward
[loftr_wrapper.py] mconf, 0.20048080384731293 0.787518322467804
[loftr_wrapper.py] pair_ids (30,)
[loftr_wrapper.py] corres: (30, 5)
  B MD-gt SM1 126/240 4.2s/kf | E-I=3.78 E-L=3.95 E-V2=47.05 E-V5b=55.95 E-V5b_r20=96.82 E-V5d=57.36 E-V5d_r20=96.79 E-V5x2=17.37 E-V5x2_r20=53.94 E-VI=45.30 E-VI_r20=54.92 | rot0 20.00
/home/kist/Desktop/BundleSAM3DGS/experiments/vggt_probe/models.py:30: FutureWarning: `torch.cuda.amp.autocast(args...)` is deprecated. Please use `torch.amp.autocast('cuda', args...)` instead.
  with torch.cuda.amp.autocast(dtype=torch.bfloat16):
/home/kist/venvs/vggt_probe/lib/python3.10/site-packages/vggt/models/vggt.py:65: FutureWarning: `torch.cuda.amp.autocast(args...)` is deprecated. Please use `torch.amp.autocast('cuda', args...)` instead.
  with torch.cuda.amp.autocast(enabled=False):
[loftr_wrapper.py] image0: torch.Size([1, 1, 400, 400])
/home/kist/Desktop/BundleSAM3DGS/loftr_wrapper.py:45: FutureWarning: `torch.cuda.amp.autocast(args...)` is deprecated. Please use `torch.amp.autocast('cuda', args...)` instead.
  with torch.cuda.amp.autocast(enabled=True):
[loftr_wrapper.py] net forward
[loftr_wrapper.py] mconf, 0.20052610337734222 0.9078770875930786
[loftr_wrapper.py] pair_ids (188,)
[loftr_wrapper.py] corres: (188, 5)
[loftr_wrapper.py] image0: torch.Size([1, 1, 400, 400])
[loftr_wrapper.py] net forward
[loftr_wrapper.py] mconf, 0.20032407343387604 0.7339761257171631
[loftr_wrapper.py] pair_ids (73,)
[loftr_wrapper.py] corres: (73, 5)
[loftr_wrapper.py] image0: torch.Size([1, 1, 400, 400])
[loftr_wrapper.py] net forward
[loftr_wrapper.py] mconf, 0.20437254011631012 0.9574956297874451
[loftr_wrapper.py] pair_ids (77,)
[loftr_wrapper.py] corres: (77, 5)
[loftr_wrapper.py] image0: torch.Size([1, 1, 400, 400])
[loftr_wrapper.py] net forward
[loftr_wrapper.py] mconf, 0.20076024532318115 0.8979216814041138
[loftr_wrapper.py] pair_ids (61,)
[loftr_wrapper.py] corres: (61, 5)
[loftr_wrapper.py] image0: torch.Size([1, 1, 400, 400])
[loftr_wrapper.py] net forward
[loftr_wrapper.py] mconf, 0.20994406938552856 0.9175185561180115
[loftr_wrapper.py] pair_ids (110,)
[loftr_wrapper.py] corres: (110, 5)
[loftr_wrapper.py] image0: torch.Size([1, 1, 400, 400])
[loftr_wrapper.py] net forward
[loftr_wrapper.py] mconf, 0.20324423909187317 0.9995883107185364
[loftr_wrapper.py] pair_ids (485,)
[loftr_wrapper.py] corres: (485, 5)
[loftr_wrapper.py] image0: torch.Size([1, 1, 400, 400])
[loftr_wrapper.py] net forward
[loftr_wrapper.py] mconf, 0.200863778591156 0.9979497194290161
[loftr_wrapper.py] pair_ids (418,)
[loftr_wrapper.py] corres: (418, 5)
[loftr_wrapper.py] image0: torch.Size([1, 1, 400, 400])
[loftr_wrapper.py] net forward
[loftr_wrapper.py] mconf, 0.20805439352989197 0.8502649068832397
[loftr_wrapper.py] pair_ids (47,)
[loftr_wrapper.py] corres: (47, 5)
[loftr_wrapper.py] image0: torch.Size([1, 1, 400, 400])
[loftr_wrapper.py] net forward
[loftr_wrapper.py] mconf, 0.20286747813224792 0.8587912321090698
[loftr_wrapper.py] pair_ids (106,)
[loftr_wrapper.py] corres: (106, 5)
[loftr_wrapper.py] image0: torch.Size([1, 1, 400, 400])
[loftr_wrapper.py] net forward
[loftr_wrapper.py] mconf, 0.20104439556598663 0.6549257040023804
[loftr_wrapper.py] pair_ids (56,)
[loftr_wrapper.py] corres: (56, 5)
[loftr_wrapper.py] image0: torch.Size([1, 1, 400, 400])
[loftr_wrapper.py] net forward
[loftr_wrapper.py] mconf, 0.20024436712265015 0.8163079023361206
[loftr_wrapper.py] pair_ids (37,)
[loftr_wrapper.py] corres: (37, 5)
[loftr_wrapper.py] image0: torch.Size([1, 1, 400, 400])
[loftr_wrapper.py] net forward
[loftr_wrapper.py] mconf, 0.21445822715759277 0.8831531405448914
[loftr_wrapper.py] pair_ids (45,)
[loftr_wrapper.py] corres: (45, 5)
[loftr_wrapper.py] image0: torch.Size([1, 1, 400, 400])
[loftr_wrapper.py] net forward
[loftr_wrapper.py] mconf, 0.20315808057785034 0.9923925399780273
[loftr_wrapper.py] pair_ids (348,)
[loftr_wrapper.py] corres: (348, 5)
[loftr_wrapper.py] image0: torch.Size([1, 1, 400, 400])
[loftr_wrapper.py] net forward
[loftr_wrapper.py] mconf, 0.2011731117963791 0.9895645976066589
[loftr_wrapper.py] pair_ids (257,)
[loftr_wrapper.py] corres: (257, 5)
[loftr_wrapper.py] image0: torch.Size([1, 1, 400, 400])
[loftr_wrapper.py] net forward
[loftr_wrapper.py] mconf, 0.2010924518108368 0.7956709861755371
[loftr_wrapper.py] pair_ids (63,)
[loftr_wrapper.py] corres: (63, 5)
[loftr_wrapper.py] image0: torch.Size([1, 1, 400, 400])
[loftr_wrapper.py] net forward
[loftr_wrapper.py] mconf, 0.20086754858493805 0.9672248959541321
[loftr_wrapper.py] pair_ids (242,)
[loftr_wrapper.py] corres: (242, 5)
[loftr_wrapper.py] image0: torch.Size([1, 1, 400, 400])
[loftr_wrapper.py] net forward
[loftr_wrapper.py] mconf, 0.20087404549121857 0.9746268391609192
[loftr_wrapper.py] pair_ids (326,)
[loftr_wrapper.py] corres: (326, 5)
[loftr_wrapper.py] image0: torch.Size([1, 1, 400, 400])
[loftr_wrapper.py] net forward
[loftr_wrapper.py] mconf, 0.20306754112243652 0.9351218938827515
[loftr_wrapper.py] pair_ids (136,)
[loftr_wrapper.py] corres: (136, 5)
[loftr_wrapper.py] image0: torch.Size([1, 1, 400, 400])
[loftr_wrapper.py] net forward
[loftr_wrapper.py] mconf, 0.20027849078178406 0.9680889248847961
[loftr_wrapper.py] pair_ids (222,)
[loftr_wrapper.py] corres: (222, 5)
[loftr_wrapper.py] image0: torch.Size([1, 1, 400, 400])
[loftr_wrapper.py] net forward
[loftr_wrapper.py] mconf, 0.20154054462909698 0.5750364065170288
[loftr_wrapper.py] pair_ids (35,)
[loftr_wrapper.py] corres: (35, 5)
[loftr_wrapper.py] image0: torch.Size([1, 1, 400, 400])
[loftr_wrapper.py] net forward
[loftr_wrapper.py] mconf, 0.2012559473514557 0.9890784621238708
[loftr_wrapper.py] pair_ids (198,)
[loftr_wrapper.py] corres: (198, 5)
[loftr_wrapper.py] image0: torch.Size([1, 1, 400, 400])
[loftr_wrapper.py] net forward
[loftr_wrapper.py] mconf, 0.2055976688861847 0.6675878167152405
[loftr_wrapper.py] pair_ids (35,)
[loftr_wrapper.py] corres: (35, 5)
[loftr_wrapper.py] image0: torch.Size([1, 1, 400, 400])
[loftr_wrapper.py] net forward
[loftr_wrapper.py] mconf, 0.2028079628944397 0.6296216249465942
[loftr_wrapper.py] pair_ids (39,)
[loftr_wrapper.py] corres: (39, 5)
[loftr_wrapper.py] image0: torch.Size([1, 1, 400, 400])
[loftr_wrapper.py] net forward
[loftr_wrapper.py] mconf, 0.20574496686458588 0.7277470231056213
[loftr_wrapper.py] pair_ids (47,)
[loftr_wrapper.py] corres: (47, 5)
[loftr_wrapper.py] image0: torch.Size([1, 1, 400, 400])
[loftr_wrapper.py] net forward
[loftr_wrapper.py] mconf, 0.2038455754518509 0.9782077670097351
[loftr_wrapper.py] pair_ids (132,)
[loftr_wrapper.py] corres: (132, 5)
  B MD-gt SM1 151/240 3.3s/kf | E-I=2.77 E-L=6.15 E-V2=62.58 E-V5b=33.07 E-V5b_r20=71.78 E-V5d=33.18 E-V5d_r20=72.00 E-V5x2=21.99 E-V5x2_r20=32.73 E-VI=29.10 E-VI_r20=42.26 | rot0 30.00
/home/kist/Desktop/BundleSAM3DGS/experiments/vggt_probe/models.py:30: FutureWarning: `torch.cuda.amp.autocast(args...)` is deprecated. Please use `torch.amp.autocast('cuda', args...)` instead.
  with torch.cuda.amp.autocast(dtype=torch.bfloat16):
/home/kist/venvs/vggt_probe/lib/python3.10/site-packages/vggt/models/vggt.py:65: FutureWarning: `torch.cuda.amp.autocast(args...)` is deprecated. Please use `torch.amp.autocast('cuda', args...)` instead.
  with torch.cuda.amp.autocast(enabled=False):
[loftr_wrapper.py] image0: torch.Size([1, 1, 400, 400])
/home/kist/Desktop/BundleSAM3DGS/loftr_wrapper.py:45: FutureWarning: `torch.cuda.amp.autocast(args...)` is deprecated. Please use `torch.amp.autocast('cuda', args...)` instead.
  with torch.cuda.amp.autocast(enabled=True):
[loftr_wrapper.py] net forward
[loftr_wrapper.py] mconf, 0.20078644156455994 0.8206899166107178
[loftr_wrapper.py] pair_ids (57,)
[loftr_wrapper.py] corres: (57, 5)
[loftr_wrapper.py] image0: torch.Size([1, 1, 400, 400])
[loftr_wrapper.py] net forward
[loftr_wrapper.py] mconf, 0.2006576955318451 0.9933968186378479
[loftr_wrapper.py] pair_ids (131,)
[loftr_wrapper.py] corres: (131, 5)
[loftr_wrapper.py] image0: torch.Size([1, 1, 400, 400])
[loftr_wrapper.py] net forward
[loftr_wrapper.py] mconf, 0.20399209856987 0.8319301605224609
[loftr_wrapper.py] pair_ids (75,)
[loftr_wrapper.py] corres: (75, 5)
[loftr_wrapper.py] image0: torch.Size([1, 1, 400, 400])
[loftr_wrapper.py] net forward
[loftr_wrapper.py] mconf, 0.2018720805644989 0.618408203125
[loftr_wrapper.py] pair_ids (45,)
[loftr_wrapper.py] corres: (45, 5)
[loftr_wrapper.py] image0: torch.Size([1, 1, 400, 400])
[loftr_wrapper.py] net forward
[loftr_wrapper.py] mconf, 0.20086732506752014 0.6790542602539062
[loftr_wrapper.py] pair_ids (82,)
[loftr_wrapper.py] corres: (82, 5)
[loftr_wrapper.py] image0: torch.Size([1, 1, 400, 400])
[loftr_wrapper.py] net forward
[loftr_wrapper.py] mconf, 0.20071318745613098 0.9956746697425842
[loftr_wrapper.py] pair_ids (360,)
[loftr_wrapper.py] corres: (360, 5)
[loftr_wrapper.py] image0: torch.Size([1, 1, 400, 400])
[loftr_wrapper.py] net forward
[loftr_wrapper.py] mconf, 0.2007043957710266 0.8147558569908142
[loftr_wrapper.py] pair_ids (102,)
[loftr_wrapper.py] corres: (102, 5)
[loftr_wrapper.py] image0: torch.Size([1, 1, 400, 400])
[loftr_wrapper.py] net forward
[loftr_wrapper.py] mconf, 0.20213451981544495 0.9287211298942566
[loftr_wrapper.py] pair_ids (237,)
[loftr_wrapper.py] corres: (237, 5)
[loftr_wrapper.py] image0: torch.Size([1, 1, 400, 400])
[loftr_wrapper.py] net forward
[loftr_wrapper.py] mconf, 0.2037135660648346 0.7259792685508728
[loftr_wrapper.py] pair_ids (55,)
[loftr_wrapper.py] corres: (55, 5)
[loftr_wrapper.py] image0: torch.Size([1, 1, 400, 400])
[loftr_wrapper.py] net forward
[loftr_wrapper.py] mconf, 0.20102572441101074 0.8986020088195801
[loftr_wrapper.py] pair_ids (124,)
[loftr_wrapper.py] corres: (124, 5)
[loftr_wrapper.py] image0: torch.Size([1, 1, 400, 400])
[loftr_wrapper.py] net forward
[loftr_wrapper.py] mconf, 0.20431289076805115 0.7359582781791687
[loftr_wrapper.py] pair_ids (39,)
[loftr_wrapper.py] corres: (39, 5)
[loftr_wrapper.py] image0: torch.Size([1, 1, 400, 400])
[loftr_wrapper.py] net forward
[loftr_wrapper.py] mconf, 0.20341193675994873 0.7360540628433228
[loftr_wrapper.py] pair_ids (33,)
[loftr_wrapper.py] corres: (33, 5)
[loftr_wrapper.py] image0: torch.Size([1, 1, 400, 400])
[loftr_wrapper.py] net forward
[loftr_wrapper.py] mconf, 0.20055794715881348 0.7630670070648193
[loftr_wrapper.py] pair_ids (30,)
[loftr_wrapper.py] corres: (30, 5)
[loftr_wrapper.py] image0: torch.Size([1, 1, 400, 400])
[loftr_wrapper.py] net forward
[loftr_wrapper.py] mconf, 0.20253416895866394 0.7634759545326233
[loftr_wrapper.py] pair_ids (16,)
[loftr_wrapper.py] corres: (16, 5)
[loftr_wrapper.py] image0: torch.Size([1, 1, 400, 400])
[loftr_wrapper.py] net forward
[loftr_wrapper.py] mconf, 0.20279845595359802 0.6604331135749817
[loftr_wrapper.py] pair_ids (39,)
[loftr_wrapper.py] corres: (39, 5)
[loftr_wrapper.py] image0: torch.Size([1, 1, 400, 400])
[loftr_wrapper.py] net forward
[loftr_wrapper.py] mconf, 0.20046575367450714 0.6465170383453369
[loftr_wrapper.py] pair_ids (39,)
[loftr_wrapper.py] corres: (39, 5)
[loftr_wrapper.py] image0: torch.Size([1, 1, 400, 400])
[loftr_wrapper.py] net forward
[loftr_wrapper.py] mconf, 0.2058628797531128 0.603207528591156
[loftr_wrapper.py] pair_ids (46,)
[loftr_wrapper.py] corres: (46, 5)
[loftr_wrapper.py] image0: torch.Size([1, 1, 400, 400])
[loftr_wrapper.py] net forward
[loftr_wrapper.py] mconf, 0.20838315784931183 0.6892936825752258
[loftr_wrapper.py] pair_ids (46,)
[loftr_wrapper.py] corres: (46, 5)
[loftr_wrapper.py] image0: torch.Size([1, 1, 400, 400])
[loftr_wrapper.py] net forward
[loftr_wrapper.py] mconf, 0.20171503722667694 0.8258891105651855
[loftr_wrapper.py] pair_ids (61,)
[loftr_wrapper.py] corres: (61, 5)
[loftr_wrapper.py] image0: torch.Size([1, 1, 400, 400])
[loftr_wrapper.py] net forward
[loftr_wrapper.py] mconf, 0.2001221477985382 0.9673696756362915
[loftr_wrapper.py] pair_ids (154,)
[loftr_wrapper.py] corres: (154, 5)
[loftr_wrapper.py] image0: torch.Size([1, 1, 400, 400])
[loftr_wrapper.py] net forward
[loftr_wrapper.py] mconf, 0.20126721262931824 0.9984065890312195
[loftr_wrapper.py] pair_ids (369,)
[loftr_wrapper.py] corres: (369, 5)
[loftr_wrapper.py] image0: torch.Size([1, 1, 400, 400])
[loftr_wrapper.py] net forward
[loftr_wrapper.py] mconf, 0.20097579061985016 0.8589903116226196
[loftr_wrapper.py] pair_ids (94,)
[loftr_wrapper.py] corres: (94, 5)
[loftr_wrapper.py] image0: torch.Size([1, 1, 400, 400])
[loftr_wrapper.py] net forward
[loftr_wrapper.py] mconf, 0.20458239316940308 0.7400932908058167
[loftr_wrapper.py] pair_ids (38,)
[loftr_wrapper.py] corres: (38, 5)
[loftr_wrapper.py] image0: torch.Size([1, 1, 400, 400])
[loftr_wrapper.py] net forward
[loftr_wrapper.py] mconf, 0.2019253969192505 0.8572758436203003
[loftr_wrapper.py] pair_ids (48,)
[loftr_wrapper.py] corres: (48, 5)
[loftr_wrapper.py] image0: torch.Size([1, 1, 400, 400])
[loftr_wrapper.py] net forward
[loftr_wrapper.py] mconf, 0.20579469203948975 0.6477892398834229
[loftr_wrapper.py] pair_ids (52,)
[loftr_wrapper.py] corres: (52, 5)
  B MD-gt SM1 176/240 4.3s/kf | E-I=3.62 E-L=7.09 E-V2=42.34 E-V5b=60.62 E-V5b_r20=108.90 E-V5d=60.78 E-V5d_r20=109.08 E-V5x2=27.69 E-V5x2_r20=57.43 E-VI=26.33 E-VI_r20=57.43 | rot0 45.00
/home/kist/Desktop/BundleSAM3DGS/experiments/vggt_probe/models.py:30: FutureWarning: `torch.cuda.amp.autocast(args...)` is deprecated. Please use `torch.amp.autocast('cuda', args...)` instead.
  with torch.cuda.amp.autocast(dtype=torch.bfloat16):
/home/kist/venvs/vggt_probe/lib/python3.10/site-packages/vggt/models/vggt.py:65: FutureWarning: `torch.cuda.amp.autocast(args...)` is deprecated. Please use `torch.amp.autocast('cuda', args...)` instead.
  with torch.cuda.amp.autocast(enabled=False):
[loftr_wrapper.py] image0: torch.Size([1, 1, 400, 400])
/home/kist/Desktop/BundleSAM3DGS/loftr_wrapper.py:45: FutureWarning: `torch.cuda.amp.autocast(args...)` is deprecated. Please use `torch.amp.autocast('cuda', args...)` instead.
  with torch.cuda.amp.autocast(enabled=True):
[loftr_wrapper.py] net forward
[loftr_wrapper.py] mconf, 0.20360009372234344 0.7323940396308899
[loftr_wrapper.py] pair_ids (32,)
[loftr_wrapper.py] corres: (32, 5)
[loftr_wrapper.py] image0: torch.Size([1, 1, 400, 400])
[loftr_wrapper.py] net forward
[loftr_wrapper.py] mconf, 0.20425844192504883 0.7358216643333435
[loftr_wrapper.py] pair_ids (33,)
[loftr_wrapper.py] corres: (33, 5)
[loftr_wrapper.py] image0: torch.Size([1, 1, 400, 400])
[loftr_wrapper.py] net forward
[loftr_wrapper.py] mconf, 0.20172061026096344 0.9120694994926453
[loftr_wrapper.py] pair_ids (76,)
[loftr_wrapper.py] corres: (76, 5)
[loftr_wrapper.py] image0: torch.Size([1, 1, 400, 400])
[loftr_wrapper.py] net forward
[loftr_wrapper.py] mconf, 0.20165620744228363 0.9921599626541138
[loftr_wrapper.py] pair_ids (283,)
[loftr_wrapper.py] corres: (283, 5)
[loftr_wrapper.py] image0: torch.Size([1, 1, 400, 400])
[loftr_wrapper.py] net forward
[loftr_wrapper.py] mconf, 0.20206795632839203 0.9939918518066406
[loftr_wrapper.py] pair_ids (265,)
[loftr_wrapper.py] corres: (265, 5)
[loftr_wrapper.py] image0: torch.Size([1, 1, 400, 400])
[loftr_wrapper.py] net forward
[loftr_wrapper.py] mconf, 0.2006392776966095 0.8884015083312988
[loftr_wrapper.py] pair_ids (96,)
[loftr_wrapper.py] corres: (96, 5)
[loftr_wrapper.py] image0: torch.Size([1, 1, 400, 400])
[loftr_wrapper.py] net forward
[loftr_wrapper.py] mconf, 0.2007094770669937 0.9488095641136169
[loftr_wrapper.py] pair_ids (199,)
[loftr_wrapper.py] corres: (199, 5)
[loftr_wrapper.py] image0: torch.Size([1, 1, 400, 400])
[loftr_wrapper.py] net forward
[loftr_wrapper.py] mconf, 0.2019760012626648 0.9960351586341858
[loftr_wrapper.py] pair_ids (361,)
[loftr_wrapper.py] corres: (361, 5)
[loftr_wrapper.py] image0: torch.Size([1, 1, 400, 400])
[loftr_wrapper.py] net forward
[loftr_wrapper.py] mconf, 0.200678288936615 0.8889802098274231
[loftr_wrapper.py] pair_ids (93,)
[loftr_wrapper.py] corres: (93, 5)
[loftr_wrapper.py] image0: torch.Size([1, 1, 400, 400])
[loftr_wrapper.py] net forward
[loftr_wrapper.py] mconf, 0.20013892650604248 0.5562029480934143
[loftr_wrapper.py] pair_ids (31,)
[loftr_wrapper.py] corres: (31, 5)
[loftr_wrapper.py] image0: torch.Size([1, 1, 400, 400])
[loftr_wrapper.py] net forward
[loftr_wrapper.py] mconf, 0.20434576272964478 0.6400395631790161
[loftr_wrapper.py] pair_ids (20,)
[loftr_wrapper.py] corres: (20, 5)
[loftr_wrapper.py] image0: torch.Size([1, 1, 400, 400])
[loftr_wrapper.py] net forward
[loftr_wrapper.py] mconf, 0.20358456671237946 0.8127174973487854
[loftr_wrapper.py] pair_ids (67,)
[loftr_wrapper.py] corres: (67, 5)
[loftr_wrapper.py] image0: torch.Size([1, 1, 400, 400])
[loftr_wrapper.py] net forward
[loftr_wrapper.py] mconf, 0.20012810826301575 0.9699206352233887
[loftr_wrapper.py] pair_ids (128,)
[loftr_wrapper.py] corres: (128, 5)
[loftr_wrapper.py] image0: torch.Size([1, 1, 400, 400])
[loftr_wrapper.py] net forward
[loftr_wrapper.py] mconf, 0.20989234745502472 0.7313100695610046
[loftr_wrapper.py] pair_ids (46,)
[loftr_wrapper.py] corres: (46, 5)
[loftr_wrapper.py] image0: torch.Size([1, 1, 400, 400])
[loftr_wrapper.py] net forward
[loftr_wrapper.py] mconf, 0.2021208256483078 0.9711964726448059
[loftr_wrapper.py] pair_ids (105,)
[loftr_wrapper.py] corres: (105, 5)
[loftr_wrapper.py] image0: torch.Size([1, 1, 400, 400])
[loftr_wrapper.py] net forward
[loftr_wrapper.py] mconf, 0.20087337493896484 0.7953420281410217
[loftr_wrapper.py] pair_ids (48,)
[loftr_wrapper.py] corres: (48, 5)
[loftr_wrapper.py] image0: torch.Size([1, 1, 400, 400])
[loftr_wrapper.py] net forward
[loftr_wrapper.py] mconf, 0.20159561932086945 0.8520660400390625
[loftr_wrapper.py] pair_ids (92,)
[loftr_wrapper.py] corres: (92, 5)
[loftr_wrapper.py] image0: torch.Size([1, 1, 400, 400])
[loftr_wrapper.py] net forward
[loftr_wrapper.py] mconf, 0.20497408509254456 0.5289958715438843
[loftr_wrapper.py] pair_ids (24,)
[loftr_wrapper.py] corres: (24, 5)
[loftr_wrapper.py] image0: torch.Size([1, 1, 400, 400])
[loftr_wrapper.py] net forward
[loftr_wrapper.py] mconf, 0.20402227342128754 0.9792762398719788
[loftr_wrapper.py] pair_ids (246,)
[loftr_wrapper.py] corres: (246, 5)
[loftr_wrapper.py] image0: torch.Size([1, 1, 400, 400])
[loftr_wrapper.py] net forward
[loftr_wrapper.py] mconf, 0.20178212225437164 0.9717143177986145
[loftr_wrapper.py] pair_ids (231,)
[loftr_wrapper.py] corres: (231, 5)
[loftr_wrapper.py] image0: torch.Size([1, 1, 400, 400])
[loftr_wrapper.py] net forward
[loftr_wrapper.py] mconf, 0.20028217136859894 0.9832318425178528
[loftr_wrapper.py] pair_ids (310,)
[loftr_wrapper.py] corres: (310, 5)
[loftr_wrapper.py] image0: torch.Size([1, 1, 400, 400])
[loftr_wrapper.py] net forward
[loftr_wrapper.py] mconf, 0.205715611577034 0.6920080184936523
[loftr_wrapper.py] pair_ids (52,)
[loftr_wrapper.py] corres: (52, 5)
[loftr_wrapper.py] image0: torch.Size([1, 1, 400, 400])
[loftr_wrapper.py] net forward
[loftr_wrapper.py] mconf, 0.2014254778623581 0.8437620997428894
[loftr_wrapper.py] pair_ids (101,)
[loftr_wrapper.py] corres: (101, 5)
[loftr_wrapper.py] image0: torch.Size([1, 1, 400, 400])
[loftr_wrapper.py] net forward
[loftr_wrapper.py] mconf, 0.20080026984214783 0.7852620482444763
[loftr_wrapper.py] pair_ids (65,)
[loftr_wrapper.py] corres: (65, 5)
[loftr_wrapper.py] image0: torch.Size([1, 1, 400, 400])
[loftr_wrapper.py] net forward
[loftr_wrapper.py] mconf, 0.2065809667110443 0.6745865345001221
[loftr_wrapper.py] pair_ids (48,)
[loftr_wrapper.py] corres: (48, 5)
  B MD-gt SM1 201/240 4.2s/kf | E-I=3.85 E-L=6.33 E-V2=10.63 E-V5b=14.66 E-V5b_r20=61.11 E-V5d=14.63 E-V5d_r20=60.94 E-V5x2=55.77 E-V5x2_r20=89.86 E-VI=69.99 E-VI_r20=109.64 | rot0 45.00
/home/kist/Desktop/BundleSAM3DGS/experiments/vggt_probe/models.py:30: FutureWarning: `torch.cuda.amp.autocast(args...)` is deprecated. Please use `torch.amp.autocast('cuda', args...)` instead.
  with torch.cuda.amp.autocast(dtype=torch.bfloat16):
/home/kist/venvs/vggt_probe/lib/python3.10/site-packages/vggt/models/vggt.py:65: FutureWarning: `torch.cuda.amp.autocast(args...)` is deprecated. Please use `torch.amp.autocast('cuda', args...)` instead.
  with torch.cuda.amp.autocast(enabled=False):
[loftr_wrapper.py] image0: torch.Size([1, 1, 400, 400])
/home/kist/Desktop/BundleSAM3DGS/loftr_wrapper.py:45: FutureWarning: `torch.cuda.amp.autocast(args...)` is deprecated. Please use `torch.amp.autocast('cuda', args...)` instead.
  with torch.cuda.amp.autocast(enabled=True):
[loftr_wrapper.py] net forward
[loftr_wrapper.py] mconf, 0.20276619493961334 0.9453408122062683
[loftr_wrapper.py] pair_ids (98,)
[loftr_wrapper.py] corres: (98, 5)
[loftr_wrapper.py] image0: torch.Size([1, 1, 400, 400])
[loftr_wrapper.py] net forward
[loftr_wrapper.py] mconf, 0.20272980630397797 0.6991086602210999
[loftr_wrapper.py] pair_ids (70,)
[loftr_wrapper.py] corres: (70, 5)
[loftr_wrapper.py] image0: torch.Size([1, 1, 400, 400])
[loftr_wrapper.py] net forward
[loftr_wrapper.py] mconf, 0.2113324999809265 0.7091276049613953
[loftr_wrapper.py] pair_ids (44,)
[loftr_wrapper.py] corres: (44, 5)
[loftr_wrapper.py] image0: torch.Size([1, 1, 400, 400])
[loftr_wrapper.py] net forward
[loftr_wrapper.py] mconf, 0.20083637535572052 0.7102905511856079
[loftr_wrapper.py] pair_ids (49,)
[loftr_wrapper.py] corres: (49, 5)
[loftr_wrapper.py] image0: torch.Size([1, 1, 400, 400])
[loftr_wrapper.py] net forward
[loftr_wrapper.py] mconf, 0.20457243919372559 0.6033640503883362
[loftr_wrapper.py] pair_ids (38,)
[loftr_wrapper.py] corres: (38, 5)
[loftr_wrapper.py] image0: torch.Size([1, 1, 400, 400])
[loftr_wrapper.py] net forward
[loftr_wrapper.py] mconf, 0.20066866278648376 0.6216347217559814
[loftr_wrapper.py] pair_ids (55,)
[loftr_wrapper.py] corres: (55, 5)
[loftr_wrapper.py] image0: torch.Size([1, 1, 400, 400])
[loftr_wrapper.py] net forward
[loftr_wrapper.py] mconf, 0.2037506252527237 0.7957024574279785
[loftr_wrapper.py] pair_ids (54,)
[loftr_wrapper.py] corres: (54, 5)
[loftr_wrapper.py] image0: torch.Size([1, 1, 400, 400])
[loftr_wrapper.py] net forward
[loftr_wrapper.py] mconf, 0.20201826095581055 0.6575124859809875
[loftr_wrapper.py] pair_ids (49,)
[loftr_wrapper.py] corres: (49, 5)
[loftr_wrapper.py] image0: torch.Size([1, 1, 400, 400])
[loftr_wrapper.py] net forward
[loftr_wrapper.py] mconf, 0.20087112486362457 0.6425215601921082
[loftr_wrapper.py] pair_ids (22,)
[loftr_wrapper.py] corres: (22, 5)
[loftr_wrapper.py] image0: torch.Size([1, 1, 400, 400])
[loftr_wrapper.py] net forward
[loftr_wrapper.py] mconf, 0.20006634294986725 0.8805420398712158
[loftr_wrapper.py] pair_ids (78,)
[loftr_wrapper.py] corres: (78, 5)
[loftr_wrapper.py] image0: torch.Size([1, 1, 400, 400])
[loftr_wrapper.py] net forward
[loftr_wrapper.py] mconf, 0.202508345246315 0.9949802160263062
[loftr_wrapper.py] pair_ids (342,)
[loftr_wrapper.py] corres: (342, 5)
[loftr_wrapper.py] image0: torch.Size([1, 1, 400, 400])
[loftr_wrapper.py] net forward
[loftr_wrapper.py] mconf, 0.20362639427185059 0.9204024076461792
[loftr_wrapper.py] pair_ids (143,)
[loftr_wrapper.py] corres: (143, 5)
[loftr_wrapper.py] image0: torch.Size([1, 1, 400, 400])
[loftr_wrapper.py] net forward
[loftr_wrapper.py] mconf, 0.2007216364145279 0.7596933841705322
[loftr_wrapper.py] pair_ids (54,)
[loftr_wrapper.py] corres: (54, 5)
[loftr_wrapper.py] image0: torch.Size([1, 1, 400, 400])
[loftr_wrapper.py] net forward
[loftr_wrapper.py] mconf, 0.20061413943767548 0.9601329565048218
[loftr_wrapper.py] pair_ids (102,)
[loftr_wrapper.py] corres: (102, 5)
[loftr_wrapper.py] image0: torch.Size([1, 1, 400, 400])
[loftr_wrapper.py] net forward
[loftr_wrapper.py] mconf, 0.20869092643260956 0.7542910575866699
[loftr_wrapper.py] pair_ids (28,)
[loftr_wrapper.py] corres: (28, 5)
[loftr_wrapper.py] image0: torch.Size([1, 1, 400, 400])
[loftr_wrapper.py] net forward
[loftr_wrapper.py] mconf, 0.20110803842544556 0.7192192077636719
[loftr_wrapper.py] pair_ids (28,)
[loftr_wrapper.py] corres: (28, 5)
[loftr_wrapper.py] image0: torch.Size([1, 1, 400, 400])
[loftr_wrapper.py] net forward
[loftr_wrapper.py] mconf, 0.20084217190742493 0.9881427884101868
[loftr_wrapper.py] pair_ids (186,)
[loftr_wrapper.py] corres: (186, 5)
[loftr_wrapper.py] image0: torch.Size([1, 1, 400, 400])
[loftr_wrapper.py] net forward
[loftr_wrapper.py] mconf, 0.20213745534420013 0.691313624382019
[loftr_wrapper.py] pair_ids (41,)
[loftr_wrapper.py] corres: (41, 5)
[loftr_wrapper.py] image0: torch.Size([1, 1, 400, 400])
[loftr_wrapper.py] net forward
[loftr_wrapper.py] mconf, 0.20043699443340302 0.9976069927215576
[loftr_wrapper.py] pair_ids (372,)
[loftr_wrapper.py] corres: (372, 5)
[loftr_wrapper.py] image0: torch.Size([1, 1, 400, 400])
[loftr_wrapper.py] net forward
[loftr_wrapper.py] mconf, 0.20524141192436218 0.7189410328865051
[loftr_wrapper.py] pair_ids (25,)
[loftr_wrapper.py] corres: (25, 5)
[loftr_wrapper.py] image0: torch.Size([1, 1, 400, 400])
[loftr_wrapper.py] net forward
[loftr_wrapper.py] mconf, 0.20003165304660797 0.936196506023407
[loftr_wrapper.py] pair_ids (132,)
[loftr_wrapper.py] corres: (132, 5)
[loftr_wrapper.py] image0: torch.Size([1, 1, 400, 400])
[loftr_wrapper.py] net forward
[loftr_wrapper.py] mconf, 0.20090244710445404 0.6915313601493835
[loftr_wrapper.py] pair_ids (49,)
[loftr_wrapper.py] corres: (49, 5)
[loftr_wrapper.py] image0: torch.Size([1, 1, 400, 400])
[loftr_wrapper.py] net forward
[loftr_wrapper.py] mconf, 0.2069011926651001 0.6246116757392883
[loftr_wrapper.py] pair_ids (28,)
[loftr_wrapper.py] corres: (28, 5)
[loftr_wrapper.py] image0: torch.Size([1, 1, 400, 400])
[loftr_wrapper.py] net forward
[loftr_wrapper.py] mconf, 0.2013508528470993 0.5890578627586365
[loftr_wrapper.py] pair_ids (24,)
[loftr_wrapper.py] corres: (24, 5)
[loftr_wrapper.py] image0: torch.Size([1, 1, 400, 400])
[loftr_wrapper.py] net forward
[loftr_wrapper.py] mconf, 0.20386725664138794 0.6226727366447449
[loftr_wrapper.py] pair_ids (32,)
[loftr_wrapper.py] corres: (32, 5)
  B MD-gt SM1 226/240 4.2s/kf | E-I=5.58 E-L=35.45 E-V2=48.77 E-V5b=52.35 E-V5b_r20=52.43 E-V5d=52.25 E-V5d_r20=52.21 E-V5x2=58.28 E-V5x2_r20=52.31 E-VI=40.40 E-VI_r20=52.31 | rot0 60.00
/home/kist/Desktop/BundleSAM3DGS/experiments/vggt_probe/models.py:30: FutureWarning: `torch.cuda.amp.autocast(args...)` is deprecated. Please use `torch.amp.autocast('cuda', args...)` instead.
  with torch.cuda.amp.autocast(dtype=torch.bfloat16):
/home/kist/venvs/vggt_probe/lib/python3.10/site-packages/vggt/models/vggt.py:65: FutureWarning: `torch.cuda.amp.autocast(args...)` is deprecated. Please use `torch.amp.autocast('cuda', args...)` instead.
  with torch.cuda.amp.autocast(enabled=False):
[loftr_wrapper.py] image0: torch.Size([1, 1, 400, 400])
/home/kist/Desktop/BundleSAM3DGS/loftr_wrapper.py:45: FutureWarning: `torch.cuda.amp.autocast(args...)` is deprecated. Please use `torch.amp.autocast('cuda', args...)` instead.
  with torch.cuda.amp.autocast(enabled=True):
[loftr_wrapper.py] net forward
[loftr_wrapper.py] mconf, 0.2109910398721695 0.7125188112258911
[loftr_wrapper.py] pair_ids (27,)
[loftr_wrapper.py] corres: (27, 5)
[loftr_wrapper.py] image0: torch.Size([1, 1, 400, 400])
[loftr_wrapper.py] net forward
[loftr_wrapper.py] mconf, 0.20300082862377167 0.7100051045417786
[loftr_wrapper.py] pair_ids (38,)
[loftr_wrapper.py] corres: (38, 5)
[loftr_wrapper.py] image0: torch.Size([1, 1, 400, 400])
[loftr_wrapper.py] net forward
[loftr_wrapper.py] mconf, 0.2006564736366272 0.9277763366699219
[loftr_wrapper.py] pair_ids (87,)
[loftr_wrapper.py] corres: (87, 5)
[loftr_wrapper.py] image0: torch.Size([1, 1, 400, 400])
[loftr_wrapper.py] net forward
[loftr_wrapper.py] mconf, 0.20409417152404785 0.9382928013801575
[loftr_wrapper.py] pair_ids (84,)
[loftr_wrapper.py] corres: (84, 5)
[loftr_wrapper.py] image0: torch.Size([1, 1, 400, 400])
[loftr_wrapper.py] net forward
[loftr_wrapper.py] mconf, 0.24266327917575836 0.41059935092926025
[loftr_wrapper.py] pair_ids (11,)
[loftr_wrapper.py] corres: (11, 5)
[loftr_wrapper.py] image0: torch.Size([1, 1, 400, 400])
[loftr_wrapper.py] net forward
[loftr_wrapper.py] mconf, 0.20111297070980072 0.784238874912262
[loftr_wrapper.py] pair_ids (57,)
[loftr_wrapper.py] corres: (57, 5)
[loftr_wrapper.py] image0: torch.Size([1, 1, 400, 400])
[loftr_wrapper.py] net forward
[loftr_wrapper.py] mconf, 0.21140213310718536 0.5289786458015442
[loftr_wrapper.py] pair_ids (37,)
[loftr_wrapper.py] corres: (37, 5)
[loftr_wrapper.py] image0: torch.Size([1, 1, 400, 400])
[loftr_wrapper.py] net forward
[loftr_wrapper.py] mconf, 0.20208188891410828 0.9655348658561707
[loftr_wrapper.py] pair_ids (51,)
[loftr_wrapper.py] corres: (51, 5)
[loftr_wrapper.py] image0: torch.Size([1, 1, 400, 400])
[loftr_wrapper.py] net forward
[loftr_wrapper.py] mconf, 0.20115981996059418 0.992659330368042
[loftr_wrapper.py] pair_ids (278,)
[loftr_wrapper.py] corres: (278, 5)
[loftr_wrapper.py] image0: torch.Size([1, 1, 400, 400])
[loftr_wrapper.py] net forward
[loftr_wrapper.py] mconf, 0.20382021367549896 0.8956811428070068
[loftr_wrapper.py] pair_ids (115,)
[loftr_wrapper.py] corres: (115, 5)
[loftr_wrapper.py] image0: torch.Size([1, 1, 400, 400])
[loftr_wrapper.py] net forward
[loftr_wrapper.py] mconf, 0.20288437604904175 0.765755832195282
[loftr_wrapper.py] pair_ids (73,)
[loftr_wrapper.py] corres: (73, 5)
[loftr_wrapper.py] image0: torch.Size([1, 1, 400, 400])
[loftr_wrapper.py] net forward
[loftr_wrapper.py] mconf, 0.20050671696662903 0.9618207812309265
[loftr_wrapper.py] pair_ids (209,)
[loftr_wrapper.py] corres: (209, 5)
[loftr_wrapper.py] image0: torch.Size([1, 1, 400, 400])
[loftr_wrapper.py] net forward
[loftr_wrapper.py] mconf, 0.2026824802160263 0.740154504776001
[loftr_wrapper.py] pair_ids (55,)
[loftr_wrapper.py] corres: (55, 5)
[loftr_wrapper.py] image0: torch.Size([1, 1, 400, 400])
[loftr_wrapper.py] net forward
[loftr_wrapper.py] mconf, 0.20143462717533112 0.5552054643630981
[loftr_wrapper.py] pair_ids (30,)
[loftr_wrapper.py] corres: (30, 5)
DONE B MD-gt SM1 jobs 240 1000s | E-I=3.63/41% E-L=4.29/42% E-V2=43.22/1% E-V5b=44.04/0% E-V5b_r20=73.99/1% E-V5d=44.04/0% E-V5d_r20=74.04/1% E-V5x2=22.58/0% E-V5x2_r20=52.97/0% E-VI=24.45/7% E-VI_r20=57.26/7% | rot0 25.00
[probe] GT rotations orthonormalized (max element change 3.97e-08)
/home/kist/Desktop/BundleSAM3DGS/experiments/vggt_probe/models.py:30: FutureWarning: `torch.cuda.amp.autocast(args...)` is deprecated. Please use `torch.amp.autocast('cuda', args...)` instead.
  with torch.cuda.amp.autocast(dtype=torch.bfloat16):
/home/kist/venvs/vggt_probe/lib/python3.10/site-packages/vggt/models/vggt.py:65: FutureWarning: `torch.cuda.amp.autocast(args...)` is deprecated. Please use `torch.amp.autocast('cuda', args...)` instead.
  with torch.cuda.amp.autocast(enabled=False):
[loftr_wrapper.py] image0: torch.Size([1, 1, 400, 400])
/home/kist/Desktop/BundleSAM3DGS/loftr_wrapper.py:45: FutureWarning: `torch.cuda.amp.autocast(args...)` is deprecated. Please use `torch.amp.autocast('cuda', args...)` instead.
  with torch.cuda.amp.autocast(enabled=True):
[loftr_wrapper.py] net forward
[loftr_wrapper.py] mconf, 0.20084255933761597 0.6683226227760315
[loftr_wrapper.py] pair_ids (72,)
[loftr_wrapper.py] corres: (72, 5)
  B MD-prior AP12 1/240 4.7s/kf | E-I=3.28 E-L=5.34 E-V2=52.51 E-V5b=30.65 E-V5b_r20=94.78 E-V5d=30.72 E-V5d_r20=94.98 E-V5x2=137.25 E-V5x2_r20=83.23 E-VI=137.25 E-VI_r20=83.23 | rot0 5.00
/home/kist/Desktop/BundleSAM3DGS/experiments/vggt_probe/models.py:30: FutureWarning: `torch.cuda.amp.autocast(args...)` is deprecated. Please use `torch.amp.autocast('cuda', args...)` instead.
  with torch.cuda.amp.autocast(dtype=torch.bfloat16):
/home/kist/venvs/vggt_probe/lib/python3.10/site-packages/vggt/models/vggt.py:65: FutureWarning: `torch.cuda.amp.autocast(args...)` is deprecated. Please use `torch.amp.autocast('cuda', args...)` instead.
  with torch.cuda.amp.autocast(enabled=False):
[loftr_wrapper.py] image0: torch.Size([1, 1, 400, 400])
/home/kist/Desktop/BundleSAM3DGS/loftr_wrapper.py:45: FutureWarning: `torch.cuda.amp.autocast(args...)` is deprecated. Please use `torch.amp.autocast('cuda', args...)` instead.
  with torch.cuda.amp.autocast(enabled=True):
[loftr_wrapper.py] net forward
[loftr_wrapper.py] mconf, 0.2041490077972412 0.6275336742401123
[loftr_wrapper.py] pair_ids (84,)
[loftr_wrapper.py] corres: (84, 5)
[loftr_wrapper.py] image0: torch.Size([1, 1, 400, 400])
[loftr_wrapper.py] net forward
[loftr_wrapper.py] mconf, 0.20122584700584412 0.8619937300682068
[loftr_wrapper.py] pair_ids (61,)
[loftr_wrapper.py] corres: (61, 5)
[loftr_wrapper.py] image0: torch.Size([1, 1, 400, 400])
[loftr_wrapper.py] net forward
[loftr_wrapper.py] mconf, 0.20301003754138947 0.7268667221069336
[loftr_wrapper.py] pair_ids (71,)
[loftr_wrapper.py] corres: (71, 5)
[loftr_wrapper.py] image0: torch.Size([1, 1, 400, 400])
[loftr_wrapper.py] net forward
[loftr_wrapper.py] mconf, 0.2007470279932022 0.9239750504493713
[loftr_wrapper.py] pair_ids (178,)
[loftr_wrapper.py] corres: (178, 5)
[loftr_wrapper.py] image0: torch.Size([1, 1, 400, 400])
[loftr_wrapper.py] net forward
[loftr_wrapper.py] mconf, 0.20205137133598328 0.8215758800506592
[loftr_wrapper.py] pair_ids (125,)
[loftr_wrapper.py] corres: (125, 5)
[loftr_wrapper.py] image0: torch.Size([1, 1, 400, 400])
[loftr_wrapper.py] net forward
[loftr_wrapper.py] mconf, 0.20069512724876404 0.6990660429000854
[loftr_wrapper.py] pair_ids (90,)
[loftr_wrapper.py] corres: (90, 5)
[loftr_wrapper.py] image0: torch.Size([1, 1, 400, 400])
[loftr_wrapper.py] net forward
[loftr_wrapper.py] mconf, 0.20297420024871826 0.6508869528770447
[loftr_wrapper.py] pair_ids (77,)
[loftr_wrapper.py] corres: (77, 5)
[loftr_wrapper.py] image0: torch.Size([1, 1, 400, 400])
[loftr_wrapper.py] net forward
[loftr_wrapper.py] mconf, 0.20294438302516937 0.73377525806427
[loftr_wrapper.py] pair_ids (80,)
[loftr_wrapper.py] corres: (80, 5)
[loftr_wrapper.py] image0: torch.Size([1, 1, 400, 400])
[loftr_wrapper.py] net forward
[loftr_wrapper.py] mconf, 0.20196327567100525 0.7180683612823486
[loftr_wrapper.py] pair_ids (51,)
[loftr_wrapper.py] corres: (51, 5)
[loftr_wrapper.py] image0: torch.Size([1, 1, 400, 400])
[loftr_wrapper.py] net forward
[loftr_wrapper.py] mconf, 0.20091615617275238 0.6219905614852905
[loftr_wrapper.py] pair_ids (34,)
[loftr_wrapper.py] corres: (34, 5)
[loftr_wrapper.py] image0: torch.Size([1, 1, 400, 400])
[loftr_wrapper.py] net forward
[loftr_wrapper.py] mconf, 0.20044434070587158 0.7152830362319946
[loftr_wrapper.py] pair_ids (59,)
[loftr_wrapper.py] corres: (59, 5)
[loftr_wrapper.py] image0: torch.Size([1, 1, 400, 400])
[loftr_wrapper.py] net forward
[loftr_wrapper.py] mconf, 0.20198668539524078 0.5935577750205994
[loftr_wrapper.py] pair_ids (60,)
[loftr_wrapper.py] corres: (60, 5)
[loftr_wrapper.py] image0: torch.Size([1, 1, 400, 400])
[loftr_wrapper.py] net forward
[loftr_wrapper.py] mconf, 0.20280081033706665 0.612720251083374
[loftr_wrapper.py] pair_ids (62,)
[loftr_wrapper.py] corres: (62, 5)
[loftr_wrapper.py] image0: torch.Size([1, 1, 400, 400])
[loftr_wrapper.py] net forward
[loftr_wrapper.py] mconf, 0.20004571974277496 0.7358864545822144
[loftr_wrapper.py] pair_ids (53,)
[loftr_wrapper.py] corres: (53, 5)
[loftr_wrapper.py] image0: torch.Size([1, 1, 400, 400])
[loftr_wrapper.py] net forward
[loftr_wrapper.py] mconf, 0.20278102159500122 0.6870357990264893
[loftr_wrapper.py] pair_ids (51,)
[loftr_wrapper.py] corres: (51, 5)
[loftr_wrapper.py] image0: torch.Size([1, 1, 400, 400])
[loftr_wrapper.py] net forward
[loftr_wrapper.py] mconf, 0.20060479640960693 0.7799158096313477
[loftr_wrapper.py] pair_ids (57,)
[loftr_wrapper.py] corres: (57, 5)
[loftr_wrapper.py] image0: torch.Size([1, 1, 400, 400])
[loftr_wrapper.py] net forward
[loftr_wrapper.py] mconf, 0.20323072373867035 0.7273219227790833
[loftr_wrapper.py] pair_ids (60,)
[loftr_wrapper.py] corres: (60, 5)
[loftr_wrapper.py] image0: torch.Size([1, 1, 400, 400])
[loftr_wrapper.py] net forward
[loftr_wrapper.py] mconf, 0.20267732441425323 0.5666526556015015
[loftr_wrapper.py] pair_ids (47,)
[loftr_wrapper.py] corres: (47, 5)
[loftr_wrapper.py] image0: torch.Size([1, 1, 400, 400])
[loftr_wrapper.py] net forward
[loftr_wrapper.py] mconf, 0.2050449699163437 0.5352852940559387
[loftr_wrapper.py] pair_ids (48,)
[loftr_wrapper.py] corres: (48, 5)
[loftr_wrapper.py] image0: torch.Size([1, 1, 400, 400])
[loftr_wrapper.py] net forward
[loftr_wrapper.py] mconf, 0.20571951568126678 0.6805860996246338
[loftr_wrapper.py] pair_ids (44,)
[loftr_wrapper.py] corres: (44, 5)
[loftr_wrapper.py] image0: torch.Size([1, 1, 400, 400])
[loftr_wrapper.py] net forward
[loftr_wrapper.py] mconf, 0.2117227464914322 0.6691771149635315
[loftr_wrapper.py] pair_ids (37,)
[loftr_wrapper.py] corres: (37, 5)
[loftr_wrapper.py] image0: torch.Size([1, 1, 400, 400])
[loftr_wrapper.py] net forward
[loftr_wrapper.py] mconf, 0.20180660486221313 0.7390379309654236
[loftr_wrapper.py] pair_ids (65,)
[loftr_wrapper.py] corres: (65, 5)
[loftr_wrapper.py] image0: torch.Size([1, 1, 400, 400])
[loftr_wrapper.py] net forward
[loftr_wrapper.py] mconf, 0.20167458057403564 0.6698126196861267
[loftr_wrapper.py] pair_ids (52,)
[loftr_wrapper.py] corres: (52, 5)
[loftr_wrapper.py] image0: torch.Size([1, 1, 400, 400])
[loftr_wrapper.py] net forward
[loftr_wrapper.py] mconf, 0.2013111263513565 0.8396058082580566
[loftr_wrapper.py] pair_ids (72,)
[loftr_wrapper.py] corres: (72, 5)
[loftr_wrapper.py] image0: torch.Size([1, 1, 400, 400])
[loftr_wrapper.py] net forward
[loftr_wrapper.py] mconf, 0.2008698731660843 0.8998778462409973
[loftr_wrapper.py] pair_ids (74,)
[loftr_wrapper.py] corres: (74, 5)
  B MD-prior AP12 26/240 5.2s/kf | E-I=7.95 E-L=7.05 E-V2=75.24 E-V5b=88.88 E-V5b_r20=98.14 E-V5d=89.48 E-V5d_r20=98.18 E-V5x2=66.35 E-V5x2_r20=41.49 E-VI=66.35 E-VI_r20=51.12 | rot0 5.00
/home/kist/Desktop/BundleSAM3DGS/experiments/vggt_probe/models.py:30: FutureWarning: `torch.cuda.amp.autocast(args...)` is deprecated. Please use `torch.amp.autocast('cuda', args...)` instead.
  with torch.cuda.amp.autocast(dtype=torch.bfloat16):
/home/kist/venvs/vggt_probe/lib/python3.10/site-packages/vggt/models/vggt.py:65: FutureWarning: `torch.cuda.amp.autocast(args...)` is deprecated. Please use `torch.amp.autocast('cuda', args...)` instead.
  with torch.cuda.amp.autocast(enabled=False):
[loftr_wrapper.py] image0: torch.Size([1, 1, 400, 400])
/home/kist/Desktop/BundleSAM3DGS/loftr_wrapper.py:45: FutureWarning: `torch.cuda.amp.autocast(args...)` is deprecated. Please use `torch.amp.autocast('cuda', args...)` instead.
  with torch.cuda.amp.autocast(enabled=True):
[loftr_wrapper.py] net forward
[loftr_wrapper.py] mconf, 0.20356403291225433 0.6665446162223816
[loftr_wrapper.py] pair_ids (55,)
[loftr_wrapper.py] corres: (55, 5)
[loftr_wrapper.py] image0: torch.Size([1, 1, 400, 400])
[loftr_wrapper.py] net forward
[loftr_wrapper.py] mconf, 0.20030759274959564 0.6429315209388733
[loftr_wrapper.py] pair_ids (59,)
[loftr_wrapper.py] corres: (59, 5)
[loftr_wrapper.py] image0: torch.Size([1, 1, 400, 400])
[loftr_wrapper.py] net forward
[loftr_wrapper.py] mconf, 0.2096589356660843 0.47900477051734924
[loftr_wrapper.py] pair_ids (20,)
[loftr_wrapper.py] corres: (20, 5)
[loftr_wrapper.py] image0: torch.Size([1, 1, 400, 400])
[loftr_wrapper.py] net forward
[loftr_wrapper.py] mconf, 0.2004062682390213 0.8093839287757874
[loftr_wrapper.py] pair_ids (66,)
[loftr_wrapper.py] corres: (66, 5)
[loftr_wrapper.py] image0: torch.Size([1, 1, 400, 400])
[loftr_wrapper.py] net forward
[loftr_wrapper.py] mconf, 0.20027735829353333 0.713314414024353
[loftr_wrapper.py] pair_ids (37,)
[loftr_wrapper.py] corres: (37, 5)
[loftr_wrapper.py] image0: torch.Size([1, 1, 400, 400])
[loftr_wrapper.py] net forward
[loftr_wrapper.py] mconf, 0.2004706710577011 0.7492562532424927
[loftr_wrapper.py] pair_ids (59,)
[loftr_wrapper.py] corres: (59, 5)
[loftr_wrapper.py] image0: torch.Size([1, 1, 400, 400])
[loftr_wrapper.py] net forward
[loftr_wrapper.py] mconf, 0.20098689198493958 0.7245805263519287
[loftr_wrapper.py] pair_ids (31,)
[loftr_wrapper.py] corres: (31, 5)
[loftr_wrapper.py] image0: torch.Size([1, 1, 400, 400])
[loftr_wrapper.py] net forward
[loftr_wrapper.py] mconf, 0.20184001326560974 0.697783350944519
[loftr_wrapper.py] pair_ids (26,)
[loftr_wrapper.py] corres: (26, 5)
[loftr_wrapper.py] image0: torch.Size([1, 1, 400, 400])
[loftr_wrapper.py] net forward
[loftr_wrapper.py] mconf, 0.20063254237174988 0.7123589515686035
[loftr_wrapper.py] pair_ids (29,)
[loftr_wrapper.py] corres: (29, 5)
[loftr_wrapper.py] image0: torch.Size([1, 1, 400, 400])
[loftr_wrapper.py] net forward
[loftr_wrapper.py] mconf, 0.20173199474811554 0.6733690500259399
[loftr_wrapper.py] pair_ids (28,)
[loftr_wrapper.py] corres: (28, 5)
[loftr_wrapper.py] image0: torch.Size([1, 1, 400, 400])
[loftr_wrapper.py] net forward
[loftr_wrapper.py] mconf, 0.20453636348247528 0.6582457423210144
[loftr_wrapper.py] pair_ids (31,)
[loftr_wrapper.py] corres: (31, 5)
[loftr_wrapper.py] image0: torch.Size([1, 1, 400, 400])
[loftr_wrapper.py] net forward
[loftr_wrapper.py] mconf, 0.2019777148962021 0.5525582432746887
[loftr_wrapper.py] pair_ids (40,)
[loftr_wrapper.py] corres: (40, 5)
[loftr_wrapper.py] image0: torch.Size([1, 1, 400, 400])
[loftr_wrapper.py] net forward
[loftr_wrapper.py] mconf, 0.20832692086696625 0.4857477843761444
[loftr_wrapper.py] pair_ids (37,)
[loftr_wrapper.py] corres: (37, 5)
[loftr_wrapper.py] image0: torch.Size([1, 1, 400, 400])
[loftr_wrapper.py] net forward
[loftr_wrapper.py] mconf, 0.20267826318740845 0.727303683757782
[loftr_wrapper.py] pair_ids (65,)
[loftr_wrapper.py] corres: (65, 5)
[loftr_wrapper.py] image0: torch.Size([1, 1, 400, 400])
[loftr_wrapper.py] net forward
[loftr_wrapper.py] mconf, 0.20132659375667572 0.7009868621826172
[loftr_wrapper.py] pair_ids (75,)
[loftr_wrapper.py] corres: (75, 5)
[loftr_wrapper.py] image0: torch.Size([1, 1, 400, 400])
[loftr_wrapper.py] net forward
[loftr_wrapper.py] mconf, 0.200745090842247 0.7338342070579529
[loftr_wrapper.py] pair_ids (89,)
[loftr_wrapper.py] corres: (89, 5)
[loftr_wrapper.py] image0: torch.Size([1, 1, 400, 400])
[loftr_wrapper.py] net forward
[loftr_wrapper.py] mconf, 0.20386147499084473 0.6012434959411621
[loftr_wrapper.py] pair_ids (43,)
[loftr_wrapper.py] corres: (43, 5)
[loftr_wrapper.py] image0: torch.Size([1, 1, 400, 400])
[loftr_wrapper.py] net forward
[loftr_wrapper.py] mconf, 0.2023138403892517 0.7832430601119995
[loftr_wrapper.py] pair_ids (55,)
[loftr_wrapper.py] corres: (55, 5)
[loftr_wrapper.py] image0: torch.Size([1, 1, 400, 400])
[loftr_wrapper.py] net forward
[loftr_wrapper.py] mconf, 0.20042847096920013 0.9517327547073364
[loftr_wrapper.py] pair_ids (153,)
[loftr_wrapper.py] corres: (153, 5)
[loftr_wrapper.py] image0: torch.Size([1, 1, 400, 400])
[loftr_wrapper.py] net forward
[loftr_wrapper.py] mconf, 0.2011537402868271 0.8194308280944824
[loftr_wrapper.py] pair_ids (127,)
[loftr_wrapper.py] corres: (127, 5)
[loftr_wrapper.py] image0: torch.Size([1, 1, 400, 400])
[loftr_wrapper.py] net forward
[loftr_wrapper.py] mconf, 0.20230786502361298 0.9618443250656128
[loftr_wrapper.py] pair_ids (106,)
[loftr_wrapper.py] corres: (106, 5)
[loftr_wrapper.py] image0: torch.Size([1, 1, 400, 400])
[loftr_wrapper.py] net forward
[loftr_wrapper.py] mconf, 0.20019254088401794 0.5726030468940735
[loftr_wrapper.py] pair_ids (44,)
[loftr_wrapper.py] corres: (44, 5)
[loftr_wrapper.py] image0: torch.Size([1, 1, 400, 400])
[loftr_wrapper.py] net forward
[loftr_wrapper.py] mconf, 0.20025329291820526 0.6585342884063721
[loftr_wrapper.py] pair_ids (73,)
[loftr_wrapper.py] corres: (73, 5)
[loftr_wrapper.py] image0: torch.Size([1, 1, 400, 400])
[loftr_wrapper.py] net forward
[loftr_wrapper.py] mconf, 0.20001226663589478 0.7889604568481445
[loftr_wrapper.py] pair_ids (61,)
[loftr_wrapper.py] corres: (61, 5)
[loftr_wrapper.py] image0: torch.Size([1, 1, 400, 400])
[loftr_wrapper.py] net forward
[loftr_wrapper.py] mconf, 0.20696479082107544 0.6249510049819946
[loftr_wrapper.py] pair_ids (38,)
[loftr_wrapper.py] corres: (38, 5)
  B MD-prior AP12 51/240 4.8s/kf | E-I=6.43 E-L=7.02 E-V2=84.27 E-V5b=82.02 E-V5b_r20=110.82 E-V5d=83.26 E-V5d_r20=111.44 E-V5x2=52.04 E-V5x2_r20=66.53 E-VI=56.64 E-VI_r20=75.58 | rot0 5.00
/home/kist/Desktop/BundleSAM3DGS/experiments/vggt_probe/models.py:30: FutureWarning: `torch.cuda.amp.autocast(args...)` is deprecated. Please use `torch.amp.autocast('cuda', args...)` instead.
  with torch.cuda.amp.autocast(dtype=torch.bfloat16):
/home/kist/venvs/vggt_probe/lib/python3.10/site-packages/vggt/models/vggt.py:65: FutureWarning: `torch.cuda.amp.autocast(args...)` is deprecated. Please use `torch.amp.autocast('cuda', args...)` instead.
  with torch.cuda.amp.autocast(enabled=False):
[loftr_wrapper.py] image0: torch.Size([1, 1, 400, 400])
/home/kist/Desktop/BundleSAM3DGS/loftr_wrapper.py:45: FutureWarning: `torch.cuda.amp.autocast(args...)` is deprecated. Please use `torch.amp.autocast('cuda', args...)` instead.
  with torch.cuda.amp.autocast(enabled=True):
[loftr_wrapper.py] net forward
[loftr_wrapper.py] mconf, 0.20102857053279877 0.7889666557312012
[loftr_wrapper.py] pair_ids (69,)
[loftr_wrapper.py] corres: (69, 5)
[loftr_wrapper.py] image0: torch.Size([1, 1, 400, 400])
[loftr_wrapper.py] net forward
[loftr_wrapper.py] mconf, 0.20523609220981598 0.8540870547294617
[loftr_wrapper.py] pair_ids (60,)
[loftr_wrapper.py] corres: (60, 5)
[loftr_wrapper.py] image0: torch.Size([1, 1, 400, 400])
[loftr_wrapper.py] net forward
[loftr_wrapper.py] mconf, 0.20425105094909668 0.7048135995864868
[loftr_wrapper.py] pair_ids (69,)
[loftr_wrapper.py] corres: (69, 5)
[loftr_wrapper.py] image0: torch.Size([1, 1, 400, 400])
[loftr_wrapper.py] net forward
[loftr_wrapper.py] mconf, 0.20149852335453033 0.6918544769287109
[loftr_wrapper.py] pair_ids (86,)
[loftr_wrapper.py] corres: (86, 5)
[loftr_wrapper.py] image0: torch.Size([1, 1, 400, 400])
[loftr_wrapper.py] net forward
[loftr_wrapper.py] mconf, 0.2046002298593521 0.6523391604423523
[loftr_wrapper.py] pair_ids (50,)
[loftr_wrapper.py] corres: (50, 5)
[loftr_wrapper.py] image0: torch.Size([1, 1, 400, 400])
[loftr_wrapper.py] net forward
[loftr_wrapper.py] mconf, 0.2021012306213379 0.5210553407669067
[loftr_wrapper.py] pair_ids (44,)
[loftr_wrapper.py] corres: (44, 5)
[loftr_wrapper.py] image0: torch.Size([1, 1, 400, 400])
[loftr_wrapper.py] net forward
[loftr_wrapper.py] mconf, 0.20675477385520935 0.8517703413963318
[loftr_wrapper.py] pair_ids (62,)
[loftr_wrapper.py] corres: (62, 5)
[loftr_wrapper.py] image0: torch.Size([1, 1, 400, 400])
[loftr_wrapper.py] net forward
[loftr_wrapper.py] mconf, 0.20092995464801788 0.5808842182159424
[loftr_wrapper.py] pair_ids (66,)
[loftr_wrapper.py] corres: (66, 5)
[loftr_wrapper.py] image0: torch.Size([1, 1, 400, 400])
[loftr_wrapper.py] net forward
[loftr_wrapper.py] mconf, 0.2020091712474823 0.5136667490005493
[loftr_wrapper.py] pair_ids (45,)
[loftr_wrapper.py] corres: (45, 5)
[loftr_wrapper.py] image0: torch.Size([1, 1, 400, 400])
[loftr_wrapper.py] net forward
[loftr_wrapper.py] mconf, 0.20026607811450958 0.6957437992095947
[loftr_wrapper.py] pair_ids (52,)
[loftr_wrapper.py] corres: (52, 5)
[loftr_wrapper.py] image0: torch.Size([1, 1, 400, 400])
[loftr_wrapper.py] net forward
[loftr_wrapper.py] mconf, 0.20233215391635895 0.6924387216567993
[loftr_wrapper.py] pair_ids (45,)
[loftr_wrapper.py] corres: (45, 5)
[loftr_wrapper.py] image0: torch.Size([1, 1, 400, 400])
[loftr_wrapper.py] net forward
[loftr_wrapper.py] mconf, 0.2003992199897766 0.7845515608787537
[loftr_wrapper.py] pair_ids (62,)
[loftr_wrapper.py] corres: (62, 5)
[loftr_wrapper.py] image0: torch.Size([1, 1, 400, 400])
[loftr_wrapper.py] net forward
[loftr_wrapper.py] mconf, 0.20005840063095093 0.6143805384635925
[loftr_wrapper.py] pair_ids (49,)
[loftr_wrapper.py] corres: (49, 5)
[loftr_wrapper.py] image0: torch.Size([1, 1, 400, 400])
[loftr_wrapper.py] net forward
[loftr_wrapper.py] mconf, 0.2003883570432663 0.6876565217971802
[loftr_wrapper.py] pair_ids (70,)
[loftr_wrapper.py] corres: (70, 5)
[loftr_wrapper.py] image0: torch.Size([1, 1, 400, 400])
[loftr_wrapper.py] net forward
[loftr_wrapper.py] mconf, 0.2000666856765747 0.8963212370872498
[loftr_wrapper.py] pair_ids (58,)
[loftr_wrapper.py] corres: (58, 5)
[loftr_wrapper.py] image0: torch.Size([1, 1, 400, 400])
[loftr_wrapper.py] net forward
[loftr_wrapper.py] mconf, 0.20443665981292725 0.759905219078064
[loftr_wrapper.py] pair_ids (53,)
[loftr_wrapper.py] corres: (53, 5)
[loftr_wrapper.py] image0: torch.Size([1, 1, 400, 400])
[loftr_wrapper.py] net forward
[loftr_wrapper.py] mconf, 0.20347976684570312 0.7079883217811584
[loftr_wrapper.py] pair_ids (45,)
[loftr_wrapper.py] corres: (45, 5)
[loftr_wrapper.py] image0: torch.Size([1, 1, 400, 400])
[loftr_wrapper.py] net forward
[loftr_wrapper.py] mconf, 0.20039163529872894 0.6268227100372314
[loftr_wrapper.py] pair_ids (47,)
[loftr_wrapper.py] corres: (47, 5)
[loftr_wrapper.py] image0: torch.Size([1, 1, 400, 400])
[loftr_wrapper.py] net forward
[loftr_wrapper.py] mconf, 0.20220701396465302 0.5303666591644287
[loftr_wrapper.py] pair_ids (45,)
[loftr_wrapper.py] corres: (45, 5)
[loftr_wrapper.py] image0: torch.Size([1, 1, 400, 400])
[loftr_wrapper.py] net forward
[loftr_wrapper.py] mconf, 0.20309728384017944 0.5742117762565613
[loftr_wrapper.py] pair_ids (46,)
[loftr_wrapper.py] corres: (46, 5)
[loftr_wrapper.py] image0: torch.Size([1, 1, 400, 400])
[loftr_wrapper.py] net forward
[loftr_wrapper.py] mconf, 0.20083242654800415 0.6761494874954224
[loftr_wrapper.py] pair_ids (39,)
[loftr_wrapper.py] corres: (39, 5)
[loftr_wrapper.py] image0: torch.Size([1, 1, 400, 400])
[loftr_wrapper.py] net forward
[loftr_wrapper.py] mconf, 0.20025475323200226 0.7656530737876892
[loftr_wrapper.py] pair_ids (45,)
[loftr_wrapper.py] corres: (45, 5)
[loftr_wrapper.py] image0: torch.Size([1, 1, 400, 400])
[loftr_wrapper.py] net forward
[loftr_wrapper.py] mconf, 0.20340247452259064 0.6795221567153931
[loftr_wrapper.py] pair_ids (36,)
[loftr_wrapper.py] corres: (36, 5)
[loftr_wrapper.py] image0: torch.Size([1, 1, 400, 400])
[loftr_wrapper.py] net forward
[loftr_wrapper.py] mconf, 0.20554283261299133 0.6355898380279541
[loftr_wrapper.py] pair_ids (40,)
[loftr_wrapper.py] corres: (40, 5)
[loftr_wrapper.py] image0: torch.Size([1, 1, 400, 400])
[loftr_wrapper.py] net forward
[loftr_wrapper.py] mconf, 0.20634663105010986 0.5059090256690979
[loftr_wrapper.py] pair_ids (28,)
[loftr_wrapper.py] corres: (28, 5)
  B MD-prior AP12 76/240 4.5s/kf | E-I=6.42 E-L=10.00 E-V2=89.06 E-V5b=90.30 E-V5b_r20=55.15 E-V5d=90.29 E-V5d_r20=55.32 E-V5x2=49.01 E-V5x2_r20=53.50 E-VI=53.82 E-VI_r20=53.50 | rot0 10.00
/home/kist/Desktop/BundleSAM3DGS/experiments/vggt_probe/models.py:30: FutureWarning: `torch.cuda.amp.autocast(args...)` is deprecated. Please use `torch.amp.autocast('cuda', args...)` instead.
  with torch.cuda.amp.autocast(dtype=torch.bfloat16):
/home/kist/venvs/vggt_probe/lib/python3.10/site-packages/vggt/models/vggt.py:65: FutureWarning: `torch.cuda.amp.autocast(args...)` is deprecated. Please use `torch.amp.autocast('cuda', args...)` instead.
  with torch.cuda.amp.autocast(enabled=False):
[loftr_wrapper.py] image0: torch.Size([1, 1, 400, 400])
/home/kist/Desktop/BundleSAM3DGS/loftr_wrapper.py:45: FutureWarning: `torch.cuda.amp.autocast(args...)` is deprecated. Please use `torch.amp.autocast('cuda', args...)` instead.
  with torch.cuda.amp.autocast(enabled=True):
[loftr_wrapper.py] net forward
[loftr_wrapper.py] mconf, 0.20253445208072662 0.6387435793876648
[loftr_wrapper.py] pair_ids (32,)
[loftr_wrapper.py] corres: (32, 5)
[loftr_wrapper.py] image0: torch.Size([1, 1, 400, 400])
[loftr_wrapper.py] net forward
[loftr_wrapper.py] mconf, 0.22478386759757996 0.45602259039878845
[loftr_wrapper.py] pair_ids (23,)
[loftr_wrapper.py] corres: (23, 5)
[loftr_wrapper.py] image0: torch.Size([1, 1, 400, 400])
[loftr_wrapper.py] net forward
[loftr_wrapper.py] mconf, 0.20055752992630005 0.732287585735321
[loftr_wrapper.py] pair_ids (36,)
[loftr_wrapper.py] corres: (36, 5)
[loftr_wrapper.py] image0: torch.Size([1, 1, 400, 400])
[loftr_wrapper.py] net forward
[loftr_wrapper.py] mconf, 0.20058764517307281 0.859226405620575
[loftr_wrapper.py] pair_ids (38,)
[loftr_wrapper.py] corres: (38, 5)
[loftr_wrapper.py] image0: torch.Size([1, 1, 400, 400])
[loftr_wrapper.py] net forward
[loftr_wrapper.py] mconf, 0.20321418344974518 0.6231573224067688
[loftr_wrapper.py] pair_ids (30,)
[loftr_wrapper.py] corres: (30, 5)
[loftr_wrapper.py] image0: torch.Size([1, 1, 400, 400])
[loftr_wrapper.py] net forward
[loftr_wrapper.py] mconf, 0.2039143592119217 0.6070745587348938
[loftr_wrapper.py] pair_ids (42,)
[loftr_wrapper.py] corres: (42, 5)
[loftr_wrapper.py] image0: torch.Size([1, 1, 400, 400])
[loftr_wrapper.py] net forward
[loftr_wrapper.py] mconf, 0.20288853347301483 0.513339102268219
[loftr_wrapper.py] pair_ids (18,)
[loftr_wrapper.py] corres: (18, 5)
[loftr_wrapper.py] image0: torch.Size([1, 1, 400, 400])
[loftr_wrapper.py] net forward
[loftr_wrapper.py] mconf, 0.20231026411056519 0.7669714689254761
[loftr_wrapper.py] pair_ids (86,)
[loftr_wrapper.py] corres: (86, 5)
[loftr_wrapper.py] image0: torch.Size([1, 1, 400, 400])
[loftr_wrapper.py] net forward
[loftr_wrapper.py] mconf, 0.20020219683647156 0.9122594594955444
[loftr_wrapper.py] pair_ids (99,)
[loftr_wrapper.py] corres: (99, 5)
[loftr_wrapper.py] image0: torch.Size([1, 1, 400, 400])
[loftr_wrapper.py] net forward
[loftr_wrapper.py] mconf, 0.2044905573129654 0.9003425240516663
[loftr_wrapper.py] pair_ids (81,)
[loftr_wrapper.py] corres: (81, 5)
[loftr_wrapper.py] image0: torch.Size([1, 1, 400, 400])
[loftr_wrapper.py] net forward
[loftr_wrapper.py] mconf, 0.20096875727176666 0.7343785762786865
[loftr_wrapper.py] pair_ids (71,)
[loftr_wrapper.py] corres: (71, 5)
[loftr_wrapper.py] image0: torch.Size([1, 1, 400, 400])
[loftr_wrapper.py] net forward
[loftr_wrapper.py] mconf, 0.20179559290409088 0.8464177250862122
[loftr_wrapper.py] pair_ids (63,)
[loftr_wrapper.py] corres: (63, 5)
[loftr_wrapper.py] image0: torch.Size([1, 1, 400, 400])
[loftr_wrapper.py] net forward
[loftr_wrapper.py] mconf, 0.20212294161319733 0.7753421068191528
[loftr_wrapper.py] pair_ids (69,)
[loftr_wrapper.py] corres: (69, 5)
[loftr_wrapper.py] image0: torch.Size([1, 1, 400, 400])
[loftr_wrapper.py] net forward
[loftr_wrapper.py] mconf, 0.20088356733322144 0.7491863965988159
[loftr_wrapper.py] pair_ids (37,)
[loftr_wrapper.py] corres: (37, 5)
[loftr_wrapper.py] image0: torch.Size([1, 1, 400, 400])
[loftr_wrapper.py] net forward
[loftr_wrapper.py] mconf, 0.205889493227005 0.5076173543930054
[loftr_wrapper.py] pair_ids (29,)
[loftr_wrapper.py] corres: (29, 5)
[loftr_wrapper.py] image0: torch.Size([1, 1, 400, 400])
[loftr_wrapper.py] net forward
[loftr_wrapper.py] mconf, 0.20147310197353363 0.5200563669204712
[loftr_wrapper.py] pair_ids (35,)
[loftr_wrapper.py] corres: (35, 5)
[loftr_wrapper.py] image0: torch.Size([1, 1, 400, 400])
[loftr_wrapper.py] net forward
[loftr_wrapper.py] mconf, 0.2005741447210312 0.6611000299453735
[loftr_wrapper.py] pair_ids (50,)
[loftr_wrapper.py] corres: (50, 5)
[loftr_wrapper.py] image0: torch.Size([1, 1, 400, 400])
[loftr_wrapper.py] net forward
[loftr_wrapper.py] mconf, 0.20163001120090485 0.467085599899292
[loftr_wrapper.py] pair_ids (35,)
[loftr_wrapper.py] corres: (35, 5)
[loftr_wrapper.py] image0: torch.Size([1, 1, 400, 400])
[loftr_wrapper.py] net forward
[loftr_wrapper.py] mconf, 0.2001735419034958 0.6052339673042297
[loftr_wrapper.py] pair_ids (58,)
[loftr_wrapper.py] corres: (58, 5)
[loftr_wrapper.py] image0: torch.Size([1, 1, 400, 400])
[loftr_wrapper.py] net forward
[loftr_wrapper.py] mconf, 0.20288746058940887 0.5861743092536926
[loftr_wrapper.py] pair_ids (65,)
[loftr_wrapper.py] corres: (65, 5)
[loftr_wrapper.py] image0: torch.Size([1, 1, 400, 400])
[loftr_wrapper.py] net forward
[loftr_wrapper.py] mconf, 0.2005365490913391 0.7228716611862183
[loftr_wrapper.py] pair_ids (70,)
[loftr_wrapper.py] corres: (70, 5)
[loftr_wrapper.py] image0: torch.Size([1, 1, 400, 400])
[loftr_wrapper.py] net forward
[loftr_wrapper.py] mconf, 0.20876267552375793 0.6595107913017273
[loftr_wrapper.py] pair_ids (39,)
[loftr_wrapper.py] corres: (39, 5)
[loftr_wrapper.py] image0: torch.Size([1, 1, 400, 400])
[loftr_wrapper.py] net forward
[loftr_wrapper.py] mconf, 0.20554542541503906 0.8116971850395203
[loftr_wrapper.py] pair_ids (48,)
[loftr_wrapper.py] corres: (48, 5)
[loftr_wrapper.py] image0: torch.Size([1, 1, 400, 400])
[loftr_wrapper.py] net forward
[loftr_wrapper.py] mconf, 0.2004799097776413 0.5552017688751221
[loftr_wrapper.py] pair_ids (56,)
[loftr_wrapper.py] corres: (56, 5)
[loftr_wrapper.py] image0: torch.Size([1, 1, 400, 400])
[loftr_wrapper.py] net forward
[loftr_wrapper.py] mconf, 0.20397630333900452 0.6526803970336914
[loftr_wrapper.py] pair_ids (44,)
[loftr_wrapper.py] corres: (44, 5)
  B MD-prior AP12 101/240 4.5s/kf | E-I=7.60 E-L=17.34 E-V2=107.35 E-V5b=56.53 E-V5b_r20=70.77 E-V5d=56.77 E-V5d_r20=70.82 E-V5x2=71.97 E-V5x2_r20=65.55 E-VI=71.97 E-VI_r20=73.68 | rot0 20.00
/home/kist/Desktop/BundleSAM3DGS/experiments/vggt_probe/models.py:30: FutureWarning: `torch.cuda.amp.autocast(args...)` is deprecated. Please use `torch.amp.autocast('cuda', args...)` instead.
  with torch.cuda.amp.autocast(dtype=torch.bfloat16):
/home/kist/venvs/vggt_probe/lib/python3.10/site-packages/vggt/models/vggt.py:65: FutureWarning: `torch.cuda.amp.autocast(args...)` is deprecated. Please use `torch.amp.autocast('cuda', args...)` instead.
  with torch.cuda.amp.autocast(enabled=False):
[loftr_wrapper.py] image0: torch.Size([1, 1, 400, 400])
/home/kist/Desktop/BundleSAM3DGS/loftr_wrapper.py:45: FutureWarning: `torch.cuda.amp.autocast(args...)` is deprecated. Please use `torch.amp.autocast('cuda', args...)` instead.
  with torch.cuda.amp.autocast(enabled=True):
[loftr_wrapper.py] net forward
[loftr_wrapper.py] mconf, 0.2018553465604782 0.743871808052063
[loftr_wrapper.py] pair_ids (45,)
[loftr_wrapper.py] corres: (45, 5)
[loftr_wrapper.py] image0: torch.Size([1, 1, 400, 400])
[loftr_wrapper.py] net forward
[loftr_wrapper.py] mconf, 0.20047231018543243 0.8206372261047363
[loftr_wrapper.py] pair_ids (78,)
[loftr_wrapper.py] corres: (78, 5)
[loftr_wrapper.py] image0: torch.Size([1, 1, 400, 400])
[loftr_wrapper.py] net forward
[loftr_wrapper.py] mconf, 0.20215381681919098 0.6090661883354187
[loftr_wrapper.py] pair_ids (48,)
[loftr_wrapper.py] corres: (48, 5)
[loftr_wrapper.py] image0: torch.Size([1, 1, 400, 400])
[loftr_wrapper.py] net forward
[loftr_wrapper.py] mconf, 0.20201921463012695 0.6156995296478271
[loftr_wrapper.py] pair_ids (51,)
[loftr_wrapper.py] corres: (51, 5)
[loftr_wrapper.py] image0: torch.Size([1, 1, 400, 400])
[loftr_wrapper.py] net forward
[loftr_wrapper.py] mconf, 0.20270031690597534 0.6528719067573547
[loftr_wrapper.py] pair_ids (37,)
[loftr_wrapper.py] corres: (37, 5)
[loftr_wrapper.py] image0: torch.Size([1, 1, 400, 400])
[loftr_wrapper.py] net forward
[loftr_wrapper.py] mconf, 0.20237702131271362 0.47399577498435974
[loftr_wrapper.py] pair_ids (43,)
[loftr_wrapper.py] corres: (43, 5)
[loftr_wrapper.py] image0: torch.Size([1, 1, 400, 400])
[loftr_wrapper.py] net forward
[loftr_wrapper.py] mconf, 0.20056359469890594 0.5979003310203552
[loftr_wrapper.py] pair_ids (38,)
[loftr_wrapper.py] corres: (38, 5)
[loftr_wrapper.py] image0: torch.Size([1, 1, 400, 400])
[loftr_wrapper.py] net forward
[loftr_wrapper.py] mconf, 0.20364969968795776 0.762882649898529
[loftr_wrapper.py] pair_ids (29,)
[loftr_wrapper.py] corres: (29, 5)
[loftr_wrapper.py] image0: torch.Size([1, 1, 400, 400])
[loftr_wrapper.py] net forward
[loftr_wrapper.py] mconf, 0.20484457910060883 0.7198832631111145
[loftr_wrapper.py] pair_ids (61,)
[loftr_wrapper.py] corres: (61, 5)
[loftr_wrapper.py] image0: torch.Size([1, 1, 400, 400])
[loftr_wrapper.py] net forward
[loftr_wrapper.py] mconf, 0.20075064897537231 0.6452525854110718
[loftr_wrapper.py] pair_ids (48,)
[loftr_wrapper.py] corres: (48, 5)
[loftr_wrapper.py] image0: torch.Size([1, 1, 400, 400])
[loftr_wrapper.py] net forward
[loftr_wrapper.py] mconf, 0.2010851353406906 0.6818247437477112
[loftr_wrapper.py] pair_ids (51,)
[loftr_wrapper.py] corres: (51, 5)
[loftr_wrapper.py] image0: torch.Size([1, 1, 400, 400])
[loftr_wrapper.py] net forward
[loftr_wrapper.py] mconf, 0.20300854742527008 0.5814399719238281
[loftr_wrapper.py] pair_ids (34,)
[loftr_wrapper.py] corres: (34, 5)
[loftr_wrapper.py] image0: torch.Size([1, 1, 400, 400])
[loftr_wrapper.py] net forward
[loftr_wrapper.py] mconf, 0.202767476439476 0.5423255562782288
[loftr_wrapper.py] pair_ids (28,)
[loftr_wrapper.py] corres: (28, 5)
[loftr_wrapper.py] image0: torch.Size([1, 1, 400, 400])
[loftr_wrapper.py] net forward
[loftr_wrapper.py] mconf, 0.20041142404079437 0.7346910834312439
[loftr_wrapper.py] pair_ids (25,)
[loftr_wrapper.py] corres: (25, 5)
[loftr_wrapper.py] image0: torch.Size([1, 1, 400, 400])
[loftr_wrapper.py] net forward
[loftr_wrapper.py] mconf, 0.20143355429172516 0.4228402376174927
[loftr_wrapper.py] pair_ids (27,)
[loftr_wrapper.py] corres: (27, 5)
[loftr_wrapper.py] image0: torch.Size([1, 1, 400, 400])
[loftr_wrapper.py] net forward
[loftr_wrapper.py] mconf, 0.2070881426334381 0.627184271812439
[loftr_wrapper.py] pair_ids (27,)
[loftr_wrapper.py] corres: (27, 5)
[loftr_wrapper.py] image0: torch.Size([1, 1, 400, 400])
[loftr_wrapper.py] net forward
[loftr_wrapper.py] mconf, 0.20013019442558289 0.8545087575912476
[loftr_wrapper.py] pair_ids (69,)
[loftr_wrapper.py] corres: (69, 5)
[loftr_wrapper.py] image0: torch.Size([1, 1, 400, 400])
[loftr_wrapper.py] net forward
[loftr_wrapper.py] mconf, 0.20009543001651764 0.6386391520500183
[loftr_wrapper.py] pair_ids (41,)
[loftr_wrapper.py] corres: (41, 5)
[loftr_wrapper.py] image0: torch.Size([1, 1, 400, 400])
[loftr_wrapper.py] net forward
[loftr_wrapper.py] mconf, 0.20356211066246033 0.8820692896842957
[loftr_wrapper.py] pair_ids (48,)
[loftr_wrapper.py] corres: (48, 5)
[loftr_wrapper.py] image0: torch.Size([1, 1, 400, 400])
[loftr_wrapper.py] net forward
[loftr_wrapper.py] mconf, 0.20281538367271423 0.5497105121612549
[loftr_wrapper.py] pair_ids (34,)
[loftr_wrapper.py] corres: (34, 5)
[loftr_wrapper.py] image0: torch.Size([1, 1, 400, 400])
[loftr_wrapper.py] net forward
[loftr_wrapper.py] mconf, 0.2012711763381958 0.695595383644104
[loftr_wrapper.py] pair_ids (66,)
[loftr_wrapper.py] corres: (66, 5)
[loftr_wrapper.py] image0: torch.Size([1, 1, 400, 400])
[loftr_wrapper.py] net forward
[loftr_wrapper.py] mconf, 0.20867249369621277 0.6398412585258484
[loftr_wrapper.py] pair_ids (35,)
[loftr_wrapper.py] corres: (35, 5)
[loftr_wrapper.py] image0: torch.Size([1, 1, 400, 400])
[loftr_wrapper.py] net forward
[loftr_wrapper.py] mconf, 0.2005046159029007 0.5918192863464355
[loftr_wrapper.py] pair_ids (73,)
[loftr_wrapper.py] corres: (73, 5)
[loftr_wrapper.py] image0: torch.Size([1, 1, 400, 400])
[loftr_wrapper.py] net forward
[loftr_wrapper.py] mconf, 0.20201881229877472 0.8052643537521362
[loftr_wrapper.py] pair_ids (51,)
[loftr_wrapper.py] corres: (51, 5)
[loftr_wrapper.py] image0: torch.Size([1, 1, 400, 400])
[loftr_wrapper.py] net forward
[loftr_wrapper.py] mconf, 0.2045724093914032 0.6540570259094238
[loftr_wrapper.py] pair_ids (57,)
[loftr_wrapper.py] corres: (57, 5)
  B MD-prior AP12 126/240 4.6s/kf | E-I=6.36 E-L=20.00 E-V2=121.58 E-V5b=77.04 E-V5b_r20=76.15 E-V5d=76.94 E-V5d_r20=76.23 E-V5x2=56.84 E-V5x2_r20=67.16 E-VI=65.48 E-VI_r20=76.10 | rot0 20.00
/home/kist/Desktop/BundleSAM3DGS/experiments/vggt_probe/models.py:30: FutureWarning: `torch.cuda.amp.autocast(args...)` is deprecated. Please use `torch.amp.autocast('cuda', args...)` instead.
  with torch.cuda.amp.autocast(dtype=torch.bfloat16):
/home/kist/venvs/vggt_probe/lib/python3.10/site-packages/vggt/models/vggt.py:65: FutureWarning: `torch.cuda.amp.autocast(args...)` is deprecated. Please use `torch.amp.autocast('cuda', args...)` instead.
  with torch.cuda.amp.autocast(enabled=False):
[loftr_wrapper.py] image0: torch.Size([1, 1, 400, 400])
/home/kist/Desktop/BundleSAM3DGS/loftr_wrapper.py:45: FutureWarning: `torch.cuda.amp.autocast(args...)` is deprecated. Please use `torch.amp.autocast('cuda', args...)` instead.
  with torch.cuda.amp.autocast(enabled=True):
[loftr_wrapper.py] net forward
[loftr_wrapper.py] mconf, 0.201703742146492 0.7680161595344543
[loftr_wrapper.py] pair_ids (45,)
[loftr_wrapper.py] corres: (45, 5)
[loftr_wrapper.py] image0: torch.Size([1, 1, 400, 400])
[loftr_wrapper.py] net forward
[loftr_wrapper.py] mconf, 0.20021414756774902 0.6049360036849976
[loftr_wrapper.py] pair_ids (45,)
[loftr_wrapper.py] corres: (45, 5)
[loftr_wrapper.py] image0: torch.Size([1, 1, 400, 400])
[loftr_wrapper.py] net forward
[loftr_wrapper.py] mconf, 0.2010336071252823 0.6109181642532349
[loftr_wrapper.py] pair_ids (47,)
[loftr_wrapper.py] corres: (47, 5)
[loftr_wrapper.py] image0: torch.Size([1, 1, 400, 400])
[loftr_wrapper.py] net forward
[loftr_wrapper.py] mconf, 0.202146515250206 0.5269539952278137
[loftr_wrapper.py] pair_ids (53,)
[loftr_wrapper.py] corres: (53, 5)
[loftr_wrapper.py] image0: torch.Size([1, 1, 400, 400])
[loftr_wrapper.py] net forward
[loftr_wrapper.py] mconf, 0.2007266879081726 0.5245169997215271
[loftr_wrapper.py] pair_ids (35,)
[loftr_wrapper.py] corres: (35, 5)
[loftr_wrapper.py] image0: torch.Size([1, 1, 400, 400])
[loftr_wrapper.py] net forward
[loftr_wrapper.py] mconf, 0.2017463594675064 0.6714625954627991
[loftr_wrapper.py] pair_ids (46,)
[loftr_wrapper.py] corres: (46, 5)
[loftr_wrapper.py] image0: torch.Size([1, 1, 400, 400])
[loftr_wrapper.py] net forward
[loftr_wrapper.py] mconf, 0.20155180990695953 0.6691116690635681
[loftr_wrapper.py] pair_ids (48,)
[loftr_wrapper.py] corres: (48, 5)
[loftr_wrapper.py] image0: torch.Size([1, 1, 400, 400])
[loftr_wrapper.py] net forward
[loftr_wrapper.py] mconf, 0.20088306069374084 0.6992883086204529
[loftr_wrapper.py] pair_ids (54,)
[loftr_wrapper.py] corres: (54, 5)
[loftr_wrapper.py] image0: torch.Size([1, 1, 400, 400])
[loftr_wrapper.py] net forward
[loftr_wrapper.py] mconf, 0.20395870506763458 0.7041252255439758
[loftr_wrapper.py] pair_ids (52,)
[loftr_wrapper.py] corres: (52, 5)
[loftr_wrapper.py] image0: torch.Size([1, 1, 400, 400])
[loftr_wrapper.py] net forward
[loftr_wrapper.py] mconf, 0.20078371465206146 0.7858846783638
[loftr_wrapper.py] pair_ids (38,)
[loftr_wrapper.py] corres: (38, 5)
[loftr_wrapper.py] image0: torch.Size([1, 1, 400, 400])
[loftr_wrapper.py] net forward
[loftr_wrapper.py] mconf, 0.20220103859901428 0.684778094291687
[loftr_wrapper.py] pair_ids (45,)
[loftr_wrapper.py] corres: (45, 5)
[loftr_wrapper.py] image0: torch.Size([1, 1, 400, 400])
[loftr_wrapper.py] net forward
[loftr_wrapper.py] mconf, 0.2107325792312622 0.7790185809135437
[loftr_wrapper.py] pair_ids (48,)
[loftr_wrapper.py] corres: (48, 5)
[loftr_wrapper.py] image0: torch.Size([1, 1, 400, 400])
[loftr_wrapper.py] net forward
[loftr_wrapper.py] mconf, 0.20120662450790405 0.6900430917739868
[loftr_wrapper.py] pair_ids (64,)
[loftr_wrapper.py] corres: (64, 5)
[loftr_wrapper.py] image0: torch.Size([1, 1, 400, 400])
[loftr_wrapper.py] net forward
[loftr_wrapper.py] mconf, 0.206953227519989 0.7439581751823425
[loftr_wrapper.py] pair_ids (53,)
[loftr_wrapper.py] corres: (53, 5)
[loftr_wrapper.py] image0: torch.Size([1, 1, 400, 400])
[loftr_wrapper.py] net forward
[loftr_wrapper.py] mconf, 0.20117716491222382 0.7212840914726257
[loftr_wrapper.py] pair_ids (46,)
[loftr_wrapper.py] corres: (46, 5)
[loftr_wrapper.py] image0: torch.Size([1, 1, 400, 400])
[loftr_wrapper.py] net forward
[loftr_wrapper.py] mconf, 0.20291413366794586 0.6349294185638428
[loftr_wrapper.py] pair_ids (60,)
[loftr_wrapper.py] corres: (60, 5)
[loftr_wrapper.py] image0: torch.Size([1, 1, 400, 400])
[loftr_wrapper.py] net forward
[loftr_wrapper.py] mconf, 0.20106784999370575 0.8091115355491638
[loftr_wrapper.py] pair_ids (46,)
[loftr_wrapper.py] corres: (46, 5)
[loftr_wrapper.py] image0: torch.Size([1, 1, 400, 400])
[loftr_wrapper.py] net forward
[loftr_wrapper.py] mconf, 0.200150728225708 0.7315128445625305
[loftr_wrapper.py] pair_ids (71,)
[loftr_wrapper.py] corres: (71, 5)
[loftr_wrapper.py] image0: torch.Size([1, 1, 400, 400])
[loftr_wrapper.py] net forward
[loftr_wrapper.py] mconf, 0.20000575482845306 0.8082426190376282
[loftr_wrapper.py] pair_ids (72,)
[loftr_wrapper.py] corres: (72, 5)
[loftr_wrapper.py] image0: torch.Size([1, 1, 400, 400])
[loftr_wrapper.py] net forward
[loftr_wrapper.py] mconf, 0.20192496478557587 0.8044372797012329
[loftr_wrapper.py] pair_ids (41,)
[loftr_wrapper.py] corres: (41, 5)
[loftr_wrapper.py] image0: torch.Size([1, 1, 400, 400])
[loftr_wrapper.py] net forward
[loftr_wrapper.py] mconf, 0.20343874394893646 0.7471613883972168
[loftr_wrapper.py] pair_ids (53,)
[loftr_wrapper.py] corres: (53, 5)
[loftr_wrapper.py] image0: torch.Size([1, 1, 400, 400])
[loftr_wrapper.py] net forward
[loftr_wrapper.py] mconf, 0.2014765739440918 0.5588605999946594
[loftr_wrapper.py] pair_ids (26,)
[loftr_wrapper.py] corres: (26, 5)
[loftr_wrapper.py] image0: torch.Size([1, 1, 400, 400])
[loftr_wrapper.py] net forward
[loftr_wrapper.py] mconf, 0.2002429962158203 0.7739068865776062
[loftr_wrapper.py] pair_ids (56,)
[loftr_wrapper.py] corres: (56, 5)
[loftr_wrapper.py] image0: torch.Size([1, 1, 400, 400])
[loftr_wrapper.py] net forward
[loftr_wrapper.py] mconf, 0.2018309384584427 0.8381239771842957
[loftr_wrapper.py] pair_ids (39,)
[loftr_wrapper.py] corres: (39, 5)
[loftr_wrapper.py] image0: torch.Size([1, 1, 400, 400])
[loftr_wrapper.py] net forward
[loftr_wrapper.py] mconf, 0.20170193910598755 0.5952636003494263
[loftr_wrapper.py] pair_ids (46,)
[loftr_wrapper.py] corres: (46, 5)
  B MD-prior AP12 151/240 4.3s/kf | E-I=10.25 E-L=30.00 E-V2=81.61 E-V5b=106.61 E-V5b_r20=59.91 E-V5d=106.85 E-V5d_r20=60.06 E-V5x2=74.21 E-V5x2_r20=65.61 E-VI=69.47 E-VI_r20=65.61 | rot0 30.00
/home/kist/Desktop/BundleSAM3DGS/experiments/vggt_probe/models.py:30: FutureWarning: `torch.cuda.amp.autocast(args...)` is deprecated. Please use `torch.amp.autocast('cuda', args...)` instead.
  with torch.cuda.amp.autocast(dtype=torch.bfloat16):
/home/kist/venvs/vggt_probe/lib/python3.10/site-packages/vggt/models/vggt.py:65: FutureWarning: `torch.cuda.amp.autocast(args...)` is deprecated. Please use `torch.amp.autocast('cuda', args...)` instead.
  with torch.cuda.amp.autocast(enabled=False):
[loftr_wrapper.py] image0: torch.Size([1, 1, 400, 400])
/home/kist/Desktop/BundleSAM3DGS/loftr_wrapper.py:45: FutureWarning: `torch.cuda.amp.autocast(args...)` is deprecated. Please use `torch.amp.autocast('cuda', args...)` instead.
  with torch.cuda.amp.autocast(enabled=True):
[loftr_wrapper.py] net forward
[loftr_wrapper.py] mconf, 0.20004358887672424 0.6038998961448669
[loftr_wrapper.py] pair_ids (60,)
[loftr_wrapper.py] corres: (60, 5)
[loftr_wrapper.py] image0: torch.Size([1, 1, 400, 400])
[loftr_wrapper.py] net forward
[loftr_wrapper.py] mconf, 0.20300498604774475 0.6218437552452087
[loftr_wrapper.py] pair_ids (32,)
[loftr_wrapper.py] corres: (32, 5)
[loftr_wrapper.py] image0: torch.Size([1, 1, 400, 400])
[loftr_wrapper.py] net forward
[loftr_wrapper.py] mconf, 0.20041890442371368 0.7524784803390503
[loftr_wrapper.py] pair_ids (34,)
[loftr_wrapper.py] corres: (34, 5)
[loftr_wrapper.py] image0: torch.Size([1, 1, 400, 400])
[loftr_wrapper.py] net forward
[loftr_wrapper.py] mconf, 0.20885783433914185 0.47530996799468994
[loftr_wrapper.py] pair_ids (26,)
[loftr_wrapper.py] corres: (26, 5)
[loftr_wrapper.py] image0: torch.Size([1, 1, 400, 400])
[loftr_wrapper.py] net forward
[loftr_wrapper.py] mconf, 0.21325679123401642 0.6228815913200378
[loftr_wrapper.py] pair_ids (26,)
[loftr_wrapper.py] corres: (26, 5)
[loftr_wrapper.py] image0: torch.Size([1, 1, 400, 400])
[loftr_wrapper.py] net forward
[loftr_wrapper.py] mconf, 0.20073649287223816 0.5964872241020203
[loftr_wrapper.py] pair_ids (43,)
[loftr_wrapper.py] corres: (43, 5)
[loftr_wrapper.py] image0: torch.Size([1, 1, 400, 400])
[loftr_wrapper.py] net forward
[loftr_wrapper.py] mconf, 0.20066040754318237 0.6001506447792053
[loftr_wrapper.py] pair_ids (42,)
[loftr_wrapper.py] corres: (42, 5)
[loftr_wrapper.py] image0: torch.Size([1, 1, 400, 400])
[loftr_wrapper.py] net forward
[loftr_wrapper.py] mconf, 0.2006462812423706 0.7250204682350159
[loftr_wrapper.py] pair_ids (35,)
[loftr_wrapper.py] corres: (35, 5)
[loftr_wrapper.py] image0: torch.Size([1, 1, 400, 400])
[loftr_wrapper.py] net forward
[loftr_wrapper.py] mconf, 0.20047813653945923 0.629742443561554
[loftr_wrapper.py] pair_ids (54,)
[loftr_wrapper.py] corres: (54, 5)
[loftr_wrapper.py] image0: torch.Size([1, 1, 400, 400])
[loftr_wrapper.py] net forward
[loftr_wrapper.py] mconf, 0.20062831044197083 0.4642183482646942
[loftr_wrapper.py] pair_ids (30,)
[loftr_wrapper.py] corres: (30, 5)
[loftr_wrapper.py] image0: torch.Size([1, 1, 400, 400])
[loftr_wrapper.py] net forward
[loftr_wrapper.py] mconf, 0.2030644565820694 0.5724614858627319
[loftr_wrapper.py] pair_ids (32,)
[loftr_wrapper.py] corres: (32, 5)
[loftr_wrapper.py] image0: torch.Size([1, 1, 400, 400])
[loftr_wrapper.py] net forward
[loftr_wrapper.py] mconf, 0.20322221517562866 0.5567060708999634
[loftr_wrapper.py] pair_ids (24,)
[loftr_wrapper.py] corres: (24, 5)
[loftr_wrapper.py] image0: torch.Size([1, 1, 400, 400])
[loftr_wrapper.py] net forward
[loftr_wrapper.py] mconf, 0.20002436637878418 0.7560128569602966
[loftr_wrapper.py] pair_ids (19,)
[loftr_wrapper.py] corres: (19, 5)
[loftr_wrapper.py] image0: torch.Size([1, 1, 400, 400])
[loftr_wrapper.py] net forward
[loftr_wrapper.py] mconf, 0.20073430240154266 0.8527727127075195
[loftr_wrapper.py] pair_ids (38,)
[loftr_wrapper.py] corres: (38, 5)
[loftr_wrapper.py] image0: torch.Size([1, 1, 400, 400])
[loftr_wrapper.py] net forward
[loftr_wrapper.py] mconf, 0.2022329568862915 0.7875189781188965
[loftr_wrapper.py] pair_ids (47,)
[loftr_wrapper.py] corres: (47, 5)
[loftr_wrapper.py] image0: torch.Size([1, 1, 400, 400])
[loftr_wrapper.py] net forward
[loftr_wrapper.py] mconf, 0.20144173502922058 0.6800625324249268
[loftr_wrapper.py] pair_ids (26,)
[loftr_wrapper.py] corres: (26, 5)
[loftr_wrapper.py] image0: torch.Size([1, 1, 400, 400])
[loftr_wrapper.py] net forward
[loftr_wrapper.py] mconf, 0.20614434778690338 0.6827229857444763
[loftr_wrapper.py] pair_ids (36,)
[loftr_wrapper.py] corres: (36, 5)
[loftr_wrapper.py] image0: torch.Size([1, 1, 400, 400])
[loftr_wrapper.py] net forward
[loftr_wrapper.py] mconf, 0.2074221968650818 0.6442346572875977
[loftr_wrapper.py] pair_ids (37,)
[loftr_wrapper.py] corres: (37, 5)
[loftr_wrapper.py] image0: torch.Size([1, 1, 400, 400])
[loftr_wrapper.py] net forward
[loftr_wrapper.py] mconf, 0.20013755559921265 0.5713397264480591
[loftr_wrapper.py] pair_ids (47,)
[loftr_wrapper.py] corres: (47, 5)
[loftr_wrapper.py] image0: torch.Size([1, 1, 400, 400])
[loftr_wrapper.py] net forward
[loftr_wrapper.py] mconf, 0.20581969618797302 0.6983607411384583
[loftr_wrapper.py] pair_ids (33,)
[loftr_wrapper.py] corres: (33, 5)
[loftr_wrapper.py] image0: torch.Size([1, 1, 400, 400])
[loftr_wrapper.py] net forward
[loftr_wrapper.py] mconf, 0.2073720246553421 0.6494109630584717
[loftr_wrapper.py] pair_ids (41,)
[loftr_wrapper.py] corres: (41, 5)
[loftr_wrapper.py] image0: torch.Size([1, 1, 400, 400])
[loftr_wrapper.py] net forward
[loftr_wrapper.py] mconf, 0.20236438512802124 0.5087280869483948
[loftr_wrapper.py] pair_ids (39,)
[loftr_wrapper.py] corres: (39, 5)
[loftr_wrapper.py] image0: torch.Size([1, 1, 400, 400])
[loftr_wrapper.py] net forward
[loftr_wrapper.py] mconf, 0.2014961540699005 0.6743170022964478
[loftr_wrapper.py] pair_ids (47,)
[loftr_wrapper.py] corres: (47, 5)
[loftr_wrapper.py] image0: torch.Size([1, 1, 400, 400])
[loftr_wrapper.py] net forward
[loftr_wrapper.py] mconf, 0.20676018297672272 0.6140714883804321
[loftr_wrapper.py] pair_ids (27,)
[loftr_wrapper.py] corres: (27, 5)
[loftr_wrapper.py] image0: torch.Size([1, 1, 400, 400])
[loftr_wrapper.py] net forward
[loftr_wrapper.py] mconf, 0.2006479650735855 0.740938663482666
[loftr_wrapper.py] pair_ids (57,)
[loftr_wrapper.py] corres: (57, 5)
  B MD-prior AP12 176/240 4.7s/kf | E-I=14.98 E-L=45.00 E-V2=120.52 E-V5b=92.93 E-V5b_r20=68.80 E-V5d=92.99 E-V5d_r20=68.92 E-V5x2=42.20 E-V5x2_r20=90.44 E-VI=79.98 E-VI_r20=90.44 | rot0 45.00
/home/kist/Desktop/BundleSAM3DGS/experiments/vggt_probe/models.py:30: FutureWarning: `torch.cuda.amp.autocast(args...)` is deprecated. Please use `torch.amp.autocast('cuda', args...)` instead.
  with torch.cuda.amp.autocast(dtype=torch.bfloat16):
/home/kist/venvs/vggt_probe/lib/python3.10/site-packages/vggt/models/vggt.py:65: FutureWarning: `torch.cuda.amp.autocast(args...)` is deprecated. Please use `torch.amp.autocast('cuda', args...)` instead.
  with torch.cuda.amp.autocast(enabled=False):
[loftr_wrapper.py] image0: torch.Size([1, 1, 400, 400])
/home/kist/Desktop/BundleSAM3DGS/loftr_wrapper.py:45: FutureWarning: `torch.cuda.amp.autocast(args...)` is deprecated. Please use `torch.amp.autocast('cuda', args...)` instead.
  with torch.cuda.amp.autocast(enabled=True):
[loftr_wrapper.py] net forward
[loftr_wrapper.py] mconf, 0.20923542976379395 0.7588481903076172
[loftr_wrapper.py] pair_ids (35,)
[loftr_wrapper.py] corres: (35, 5)
[loftr_wrapper.py] image0: torch.Size([1, 1, 400, 400])
[loftr_wrapper.py] net forward
[loftr_wrapper.py] mconf, 0.20842352509498596 0.4640340805053711
[loftr_wrapper.py] pair_ids (28,)
[loftr_wrapper.py] corres: (28, 5)
[loftr_wrapper.py] image0: torch.Size([1, 1, 400, 400])
[loftr_wrapper.py] net forward
[loftr_wrapper.py] mconf, 0.21196971833705902 0.7590933442115784
[loftr_wrapper.py] pair_ids (41,)
[loftr_wrapper.py] corres: (41, 5)
[loftr_wrapper.py] image0: torch.Size([1, 1, 400, 400])
[loftr_wrapper.py] net forward
[loftr_wrapper.py] mconf, 0.20203518867492676 0.5687462687492371
[loftr_wrapper.py] pair_ids (48,)
[loftr_wrapper.py] corres: (48, 5)
[loftr_wrapper.py] image0: torch.Size([1, 1, 400, 400])
[loftr_wrapper.py] net forward
[loftr_wrapper.py] mconf, 0.20343910157680511 0.816119372844696
[loftr_wrapper.py] pair_ids (51,)
[loftr_wrapper.py] corres: (51, 5)
[loftr_wrapper.py] image0: torch.Size([1, 1, 400, 400])
[loftr_wrapper.py] net forward
[loftr_wrapper.py] mconf, 0.21597519516944885 0.7745051980018616
[loftr_wrapper.py] pair_ids (29,)
[loftr_wrapper.py] corres: (29, 5)
[loftr_wrapper.py] image0: torch.Size([1, 1, 400, 400])
[loftr_wrapper.py] net forward
[loftr_wrapper.py] mconf, 0.20057639479637146 0.6924115419387817
[loftr_wrapper.py] pair_ids (35,)
[loftr_wrapper.py] corres: (35, 5)
[loftr_wrapper.py] image0: torch.Size([1, 1, 400, 400])
[loftr_wrapper.py] net forward
[loftr_wrapper.py] mconf, 0.20276959240436554 0.7325716614723206
[loftr_wrapper.py] pair_ids (46,)
[loftr_wrapper.py] corres: (46, 5)
[loftr_wrapper.py] image0: torch.Size([1, 1, 400, 400])
[loftr_wrapper.py] net forward
[loftr_wrapper.py] mconf, 0.20096373558044434 0.6294864416122437
[loftr_wrapper.py] pair_ids (59,)
[loftr_wrapper.py] corres: (59, 5)
[loftr_wrapper.py] image0: torch.Size([1, 1, 400, 400])
[loftr_wrapper.py] net forward
[loftr_wrapper.py] mconf, 0.2099156230688095 0.7330417037010193
[loftr_wrapper.py] pair_ids (16,)
[loftr_wrapper.py] corres: (16, 5)
[loftr_wrapper.py] image0: torch.Size([1, 1, 400, 400])
[loftr_wrapper.py] net forward
[loftr_wrapper.py] mconf, 0.2035256028175354 0.6226294040679932
[loftr_wrapper.py] pair_ids (39,)
[loftr_wrapper.py] corres: (39, 5)
[loftr_wrapper.py] image0: torch.Size([1, 1, 400, 400])
[loftr_wrapper.py] net forward
[loftr_wrapper.py] mconf, 0.2030058205127716 0.6607726812362671
[loftr_wrapper.py] pair_ids (27,)
[loftr_wrapper.py] corres: (27, 5)
[loftr_wrapper.py] image0: torch.Size([1, 1, 400, 400])
[loftr_wrapper.py] net forward
[loftr_wrapper.py] mconf, 0.21457289159297943 0.706128716468811
[loftr_wrapper.py] pair_ids (36,)
[loftr_wrapper.py] corres: (36, 5)
[loftr_wrapper.py] image0: torch.Size([1, 1, 400, 400])
[loftr_wrapper.py] net forward
[loftr_wrapper.py] mconf, 0.2011135071516037 0.7589303851127625
[loftr_wrapper.py] pair_ids (52,)
[loftr_wrapper.py] corres: (52, 5)
[loftr_wrapper.py] image0: torch.Size([1, 1, 400, 400])
[loftr_wrapper.py] net forward
[loftr_wrapper.py] mconf, 0.20410539209842682 0.5974404215812683
[loftr_wrapper.py] pair_ids (39,)
[loftr_wrapper.py] corres: (39, 5)
[loftr_wrapper.py] image0: torch.Size([1, 1, 400, 400])
[loftr_wrapper.py] net forward
[loftr_wrapper.py] mconf, 0.2007867991924286 0.8356858491897583
[loftr_wrapper.py] pair_ids (55,)
[loftr_wrapper.py] corres: (55, 5)
[loftr_wrapper.py] image0: torch.Size([1, 1, 400, 400])
[loftr_wrapper.py] net forward
[loftr_wrapper.py] mconf, 0.21538572013378143 0.46897441148757935
[loftr_wrapper.py] pair_ids (21,)
[loftr_wrapper.py] corres: (21, 5)
[loftr_wrapper.py] image0: torch.Size([1, 1, 400, 400])
[loftr_wrapper.py] net forward
[loftr_wrapper.py] mconf, 0.20583300292491913 0.6899965405464172
[loftr_wrapper.py] pair_ids (26,)
[loftr_wrapper.py] corres: (26, 5)
[loftr_wrapper.py] image0: torch.Size([1, 1, 400, 400])
[loftr_wrapper.py] net forward
[loftr_wrapper.py] mconf, 0.2004527598619461 0.833225667476654
[loftr_wrapper.py] pair_ids (38,)
[loftr_wrapper.py] corres: (38, 5)
[loftr_wrapper.py] image0: torch.Size([1, 1, 400, 400])
[loftr_wrapper.py] net forward
[loftr_wrapper.py] mconf, 0.2038809359073639 0.6621016263961792
[loftr_wrapper.py] pair_ids (28,)
[loftr_wrapper.py] corres: (28, 5)
[loftr_wrapper.py] image0: torch.Size([1, 1, 400, 400])
[loftr_wrapper.py] net forward
[loftr_wrapper.py] mconf, 0.20001855492591858 0.7597326636314392
[loftr_wrapper.py] pair_ids (37,)
[loftr_wrapper.py] corres: (37, 5)
[loftr_wrapper.py] image0: torch.Size([1, 1, 400, 400])
[loftr_wrapper.py] net forward
[loftr_wrapper.py] mconf, 0.20010912418365479 0.4880434274673462
[loftr_wrapper.py] pair_ids (20,)
[loftr_wrapper.py] corres: (20, 5)
[loftr_wrapper.py] image0: torch.Size([1, 1, 400, 400])
[loftr_wrapper.py] net forward
[loftr_wrapper.py] mconf, 0.2016097903251648 0.7986473441123962
[loftr_wrapper.py] pair_ids (33,)
[loftr_wrapper.py] corres: (33, 5)
[loftr_wrapper.py] image0: torch.Size([1, 1, 400, 400])
[loftr_wrapper.py] net forward
[loftr_wrapper.py] mconf, 0.2017955183982849 0.659416139125824
[loftr_wrapper.py] pair_ids (46,)
[loftr_wrapper.py] corres: (46, 5)
[loftr_wrapper.py] image0: torch.Size([1, 1, 400, 400])
[loftr_wrapper.py] net forward
[loftr_wrapper.py] mconf, 0.2038552314043045 0.47239434719085693
[loftr_wrapper.py] pair_ids (20,)
[loftr_wrapper.py] corres: (20, 5)
  B MD-prior AP12 201/240 4.5s/kf | E-I=23.13 E-L=45.00 E-V2=97.38 E-V5b=64.03 E-V5b_r20=68.52 E-V5d=64.35 E-V5d_r20=68.73 E-V5x2=48.84 E-V5x2_r20=78.33 E-VI=48.84 E-VI_r20=79.49 | rot0 45.00
/home/kist/Desktop/BundleSAM3DGS/experiments/vggt_probe/models.py:30: FutureWarning: `torch.cuda.amp.autocast(args...)` is deprecated. Please use `torch.amp.autocast('cuda', args...)` instead.
  with torch.cuda.amp.autocast(dtype=torch.bfloat16):
/home/kist/venvs/vggt_probe/lib/python3.10/site-packages/vggt/models/vggt.py:65: FutureWarning: `torch.cuda.amp.autocast(args...)` is deprecated. Please use `torch.amp.autocast('cuda', args...)` instead.
  with torch.cuda.amp.autocast(enabled=False):
[loftr_wrapper.py] image0: torch.Size([1, 1, 400, 400])
/home/kist/Desktop/BundleSAM3DGS/loftr_wrapper.py:45: FutureWarning: `torch.cuda.amp.autocast(args...)` is deprecated. Please use `torch.amp.autocast('cuda', args...)` instead.
  with torch.cuda.amp.autocast(enabled=True):
[loftr_wrapper.py] net forward
[loftr_wrapper.py] mconf, 0.20373283326625824 0.7523640394210815
[loftr_wrapper.py] pair_ids (52,)
[loftr_wrapper.py] corres: (52, 5)
[loftr_wrapper.py] image0: torch.Size([1, 1, 400, 400])
[loftr_wrapper.py] net forward
[loftr_wrapper.py] mconf, 0.20123909413814545 0.5066295862197876
[loftr_wrapper.py] pair_ids (27,)
[loftr_wrapper.py] corres: (27, 5)
[loftr_wrapper.py] image0: torch.Size([1, 1, 400, 400])
[loftr_wrapper.py] net forward
[loftr_wrapper.py] mconf, 0.20086435973644257 0.736795961856842
[loftr_wrapper.py] pair_ids (23,)
[loftr_wrapper.py] corres: (23, 5)
[loftr_wrapper.py] image0: torch.Size([1, 1, 400, 400])
[loftr_wrapper.py] net forward
[loftr_wrapper.py] mconf, 0.20545238256454468 0.6773926615715027
[loftr_wrapper.py] pair_ids (38,)
[loftr_wrapper.py] corres: (38, 5)
[loftr_wrapper.py] image0: torch.Size([1, 1, 400, 400])
[loftr_wrapper.py] net forward
[loftr_wrapper.py] mconf, 0.20729292929172516 0.7112757563591003
[loftr_wrapper.py] pair_ids (44,)
[loftr_wrapper.py] corres: (44, 5)
[loftr_wrapper.py] image0: torch.Size([1, 1, 400, 400])
[loftr_wrapper.py] net forward
[loftr_wrapper.py] mconf, 0.20072141289710999 0.5870035886764526
[loftr_wrapper.py] pair_ids (44,)
[loftr_wrapper.py] corres: (44, 5)
[loftr_wrapper.py] image0: torch.Size([1, 1, 400, 400])
[loftr_wrapper.py] net forward
[loftr_wrapper.py] mconf, 0.20839521288871765 0.34297871589660645
[loftr_wrapper.py] pair_ids (14,)
[loftr_wrapper.py] corres: (14, 5)
[loftr_wrapper.py] image0: torch.Size([1, 1, 400, 400])
[loftr_wrapper.py] net forward
[loftr_wrapper.py] mconf, 0.21145696938037872 0.3018730878829956
[loftr_wrapper.py] pair_ids (14,)
[loftr_wrapper.py] corres: (14, 5)
[loftr_wrapper.py] image0: torch.Size([1, 1, 400, 400])
[loftr_wrapper.py] net forward
[loftr_wrapper.py] mconf, 0.2116054892539978 0.6902936697006226
[loftr_wrapper.py] pair_ids (28,)
[loftr_wrapper.py] corres: (28, 5)
[loftr_wrapper.py] image0: torch.Size([1, 1, 400, 400])
[loftr_wrapper.py] net forward
[loftr_wrapper.py] mconf, 0.2000596970319748 0.6599428653717041
[loftr_wrapper.py] pair_ids (56,)
[loftr_wrapper.py] corres: (56, 5)
[loftr_wrapper.py] image0: torch.Size([1, 1, 400, 400])
[loftr_wrapper.py] net forward
[loftr_wrapper.py] mconf, 0.2030167430639267 0.6258165836334229
[loftr_wrapper.py] pair_ids (40,)
[loftr_wrapper.py] corres: (40, 5)
[loftr_wrapper.py] image0: torch.Size([1, 1, 400, 400])
[loftr_wrapper.py] net forward
[loftr_wrapper.py] mconf, 0.20449358224868774 0.7159016728401184
[loftr_wrapper.py] pair_ids (57,)
[loftr_wrapper.py] corres: (57, 5)
[loftr_wrapper.py] image0: torch.Size([1, 1, 400, 400])
[loftr_wrapper.py] net forward
[loftr_wrapper.py] mconf, 0.20328670740127563 0.5486003160476685
[loftr_wrapper.py] pair_ids (46,)
[loftr_wrapper.py] corres: (46, 5)
[loftr_wrapper.py] image0: torch.Size([1, 1, 400, 400])
[loftr_wrapper.py] net forward
[loftr_wrapper.py] mconf, 0.20285001397132874 0.6838244795799255
[loftr_wrapper.py] pair_ids (34,)
[loftr_wrapper.py] corres: (34, 5)
[loftr_wrapper.py] image0: torch.Size([1, 1, 400, 400])
[loftr_wrapper.py] net forward
[loftr_wrapper.py] mconf, 0.20045743882656097 0.6041556000709534
[loftr_wrapper.py] pair_ids (40,)
[loftr_wrapper.py] corres: (40, 5)
[loftr_wrapper.py] image0: torch.Size([1, 1, 400, 400])
[loftr_wrapper.py] net forward
[loftr_wrapper.py] mconf, 0.20063582062721252 0.6774119734764099
[loftr_wrapper.py] pair_ids (25,)
[loftr_wrapper.py] corres: (25, 5)
[loftr_wrapper.py] image0: torch.Size([1, 1, 400, 400])
[loftr_wrapper.py] net forward
[loftr_wrapper.py] mconf, 0.20036937296390533 0.6318042278289795
[loftr_wrapper.py] pair_ids (31,)
[loftr_wrapper.py] corres: (31, 5)
[loftr_wrapper.py] image0: torch.Size([1, 1, 400, 400])
[loftr_wrapper.py] net forward
[loftr_wrapper.py] mconf, 0.20061250030994415 0.7944364547729492
[loftr_wrapper.py] pair_ids (34,)
[loftr_wrapper.py] corres: (34, 5)
[loftr_wrapper.py] image0: torch.Size([1, 1, 400, 400])
[loftr_wrapper.py] net forward
[loftr_wrapper.py] mconf, 0.2014305740594864 0.5671967267990112
[loftr_wrapper.py] pair_ids (36,)
[loftr_wrapper.py] corres: (36, 5)
[loftr_wrapper.py] image0: torch.Size([1, 1, 400, 400])
[loftr_wrapper.py] net forward
[loftr_wrapper.py] mconf, 0.20792464911937714 0.5291701555252075
[loftr_wrapper.py] pair_ids (37,)
[loftr_wrapper.py] corres: (37, 5)
[loftr_wrapper.py] image0: torch.Size([1, 1, 400, 400])
[loftr_wrapper.py] net forward
[loftr_wrapper.py] mconf, 0.20298612117767334 0.6163867712020874
[loftr_wrapper.py] pair_ids (48,)
[loftr_wrapper.py] corres: (48, 5)
[loftr_wrapper.py] image0: torch.Size([1, 1, 400, 400])
[loftr_wrapper.py] net forward
[loftr_wrapper.py] mconf, 0.20333588123321533 0.6814427971839905
[loftr_wrapper.py] pair_ids (35,)
[loftr_wrapper.py] corres: (35, 5)
[loftr_wrapper.py] image0: torch.Size([1, 1, 400, 400])
[loftr_wrapper.py] net forward
[loftr_wrapper.py] mconf, 0.20705607533454895 0.5465844869613647
[loftr_wrapper.py] pair_ids (78,)
[loftr_wrapper.py] corres: (78, 5)
[loftr_wrapper.py] image0: torch.Size([1, 1, 400, 400])
[loftr_wrapper.py] net forward
[loftr_wrapper.py] mconf, 0.20449359714984894 0.5415760278701782
[loftr_wrapper.py] pair_ids (34,)
[loftr_wrapper.py] corres: (34, 5)
[loftr_wrapper.py] image0: torch.Size([1, 1, 400, 400])
[loftr_wrapper.py] net forward
[loftr_wrapper.py] mconf, 0.20196180045604706 0.6392544507980347
[loftr_wrapper.py] pair_ids (42,)
[loftr_wrapper.py] corres: (42, 5)
  B MD-prior AP12 226/240 4.4s/kf | E-I=53.41 E-L=60.00 E-V2=74.56 E-V5b=60.92 E-V5b_r20=62.29 E-V5d=61.18 E-V5d_r20=62.64 E-V5x2=72.42 E-V5x2_r20=85.28 E-VI=72.42 E-VI_r20=83.90 | rot0 60.00
/home/kist/Desktop/BundleSAM3DGS/experiments/vggt_probe/models.py:30: FutureWarning: `torch.cuda.amp.autocast(args...)` is deprecated. Please use `torch.amp.autocast('cuda', args...)` instead.
  with torch.cuda.amp.autocast(dtype=torch.bfloat16):
/home/kist/venvs/vggt_probe/lib/python3.10/site-packages/vggt/models/vggt.py:65: FutureWarning: `torch.cuda.amp.autocast(args...)` is deprecated. Please use `torch.amp.autocast('cuda', args...)` instead.
  with torch.cuda.amp.autocast(enabled=False):
[loftr_wrapper.py] image0: torch.Size([1, 1, 400, 400])
/home/kist/Desktop/BundleSAM3DGS/loftr_wrapper.py:45: FutureWarning: `torch.cuda.amp.autocast(args...)` is deprecated. Please use `torch.amp.autocast('cuda', args...)` instead.
  with torch.cuda.amp.autocast(enabled=True):
[loftr_wrapper.py] net forward
[loftr_wrapper.py] mconf, 0.20452192425727844 0.624285101890564
[loftr_wrapper.py] pair_ids (35,)
[loftr_wrapper.py] corres: (35, 5)
[loftr_wrapper.py] image0: torch.Size([1, 1, 400, 400])
[loftr_wrapper.py] net forward
[loftr_wrapper.py] mconf, 0.20233985781669617 0.7212209105491638
[loftr_wrapper.py] pair_ids (29,)
[loftr_wrapper.py] corres: (29, 5)
[loftr_wrapper.py] image0: torch.Size([1, 1, 400, 400])
[loftr_wrapper.py] net forward
[loftr_wrapper.py] mconf, 0.20804519951343536 0.5919072031974792
[loftr_wrapper.py] pair_ids (29,)
[loftr_wrapper.py] corres: (29, 5)
[loftr_wrapper.py] image0: torch.Size([1, 1, 400, 400])
[loftr_wrapper.py] net forward
[loftr_wrapper.py] mconf, 0.20276546478271484 0.4423656165599823
[loftr_wrapper.py] pair_ids (14,)
[loftr_wrapper.py] corres: (14, 5)
[loftr_wrapper.py] image0: torch.Size([1, 1, 400, 400])
[loftr_wrapper.py] net forward
[loftr_wrapper.py] mconf, 0.20059038698673248 0.5942292213439941
[loftr_wrapper.py] pair_ids (47,)
[loftr_wrapper.py] corres: (47, 5)
[loftr_wrapper.py] image0: torch.Size([1, 1, 400, 400])
[loftr_wrapper.py] net forward
[loftr_wrapper.py] mconf, 0.20274250209331512 0.6455937027931213
[loftr_wrapper.py] pair_ids (62,)
[loftr_wrapper.py] corres: (62, 5)
[loftr_wrapper.py] image0: torch.Size([1, 1, 400, 400])
[loftr_wrapper.py] net forward
[loftr_wrapper.py] mconf, 0.2024674117565155 0.49940574169158936
[loftr_wrapper.py] pair_ids (30,)
[loftr_wrapper.py] corres: (30, 5)
[loftr_wrapper.py] image0: torch.Size([1, 1, 400, 400])
[loftr_wrapper.py] net forward
[loftr_wrapper.py] mconf, 0.20498530566692352 0.7304950952529907
[loftr_wrapper.py] pair_ids (31,)
[loftr_wrapper.py] corres: (31, 5)
[loftr_wrapper.py] image0: torch.Size([1, 1, 400, 400])
[loftr_wrapper.py] net forward
[loftr_wrapper.py] mconf, 0.20086829364299774 0.771375298500061
[loftr_wrapper.py] pair_ids (35,)
[loftr_wrapper.py] corres: (35, 5)
[loftr_wrapper.py] image0: torch.Size([1, 1, 400, 400])
[loftr_wrapper.py] net forward
[loftr_wrapper.py] mconf, 0.2045435905456543 0.6654483675956726
[loftr_wrapper.py] pair_ids (32,)
[loftr_wrapper.py] corres: (32, 5)
[loftr_wrapper.py] image0: torch.Size([1, 1, 400, 400])
[loftr_wrapper.py] net forward
[loftr_wrapper.py] mconf, 0.20032961666584015 0.6127243638038635
[loftr_wrapper.py] pair_ids (18,)
[loftr_wrapper.py] corres: (18, 5)
[loftr_wrapper.py] image0: torch.Size([1, 1, 400, 400])
[loftr_wrapper.py] net forward
[loftr_wrapper.py] mconf, 0.20019131898880005 0.5882277488708496
[loftr_wrapper.py] pair_ids (31,)
[loftr_wrapper.py] corres: (31, 5)
[loftr_wrapper.py] image0: torch.Size([1, 1, 400, 400])
[loftr_wrapper.py] net forward
[loftr_wrapper.py] mconf, 0.2052295207977295 0.7408113479614258
[loftr_wrapper.py] pair_ids (41,)
[loftr_wrapper.py] corres: (41, 5)
[loftr_wrapper.py] image0: torch.Size([1, 1, 400, 400])
[loftr_wrapper.py] net forward
[loftr_wrapper.py] mconf, 0.20096927881240845 0.6053823232650757
[loftr_wrapper.py] pair_ids (26,)
[loftr_wrapper.py] corres: (26, 5)
DONE B MD-prior AP12 jobs 240 1106s | E-I=9.01/2% E-L=25.89/2% E-V2=94.06/0% E-V5b=81.51/0% E-V5b_r20=73.51/0% E-V5d=82.05/0% E-V5d_r20=73.69/0% E-V5x2=61.67/0% E-V5x2_r20=73.43/0% E-VI=65.92/0% E-VI_r20=75.72/0% | rot0 25.00
[probe] GT rotations orthonormalized (max element change 3.99e-08)
/home/kist/Desktop/BundleSAM3DGS/experiments/vggt_probe/models.py:30: FutureWarning: `torch.cuda.amp.autocast(args...)` is deprecated. Please use `torch.amp.autocast('cuda', args...)` instead.
  with torch.cuda.amp.autocast(dtype=torch.bfloat16):
/home/kist/venvs/vggt_probe/lib/python3.10/site-packages/vggt/models/vggt.py:65: FutureWarning: `torch.cuda.amp.autocast(args...)` is deprecated. Please use `torch.amp.autocast('cuda', args...)` instead.
  with torch.cuda.amp.autocast(enabled=False):
[loftr_wrapper.py] image0: torch.Size([1, 1, 400, 400])
/home/kist/Desktop/BundleSAM3DGS/loftr_wrapper.py:45: FutureWarning: `torch.cuda.amp.autocast(args...)` is deprecated. Please use `torch.amp.autocast('cuda', args...)` instead.
  with torch.cuda.amp.autocast(enabled=True):
[loftr_wrapper.py] net forward
[loftr_wrapper.py] mconf, 0.20006515085697174 0.7974006533622742
[loftr_wrapper.py] pair_ids (108,)
[loftr_wrapper.py] corres: (108, 5)
  B MD-prior MPM12 1/240 4.2s/kf | E-I=12.72 E-L=7.20 E-V2=173.42 E-V5b=148.66 E-V5b_r20=155.17 E-V5d=148.68 E-V5d_r20=155.37 E-V5x2=7.82 E-V5x2_r20=16.10 E-VI=7.82 E-VI_r20=16.10 | rot0 5.00
/home/kist/Desktop/BundleSAM3DGS/experiments/vggt_probe/models.py:30: FutureWarning: `torch.cuda.amp.autocast(args...)` is deprecated. Please use `torch.amp.autocast('cuda', args...)` instead.
  with torch.cuda.amp.autocast(dtype=torch.bfloat16):
/home/kist/venvs/vggt_probe/lib/python3.10/site-packages/vggt/models/vggt.py:65: FutureWarning: `torch.cuda.amp.autocast(args...)` is deprecated. Please use `torch.amp.autocast('cuda', args...)` instead.
  with torch.cuda.amp.autocast(enabled=False):
[loftr_wrapper.py] image0: torch.Size([1, 1, 400, 400])
/home/kist/Desktop/BundleSAM3DGS/loftr_wrapper.py:45: FutureWarning: `torch.cuda.amp.autocast(args...)` is deprecated. Please use `torch.amp.autocast('cuda', args...)` instead.
  with torch.cuda.amp.autocast(enabled=True):
[loftr_wrapper.py] net forward
[loftr_wrapper.py] mconf, 0.2023465633392334 0.790989100933075
[loftr_wrapper.py] pair_ids (70,)
[loftr_wrapper.py] corres: (70, 5)
[loftr_wrapper.py] image0: torch.Size([1, 1, 400, 400])
[loftr_wrapper.py] net forward
[loftr_wrapper.py] mconf, 0.20065833628177643 0.8927911520004272
[loftr_wrapper.py] pair_ids (131,)
[loftr_wrapper.py] corres: (131, 5)
[loftr_wrapper.py] image0: torch.Size([1, 1, 400, 400])
[loftr_wrapper.py] net forward
[loftr_wrapper.py] mconf, 0.20124107599258423 0.9606431722640991
[loftr_wrapper.py] pair_ids (161,)
[loftr_wrapper.py] corres: (161, 5)
[loftr_wrapper.py] image0: torch.Size([1, 1, 400, 400])
[loftr_wrapper.py] net forward
[loftr_wrapper.py] mconf, 0.20161764323711395 0.9881108999252319
[loftr_wrapper.py] pair_ids (406,)
[loftr_wrapper.py] corres: (406, 5)
[loftr_wrapper.py] image0: torch.Size([1, 1, 400, 400])
[loftr_wrapper.py] net forward
[loftr_wrapper.py] mconf, 0.20132263004779816 0.968775749206543
[loftr_wrapper.py] pair_ids (447,)
[loftr_wrapper.py] corres: (447, 5)
[loftr_wrapper.py] image0: torch.Size([1, 1, 400, 400])
[loftr_wrapper.py] net forward
[loftr_wrapper.py] mconf, 0.2017037272453308 0.9310110211372375
[loftr_wrapper.py] pair_ids (292,)
[loftr_wrapper.py] corres: (292, 5)
[loftr_wrapper.py] image0: torch.Size([1, 1, 400, 400])
[loftr_wrapper.py] net forward
[loftr_wrapper.py] mconf, 0.20034877955913544 0.8919900059700012
[loftr_wrapper.py] pair_ids (132,)
[loftr_wrapper.py] corres: (132, 5)
[loftr_wrapper.py] image0: torch.Size([1, 1, 400, 400])
[loftr_wrapper.py] net forward
[loftr_wrapper.py] mconf, 0.20113584399223328 0.6183475255966187
[loftr_wrapper.py] pair_ids (72,)
[loftr_wrapper.py] corres: (72, 5)
[loftr_wrapper.py] image0: torch.Size([1, 1, 400, 400])
[loftr_wrapper.py] net forward
[loftr_wrapper.py] mconf, 0.2019277811050415 0.8641059398651123
[loftr_wrapper.py] pair_ids (101,)
[loftr_wrapper.py] corres: (101, 5)
[loftr_wrapper.py] image0: torch.Size([1, 1, 400, 400])
[loftr_wrapper.py] net forward
[loftr_wrapper.py] mconf, 0.2015344351530075 0.8639427423477173
[loftr_wrapper.py] pair_ids (117,)
[loftr_wrapper.py] corres: (117, 5)
[loftr_wrapper.py] image0: torch.Size([1, 1, 400, 400])
[loftr_wrapper.py] net forward
[loftr_wrapper.py] mconf, 0.20190171897411346 0.8355278372764587
[loftr_wrapper.py] pair_ids (113,)
[loftr_wrapper.py] corres: (113, 5)
[loftr_wrapper.py] image0: torch.Size([1, 1, 400, 400])
[loftr_wrapper.py] net forward
[loftr_wrapper.py] mconf, 0.2014012187719345 0.9180338382720947
[loftr_wrapper.py] pair_ids (220,)
[loftr_wrapper.py] corres: (220, 5)
[loftr_wrapper.py] image0: torch.Size([1, 1, 400, 400])
[loftr_wrapper.py] net forward
[loftr_wrapper.py] mconf, 0.20059466361999512 0.987826406955719
[loftr_wrapper.py] pair_ids (571,)
[loftr_wrapper.py] corres: (571, 5)
[loftr_wrapper.py] image0: torch.Size([1, 1, 400, 400])
[loftr_wrapper.py] net forward
[loftr_wrapper.py] mconf, 0.20028278231620789 0.9894194006919861
[loftr_wrapper.py] pair_ids (612,)
[loftr_wrapper.py] corres: (612, 5)
[loftr_wrapper.py] image0: torch.Size([1, 1, 400, 400])
[loftr_wrapper.py] net forward
[loftr_wrapper.py] mconf, 0.20031777024269104 0.8845739364624023
[loftr_wrapper.py] pair_ids (100,)
[loftr_wrapper.py] corres: (100, 5)
[loftr_wrapper.py] image0: torch.Size([1, 1, 400, 400])
[loftr_wrapper.py] net forward
[loftr_wrapper.py] mconf, 0.20331640541553497 0.9611513018608093
[loftr_wrapper.py] pair_ids (128,)
[loftr_wrapper.py] corres: (128, 5)
[loftr_wrapper.py] image0: torch.Size([1, 1, 400, 400])
[loftr_wrapper.py] net forward
[loftr_wrapper.py] mconf, 0.20113474130630493 0.8208519220352173
[loftr_wrapper.py] pair_ids (81,)
[loftr_wrapper.py] corres: (81, 5)
[loftr_wrapper.py] image0: torch.Size([1, 1, 400, 400])
[loftr_wrapper.py] net forward
[loftr_wrapper.py] mconf, 0.20163944363594055 0.9024995565414429
[loftr_wrapper.py] pair_ids (84,)
[loftr_wrapper.py] corres: (84, 5)
[loftr_wrapper.py] image0: torch.Size([1, 1, 400, 400])
[loftr_wrapper.py] net forward
[loftr_wrapper.py] mconf, 0.20854827761650085 0.8182623386383057
[loftr_wrapper.py] pair_ids (78,)
[loftr_wrapper.py] corres: (78, 5)
[loftr_wrapper.py] image0: torch.Size([1, 1, 400, 400])
[loftr_wrapper.py] net forward
[loftr_wrapper.py] mconf, 0.20438605546951294 0.8916333913803101
[loftr_wrapper.py] pair_ids (73,)
[loftr_wrapper.py] corres: (73, 5)
[loftr_wrapper.py] image0: torch.Size([1, 1, 400, 400])
[loftr_wrapper.py] net forward
[loftr_wrapper.py] mconf, 0.2019212543964386 0.8616867661476135
[loftr_wrapper.py] pair_ids (132,)
[loftr_wrapper.py] corres: (132, 5)
[loftr_wrapper.py] image0: torch.Size([1, 1, 400, 400])
[loftr_wrapper.py] net forward
[loftr_wrapper.py] mconf, 0.20231495797634125 0.9348272681236267
[loftr_wrapper.py] pair_ids (177,)
[loftr_wrapper.py] corres: (177, 5)
[loftr_wrapper.py] image0: torch.Size([1, 1, 400, 400])
[loftr_wrapper.py] net forward
[loftr_wrapper.py] mconf, 0.2002243548631668 0.8811080455780029
[loftr_wrapper.py] pair_ids (107,)
[loftr_wrapper.py] corres: (107, 5)
[loftr_wrapper.py] image0: torch.Size([1, 1, 400, 400])
[loftr_wrapper.py] net forward
[loftr_wrapper.py] mconf, 0.2028530389070511 0.8214994668960571
[loftr_wrapper.py] pair_ids (94,)
[loftr_wrapper.py] corres: (94, 5)
[loftr_wrapper.py] image0: torch.Size([1, 1, 400, 400])
[loftr_wrapper.py] net forward
[loftr_wrapper.py] mconf, 0.20106637477874756 0.9370754957199097
[loftr_wrapper.py] pair_ids (106,)
[loftr_wrapper.py] corres: (106, 5)
  B MD-prior MPM12 26/240 4.3s/kf | E-I=10.72 E-L=8.33 E-V2=119.08 E-V5b=105.28 E-V5b_r20=82.24 E-V5d=105.39 E-V5d_r20=82.47 E-V5x2=42.34 E-V5x2_r20=63.15 E-VI=46.51 E-VI_r20=74.50 | rot0 5.00
/home/kist/Desktop/BundleSAM3DGS/experiments/vggt_probe/models.py:30: FutureWarning: `torch.cuda.amp.autocast(args...)` is deprecated. Please use `torch.amp.autocast('cuda', args...)` instead.
  with torch.cuda.amp.autocast(dtype=torch.bfloat16):
/home/kist/venvs/vggt_probe/lib/python3.10/site-packages/vggt/models/vggt.py:65: FutureWarning: `torch.cuda.amp.autocast(args...)` is deprecated. Please use `torch.amp.autocast('cuda', args...)` instead.
  with torch.cuda.amp.autocast(enabled=False):
[loftr_wrapper.py] image0: torch.Size([1, 1, 400, 400])
/home/kist/Desktop/BundleSAM3DGS/loftr_wrapper.py:45: FutureWarning: `torch.cuda.amp.autocast(args...)` is deprecated. Please use `torch.amp.autocast('cuda', args...)` instead.
  with torch.cuda.amp.autocast(enabled=True):
[loftr_wrapper.py] net forward
[loftr_wrapper.py] mconf, 0.20098644495010376 0.6891688108444214
[loftr_wrapper.py] pair_ids (105,)
[loftr_wrapper.py] corres: (105, 5)
[loftr_wrapper.py] image0: torch.Size([1, 1, 400, 400])
[loftr_wrapper.py] net forward
[loftr_wrapper.py] mconf, 0.2001950442790985 0.7146035432815552
[loftr_wrapper.py] pair_ids (79,)
[loftr_wrapper.py] corres: (79, 5)
[loftr_wrapper.py] image0: torch.Size([1, 1, 400, 400])
[loftr_wrapper.py] net forward
[loftr_wrapper.py] mconf, 0.20092880725860596 0.6540637612342834
[loftr_wrapper.py] pair_ids (97,)
[loftr_wrapper.py] corres: (97, 5)
[loftr_wrapper.py] image0: torch.Size([1, 1, 400, 400])
[loftr_wrapper.py] net forward
[loftr_wrapper.py] mconf, 0.20142820477485657 0.632379949092865
[loftr_wrapper.py] pair_ids (76,)
[loftr_wrapper.py] corres: (76, 5)
[loftr_wrapper.py] image0: torch.Size([1, 1, 400, 400])
[loftr_wrapper.py] net forward
[loftr_wrapper.py] mconf, 0.20201261341571808 0.7920392155647278
[loftr_wrapper.py] pair_ids (79,)
[loftr_wrapper.py] corres: (79, 5)
[loftr_wrapper.py] image0: torch.Size([1, 1, 400, 400])
[loftr_wrapper.py] net forward
[loftr_wrapper.py] mconf, 0.20013786852359772 0.8749428391456604
[loftr_wrapper.py] pair_ids (199,)
[loftr_wrapper.py] corres: (199, 5)
[loftr_wrapper.py] image0: torch.Size([1, 1, 400, 400])
[loftr_wrapper.py] net forward
[loftr_wrapper.py] mconf, 0.20135444402694702 0.7619544863700867
[loftr_wrapper.py] pair_ids (73,)
[loftr_wrapper.py] corres: (73, 5)
[loftr_wrapper.py] image0: torch.Size([1, 1, 400, 400])
[loftr_wrapper.py] net forward
[loftr_wrapper.py] mconf, 0.20308157801628113 0.8071872591972351
[loftr_wrapper.py] pair_ids (80,)
[loftr_wrapper.py] corres: (80, 5)
[loftr_wrapper.py] image0: torch.Size([1, 1, 400, 400])
[loftr_wrapper.py] net forward
[loftr_wrapper.py] mconf, 0.2005820870399475 0.910855233669281
[loftr_wrapper.py] pair_ids (85,)
[loftr_wrapper.py] corres: (85, 5)
[loftr_wrapper.py] image0: torch.Size([1, 1, 400, 400])
[loftr_wrapper.py] net forward
[loftr_wrapper.py] mconf, 0.20241715013980865 0.886155366897583
[loftr_wrapper.py] pair_ids (90,)
[loftr_wrapper.py] corres: (90, 5)
[loftr_wrapper.py] image0: torch.Size([1, 1, 400, 400])
[loftr_wrapper.py] net forward
[loftr_wrapper.py] mconf, 0.20034845173358917 0.8620193600654602
[loftr_wrapper.py] pair_ids (103,)
[loftr_wrapper.py] corres: (103, 5)
[loftr_wrapper.py] image0: torch.Size([1, 1, 400, 400])
[loftr_wrapper.py] net forward
[loftr_wrapper.py] mconf, 0.2004067301750183 0.9018420577049255
[loftr_wrapper.py] pair_ids (263,)
[loftr_wrapper.py] corres: (263, 5)
[loftr_wrapper.py] image0: torch.Size([1, 1, 400, 400])
[loftr_wrapper.py] net forward
[loftr_wrapper.py] mconf, 0.20016023516654968 0.9950239062309265
[loftr_wrapper.py] pair_ids (504,)
[loftr_wrapper.py] corres: (504, 5)
[loftr_wrapper.py] image0: torch.Size([1, 1, 400, 400])
[loftr_wrapper.py] net forward
[loftr_wrapper.py] mconf, 0.20191340148448944 0.9380748271942139
[loftr_wrapper.py] pair_ids (241,)
[loftr_wrapper.py] corres: (241, 5)
[loftr_wrapper.py] image0: torch.Size([1, 1, 400, 400])
[loftr_wrapper.py] net forward
[loftr_wrapper.py] mconf, 0.20155951380729675 0.9735848307609558
[loftr_wrapper.py] pair_ids (142,)
[loftr_wrapper.py] corres: (142, 5)
[loftr_wrapper.py] image0: torch.Size([1, 1, 400, 400])
[loftr_wrapper.py] net forward
[loftr_wrapper.py] mconf, 0.22096017003059387 0.6172345280647278
[loftr_wrapper.py] pair_ids (42,)
[loftr_wrapper.py] corres: (42, 5)
[loftr_wrapper.py] image0: torch.Size([1, 1, 400, 400])
[loftr_wrapper.py] net forward
[loftr_wrapper.py] mconf, 0.20203420519828796 0.9554661512374878
[loftr_wrapper.py] pair_ids (143,)
[loftr_wrapper.py] corres: (143, 5)
[loftr_wrapper.py] image0: torch.Size([1, 1, 400, 400])
[loftr_wrapper.py] net forward
[loftr_wrapper.py] mconf, 0.20138514041900635 0.9726817607879639
[loftr_wrapper.py] pair_ids (222,)
[loftr_wrapper.py] corres: (222, 5)
[loftr_wrapper.py] image0: torch.Size([1, 1, 400, 400])
[loftr_wrapper.py] net forward
[loftr_wrapper.py] mconf, 0.2016690969467163 0.9832289814949036
[loftr_wrapper.py] pair_ids (446,)
[loftr_wrapper.py] corres: (446, 5)
[loftr_wrapper.py] image0: torch.Size([1, 1, 400, 400])
[loftr_wrapper.py] net forward
[loftr_wrapper.py] mconf, 0.2012069672346115 0.9647619724273682
[loftr_wrapper.py] pair_ids (382,)
[loftr_wrapper.py] corres: (382, 5)
[loftr_wrapper.py] image0: torch.Size([1, 1, 400, 400])
[loftr_wrapper.py] net forward
[loftr_wrapper.py] mconf, 0.20029568672180176 0.9702772498130798
[loftr_wrapper.py] pair_ids (301,)
[loftr_wrapper.py] corres: (301, 5)
[loftr_wrapper.py] image0: torch.Size([1, 1, 400, 400])
[loftr_wrapper.py] net forward
[loftr_wrapper.py] mconf, 0.20248740911483765 0.9018605947494507
[loftr_wrapper.py] pair_ids (202,)
[loftr_wrapper.py] corres: (202, 5)
[loftr_wrapper.py] image0: torch.Size([1, 1, 400, 400])
[loftr_wrapper.py] net forward
[loftr_wrapper.py] mconf, 0.20318524539470673 0.7810123562812805
[loftr_wrapper.py] pair_ids (76,)
[loftr_wrapper.py] corres: (76, 5)
[loftr_wrapper.py] image0: torch.Size([1, 1, 400, 400])
[loftr_wrapper.py] net forward
[loftr_wrapper.py] mconf, 0.20055654644966125 0.8064857721328735
[loftr_wrapper.py] pair_ids (103,)
[loftr_wrapper.py] corres: (103, 5)
[loftr_wrapper.py] image0: torch.Size([1, 1, 400, 400])
[loftr_wrapper.py] net forward
[loftr_wrapper.py] mconf, 0.20430882275104523 0.9106468558311462
[loftr_wrapper.py] pair_ids (99,)
[loftr_wrapper.py] corres: (99, 5)
  B MD-prior MPM12 51/240 4.2s/kf | E-I=10.31 E-L=9.58 E-V2=107.12 E-V5b=107.54 E-V5b_r20=97.29 E-V5d=107.78 E-V5d_r20=97.35 E-V5x2=80.44 E-V5x2_r20=65.38 E-VI=80.44 E-VI_r20=68.56 | rot0 5.00
/home/kist/Desktop/BundleSAM3DGS/experiments/vggt_probe/models.py:30: FutureWarning: `torch.cuda.amp.autocast(args...)` is deprecated. Please use `torch.amp.autocast('cuda', args...)` instead.
  with torch.cuda.amp.autocast(dtype=torch.bfloat16):
/home/kist/venvs/vggt_probe/lib/python3.10/site-packages/vggt/models/vggt.py:65: FutureWarning: `torch.cuda.amp.autocast(args...)` is deprecated. Please use `torch.amp.autocast('cuda', args...)` instead.
  with torch.cuda.amp.autocast(enabled=False):
[loftr_wrapper.py] image0: torch.Size([1, 1, 400, 400])
/home/kist/Desktop/BundleSAM3DGS/loftr_wrapper.py:45: FutureWarning: `torch.cuda.amp.autocast(args...)` is deprecated. Please use `torch.amp.autocast('cuda', args...)` instead.
  with torch.cuda.amp.autocast(enabled=True):
[loftr_wrapper.py] net forward
[loftr_wrapper.py] mconf, 0.20125770568847656 0.8412997126579285
[loftr_wrapper.py] pair_ids (151,)
[loftr_wrapper.py] corres: (151, 5)
[loftr_wrapper.py] image0: torch.Size([1, 1, 400, 400])
[loftr_wrapper.py] net forward
[loftr_wrapper.py] mconf, 0.20072618126869202 0.9449183940887451
[loftr_wrapper.py] pair_ids (279,)
[loftr_wrapper.py] corres: (279, 5)
[loftr_wrapper.py] image0: torch.Size([1, 1, 400, 400])
[loftr_wrapper.py] net forward
[loftr_wrapper.py] mconf, 0.20052315294742584 0.9760033488273621
[loftr_wrapper.py] pair_ids (495,)
[loftr_wrapper.py] corres: (495, 5)
[loftr_wrapper.py] image0: torch.Size([1, 1, 400, 400])
[loftr_wrapper.py] net forward
[loftr_wrapper.py] mconf, 0.20066308975219727 0.9889546036720276
[loftr_wrapper.py] pair_ids (563,)
[loftr_wrapper.py] corres: (563, 5)
[loftr_wrapper.py] image0: torch.Size([1, 1, 400, 400])
[loftr_wrapper.py] net forward
[loftr_wrapper.py] mconf, 0.20322896540164948 0.940997302532196
[loftr_wrapper.py] pair_ids (96,)
[loftr_wrapper.py] corres: (96, 5)
[loftr_wrapper.py] image0: torch.Size([1, 1, 400, 400])
[loftr_wrapper.py] net forward
[loftr_wrapper.py] mconf, 0.2017117291688919 0.834911048412323
[loftr_wrapper.py] pair_ids (75,)
[loftr_wrapper.py] corres: (75, 5)
[loftr_wrapper.py] image0: torch.Size([1, 1, 400, 400])
[loftr_wrapper.py] net forward
[loftr_wrapper.py] mconf, 0.20070700347423553 0.7215016484260559
[loftr_wrapper.py] pair_ids (83,)
[loftr_wrapper.py] corres: (83, 5)
[loftr_wrapper.py] image0: torch.Size([1, 1, 400, 400])
[loftr_wrapper.py] net forward
[loftr_wrapper.py] mconf, 0.2002345621585846 0.8769097328186035
[loftr_wrapper.py] pair_ids (104,)
[loftr_wrapper.py] corres: (104, 5)
[loftr_wrapper.py] image0: torch.Size([1, 1, 400, 400])
[loftr_wrapper.py] net forward
[loftr_wrapper.py] mconf, 0.2029770016670227 0.9073640704154968
[loftr_wrapper.py] pair_ids (90,)
[loftr_wrapper.py] corres: (90, 5)
[loftr_wrapper.py] image0: torch.Size([1, 1, 400, 400])
[loftr_wrapper.py] net forward
[loftr_wrapper.py] mconf, 0.20233765244483948 0.8549593687057495
[loftr_wrapper.py] pair_ids (63,)
[loftr_wrapper.py] corres: (63, 5)
[loftr_wrapper.py] image0: torch.Size([1, 1, 400, 400])
[loftr_wrapper.py] net forward
[loftr_wrapper.py] mconf, 0.20290176570415497 0.8614512085914612
[loftr_wrapper.py] pair_ids (154,)
[loftr_wrapper.py] corres: (154, 5)
[loftr_wrapper.py] image0: torch.Size([1, 1, 400, 400])
[loftr_wrapper.py] net forward
[loftr_wrapper.py] mconf, 0.20089425146579742 0.9199032783508301
[loftr_wrapper.py] pair_ids (139,)
[loftr_wrapper.py] corres: (139, 5)
[loftr_wrapper.py] image0: torch.Size([1, 1, 400, 400])
[loftr_wrapper.py] net forward
[loftr_wrapper.py] mconf, 0.20247025787830353 0.9222890138626099
[loftr_wrapper.py] pair_ids (133,)
[loftr_wrapper.py] corres: (133, 5)
[loftr_wrapper.py] image0: torch.Size([1, 1, 400, 400])
[loftr_wrapper.py] net forward
[loftr_wrapper.py] mconf, 0.2001618891954422 0.9708783626556396
[loftr_wrapper.py] pair_ids (110,)
[loftr_wrapper.py] corres: (110, 5)
[loftr_wrapper.py] image0: torch.Size([1, 1, 400, 400])
[loftr_wrapper.py] net forward
[loftr_wrapper.py] mconf, 0.20451638102531433 0.9862080812454224
[loftr_wrapper.py] pair_ids (88,)
[loftr_wrapper.py] corres: (88, 5)
[loftr_wrapper.py] image0: torch.Size([1, 1, 400, 400])
[loftr_wrapper.py] net forward
[loftr_wrapper.py] mconf, 0.20183265209197998 0.9065420627593994
[loftr_wrapper.py] pair_ids (89,)
[loftr_wrapper.py] corres: (89, 5)
[loftr_wrapper.py] image0: torch.Size([1, 1, 400, 400])
[loftr_wrapper.py] net forward
[loftr_wrapper.py] mconf, 0.20000937581062317 0.88923180103302
[loftr_wrapper.py] pair_ids (96,)
[loftr_wrapper.py] corres: (96, 5)
[loftr_wrapper.py] image0: torch.Size([1, 1, 400, 400])
[loftr_wrapper.py] net forward
[loftr_wrapper.py] mconf, 0.20182715356349945 0.745376467704773
[loftr_wrapper.py] pair_ids (74,)
[loftr_wrapper.py] corres: (74, 5)
[loftr_wrapper.py] image0: torch.Size([1, 1, 400, 400])
[loftr_wrapper.py] net forward
[loftr_wrapper.py] mconf, 0.2006174772977829 0.7234828472137451
[loftr_wrapper.py] pair_ids (83,)
[loftr_wrapper.py] corres: (83, 5)
[loftr_wrapper.py] image0: torch.Size([1, 1, 400, 400])
[loftr_wrapper.py] net forward
[loftr_wrapper.py] mconf, 0.20551937818527222 0.7939126491546631
[loftr_wrapper.py] pair_ids (54,)
[loftr_wrapper.py] corres: (54, 5)
[loftr_wrapper.py] image0: torch.Size([1, 1, 400, 400])
[loftr_wrapper.py] net forward
[loftr_wrapper.py] mconf, 0.20162399113178253 0.9433990120887756
[loftr_wrapper.py] pair_ids (154,)
[loftr_wrapper.py] corres: (154, 5)
[loftr_wrapper.py] image0: torch.Size([1, 1, 400, 400])
[loftr_wrapper.py] net forward
[loftr_wrapper.py] mconf, 0.2033485472202301 0.865192711353302
[loftr_wrapper.py] pair_ids (87,)
[loftr_wrapper.py] corres: (87, 5)
[loftr_wrapper.py] image0: torch.Size([1, 1, 400, 400])
[loftr_wrapper.py] net forward
[loftr_wrapper.py] mconf, 0.20069929957389832 0.8630269169807434
[loftr_wrapper.py] pair_ids (65,)
[loftr_wrapper.py] corres: (65, 5)
[loftr_wrapper.py] image0: torch.Size([1, 1, 400, 400])
[loftr_wrapper.py] net forward
[loftr_wrapper.py] mconf, 0.20145437121391296 0.7780691981315613
[loftr_wrapper.py] pair_ids (85,)
[loftr_wrapper.py] corres: (85, 5)
[loftr_wrapper.py] image0: torch.Size([1, 1, 400, 400])
[loftr_wrapper.py] net forward
[loftr_wrapper.py] mconf, 0.20047232508659363 0.9088541269302368
[loftr_wrapper.py] pair_ids (87,)
[loftr_wrapper.py] corres: (87, 5)
  B MD-prior MPM12 76/240 4.2s/kf | E-I=10.60 E-L=9.12 E-V2=98.30 E-V5b=96.59 E-V5b_r20=78.74 E-V5d=96.72 E-V5d_r20=78.99 E-V5x2=71.34 E-V5x2_r20=67.17 E-VI=71.34 E-VI_r20=68.73 | rot0 10.00
/home/kist/Desktop/BundleSAM3DGS/experiments/vggt_probe/models.py:30: FutureWarning: `torch.cuda.amp.autocast(args...)` is deprecated. Please use `torch.amp.autocast('cuda', args...)` instead.
  with torch.cuda.amp.autocast(dtype=torch.bfloat16):
/home/kist/venvs/vggt_probe/lib/python3.10/site-packages/vggt/models/vggt.py:65: FutureWarning: `torch.cuda.amp.autocast(args...)` is deprecated. Please use `torch.amp.autocast('cuda', args...)` instead.
  with torch.cuda.amp.autocast(enabled=False):
[loftr_wrapper.py] image0: torch.Size([1, 1, 400, 400])
/home/kist/Desktop/BundleSAM3DGS/loftr_wrapper.py:45: FutureWarning: `torch.cuda.amp.autocast(args...)` is deprecated. Please use `torch.amp.autocast('cuda', args...)` instead.
  with torch.cuda.amp.autocast(enabled=True):
[loftr_wrapper.py] net forward
[loftr_wrapper.py] mconf, 0.20069104433059692 0.9416501522064209
[loftr_wrapper.py] pair_ids (126,)
[loftr_wrapper.py] corres: (126, 5)
[loftr_wrapper.py] image0: torch.Size([1, 1, 400, 400])
[loftr_wrapper.py] net forward
[loftr_wrapper.py] mconf, 0.2001582533121109 0.971407413482666
[loftr_wrapper.py] pair_ids (370,)
[loftr_wrapper.py] corres: (370, 5)
[loftr_wrapper.py] image0: torch.Size([1, 1, 400, 400])
[loftr_wrapper.py] net forward
[loftr_wrapper.py] mconf, 0.20093125104904175 0.9864988923072815
[loftr_wrapper.py] pair_ids (365,)
[loftr_wrapper.py] corres: (365, 5)
[loftr_wrapper.py] image0: torch.Size([1, 1, 400, 400])
[loftr_wrapper.py] net forward
[loftr_wrapper.py] mconf, 0.20057524740695953 0.9082508087158203
[loftr_wrapper.py] pair_ids (218,)
[loftr_wrapper.py] corres: (218, 5)
[loftr_wrapper.py] image0: torch.Size([1, 1, 400, 400])
[loftr_wrapper.py] net forward
[loftr_wrapper.py] mconf, 0.2003372460603714 0.8940058946609497
[loftr_wrapper.py] pair_ids (140,)
[loftr_wrapper.py] corres: (140, 5)
[loftr_wrapper.py] image0: torch.Size([1, 1, 400, 400])
[loftr_wrapper.py] net forward
[loftr_wrapper.py] mconf, 0.20026178658008575 0.843270480632782
[loftr_wrapper.py] pair_ids (89,)
[loftr_wrapper.py] corres: (89, 5)
[loftr_wrapper.py] image0: torch.Size([1, 1, 400, 400])
[loftr_wrapper.py] net forward
[loftr_wrapper.py] mconf, 0.20577691495418549 0.8378530144691467
[loftr_wrapper.py] pair_ids (125,)
[loftr_wrapper.py] corres: (125, 5)
[loftr_wrapper.py] image0: torch.Size([1, 1, 400, 400])
[loftr_wrapper.py] net forward
[loftr_wrapper.py] mconf, 0.20287275314331055 0.8094772696495056
[loftr_wrapper.py] pair_ids (81,)
[loftr_wrapper.py] corres: (81, 5)
[loftr_wrapper.py] image0: torch.Size([1, 1, 400, 400])
[loftr_wrapper.py] net forward
[loftr_wrapper.py] mconf, 0.20122948288917542 0.9736230373382568
[loftr_wrapper.py] pair_ids (399,)
[loftr_wrapper.py] corres: (399, 5)
[loftr_wrapper.py] image0: torch.Size([1, 1, 400, 400])
[loftr_wrapper.py] net forward
[loftr_wrapper.py] mconf, 0.20082245767116547 0.9369705319404602
[loftr_wrapper.py] pair_ids (206,)
[loftr_wrapper.py] corres: (206, 5)
[loftr_wrapper.py] image0: torch.Size([1, 1, 400, 400])
[loftr_wrapper.py] net forward
[loftr_wrapper.py] mconf, 0.20108920335769653 0.8485647439956665
[loftr_wrapper.py] pair_ids (174,)
[loftr_wrapper.py] corres: (174, 5)
[loftr_wrapper.py] image0: torch.Size([1, 1, 400, 400])
[loftr_wrapper.py] net forward
[loftr_wrapper.py] mconf, 0.20098695158958435 0.629954993724823
[loftr_wrapper.py] pair_ids (55,)
[loftr_wrapper.py] corres: (55, 5)
[loftr_wrapper.py] image0: torch.Size([1, 1, 400, 400])
[loftr_wrapper.py] net forward
[loftr_wrapper.py] mconf, 0.20003630220890045 0.7935404777526855
[loftr_wrapper.py] pair_ids (59,)
[loftr_wrapper.py] corres: (59, 5)
[loftr_wrapper.py] image0: torch.Size([1, 1, 400, 400])
[loftr_wrapper.py] net forward
[loftr_wrapper.py] mconf, 0.2015392929315567 0.7308015823364258
[loftr_wrapper.py] pair_ids (64,)
[loftr_wrapper.py] corres: (64, 5)
[loftr_wrapper.py] image0: torch.Size([1, 1, 400, 400])
[loftr_wrapper.py] net forward
[loftr_wrapper.py] mconf, 0.2010369896888733 0.7904422283172607
[loftr_wrapper.py] pair_ids (65,)
[loftr_wrapper.py] corres: (65, 5)
[loftr_wrapper.py] image0: torch.Size([1, 1, 400, 400])
[loftr_wrapper.py] net forward
[loftr_wrapper.py] mconf, 0.20013371109962463 0.5741056203842163
[loftr_wrapper.py] pair_ids (75,)
[loftr_wrapper.py] corres: (75, 5)
[loftr_wrapper.py] image0: torch.Size([1, 1, 400, 400])
[loftr_wrapper.py] net forward
[loftr_wrapper.py] mconf, 0.20030450820922852 0.8565282225608826
[loftr_wrapper.py] pair_ids (170,)
[loftr_wrapper.py] corres: (170, 5)
[loftr_wrapper.py] image0: torch.Size([1, 1, 400, 400])
[loftr_wrapper.py] net forward
[loftr_wrapper.py] mconf, 0.20047591626644135 0.945392370223999
[loftr_wrapper.py] pair_ids (427,)
[loftr_wrapper.py] corres: (427, 5)
[loftr_wrapper.py] image0: torch.Size([1, 1, 400, 400])
[loftr_wrapper.py] net forward
[loftr_wrapper.py] mconf, 0.20054057240486145 0.9629420638084412
[loftr_wrapper.py] pair_ids (388,)
[loftr_wrapper.py] corres: (388, 5)
[loftr_wrapper.py] image0: torch.Size([1, 1, 400, 400])
[loftr_wrapper.py] net forward
[loftr_wrapper.py] mconf, 0.20175762474536896 0.9735210537910461
[loftr_wrapper.py] pair_ids (115,)
[loftr_wrapper.py] corres: (115, 5)
[loftr_wrapper.py] image0: torch.Size([1, 1, 400, 400])
[loftr_wrapper.py] net forward
[loftr_wrapper.py] mconf, 0.20037445425987244 0.860011100769043
[loftr_wrapper.py] pair_ids (100,)
[loftr_wrapper.py] corres: (100, 5)
[loftr_wrapper.py] image0: torch.Size([1, 1, 400, 400])
[loftr_wrapper.py] net forward
[loftr_wrapper.py] mconf, 0.2025858610868454 0.7794331312179565
[loftr_wrapper.py] pair_ids (83,)
[loftr_wrapper.py] corres: (83, 5)
[loftr_wrapper.py] image0: torch.Size([1, 1, 400, 400])
[loftr_wrapper.py] net forward
[loftr_wrapper.py] mconf, 0.20280718803405762 0.7920788526535034
[loftr_wrapper.py] pair_ids (69,)
[loftr_wrapper.py] corres: (69, 5)
[loftr_wrapper.py] image0: torch.Size([1, 1, 400, 400])
[loftr_wrapper.py] net forward
[loftr_wrapper.py] mconf, 0.20095032453536987 0.8860534429550171
[loftr_wrapper.py] pair_ids (84,)
[loftr_wrapper.py] corres: (84, 5)
[loftr_wrapper.py] image0: torch.Size([1, 1, 400, 400])
[loftr_wrapper.py] net forward
[loftr_wrapper.py] mconf, 0.211323544383049 0.7397224307060242
[loftr_wrapper.py] pair_ids (45,)
[loftr_wrapper.py] corres: (45, 5)
  B MD-prior MPM12 101/240 4.2s/kf | E-I=10.42 E-L=9.38 E-V2=111.16 E-V5b=107.90 E-V5b_r20=64.08 E-V5d=107.98 E-V5d_r20=64.19 E-V5x2=37.15 E-V5x2_r20=57.78 E-VI=56.95 E-VI_r20=72.76 | rot0 20.00
/home/kist/Desktop/BundleSAM3DGS/experiments/vggt_probe/models.py:30: FutureWarning: `torch.cuda.amp.autocast(args...)` is deprecated. Please use `torch.amp.autocast('cuda', args...)` instead.
  with torch.cuda.amp.autocast(dtype=torch.bfloat16):
/home/kist/venvs/vggt_probe/lib/python3.10/site-packages/vggt/models/vggt.py:65: FutureWarning: `torch.cuda.amp.autocast(args...)` is deprecated. Please use `torch.amp.autocast('cuda', args...)` instead.
  with torch.cuda.amp.autocast(enabled=False):
[loftr_wrapper.py] image0: torch.Size([1, 1, 400, 400])
/home/kist/Desktop/BundleSAM3DGS/loftr_wrapper.py:45: FutureWarning: `torch.cuda.amp.autocast(args...)` is deprecated. Please use `torch.amp.autocast('cuda', args...)` instead.
  with torch.cuda.amp.autocast(enabled=True):
[loftr_wrapper.py] net forward
[loftr_wrapper.py] mconf, 0.20083029568195343 0.8939524292945862
[loftr_wrapper.py] pair_ids (124,)
[loftr_wrapper.py] corres: (124, 5)
[loftr_wrapper.py] image0: torch.Size([1, 1, 400, 400])
[loftr_wrapper.py] net forward
[loftr_wrapper.py] mconf, 0.20183081924915314 0.8811789155006409
[loftr_wrapper.py] pair_ids (168,)
[loftr_wrapper.py] corres: (168, 5)
[loftr_wrapper.py] image0: torch.Size([1, 1, 400, 400])
[loftr_wrapper.py] net forward
[loftr_wrapper.py] mconf, 0.20221734046936035 0.9636679887771606
[loftr_wrapper.py] pair_ids (198,)
[loftr_wrapper.py] corres: (198, 5)
[loftr_wrapper.py] image0: torch.Size([1, 1, 400, 400])
[loftr_wrapper.py] net forward
[loftr_wrapper.py] mconf, 0.20062680542469025 0.8480700254440308
[loftr_wrapper.py] pair_ids (61,)
[loftr_wrapper.py] corres: (61, 5)
[loftr_wrapper.py] image0: torch.Size([1, 1, 400, 400])
[loftr_wrapper.py] net forward
[loftr_wrapper.py] mconf, 0.20188884437084198 0.7624501585960388
[loftr_wrapper.py] pair_ids (50,)
[loftr_wrapper.py] corres: (50, 5)
[loftr_wrapper.py] image0: torch.Size([1, 1, 400, 400])
[loftr_wrapper.py] net forward
[loftr_wrapper.py] mconf, 0.20099030435085297 0.659723162651062
[loftr_wrapper.py] pair_ids (81,)
[loftr_wrapper.py] corres: (81, 5)
[loftr_wrapper.py] image0: torch.Size([1, 1, 400, 400])
[loftr_wrapper.py] net forward
[loftr_wrapper.py] mconf, 0.20485961437225342 0.6871371865272522
[loftr_wrapper.py] pair_ids (76,)
[loftr_wrapper.py] corres: (76, 5)
[loftr_wrapper.py] image0: torch.Size([1, 1, 400, 400])
[loftr_wrapper.py] net forward
[loftr_wrapper.py] mconf, 0.20112238824367523 0.7779165506362915
[loftr_wrapper.py] pair_ids (43,)
[loftr_wrapper.py] corres: (43, 5)
[loftr_wrapper.py] image0: torch.Size([1, 1, 400, 400])
[loftr_wrapper.py] net forward
[loftr_wrapper.py] mconf, 0.20106612145900726 0.7978172898292542
[loftr_wrapper.py] pair_ids (50,)
[loftr_wrapper.py] corres: (50, 5)
[loftr_wrapper.py] image0: torch.Size([1, 1, 400, 400])
[loftr_wrapper.py] net forward
[loftr_wrapper.py] mconf, 0.2009243369102478 0.7413790822029114
[loftr_wrapper.py] pair_ids (51,)
[loftr_wrapper.py] corres: (51, 5)
[loftr_wrapper.py] image0: torch.Size([1, 1, 400, 400])
[loftr_wrapper.py] net forward
[loftr_wrapper.py] mconf, 0.20063939690589905 0.9019890427589417
[loftr_wrapper.py] pair_ids (78,)
[loftr_wrapper.py] corres: (78, 5)
[loftr_wrapper.py] image0: torch.Size([1, 1, 400, 400])
[loftr_wrapper.py] net forward
[loftr_wrapper.py] mconf, 0.200400710105896 0.8484768867492676
[loftr_wrapper.py] pair_ids (28,)
[loftr_wrapper.py] corres: (28, 5)
[loftr_wrapper.py] image0: torch.Size([1, 1, 400, 400])
[loftr_wrapper.py] net forward
[loftr_wrapper.py] mconf, 0.20078498125076294 0.614096999168396
[loftr_wrapper.py] pair_ids (45,)
[loftr_wrapper.py] corres: (45, 5)
[loftr_wrapper.py] image0: torch.Size([1, 1, 400, 400])
[loftr_wrapper.py] net forward
[loftr_wrapper.py] mconf, 0.20087170600891113 0.8864837288856506
[loftr_wrapper.py] pair_ids (97,)
[loftr_wrapper.py] corres: (97, 5)
[loftr_wrapper.py] image0: torch.Size([1, 1, 400, 400])
[loftr_wrapper.py] net forward
[loftr_wrapper.py] mconf, 0.20387426018714905 0.8092830777168274
[loftr_wrapper.py] pair_ids (85,)
[loftr_wrapper.py] corres: (85, 5)
[loftr_wrapper.py] image0: torch.Size([1, 1, 400, 400])
[loftr_wrapper.py] net forward
[loftr_wrapper.py] mconf, 0.20127463340759277 0.811910092830658
[loftr_wrapper.py] pair_ids (87,)
[loftr_wrapper.py] corres: (87, 5)
[loftr_wrapper.py] image0: torch.Size([1, 1, 400, 400])
[loftr_wrapper.py] net forward
[loftr_wrapper.py] mconf, 0.20130562782287598 0.9975515604019165
[loftr_wrapper.py] pair_ids (385,)
[loftr_wrapper.py] corres: (385, 5)
[loftr_wrapper.py] image0: torch.Size([1, 1, 400, 400])
[loftr_wrapper.py] net forward
[loftr_wrapper.py] mconf, 0.20343580842018127 0.9882969856262207
[loftr_wrapper.py] pair_ids (312,)
[loftr_wrapper.py] corres: (312, 5)
[loftr_wrapper.py] image0: torch.Size([1, 1, 400, 400])
[loftr_wrapper.py] net forward
[loftr_wrapper.py] mconf, 0.20289109647274017 0.960795521736145
[loftr_wrapper.py] pair_ids (191,)
[loftr_wrapper.py] corres: (191, 5)
[loftr_wrapper.py] image0: torch.Size([1, 1, 400, 400])
[loftr_wrapper.py] net forward
[loftr_wrapper.py] mconf, 0.20045526325702667 0.9540401101112366
[loftr_wrapper.py] pair_ids (111,)
[loftr_wrapper.py] corres: (111, 5)
[loftr_wrapper.py] image0: torch.Size([1, 1, 400, 400])
[loftr_wrapper.py] net forward
[loftr_wrapper.py] mconf, 0.201906219124794 0.7900944948196411
[loftr_wrapper.py] pair_ids (86,)
[loftr_wrapper.py] corres: (86, 5)
[loftr_wrapper.py] image0: torch.Size([1, 1, 400, 400])
[loftr_wrapper.py] net forward
[loftr_wrapper.py] mconf, 0.2005559355020523 0.8647572994232178
[loftr_wrapper.py] pair_ids (119,)
[loftr_wrapper.py] corres: (119, 5)
[loftr_wrapper.py] image0: torch.Size([1, 1, 400, 400])
[loftr_wrapper.py] net forward
[loftr_wrapper.py] mconf, 0.20144768059253693 0.6158763766288757
[loftr_wrapper.py] pair_ids (59,)
[loftr_wrapper.py] corres: (59, 5)
[loftr_wrapper.py] image0: torch.Size([1, 1, 400, 400])
[loftr_wrapper.py] net forward
[loftr_wrapper.py] mconf, 0.20107750594615936 0.8222426176071167
[loftr_wrapper.py] pair_ids (132,)
[loftr_wrapper.py] corres: (132, 5)
[loftr_wrapper.py] image0: torch.Size([1, 1, 400, 400])
[loftr_wrapper.py] net forward
[loftr_wrapper.py] mconf, 0.20187607407569885 0.8784843683242798
[loftr_wrapper.py] pair_ids (150,)
[loftr_wrapper.py] corres: (150, 5)
  B MD-prior MPM12 126/240 4.3s/kf | E-I=10.48 E-L=8.61 E-V2=131.13 E-V5b=114.24 E-V5b_r20=109.02 E-V5d=114.17 E-V5d_r20=108.67 E-V5x2=90.50 E-V5x2_r20=70.27 E-VI=94.74 E-VI_r20=82.71 | rot0 20.00
/home/kist/Desktop/BundleSAM3DGS/experiments/vggt_probe/models.py:30: FutureWarning: `torch.cuda.amp.autocast(args...)` is deprecated. Please use `torch.amp.autocast('cuda', args...)` instead.
  with torch.cuda.amp.autocast(dtype=torch.bfloat16):
/home/kist/venvs/vggt_probe/lib/python3.10/site-packages/vggt/models/vggt.py:65: FutureWarning: `torch.cuda.amp.autocast(args...)` is deprecated. Please use `torch.amp.autocast('cuda', args...)` instead.
  with torch.cuda.amp.autocast(enabled=False):
[loftr_wrapper.py] image0: torch.Size([1, 1, 400, 400])
/home/kist/Desktop/BundleSAM3DGS/loftr_wrapper.py:45: FutureWarning: `torch.cuda.amp.autocast(args...)` is deprecated. Please use `torch.amp.autocast('cuda', args...)` instead.
  with torch.cuda.amp.autocast(enabled=True):
[loftr_wrapper.py] net forward
[loftr_wrapper.py] mconf, 0.20121043920516968 0.7115530371665955
[loftr_wrapper.py] pair_ids (57,)
[loftr_wrapper.py] corres: (57, 5)
[loftr_wrapper.py] image0: torch.Size([1, 1, 400, 400])
[loftr_wrapper.py] net forward
[loftr_wrapper.py] mconf, 0.20673225820064545 0.6682185530662537
[loftr_wrapper.py] pair_ids (44,)
[loftr_wrapper.py] corres: (44, 5)
[loftr_wrapper.py] image0: torch.Size([1, 1, 400, 400])
[loftr_wrapper.py] net forward
[loftr_wrapper.py] mconf, 0.21220088005065918 0.624397337436676
[loftr_wrapper.py] pair_ids (67,)
[loftr_wrapper.py] corres: (67, 5)
[loftr_wrapper.py] image0: torch.Size([1, 1, 400, 400])
[loftr_wrapper.py] net forward
[loftr_wrapper.py] mconf, 0.20062918961048126 0.8920292258262634
[loftr_wrapper.py] pair_ids (103,)
[loftr_wrapper.py] corres: (103, 5)
[loftr_wrapper.py] image0: torch.Size([1, 1, 400, 400])
[loftr_wrapper.py] net forward
[loftr_wrapper.py] mconf, 0.20305052399635315 0.8531613349914551
[loftr_wrapper.py] pair_ids (112,)
[loftr_wrapper.py] corres: (112, 5)
[loftr_wrapper.py] image0: torch.Size([1, 1, 400, 400])
[loftr_wrapper.py] net forward
[loftr_wrapper.py] mconf, 0.20083612203598022 0.8056311011314392
[loftr_wrapper.py] pair_ids (97,)
[loftr_wrapper.py] corres: (97, 5)
[loftr_wrapper.py] image0: torch.Size([1, 1, 400, 400])
[loftr_wrapper.py] net forward
[loftr_wrapper.py] mconf, 0.20158199965953827 0.8015212416648865
[loftr_wrapper.py] pair_ids (44,)
[loftr_wrapper.py] corres: (44, 5)
[loftr_wrapper.py] image0: torch.Size([1, 1, 400, 400])
[loftr_wrapper.py] net forward
[loftr_wrapper.py] mconf, 0.20076653361320496 0.8142385482788086
[loftr_wrapper.py] pair_ids (127,)
[loftr_wrapper.py] corres: (127, 5)
[loftr_wrapper.py] image0: torch.Size([1, 1, 400, 400])
[loftr_wrapper.py] net forward
[loftr_wrapper.py] mconf, 0.20037133991718292 0.9442629814147949
[loftr_wrapper.py] pair_ids (280,)
[loftr_wrapper.py] corres: (280, 5)
[loftr_wrapper.py] image0: torch.Size([1, 1, 400, 400])
[loftr_wrapper.py] net forward
[loftr_wrapper.py] mconf, 0.20036372542381287 0.7356855273246765
[loftr_wrapper.py] pair_ids (34,)
[loftr_wrapper.py] corres: (34, 5)
[loftr_wrapper.py] image0: torch.Size([1, 1, 400, 400])
[loftr_wrapper.py] net forward
[loftr_wrapper.py] mconf, 0.20018796622753143 0.5884495377540588
[loftr_wrapper.py] pair_ids (35,)
[loftr_wrapper.py] corres: (35, 5)
[loftr_wrapper.py] image0: torch.Size([1, 1, 400, 400])
[loftr_wrapper.py] net forward
[loftr_wrapper.py] mconf, 0.20161749422550201 0.7954216003417969
[loftr_wrapper.py] pair_ids (59,)
[loftr_wrapper.py] corres: (59, 5)
[loftr_wrapper.py] image0: torch.Size([1, 1, 400, 400])
[loftr_wrapper.py] net forward
[loftr_wrapper.py] mconf, 0.2015087902545929 0.712802529335022
[loftr_wrapper.py] pair_ids (39,)
[loftr_wrapper.py] corres: (39, 5)
[loftr_wrapper.py] image0: torch.Size([1, 1, 400, 400])
[loftr_wrapper.py] net forward
[loftr_wrapper.py] mconf, 0.20087817311286926 0.7285581827163696
[loftr_wrapper.py] pair_ids (61,)
[loftr_wrapper.py] corres: (61, 5)
[loftr_wrapper.py] image0: torch.Size([1, 1, 400, 400])
[loftr_wrapper.py] net forward
[loftr_wrapper.py] mconf, 0.20250166952610016 0.8688408732414246
[loftr_wrapper.py] pair_ids (59,)
[loftr_wrapper.py] corres: (59, 5)
[loftr_wrapper.py] image0: torch.Size([1, 1, 400, 400])
[loftr_wrapper.py] net forward
[loftr_wrapper.py] mconf, 0.20373286306858063 0.9450693726539612
[loftr_wrapper.py] pair_ids (161,)
[loftr_wrapper.py] corres: (161, 5)
[loftr_wrapper.py] image0: torch.Size([1, 1, 400, 400])
[loftr_wrapper.py] net forward
[loftr_wrapper.py] mconf, 0.2001911997795105 0.7977468371391296
[loftr_wrapper.py] pair_ids (56,)
[loftr_wrapper.py] corres: (56, 5)
[loftr_wrapper.py] image0: torch.Size([1, 1, 400, 400])
[loftr_wrapper.py] net forward
[loftr_wrapper.py] mconf, 0.20019030570983887 0.8070307970046997
[loftr_wrapper.py] pair_ids (107,)
[loftr_wrapper.py] corres: (107, 5)
[loftr_wrapper.py] image0: torch.Size([1, 1, 400, 400])
[loftr_wrapper.py] net forward
[loftr_wrapper.py] mconf, 0.20383742451667786 0.8097859025001526
[loftr_wrapper.py] pair_ids (30,)
[loftr_wrapper.py] corres: (30, 5)
[loftr_wrapper.py] image0: torch.Size([1, 1, 400, 400])
[loftr_wrapper.py] net forward
[loftr_wrapper.py] mconf, 0.20020943880081177 0.5615062713623047
[loftr_wrapper.py] pair_ids (40,)
[loftr_wrapper.py] corres: (40, 5)
[loftr_wrapper.py] image0: torch.Size([1, 1, 400, 400])
[loftr_wrapper.py] net forward
[loftr_wrapper.py] mconf, 0.20309823751449585 0.7516187429428101
[loftr_wrapper.py] pair_ids (58,)
[loftr_wrapper.py] corres: (58, 5)
[loftr_wrapper.py] image0: torch.Size([1, 1, 400, 400])
[loftr_wrapper.py] net forward
[loftr_wrapper.py] mconf, 0.20604892075061798 0.8693265914916992
[loftr_wrapper.py] pair_ids (62,)
[loftr_wrapper.py] corres: (62, 5)
[loftr_wrapper.py] image0: torch.Size([1, 1, 400, 400])
[loftr_wrapper.py] net forward
[loftr_wrapper.py] mconf, 0.203306183218956 0.9194844961166382
[loftr_wrapper.py] pair_ids (59,)
[loftr_wrapper.py] corres: (59, 5)
[loftr_wrapper.py] image0: torch.Size([1, 1, 400, 400])
[loftr_wrapper.py] net forward
[loftr_wrapper.py] mconf, 0.20574592053890228 0.8067546486854553
[loftr_wrapper.py] pair_ids (56,)
[loftr_wrapper.py] corres: (56, 5)
[loftr_wrapper.py] image0: torch.Size([1, 1, 400, 400])
[loftr_wrapper.py] net forward
[loftr_wrapper.py] mconf, 0.20262674987316132 0.8408656120300293
[loftr_wrapper.py] pair_ids (48,)
[loftr_wrapper.py] corres: (48, 5)
  B MD-prior MPM12 151/240 4.2s/kf | E-I=10.60 E-L=21.51 E-V2=76.72 E-V5b=83.29 E-V5b_r20=80.54 E-V5d=83.13 E-V5d_r20=80.50 E-V5x2=111.41 E-V5x2_r20=72.46 E-VI=109.56 E-VI_r20=75.93 | rot0 30.00
/home/kist/Desktop/BundleSAM3DGS/experiments/vggt_probe/models.py:30: FutureWarning: `torch.cuda.amp.autocast(args...)` is deprecated. Please use `torch.amp.autocast('cuda', args...)` instead.
  with torch.cuda.amp.autocast(dtype=torch.bfloat16):
/home/kist/venvs/vggt_probe/lib/python3.10/site-packages/vggt/models/vggt.py:65: FutureWarning: `torch.cuda.amp.autocast(args...)` is deprecated. Please use `torch.amp.autocast('cuda', args...)` instead.
  with torch.cuda.amp.autocast(enabled=False):
[loftr_wrapper.py] image0: torch.Size([1, 1, 400, 400])
/home/kist/Desktop/BundleSAM3DGS/loftr_wrapper.py:45: FutureWarning: `torch.cuda.amp.autocast(args...)` is deprecated. Please use `torch.amp.autocast('cuda', args...)` instead.
  with torch.cuda.amp.autocast(enabled=True):
[loftr_wrapper.py] net forward
[loftr_wrapper.py] mconf, 0.20050473511219025 0.9290811419487
[loftr_wrapper.py] pair_ids (231,)
[loftr_wrapper.py] corres: (231, 5)
[loftr_wrapper.py] image0: torch.Size([1, 1, 400, 400])
[loftr_wrapper.py] net forward
[loftr_wrapper.py] mconf, 0.2078828513622284 0.7160332202911377
[loftr_wrapper.py] pair_ids (36,)
[loftr_wrapper.py] corres: (36, 5)
[loftr_wrapper.py] image0: torch.Size([1, 1, 400, 400])
[loftr_wrapper.py] net forward
[loftr_wrapper.py] mconf, 0.2009706050157547 0.6233429312705994
[loftr_wrapper.py] pair_ids (53,)
[loftr_wrapper.py] corres: (53, 5)
[loftr_wrapper.py] image0: torch.Size([1, 1, 400, 400])
[loftr_wrapper.py] net forward
[loftr_wrapper.py] mconf, 0.2054302990436554 0.6897100806236267
[loftr_wrapper.py] pair_ids (60,)
[loftr_wrapper.py] corres: (60, 5)
[loftr_wrapper.py] image0: torch.Size([1, 1, 400, 400])
[loftr_wrapper.py] net forward
[loftr_wrapper.py] mconf, 0.20013263821601868 0.7383555173873901
[loftr_wrapper.py] pair_ids (59,)
[loftr_wrapper.py] corres: (59, 5)
[loftr_wrapper.py] image0: torch.Size([1, 1, 400, 400])
[loftr_wrapper.py] net forward
[loftr_wrapper.py] mconf, 0.2020799219608307 0.7141494154930115
[loftr_wrapper.py] pair_ids (51,)
[loftr_wrapper.py] corres: (51, 5)
[loftr_wrapper.py] image0: torch.Size([1, 1, 400, 400])
[loftr_wrapper.py] net forward
[loftr_wrapper.py] mconf, 0.20015546679496765 0.8065845370292664
[loftr_wrapper.py] pair_ids (41,)
[loftr_wrapper.py] corres: (41, 5)
[loftr_wrapper.py] image0: torch.Size([1, 1, 400, 400])
[loftr_wrapper.py] net forward
[loftr_wrapper.py] mconf, 0.2001408189535141 0.9865984320640564
[loftr_wrapper.py] pair_ids (345,)
[loftr_wrapper.py] corres: (345, 5)
[loftr_wrapper.py] image0: torch.Size([1, 1, 400, 400])
[loftr_wrapper.py] net forward
[loftr_wrapper.py] mconf, 0.2016238272190094 0.8188217282295227
[loftr_wrapper.py] pair_ids (93,)
[loftr_wrapper.py] corres: (93, 5)
[loftr_wrapper.py] image0: torch.Size([1, 1, 400, 400])
[loftr_wrapper.py] net forward
[loftr_wrapper.py] mconf, 0.20442591607570648 0.8672381043434143
[loftr_wrapper.py] pair_ids (104,)
[loftr_wrapper.py] corres: (104, 5)
[loftr_wrapper.py] image0: torch.Size([1, 1, 400, 400])
[loftr_wrapper.py] net forward
[loftr_wrapper.py] mconf, 0.20239494740962982 0.6113840341567993
[loftr_wrapper.py] pair_ids (49,)
[loftr_wrapper.py] corres: (49, 5)
[loftr_wrapper.py] image0: torch.Size([1, 1, 400, 400])
[loftr_wrapper.py] net forward
[loftr_wrapper.py] mconf, 0.2006727010011673 0.7381466031074524
[loftr_wrapper.py] pair_ids (47,)
[loftr_wrapper.py] corres: (47, 5)
[loftr_wrapper.py] image0: torch.Size([1, 1, 400, 400])
[loftr_wrapper.py] net forward
[loftr_wrapper.py] mconf, 0.20092490315437317 0.8690951466560364
[loftr_wrapper.py] pair_ids (39,)
[loftr_wrapper.py] corres: (39, 5)
[loftr_wrapper.py] image0: torch.Size([1, 1, 400, 400])
[loftr_wrapper.py] net forward
[loftr_wrapper.py] mconf, 0.20183323323726654 0.8245802521705627
[loftr_wrapper.py] pair_ids (97,)
[loftr_wrapper.py] corres: (97, 5)
[loftr_wrapper.py] image0: torch.Size([1, 1, 400, 400])
[loftr_wrapper.py] net forward
[loftr_wrapper.py] mconf, 0.20912116765975952 0.6695777177810669
[loftr_wrapper.py] pair_ids (90,)
[loftr_wrapper.py] corres: (90, 5)
[loftr_wrapper.py] image0: torch.Size([1, 1, 400, 400])
[loftr_wrapper.py] net forward
[loftr_wrapper.py] mconf, 0.20009969174861908 0.6553013920783997
[loftr_wrapper.py] pair_ids (64,)
[loftr_wrapper.py] corres: (64, 5)
[loftr_wrapper.py] image0: torch.Size([1, 1, 400, 400])
[loftr_wrapper.py] net forward
[loftr_wrapper.py] mconf, 0.2012709081172943 0.7658551335334778
[loftr_wrapper.py] pair_ids (156,)
[loftr_wrapper.py] corres: (156, 5)
[loftr_wrapper.py] image0: torch.Size([1, 1, 400, 400])
[loftr_wrapper.py] net forward
[loftr_wrapper.py] mconf, 0.21099160611629486 0.7661529779434204
[loftr_wrapper.py] pair_ids (53,)
[loftr_wrapper.py] corres: (53, 5)
[loftr_wrapper.py] image0: torch.Size([1, 1, 400, 400])
[loftr_wrapper.py] net forward
[loftr_wrapper.py] mconf, 0.2001011073589325 0.678948700428009
[loftr_wrapper.py] pair_ids (36,)
[loftr_wrapper.py] corres: (36, 5)
[loftr_wrapper.py] image0: torch.Size([1, 1, 400, 400])
[loftr_wrapper.py] net forward
[loftr_wrapper.py] mconf, 0.20083053410053253 0.5820051431655884
[loftr_wrapper.py] pair_ids (29,)
[loftr_wrapper.py] corres: (29, 5)
[loftr_wrapper.py] image0: torch.Size([1, 1, 400, 400])
[loftr_wrapper.py] net forward
[loftr_wrapper.py] mconf, 0.21371778845787048 0.7207317352294922
[loftr_wrapper.py] pair_ids (9,)
[loftr_wrapper.py] corres: (9, 5)
[loftr_wrapper.py] image0: torch.Size([1, 1, 400, 400])
[loftr_wrapper.py] net forward
[loftr_wrapper.py] mconf, 0.2039303332567215 0.6560709476470947
[loftr_wrapper.py] pair_ids (52,)
[loftr_wrapper.py] corres: (52, 5)
[loftr_wrapper.py] image0: torch.Size([1, 1, 400, 400])
[loftr_wrapper.py] net forward
[loftr_wrapper.py] mconf, 0.20171119272708893 0.8093127012252808
[loftr_wrapper.py] pair_ids (146,)
[loftr_wrapper.py] corres: (146, 5)
[loftr_wrapper.py] image0: torch.Size([1, 1, 400, 400])
[loftr_wrapper.py] net forward
[loftr_wrapper.py] mconf, 0.20204903185367584 0.9123820662498474
[loftr_wrapper.py] pair_ids (178,)
[loftr_wrapper.py] corres: (178, 5)
[loftr_wrapper.py] image0: torch.Size([1, 1, 400, 400])
[loftr_wrapper.py] net forward
[loftr_wrapper.py] mconf, 0.20813794434070587 0.9612784385681152
[loftr_wrapper.py] pair_ids (211,)
[loftr_wrapper.py] corres: (211, 5)
  B MD-prior MPM12 176/240 4.2s/kf | E-I=10.64 E-L=11.06 E-V2=123.07 E-V5b=109.58 E-V5b_r20=84.03 E-V5d=109.93 E-V5d_r20=83.85 E-V5x2=54.81 E-V5x2_r20=94.72 E-VI=75.50 E-VI_r20=97.95 | rot0 45.00
/home/kist/Desktop/BundleSAM3DGS/experiments/vggt_probe/models.py:30: FutureWarning: `torch.cuda.amp.autocast(args...)` is deprecated. Please use `torch.amp.autocast('cuda', args...)` instead.
  with torch.cuda.amp.autocast(dtype=torch.bfloat16):
/home/kist/venvs/vggt_probe/lib/python3.10/site-packages/vggt/models/vggt.py:65: FutureWarning: `torch.cuda.amp.autocast(args...)` is deprecated. Please use `torch.amp.autocast('cuda', args...)` instead.
  with torch.cuda.amp.autocast(enabled=False):
[loftr_wrapper.py] image0: torch.Size([1, 1, 400, 400])
/home/kist/Desktop/BundleSAM3DGS/loftr_wrapper.py:45: FutureWarning: `torch.cuda.amp.autocast(args...)` is deprecated. Please use `torch.amp.autocast('cuda', args...)` instead.
  with torch.cuda.amp.autocast(enabled=True):
[loftr_wrapper.py] net forward
[loftr_wrapper.py] mconf, 0.20360307395458221 0.7500751614570618
[loftr_wrapper.py] pair_ids (37,)
[loftr_wrapper.py] corres: (37, 5)
[loftr_wrapper.py] image0: torch.Size([1, 1, 400, 400])
[loftr_wrapper.py] net forward
[loftr_wrapper.py] mconf, 0.2001953423023224 0.855633020401001
[loftr_wrapper.py] pair_ids (56,)
[loftr_wrapper.py] corres: (56, 5)
[loftr_wrapper.py] image0: torch.Size([1, 1, 400, 400])
[loftr_wrapper.py] net forward
[loftr_wrapper.py] mconf, 0.20185866951942444 0.7881004810333252
[loftr_wrapper.py] pair_ids (28,)
[loftr_wrapper.py] corres: (28, 5)
[loftr_wrapper.py] image0: torch.Size([1, 1, 400, 400])
[loftr_wrapper.py] net forward
[loftr_wrapper.py] mconf, 0.20003598928451538 0.700322687625885
[loftr_wrapper.py] pair_ids (46,)
[loftr_wrapper.py] corres: (46, 5)
[loftr_wrapper.py] image0: torch.Size([1, 1, 400, 400])
[loftr_wrapper.py] net forward
[loftr_wrapper.py] mconf, 0.20027486979961395 0.6737586259841919
[loftr_wrapper.py] pair_ids (48,)
[loftr_wrapper.py] corres: (48, 5)
[loftr_wrapper.py] image0: torch.Size([1, 1, 400, 400])
[loftr_wrapper.py] net forward
[loftr_wrapper.py] mconf, 0.201028972864151 0.7229597568511963
[loftr_wrapper.py] pair_ids (63,)
[loftr_wrapper.py] corres: (63, 5)
[loftr_wrapper.py] image0: torch.Size([1, 1, 400, 400])
[loftr_wrapper.py] net forward
[loftr_wrapper.py] mconf, 0.2002984881401062 0.6815094351768494
[loftr_wrapper.py] pair_ids (62,)
[loftr_wrapper.py] corres: (62, 5)
[loftr_wrapper.py] image0: torch.Size([1, 1, 400, 400])
[loftr_wrapper.py] net forward
[loftr_wrapper.py] mconf, 0.20020507276058197 0.7599807381629944
[loftr_wrapper.py] pair_ids (58,)
[loftr_wrapper.py] corres: (58, 5)
[loftr_wrapper.py] image0: torch.Size([1, 1, 400, 400])
[loftr_wrapper.py] net forward
[loftr_wrapper.py] mconf, 0.2001211941242218 0.9843514561653137
[loftr_wrapper.py] pair_ids (202,)
[loftr_wrapper.py] corres: (202, 5)
[loftr_wrapper.py] image0: torch.Size([1, 1, 400, 400])
[loftr_wrapper.py] net forward
[loftr_wrapper.py] mconf, 0.201289102435112 0.7252378463745117
[loftr_wrapper.py] pair_ids (56,)
[loftr_wrapper.py] corres: (56, 5)
[loftr_wrapper.py] image0: torch.Size([1, 1, 400, 400])
[loftr_wrapper.py] net forward
[loftr_wrapper.py] mconf, 0.20294290781021118 0.749880850315094
[loftr_wrapper.py] pair_ids (39,)
[loftr_wrapper.py] corres: (39, 5)
[loftr_wrapper.py] image0: torch.Size([1, 1, 400, 400])
[loftr_wrapper.py] net forward
[loftr_wrapper.py] mconf, 0.20314346253871918 0.7654855251312256
[loftr_wrapper.py] pair_ids (60,)
[loftr_wrapper.py] corres: (60, 5)
[loftr_wrapper.py] image0: torch.Size([1, 1, 400, 400])
[loftr_wrapper.py] net forward
[loftr_wrapper.py] mconf, 0.2002328336238861 0.75482177734375
[loftr_wrapper.py] pair_ids (48,)
[loftr_wrapper.py] corres: (48, 5)
[loftr_wrapper.py] image0: torch.Size([1, 1, 400, 400])
[loftr_wrapper.py] net forward
[loftr_wrapper.py] mconf, 0.20005297660827637 0.7438563108444214
[loftr_wrapper.py] pair_ids (34,)
[loftr_wrapper.py] corres: (34, 5)
[loftr_wrapper.py] image0: torch.Size([1, 1, 400, 400])
[loftr_wrapper.py] net forward
[loftr_wrapper.py] mconf, 0.20897042751312256 0.5938982963562012
[loftr_wrapper.py] pair_ids (31,)
[loftr_wrapper.py] corres: (31, 5)
[loftr_wrapper.py] image0: torch.Size([1, 1, 400, 400])
[loftr_wrapper.py] net forward
[loftr_wrapper.py] mconf, 0.2006426602602005 0.7650776505470276
[loftr_wrapper.py] pair_ids (55,)
[loftr_wrapper.py] corres: (55, 5)
[loftr_wrapper.py] image0: torch.Size([1, 1, 400, 400])
[loftr_wrapper.py] net forward
[loftr_wrapper.py] mconf, 0.2125738263130188 0.8144052624702454
[loftr_wrapper.py] pair_ids (23,)
[loftr_wrapper.py] corres: (23, 5)
[loftr_wrapper.py] image0: torch.Size([1, 1, 400, 400])
[loftr_wrapper.py] net forward
[loftr_wrapper.py] mconf, 0.20347975194454193 0.8013579249382019
[loftr_wrapper.py] pair_ids (41,)
[loftr_wrapper.py] corres: (41, 5)
[loftr_wrapper.py] image0: torch.Size([1, 1, 400, 400])
[loftr_wrapper.py] net forward
[loftr_wrapper.py] mconf, 0.20025815069675446 0.6100879907608032
[loftr_wrapper.py] pair_ids (62,)
[loftr_wrapper.py] corres: (62, 5)
[loftr_wrapper.py] image0: torch.Size([1, 1, 400, 400])
[loftr_wrapper.py] net forward
[loftr_wrapper.py] mconf, 0.20063672959804535 0.6858790516853333
[loftr_wrapper.py] pair_ids (42,)
[loftr_wrapper.py] corres: (42, 5)
[loftr_wrapper.py] image0: torch.Size([1, 1, 400, 400])
[loftr_wrapper.py] net forward
[loftr_wrapper.py] mconf, 0.20182546973228455 0.8036157488822937
[loftr_wrapper.py] pair_ids (67,)
[loftr_wrapper.py] corres: (67, 5)
[loftr_wrapper.py] image0: torch.Size([1, 1, 400, 400])
[loftr_wrapper.py] net forward
[loftr_wrapper.py] mconf, 0.20458529889583588 0.6421796679496765
[loftr_wrapper.py] pair_ids (18,)
[loftr_wrapper.py] corres: (18, 5)
[loftr_wrapper.py] image0: torch.Size([1, 1, 400, 400])
[loftr_wrapper.py] net forward
[loftr_wrapper.py] mconf, 0.20075011253356934 0.7475139498710632
[loftr_wrapper.py] pair_ids (124,)
[loftr_wrapper.py] corres: (124, 5)
[loftr_wrapper.py] image0: torch.Size([1, 1, 400, 400])
[loftr_wrapper.py] net forward
[loftr_wrapper.py] mconf, 0.20085982978343964 0.9114656448364258
[loftr_wrapper.py] pair_ids (120,)
[loftr_wrapper.py] corres: (120, 5)
[loftr_wrapper.py] image0: torch.Size([1, 1, 400, 400])
[loftr_wrapper.py] net forward
[loftr_wrapper.py] mconf, 0.20200452208518982 0.5012339353561401
[loftr_wrapper.py] pair_ids (37,)
[loftr_wrapper.py] corres: (37, 5)
  B MD-prior MPM12 201/240 4.3s/kf | E-I=11.97 E-L=58.33 E-V2=124.80 E-V5b=89.91 E-V5b_r20=99.51 E-V5d=90.48 E-V5d_r20=99.74 E-V5x2=62.87 E-V5x2_r20=87.13 E-VI=81.65 E-VI_r20=87.13 | rot0 45.00
/home/kist/Desktop/BundleSAM3DGS/experiments/vggt_probe/models.py:30: FutureWarning: `torch.cuda.amp.autocast(args...)` is deprecated. Please use `torch.amp.autocast('cuda', args...)` instead.
  with torch.cuda.amp.autocast(dtype=torch.bfloat16):
/home/kist/venvs/vggt_probe/lib/python3.10/site-packages/vggt/models/vggt.py:65: FutureWarning: `torch.cuda.amp.autocast(args...)` is deprecated. Please use `torch.amp.autocast('cuda', args...)` instead.
  with torch.cuda.amp.autocast(enabled=False):
[loftr_wrapper.py] image0: torch.Size([1, 1, 400, 400])
/home/kist/Desktop/BundleSAM3DGS/loftr_wrapper.py:45: FutureWarning: `torch.cuda.amp.autocast(args...)` is deprecated. Please use `torch.amp.autocast('cuda', args...)` instead.
  with torch.cuda.amp.autocast(enabled=True):
[loftr_wrapper.py] net forward
[loftr_wrapper.py] mconf, 0.2065097987651825 0.6696211099624634
[loftr_wrapper.py] pair_ids (44,)
[loftr_wrapper.py] corres: (44, 5)
[loftr_wrapper.py] image0: torch.Size([1, 1, 400, 400])
[loftr_wrapper.py] net forward
[loftr_wrapper.py] mconf, 0.20060712099075317 0.6806482076644897
[loftr_wrapper.py] pair_ids (42,)
[loftr_wrapper.py] corres: (42, 5)
[loftr_wrapper.py] image0: torch.Size([1, 1, 400, 400])
[loftr_wrapper.py] net forward
[loftr_wrapper.py] mconf, 0.20242653787136078 0.8175216913223267
[loftr_wrapper.py] pair_ids (53,)
[loftr_wrapper.py] corres: (53, 5)
[loftr_wrapper.py] image0: torch.Size([1, 1, 400, 400])
[loftr_wrapper.py] net forward
[loftr_wrapper.py] mconf, 0.20387190580368042 0.7521368861198425
[loftr_wrapper.py] pair_ids (57,)
[loftr_wrapper.py] corres: (57, 5)
[loftr_wrapper.py] image0: torch.Size([1, 1, 400, 400])
[loftr_wrapper.py] net forward
[loftr_wrapper.py] mconf, 0.2000509798526764 0.8916809558868408
[loftr_wrapper.py] pair_ids (82,)
[loftr_wrapper.py] corres: (82, 5)
[loftr_wrapper.py] image0: torch.Size([1, 1, 400, 400])
[loftr_wrapper.py] net forward
[loftr_wrapper.py] mconf, 0.20142726600170135 0.663817822933197
[loftr_wrapper.py] pair_ids (66,)
[loftr_wrapper.py] corres: (66, 5)
[loftr_wrapper.py] image0: torch.Size([1, 1, 400, 400])
[loftr_wrapper.py] net forward
[loftr_wrapper.py] mconf, 0.20085039734840393 0.7353687286376953
[loftr_wrapper.py] pair_ids (47,)
[loftr_wrapper.py] corres: (47, 5)
[loftr_wrapper.py] image0: torch.Size([1, 1, 400, 400])
[loftr_wrapper.py] net forward
[loftr_wrapper.py] mconf, 0.2023376226425171 0.6455773115158081
[loftr_wrapper.py] pair_ids (67,)
[loftr_wrapper.py] corres: (67, 5)
[loftr_wrapper.py] image0: torch.Size([1, 1, 400, 400])
[loftr_wrapper.py] net forward
[loftr_wrapper.py] mconf, 0.20023246109485626 0.6786713600158691
[loftr_wrapper.py] pair_ids (54,)
[loftr_wrapper.py] corres: (54, 5)
[loftr_wrapper.py] image0: torch.Size([1, 1, 400, 400])
[loftr_wrapper.py] net forward
[loftr_wrapper.py] mconf, 0.21223975718021393 0.7420902848243713
[loftr_wrapper.py] pair_ids (28,)
[loftr_wrapper.py] corres: (28, 5)
[loftr_wrapper.py] image0: torch.Size([1, 1, 400, 400])
[loftr_wrapper.py] net forward
[loftr_wrapper.py] mconf, 0.20307932794094086 0.7061743140220642
[loftr_wrapper.py] pair_ids (65,)
[loftr_wrapper.py] corres: (65, 5)
[loftr_wrapper.py] image0: torch.Size([1, 1, 400, 400])
[loftr_wrapper.py] net forward
[loftr_wrapper.py] mconf, 0.20234544575214386 0.7707217931747437
[loftr_wrapper.py] pair_ids (33,)
[loftr_wrapper.py] corres: (33, 5)
[loftr_wrapper.py] image0: torch.Size([1, 1, 400, 400])
[loftr_wrapper.py] net forward
[loftr_wrapper.py] mconf, 0.20030231773853302 0.6004751324653625
[loftr_wrapper.py] pair_ids (59,)
[loftr_wrapper.py] corres: (59, 5)
[loftr_wrapper.py] image0: torch.Size([1, 1, 400, 400])
[loftr_wrapper.py] net forward
[loftr_wrapper.py] mconf, 0.2028648555278778 0.7863763570785522
[loftr_wrapper.py] pair_ids (82,)
[loftr_wrapper.py] corres: (82, 5)
[loftr_wrapper.py] image0: torch.Size([1, 1, 400, 400])
[loftr_wrapper.py] net forward
[loftr_wrapper.py] mconf, 0.20395906269550323 0.9778850674629211
[loftr_wrapper.py] pair_ids (276,)
[loftr_wrapper.py] corres: (276, 5)
[loftr_wrapper.py] image0: torch.Size([1, 1, 400, 400])
[loftr_wrapper.py] net forward
[loftr_wrapper.py] mconf, 0.203635111451149 0.6580525636672974
[loftr_wrapper.py] pair_ids (71,)
[loftr_wrapper.py] corres: (71, 5)
[loftr_wrapper.py] image0: torch.Size([1, 1, 400, 400])
[loftr_wrapper.py] net forward
[loftr_wrapper.py] mconf, 0.20652620494365692 0.6888606548309326
[loftr_wrapper.py] pair_ids (17,)
[loftr_wrapper.py] corres: (17, 5)
[loftr_wrapper.py] image0: torch.Size([1, 1, 400, 400])
[loftr_wrapper.py] net forward
[loftr_wrapper.py] mconf, 0.20200644433498383 0.6035794019699097
[loftr_wrapper.py] pair_ids (69,)
[loftr_wrapper.py] corres: (69, 5)
[loftr_wrapper.py] image0: torch.Size([1, 1, 400, 400])
[loftr_wrapper.py] net forward
[loftr_wrapper.py] mconf, 0.20548446476459503 0.7188644409179688
[loftr_wrapper.py] pair_ids (42,)
[loftr_wrapper.py] corres: (42, 5)
[loftr_wrapper.py] image0: torch.Size([1, 1, 400, 400])
[loftr_wrapper.py] net forward
[loftr_wrapper.py] mconf, 0.20140130817890167 0.6973536610603333
[loftr_wrapper.py] pair_ids (51,)
[loftr_wrapper.py] corres: (51, 5)
[loftr_wrapper.py] image0: torch.Size([1, 1, 400, 400])
[loftr_wrapper.py] net forward
[loftr_wrapper.py] mconf, 0.20144619047641754 0.6729403138160706
[loftr_wrapper.py] pair_ids (54,)
[loftr_wrapper.py] corres: (54, 5)
[loftr_wrapper.py] image0: torch.Size([1, 1, 400, 400])
[loftr_wrapper.py] net forward
[loftr_wrapper.py] mconf, 0.20123441517353058 0.6666299104690552
[loftr_wrapper.py] pair_ids (72,)
[loftr_wrapper.py] corres: (72, 5)
[loftr_wrapper.py] image0: torch.Size([1, 1, 400, 400])
[loftr_wrapper.py] net forward
[loftr_wrapper.py] mconf, 0.2025400549173355 0.9464321732521057
[loftr_wrapper.py] pair_ids (181,)
[loftr_wrapper.py] corres: (181, 5)
[loftr_wrapper.py] image0: torch.Size([1, 1, 400, 400])
[loftr_wrapper.py] net forward
[loftr_wrapper.py] mconf, 0.2156374454498291 0.6560895442962646
[loftr_wrapper.py] pair_ids (39,)
[loftr_wrapper.py] corres: (39, 5)
[loftr_wrapper.py] image0: torch.Size([1, 1, 400, 400])
[loftr_wrapper.py] net forward
[loftr_wrapper.py] mconf, 0.20115967094898224 0.7042511701583862
[loftr_wrapper.py] pair_ids (48,)
[loftr_wrapper.py] corres: (48, 5)
  B MD-prior MPM12 226/240 3.3s/kf | E-I=59.73 E-L=60.00 E-V2=137.11 E-V5b=107.10 E-V5b_r20=98.48 E-V5d=107.15 E-V5d_r20=98.49 E-V5x2=84.20 E-V5x2_r20=80.61 E-VI=89.31 E-VI_r20=104.81 | rot0 60.00
/home/kist/Desktop/BundleSAM3DGS/experiments/vggt_probe/models.py:30: FutureWarning: `torch.cuda.amp.autocast(args...)` is deprecated. Please use `torch.amp.autocast('cuda', args...)` instead.
  with torch.cuda.amp.autocast(dtype=torch.bfloat16):
/home/kist/venvs/vggt_probe/lib/python3.10/site-packages/vggt/models/vggt.py:65: FutureWarning: `torch.cuda.amp.autocast(args...)` is deprecated. Please use `torch.amp.autocast('cuda', args...)` instead.
  with torch.cuda.amp.autocast(enabled=False):
[loftr_wrapper.py] image0: torch.Size([1, 1, 400, 400])
/home/kist/Desktop/BundleSAM3DGS/loftr_wrapper.py:45: FutureWarning: `torch.cuda.amp.autocast(args...)` is deprecated. Please use `torch.amp.autocast('cuda', args...)` instead.
  with torch.cuda.amp.autocast(enabled=True):
[loftr_wrapper.py] net forward
[loftr_wrapper.py] mconf, 0.2013268917798996 0.6970182657241821
[loftr_wrapper.py] pair_ids (39,)
[loftr_wrapper.py] corres: (39, 5)
[loftr_wrapper.py] image0: torch.Size([1, 1, 400, 400])
[loftr_wrapper.py] net forward
[loftr_wrapper.py] mconf, 0.20545968413352966 0.6477612257003784
[loftr_wrapper.py] pair_ids (40,)
[loftr_wrapper.py] corres: (40, 5)
[loftr_wrapper.py] image0: torch.Size([1, 1, 400, 400])
[loftr_wrapper.py] net forward
[loftr_wrapper.py] mconf, 0.2000725418329239 0.620347797870636
[loftr_wrapper.py] pair_ids (59,)
[loftr_wrapper.py] corres: (59, 5)
[loftr_wrapper.py] image0: torch.Size([1, 1, 400, 400])
[loftr_wrapper.py] net forward
[loftr_wrapper.py] mconf, 0.2035725861787796 0.5912258625030518
[loftr_wrapper.py] pair_ids (40,)
[loftr_wrapper.py] corres: (40, 5)
[loftr_wrapper.py] image0: torch.Size([1, 1, 400, 400])
[loftr_wrapper.py] net forward
[loftr_wrapper.py] mconf, 0.20026995241641998 0.616008460521698
[loftr_wrapper.py] pair_ids (50,)
[loftr_wrapper.py] corres: (50, 5)
[loftr_wrapper.py] image0: torch.Size([1, 1, 400, 400])
[loftr_wrapper.py] net forward
[loftr_wrapper.py] mconf, 0.2060297131538391 0.814353883266449
[loftr_wrapper.py] pair_ids (70,)
[loftr_wrapper.py] corres: (70, 5)
[loftr_wrapper.py] image0: torch.Size([1, 1, 400, 400])
[loftr_wrapper.py] net forward
[loftr_wrapper.py] mconf, 0.20058473944664001 0.5688193440437317
[loftr_wrapper.py] pair_ids (35,)
[loftr_wrapper.py] corres: (35, 5)
[loftr_wrapper.py] image0: torch.Size([1, 1, 400, 400])
[loftr_wrapper.py] net forward
[loftr_wrapper.py] mconf, 0.20079493522644043 0.6857160925865173
[loftr_wrapper.py] pair_ids (38,)
[loftr_wrapper.py] corres: (38, 5)
[loftr_wrapper.py] image0: torch.Size([1, 1, 400, 400])
[loftr_wrapper.py] net forward
[loftr_wrapper.py] mconf, 0.2022395133972168 0.7020824551582336
[loftr_wrapper.py] pair_ids (51,)
[loftr_wrapper.py] corres: (51, 5)
[loftr_wrapper.py] image0: torch.Size([1, 1, 400, 400])
[loftr_wrapper.py] net forward
[loftr_wrapper.py] mconf, 0.20298150181770325 0.9013446569442749
[loftr_wrapper.py] pair_ids (51,)
[loftr_wrapper.py] corres: (51, 5)
[loftr_wrapper.py] image0: torch.Size([1, 1, 400, 400])
[loftr_wrapper.py] net forward
[loftr_wrapper.py] mconf, 0.2019798308610916 0.6476617455482483
[loftr_wrapper.py] pair_ids (32,)
[loftr_wrapper.py] corres: (32, 5)
[loftr_wrapper.py] image0: torch.Size([1, 1, 400, 400])
[loftr_wrapper.py] net forward
[loftr_wrapper.py] mconf, 0.20009957253932953 0.9762598276138306
[loftr_wrapper.py] pair_ids (148,)
[loftr_wrapper.py] corres: (148, 5)
[loftr_wrapper.py] image0: torch.Size([1, 1, 400, 400])
[loftr_wrapper.py] net forward
[loftr_wrapper.py] mconf, 0.2017020583152771 0.5399259328842163
[loftr_wrapper.py] pair_ids (33,)
[loftr_wrapper.py] corres: (33, 5)
[loftr_wrapper.py] image0: torch.Size([1, 1, 400, 400])
[loftr_wrapper.py] net forward
[loftr_wrapper.py] mconf, 0.2007669359445572 0.6793010234832764
[loftr_wrapper.py] pair_ids (81,)
[loftr_wrapper.py] corres: (81, 5)
DONE B MD-prior MPM12 jobs 240 992s | E-I=10.76/0% E-L=12.28/2% E-V2=114.79/0% E-V5b=103.48/0% E-V5b_r20=91.13/0% E-V5d=103.65/0% E-V5d_r20=91.05/0% E-V5x2=75.83/0% E-V5x2_r20=73.15/0% E-VI=85.06/0% E-VI_r20=82.51/0% | rot0 25.00
[probe] GT rotations orthonormalized (max element change 3.54e-08)
/home/kist/Desktop/BundleSAM3DGS/experiments/vggt_probe/models.py:30: FutureWarning: `torch.cuda.amp.autocast(args...)` is deprecated. Please use `torch.amp.autocast('cuda', args...)` instead.
  with torch.cuda.amp.autocast(dtype=torch.bfloat16):
/home/kist/venvs/vggt_probe/lib/python3.10/site-packages/vggt/models/vggt.py:65: FutureWarning: `torch.cuda.amp.autocast(args...)` is deprecated. Please use `torch.amp.autocast('cuda', args...)` instead.
  with torch.cuda.amp.autocast(enabled=False):
[loftr_wrapper.py] image0: torch.Size([1, 1, 400, 400])
/home/kist/Desktop/BundleSAM3DGS/loftr_wrapper.py:45: FutureWarning: `torch.cuda.amp.autocast(args...)` is deprecated. Please use `torch.amp.autocast('cuda', args...)` instead.
  with torch.cuda.amp.autocast(enabled=True):
[loftr_wrapper.py] net forward
[loftr_wrapper.py] mconf, 0.20086821913719177 0.8911644816398621
[loftr_wrapper.py] pair_ids (99,)
[loftr_wrapper.py] corres: (99, 5)
  B MD-prior SM1 1/240 4.2s/kf | E-I=7.07 E-L=10.02 E-V2=86.04 E-V5b=76.88 E-V5b_r20=78.64 E-V5d=77.66 E-V5d_r20=78.94 E-V5x2=11.80 E-V5x2_r20=23.19 E-VI=11.80 E-VI_r20=23.19 | rot0 5.00
/home/kist/Desktop/BundleSAM3DGS/experiments/vggt_probe/models.py:30: FutureWarning: `torch.cuda.amp.autocast(args...)` is deprecated. Please use `torch.amp.autocast('cuda', args...)` instead.
  with torch.cuda.amp.autocast(dtype=torch.bfloat16):
/home/kist/venvs/vggt_probe/lib/python3.10/site-packages/vggt/models/vggt.py:65: FutureWarning: `torch.cuda.amp.autocast(args...)` is deprecated. Please use `torch.amp.autocast('cuda', args...)` instead.
  with torch.cuda.amp.autocast(enabled=False):
[loftr_wrapper.py] image0: torch.Size([1, 1, 400, 400])
/home/kist/Desktop/BundleSAM3DGS/loftr_wrapper.py:45: FutureWarning: `torch.cuda.amp.autocast(args...)` is deprecated. Please use `torch.amp.autocast('cuda', args...)` instead.
  with torch.cuda.amp.autocast(enabled=True):
[loftr_wrapper.py] net forward
[loftr_wrapper.py] mconf, 0.20040175318717957 0.6380286812782288
[loftr_wrapper.py] pair_ids (30,)
[loftr_wrapper.py] corres: (30, 5)
[loftr_wrapper.py] image0: torch.Size([1, 1, 400, 400])
[loftr_wrapper.py] net forward
[loftr_wrapper.py] mconf, 0.20126987993717194 0.5878074169158936
[loftr_wrapper.py] pair_ids (62,)
[loftr_wrapper.py] corres: (62, 5)
[loftr_wrapper.py] image0: torch.Size([1, 1, 400, 400])
[loftr_wrapper.py] net forward
[loftr_wrapper.py] mconf, 0.2012529820203781 0.7896364331245422
[loftr_wrapper.py] pair_ids (73,)
[loftr_wrapper.py] corres: (73, 5)
[loftr_wrapper.py] image0: torch.Size([1, 1, 400, 400])
[loftr_wrapper.py] net forward
[loftr_wrapper.py] mconf, 0.20453272759914398 0.7371938824653625
[loftr_wrapper.py] pair_ids (42,)
[loftr_wrapper.py] corres: (42, 5)
[loftr_wrapper.py] image0: torch.Size([1, 1, 400, 400])
[loftr_wrapper.py] net forward
[loftr_wrapper.py] mconf, 0.20149865746498108 0.6657320261001587
[loftr_wrapper.py] pair_ids (56,)
[loftr_wrapper.py] corres: (56, 5)
[loftr_wrapper.py] image0: torch.Size([1, 1, 400, 400])
[loftr_wrapper.py] net forward
[loftr_wrapper.py] mconf, 0.2015143185853958 0.8305885195732117
[loftr_wrapper.py] pair_ids (114,)
[loftr_wrapper.py] corres: (114, 5)
[loftr_wrapper.py] image0: torch.Size([1, 1, 400, 400])
[loftr_wrapper.py] net forward
[loftr_wrapper.py] mconf, 0.2000552862882614 0.8940460681915283
[loftr_wrapper.py] pair_ids (100,)
[loftr_wrapper.py] corres: (100, 5)
[loftr_wrapper.py] image0: torch.Size([1, 1, 400, 400])
[loftr_wrapper.py] net forward
[loftr_wrapper.py] mconf, 0.20432332158088684 0.799423336982727
[loftr_wrapper.py] pair_ids (81,)
[loftr_wrapper.py] corres: (81, 5)
[loftr_wrapper.py] image0: torch.Size([1, 1, 400, 400])
[loftr_wrapper.py] net forward
[loftr_wrapper.py] mconf, 0.20578087866306305 0.6578450798988342
[loftr_wrapper.py] pair_ids (59,)
[loftr_wrapper.py] corres: (59, 5)
[loftr_wrapper.py] image0: torch.Size([1, 1, 400, 400])
[loftr_wrapper.py] net forward
[loftr_wrapper.py] mconf, 0.20283009111881256 0.9076336622238159
[loftr_wrapper.py] pair_ids (92,)
[loftr_wrapper.py] corres: (92, 5)
[loftr_wrapper.py] image0: torch.Size([1, 1, 400, 400])
[loftr_wrapper.py] net forward
[loftr_wrapper.py] mconf, 0.20329712331295013 0.941032886505127
[loftr_wrapper.py] pair_ids (125,)
[loftr_wrapper.py] corres: (125, 5)
[loftr_wrapper.py] image0: torch.Size([1, 1, 400, 400])
[loftr_wrapper.py] net forward
[loftr_wrapper.py] mconf, 0.20038628578186035 0.8686818480491638
[loftr_wrapper.py] pair_ids (143,)
[loftr_wrapper.py] corres: (143, 5)
[loftr_wrapper.py] image0: torch.Size([1, 1, 400, 400])
[loftr_wrapper.py] net forward
[loftr_wrapper.py] mconf, 0.20105332136154175 0.8202919960021973
[loftr_wrapper.py] pair_ids (121,)
[loftr_wrapper.py] corres: (121, 5)
[loftr_wrapper.py] image0: torch.Size([1, 1, 400, 400])
[loftr_wrapper.py] net forward
[loftr_wrapper.py] mconf, 0.20155403017997742 0.6960789561271667
[loftr_wrapper.py] pair_ids (54,)
[loftr_wrapper.py] corres: (54, 5)
[loftr_wrapper.py] image0: torch.Size([1, 1, 400, 400])
[loftr_wrapper.py] net forward
[loftr_wrapper.py] mconf, 0.20098067820072174 0.8444374799728394
[loftr_wrapper.py] pair_ids (103,)
[loftr_wrapper.py] corres: (103, 5)
[loftr_wrapper.py] image0: torch.Size([1, 1, 400, 400])
[loftr_wrapper.py] net forward
[loftr_wrapper.py] mconf, 0.20228904485702515 0.8622302412986755
[loftr_wrapper.py] pair_ids (83,)
[loftr_wrapper.py] corres: (83, 5)
[loftr_wrapper.py] image0: torch.Size([1, 1, 400, 400])
[loftr_wrapper.py] net forward
[loftr_wrapper.py] mconf, 0.20195555686950684 0.983819842338562
[loftr_wrapper.py] pair_ids (228,)
[loftr_wrapper.py] corres: (228, 5)
[loftr_wrapper.py] image0: torch.Size([1, 1, 400, 400])
[loftr_wrapper.py] net forward
[loftr_wrapper.py] mconf, 0.20247042179107666 0.8858230710029602
[loftr_wrapper.py] pair_ids (96,)
[loftr_wrapper.py] corres: (96, 5)
[loftr_wrapper.py] image0: torch.Size([1, 1, 400, 400])
[loftr_wrapper.py] net forward
[loftr_wrapper.py] mconf, 0.20198895037174225 0.79844731092453
[loftr_wrapper.py] pair_ids (58,)
[loftr_wrapper.py] corres: (58, 5)
[loftr_wrapper.py] image0: torch.Size([1, 1, 400, 400])
[loftr_wrapper.py] net forward
[loftr_wrapper.py] mconf, 0.20054194331169128 0.7797828912734985
[loftr_wrapper.py] pair_ids (87,)
[loftr_wrapper.py] corres: (87, 5)
[loftr_wrapper.py] image0: torch.Size([1, 1, 400, 400])
[loftr_wrapper.py] net forward
[loftr_wrapper.py] mconf, 0.20003674924373627 0.9662171006202698
[loftr_wrapper.py] pair_ids (124,)
[loftr_wrapper.py] corres: (124, 5)
[loftr_wrapper.py] image0: torch.Size([1, 1, 400, 400])
[loftr_wrapper.py] net forward
[loftr_wrapper.py] mconf, 0.20226016640663147 0.8380517363548279
[loftr_wrapper.py] pair_ids (93,)
[loftr_wrapper.py] corres: (93, 5)
[loftr_wrapper.py] image0: torch.Size([1, 1, 400, 400])
[loftr_wrapper.py] net forward
[loftr_wrapper.py] mconf, 0.20122691988945007 0.7695927023887634
[loftr_wrapper.py] pair_ids (81,)
[loftr_wrapper.py] corres: (81, 5)
[loftr_wrapper.py] image0: torch.Size([1, 1, 400, 400])
[loftr_wrapper.py] net forward
[loftr_wrapper.py] mconf, 0.20021647214889526 0.8697450160980225
[loftr_wrapper.py] pair_ids (109,)
[loftr_wrapper.py] corres: (109, 5)
[loftr_wrapper.py] image0: torch.Size([1, 1, 400, 400])
[loftr_wrapper.py] net forward
[loftr_wrapper.py] mconf, 0.20017078518867493 0.6887378692626953
[loftr_wrapper.py] pair_ids (32,)
[loftr_wrapper.py] corres: (32, 5)
  B MD-prior SM1 26/240 4.2s/kf | E-I=6.10 E-L=6.21 E-V2=107.75 E-V5b=81.95 E-V5b_r20=88.15 E-V5d=82.53 E-V5d_r20=88.28 E-V5x2=65.94 E-V5x2_r20=109.25 E-VI=65.94 E-VI_r20=109.25 | rot0 5.00
/home/kist/Desktop/BundleSAM3DGS/experiments/vggt_probe/models.py:30: FutureWarning: `torch.cuda.amp.autocast(args...)` is deprecated. Please use `torch.amp.autocast('cuda', args...)` instead.
  with torch.cuda.amp.autocast(dtype=torch.bfloat16):
/home/kist/venvs/vggt_probe/lib/python3.10/site-packages/vggt/models/vggt.py:65: FutureWarning: `torch.cuda.amp.autocast(args...)` is deprecated. Please use `torch.amp.autocast('cuda', args...)` instead.
  with torch.cuda.amp.autocast(enabled=False):
[loftr_wrapper.py] image0: torch.Size([1, 1, 400, 400])
/home/kist/Desktop/BundleSAM3DGS/loftr_wrapper.py:45: FutureWarning: `torch.cuda.amp.autocast(args...)` is deprecated. Please use `torch.amp.autocast('cuda', args...)` instead.
  with torch.cuda.amp.autocast(enabled=True):
[loftr_wrapper.py] net forward
[loftr_wrapper.py] mconf, 0.20008884370326996 0.7144381403923035
[loftr_wrapper.py] pair_ids (63,)
[loftr_wrapper.py] corres: (63, 5)
[loftr_wrapper.py] image0: torch.Size([1, 1, 400, 400])
[loftr_wrapper.py] net forward
[loftr_wrapper.py] mconf, 0.20051038265228271 0.8084654808044434
[loftr_wrapper.py] pair_ids (74,)
[loftr_wrapper.py] corres: (74, 5)
[loftr_wrapper.py] image0: torch.Size([1, 1, 400, 400])
[loftr_wrapper.py] net forward
[loftr_wrapper.py] mconf, 0.20120443403720856 0.8420259356498718
[loftr_wrapper.py] pair_ids (51,)
[loftr_wrapper.py] corres: (51, 5)
[loftr_wrapper.py] image0: torch.Size([1, 1, 400, 400])
[loftr_wrapper.py] net forward
[loftr_wrapper.py] mconf, 0.20350736379623413 0.9054892659187317
[loftr_wrapper.py] pair_ids (81,)
[loftr_wrapper.py] corres: (81, 5)
[loftr_wrapper.py] image0: torch.Size([1, 1, 400, 400])
[loftr_wrapper.py] net forward
[loftr_wrapper.py] mconf, 0.20704703032970428 0.8743628859519958
[loftr_wrapper.py] pair_ids (64,)
[loftr_wrapper.py] corres: (64, 5)
[loftr_wrapper.py] image0: torch.Size([1, 1, 400, 400])
[loftr_wrapper.py] net forward
[loftr_wrapper.py] mconf, 0.20221638679504395 0.7465466260910034
[loftr_wrapper.py] pair_ids (115,)
[loftr_wrapper.py] corres: (115, 5)
[loftr_wrapper.py] image0: torch.Size([1, 1, 400, 400])
[loftr_wrapper.py] net forward
[loftr_wrapper.py] mconf, 0.20099763572216034 0.8774696588516235
[loftr_wrapper.py] pair_ids (80,)
[loftr_wrapper.py] corres: (80, 5)
[loftr_wrapper.py] image0: torch.Size([1, 1, 400, 400])
[loftr_wrapper.py] net forward
[loftr_wrapper.py] mconf, 0.20146985352039337 0.7997589111328125
[loftr_wrapper.py] pair_ids (49,)
[loftr_wrapper.py] corres: (49, 5)
[loftr_wrapper.py] image0: torch.Size([1, 1, 400, 400])
[loftr_wrapper.py] net forward
[loftr_wrapper.py] mconf, 0.20241577923297882 0.6581785082817078
[loftr_wrapper.py] pair_ids (65,)
[loftr_wrapper.py] corres: (65, 5)
[loftr_wrapper.py] image0: torch.Size([1, 1, 400, 400])
[loftr_wrapper.py] net forward
[loftr_wrapper.py] mconf, 0.20244356989860535 0.7930375337600708
[loftr_wrapper.py] pair_ids (88,)
[loftr_wrapper.py] corres: (88, 5)
[loftr_wrapper.py] image0: torch.Size([1, 1, 400, 400])
[loftr_wrapper.py] net forward
[loftr_wrapper.py] mconf, 0.20083163678646088 0.822070837020874
[loftr_wrapper.py] pair_ids (99,)
[loftr_wrapper.py] corres: (99, 5)
[loftr_wrapper.py] image0: torch.Size([1, 1, 400, 400])
[loftr_wrapper.py] net forward
[loftr_wrapper.py] mconf, 0.20014838874340057 0.7674176692962646
[loftr_wrapper.py] pair_ids (70,)
[loftr_wrapper.py] corres: (70, 5)
[loftr_wrapper.py] image0: torch.Size([1, 1, 400, 400])
[loftr_wrapper.py] net forward
[loftr_wrapper.py] mconf, 0.20051094889640808 0.8603119254112244
[loftr_wrapper.py] pair_ids (148,)
[loftr_wrapper.py] corres: (148, 5)
[loftr_wrapper.py] image0: torch.Size([1, 1, 400, 400])
[loftr_wrapper.py] net forward
[loftr_wrapper.py] mconf, 0.20041735470294952 0.6785382628440857
[loftr_wrapper.py] pair_ids (96,)
[loftr_wrapper.py] corres: (96, 5)
[loftr_wrapper.py] image0: torch.Size([1, 1, 400, 400])
[loftr_wrapper.py] net forward
[loftr_wrapper.py] mconf, 0.20398342609405518 0.7182921171188354
[loftr_wrapper.py] pair_ids (78,)
[loftr_wrapper.py] corres: (78, 5)
[loftr_wrapper.py] image0: torch.Size([1, 1, 400, 400])
[loftr_wrapper.py] net forward
[loftr_wrapper.py] mconf, 0.20461362600326538 0.5801229476928711
[loftr_wrapper.py] pair_ids (27,)
[loftr_wrapper.py] corres: (27, 5)
[loftr_wrapper.py] image0: torch.Size([1, 1, 400, 400])
[loftr_wrapper.py] net forward
[loftr_wrapper.py] mconf, 0.20184928178787231 0.723196804523468
[loftr_wrapper.py] pair_ids (54,)
[loftr_wrapper.py] corres: (54, 5)
[loftr_wrapper.py] image0: torch.Size([1, 1, 400, 400])
[loftr_wrapper.py] net forward
[loftr_wrapper.py] mconf, 0.2100277990102768 0.7286208868026733
[loftr_wrapper.py] pair_ids (59,)
[loftr_wrapper.py] corres: (59, 5)
[loftr_wrapper.py] image0: torch.Size([1, 1, 400, 400])
[loftr_wrapper.py] net forward
[loftr_wrapper.py] mconf, 0.20137792825698853 0.5330490469932556
[loftr_wrapper.py] pair_ids (41,)
[loftr_wrapper.py] corres: (41, 5)
[loftr_wrapper.py] image0: torch.Size([1, 1, 400, 400])
[loftr_wrapper.py] net forward
[loftr_wrapper.py] mconf, 0.20356029272079468 0.6246089935302734
[loftr_wrapper.py] pair_ids (60,)
[loftr_wrapper.py] corres: (60, 5)
[loftr_wrapper.py] image0: torch.Size([1, 1, 400, 400])
[loftr_wrapper.py] net forward
[loftr_wrapper.py] mconf, 0.20119228959083557 0.8892374038696289
[loftr_wrapper.py] pair_ids (114,)
[loftr_wrapper.py] corres: (114, 5)
[loftr_wrapper.py] image0: torch.Size([1, 1, 400, 400])
[loftr_wrapper.py] net forward
[loftr_wrapper.py] mconf, 0.20068831741809845 0.7393187284469604
[loftr_wrapper.py] pair_ids (103,)
[loftr_wrapper.py] corres: (103, 5)
[loftr_wrapper.py] image0: torch.Size([1, 1, 400, 400])
[loftr_wrapper.py] net forward
[loftr_wrapper.py] mconf, 0.2033030390739441 0.7350648045539856
[loftr_wrapper.py] pair_ids (67,)
[loftr_wrapper.py] corres: (67, 5)
[loftr_wrapper.py] image0: torch.Size([1, 1, 400, 400])
[loftr_wrapper.py] net forward
[loftr_wrapper.py] mconf, 0.20077337324619293 0.6804860234260559
[loftr_wrapper.py] pair_ids (69,)
[loftr_wrapper.py] corres: (69, 5)
[loftr_wrapper.py] image0: torch.Size([1, 1, 400, 400])
[loftr_wrapper.py] net forward
[loftr_wrapper.py] mconf, 0.20231015980243683 0.7662082314491272
[loftr_wrapper.py] pair_ids (85,)
[loftr_wrapper.py] corres: (85, 5)
  B MD-prior SM1 51/240 4.2s/kf | E-I=5.21 E-L=9.76 E-V2=95.99 E-V5b=112.05 E-V5b_r20=89.94 E-V5d=112.14 E-V5d_r20=89.78 E-V5x2=44.66 E-V5x2_r20=106.79 E-VI=61.34 E-VI_r20=106.79 | rot0 5.00
/home/kist/Desktop/BundleSAM3DGS/experiments/vggt_probe/models.py:30: FutureWarning: `torch.cuda.amp.autocast(args...)` is deprecated. Please use `torch.amp.autocast('cuda', args...)` instead.
  with torch.cuda.amp.autocast(dtype=torch.bfloat16):
/home/kist/venvs/vggt_probe/lib/python3.10/site-packages/vggt/models/vggt.py:65: FutureWarning: `torch.cuda.amp.autocast(args...)` is deprecated. Please use `torch.amp.autocast('cuda', args...)` instead.
  with torch.cuda.amp.autocast(enabled=False):
[loftr_wrapper.py] image0: torch.Size([1, 1, 400, 400])
/home/kist/Desktop/BundleSAM3DGS/loftr_wrapper.py:45: FutureWarning: `torch.cuda.amp.autocast(args...)` is deprecated. Please use `torch.amp.autocast('cuda', args...)` instead.
  with torch.cuda.amp.autocast(enabled=True):
[loftr_wrapper.py] net forward
[loftr_wrapper.py] mconf, 0.20462772250175476 0.8345681428909302
[loftr_wrapper.py] pair_ids (82,)
[loftr_wrapper.py] corres: (82, 5)
[loftr_wrapper.py] image0: torch.Size([1, 1, 400, 400])
[loftr_wrapper.py] net forward
[loftr_wrapper.py] mconf, 0.20048190653324127 0.969239354133606
[loftr_wrapper.py] pair_ids (124,)
[loftr_wrapper.py] corres: (124, 5)
[loftr_wrapper.py] image0: torch.Size([1, 1, 400, 400])
[loftr_wrapper.py] net forward
[loftr_wrapper.py] mconf, 0.20075564086437225 0.9205690026283264
[loftr_wrapper.py] pair_ids (116,)
[loftr_wrapper.py] corres: (116, 5)
[loftr_wrapper.py] image0: torch.Size([1, 1, 400, 400])
[loftr_wrapper.py] net forward
[loftr_wrapper.py] mconf, 0.20154930651187897 0.6685749292373657
[loftr_wrapper.py] pair_ids (70,)
[loftr_wrapper.py] corres: (70, 5)
[loftr_wrapper.py] image0: torch.Size([1, 1, 400, 400])
[loftr_wrapper.py] net forward
[loftr_wrapper.py] mconf, 0.2006022334098816 0.8782995939254761
[loftr_wrapper.py] pair_ids (94,)
[loftr_wrapper.py] corres: (94, 5)
[loftr_wrapper.py] image0: torch.Size([1, 1, 400, 400])
[loftr_wrapper.py] net forward
[loftr_wrapper.py] mconf, 0.20162659883499146 0.7805773019790649
[loftr_wrapper.py] pair_ids (89,)
[loftr_wrapper.py] corres: (89, 5)
[loftr_wrapper.py] image0: torch.Size([1, 1, 400, 400])
[loftr_wrapper.py] net forward
[loftr_wrapper.py] mconf, 0.20412199199199677 0.9843515753746033
[loftr_wrapper.py] pair_ids (148,)
[loftr_wrapper.py] corres: (148, 5)
[loftr_wrapper.py] image0: torch.Size([1, 1, 400, 400])
[loftr_wrapper.py] net forward
[loftr_wrapper.py] mconf, 0.20041422545909882 0.8421562314033508
[loftr_wrapper.py] pair_ids (93,)
[loftr_wrapper.py] corres: (93, 5)
[loftr_wrapper.py] image0: torch.Size([1, 1, 400, 400])
[loftr_wrapper.py] net forward
[loftr_wrapper.py] mconf, 0.20008651912212372 0.8532967567443848
[loftr_wrapper.py] pair_ids (83,)
[loftr_wrapper.py] corres: (83, 5)
[loftr_wrapper.py] image0: torch.Size([1, 1, 400, 400])
[loftr_wrapper.py] net forward
[loftr_wrapper.py] mconf, 0.20472130179405212 0.8565061688423157
[loftr_wrapper.py] pair_ids (71,)
[loftr_wrapper.py] corres: (71, 5)
[loftr_wrapper.py] image0: torch.Size([1, 1, 400, 400])
[loftr_wrapper.py] net forward
[loftr_wrapper.py] mconf, 0.20042003691196442 0.8578714728355408
[loftr_wrapper.py] pair_ids (105,)
[loftr_wrapper.py] corres: (105, 5)
[loftr_wrapper.py] image0: torch.Size([1, 1, 400, 400])
[loftr_wrapper.py] net forward
[loftr_wrapper.py] mconf, 0.2004161775112152 0.7478399276733398
[loftr_wrapper.py] pair_ids (100,)
[loftr_wrapper.py] corres: (100, 5)
[loftr_wrapper.py] image0: torch.Size([1, 1, 400, 400])
[loftr_wrapper.py] net forward
[loftr_wrapper.py] mconf, 0.20347312092781067 0.6546872854232788
[loftr_wrapper.py] pair_ids (58,)
[loftr_wrapper.py] corres: (58, 5)
[loftr_wrapper.py] image0: torch.Size([1, 1, 400, 400])
[loftr_wrapper.py] net forward
[loftr_wrapper.py] mconf, 0.20007221400737762 0.925360918045044
[loftr_wrapper.py] pair_ids (103,)
[loftr_wrapper.py] corres: (103, 5)
[loftr_wrapper.py] image0: torch.Size([1, 1, 400, 400])
[loftr_wrapper.py] net forward
[loftr_wrapper.py] mconf, 0.2015397846698761 0.7095160484313965
[loftr_wrapper.py] pair_ids (25,)
[loftr_wrapper.py] corres: (25, 5)
[loftr_wrapper.py] image0: torch.Size([1, 1, 400, 400])
[loftr_wrapper.py] net forward
[loftr_wrapper.py] mconf, 0.20459310710430145 0.6521404981613159
[loftr_wrapper.py] pair_ids (57,)
[loftr_wrapper.py] corres: (57, 5)
[loftr_wrapper.py] image0: torch.Size([1, 1, 400, 400])
[loftr_wrapper.py] net forward
[loftr_wrapper.py] mconf, 0.2022385150194168 0.8130199313163757
[loftr_wrapper.py] pair_ids (64,)
[loftr_wrapper.py] corres: (64, 5)
[loftr_wrapper.py] image0: torch.Size([1, 1, 400, 400])
[loftr_wrapper.py] net forward
[loftr_wrapper.py] mconf, 0.20119544863700867 0.8822826743125916
[loftr_wrapper.py] pair_ids (65,)
[loftr_wrapper.py] corres: (65, 5)
[loftr_wrapper.py] image0: torch.Size([1, 1, 400, 400])
[loftr_wrapper.py] net forward
[loftr_wrapper.py] mconf, 0.20086072385311127 0.8470327854156494
[loftr_wrapper.py] pair_ids (63,)
[loftr_wrapper.py] corres: (63, 5)
[loftr_wrapper.py] image0: torch.Size([1, 1, 400, 400])
[loftr_wrapper.py] net forward
[loftr_wrapper.py] mconf, 0.20345832407474518 0.8631486892700195
[loftr_wrapper.py] pair_ids (75,)
[loftr_wrapper.py] corres: (75, 5)
[loftr_wrapper.py] image0: torch.Size([1, 1, 400, 400])
[loftr_wrapper.py] net forward
[loftr_wrapper.py] mconf, 0.20056657493114471 0.8117340803146362
[loftr_wrapper.py] pair_ids (140,)
[loftr_wrapper.py] corres: (140, 5)
[loftr_wrapper.py] image0: torch.Size([1, 1, 400, 400])
[loftr_wrapper.py] net forward
[loftr_wrapper.py] mconf, 0.20021209120750427 0.7477900385856628
[loftr_wrapper.py] pair_ids (83,)
[loftr_wrapper.py] corres: (83, 5)
[loftr_wrapper.py] image0: torch.Size([1, 1, 400, 400])
[loftr_wrapper.py] net forward
[loftr_wrapper.py] mconf, 0.2027357965707779 0.8411989212036133
[loftr_wrapper.py] pair_ids (67,)
[loftr_wrapper.py] corres: (67, 5)
[loftr_wrapper.py] image0: torch.Size([1, 1, 400, 400])
[loftr_wrapper.py] net forward
[loftr_wrapper.py] mconf, 0.20223496854305267 0.7468026876449585
[loftr_wrapper.py] pair_ids (66,)
[loftr_wrapper.py] corres: (66, 5)
[loftr_wrapper.py] image0: torch.Size([1, 1, 400, 400])
[loftr_wrapper.py] net forward
[loftr_wrapper.py] mconf, 0.20262013375759125 0.7552216053009033
[loftr_wrapper.py] pair_ids (85,)
[loftr_wrapper.py] corres: (85, 5)
  B MD-prior SM1 76/240 4.3s/kf | E-I=5.12 E-L=8.43 E-V2=91.07 E-V5b=66.83 E-V5b_r20=85.52 E-V5d=66.05 E-V5d_r20=85.53 E-V5x2=75.85 E-V5x2_r20=68.27 E-VI=75.85 E-VI_r20=85.51 | rot0 10.00
/home/kist/Desktop/BundleSAM3DGS/experiments/vggt_probe/models.py:30: FutureWarning: `torch.cuda.amp.autocast(args...)` is deprecated. Please use `torch.amp.autocast('cuda', args...)` instead.
  with torch.cuda.amp.autocast(dtype=torch.bfloat16):
/home/kist/venvs/vggt_probe/lib/python3.10/site-packages/vggt/models/vggt.py:65: FutureWarning: `torch.cuda.amp.autocast(args...)` is deprecated. Please use `torch.amp.autocast('cuda', args...)` instead.
  with torch.cuda.amp.autocast(enabled=False):
[loftr_wrapper.py] image0: torch.Size([1, 1, 400, 400])
/home/kist/Desktop/BundleSAM3DGS/loftr_wrapper.py:45: FutureWarning: `torch.cuda.amp.autocast(args...)` is deprecated. Please use `torch.amp.autocast('cuda', args...)` instead.
  with torch.cuda.amp.autocast(enabled=True):
[loftr_wrapper.py] net forward
[loftr_wrapper.py] mconf, 0.20004086196422577 0.7483698129653931
[loftr_wrapper.py] pair_ids (81,)
[loftr_wrapper.py] corres: (81, 5)
[loftr_wrapper.py] image0: torch.Size([1, 1, 400, 400])
[loftr_wrapper.py] net forward
[loftr_wrapper.py] mconf, 0.203329399228096 0.7650941014289856
[loftr_wrapper.py] pair_ids (72,)
[loftr_wrapper.py] corres: (72, 5)
[loftr_wrapper.py] image0: torch.Size([1, 1, 400, 400])
[loftr_wrapper.py] net forward
[loftr_wrapper.py] mconf, 0.20118138194084167 0.8969948887825012
[loftr_wrapper.py] pair_ids (134,)
[loftr_wrapper.py] corres: (134, 5)
[loftr_wrapper.py] image0: torch.Size([1, 1, 400, 400])
[loftr_wrapper.py] net forward
[loftr_wrapper.py] mconf, 0.20033998787403107 0.9010273814201355
[loftr_wrapper.py] pair_ids (112,)
[loftr_wrapper.py] corres: (112, 5)
[loftr_wrapper.py] image0: torch.Size([1, 1, 400, 400])
[loftr_wrapper.py] net forward
[loftr_wrapper.py] mconf, 0.20524564385414124 0.7442188858985901
[loftr_wrapper.py] pair_ids (55,)
[loftr_wrapper.py] corres: (55, 5)
[loftr_wrapper.py] image0: torch.Size([1, 1, 400, 400])
[loftr_wrapper.py] net forward
[loftr_wrapper.py] mconf, 0.21439248323440552 0.7310179471969604
[loftr_wrapper.py] pair_ids (27,)
[loftr_wrapper.py] corres: (27, 5)
[loftr_wrapper.py] image0: torch.Size([1, 1, 400, 400])
[loftr_wrapper.py] net forward
[loftr_wrapper.py] mconf, 0.200033038854599 0.7552064657211304
[loftr_wrapper.py] pair_ids (61,)
[loftr_wrapper.py] corres: (61, 5)
[loftr_wrapper.py] image0: torch.Size([1, 1, 400, 400])
[loftr_wrapper.py] net forward
[loftr_wrapper.py] mconf, 0.2037818282842636 0.5312564373016357
[loftr_wrapper.py] pair_ids (42,)
[loftr_wrapper.py] corres: (42, 5)
[loftr_wrapper.py] image0: torch.Size([1, 1, 400, 400])
[loftr_wrapper.py] net forward
[loftr_wrapper.py] mconf, 0.2104911506175995 0.6617985367774963
[loftr_wrapper.py] pair_ids (34,)
[loftr_wrapper.py] corres: (34, 5)
[loftr_wrapper.py] image0: torch.Size([1, 1, 400, 400])
[loftr_wrapper.py] net forward
[loftr_wrapper.py] mconf, 0.2001436948776245 0.6223745942115784
[loftr_wrapper.py] pair_ids (61,)
[loftr_wrapper.py] corres: (61, 5)
[loftr_wrapper.py] image0: torch.Size([1, 1, 400, 400])
[loftr_wrapper.py] net forward
[loftr_wrapper.py] mconf, 0.20025205612182617 0.7577778100967407
[loftr_wrapper.py] pair_ids (139,)
[loftr_wrapper.py] corres: (139, 5)
[loftr_wrapper.py] image0: torch.Size([1, 1, 400, 400])
[loftr_wrapper.py] net forward
[loftr_wrapper.py] mconf, 0.2065415382385254 0.9342333078384399
[loftr_wrapper.py] pair_ids (65,)
[loftr_wrapper.py] corres: (65, 5)
[loftr_wrapper.py] image0: torch.Size([1, 1, 400, 400])
[loftr_wrapper.py] net forward
[loftr_wrapper.py] mconf, 0.20055224001407623 0.732255756855011
[loftr_wrapper.py] pair_ids (79,)
[loftr_wrapper.py] corres: (79, 5)
[loftr_wrapper.py] image0: torch.Size([1, 1, 400, 400])
[loftr_wrapper.py] net forward
[loftr_wrapper.py] mconf, 0.2000122368335724 0.7257972359657288
[loftr_wrapper.py] pair_ids (73,)
[loftr_wrapper.py] corres: (73, 5)
[loftr_wrapper.py] image0: torch.Size([1, 1, 400, 400])
[loftr_wrapper.py] net forward
[loftr_wrapper.py] mconf, 0.20020262897014618 0.8569502234458923
[loftr_wrapper.py] pair_ids (71,)
[loftr_wrapper.py] corres: (71, 5)
[loftr_wrapper.py] image0: torch.Size([1, 1, 400, 400])
[loftr_wrapper.py] net forward
[loftr_wrapper.py] mconf, 0.2017863690853119 0.8345876932144165
[loftr_wrapper.py] pair_ids (96,)
[loftr_wrapper.py] corres: (96, 5)
[loftr_wrapper.py] image0: torch.Size([1, 1, 400, 400])
[loftr_wrapper.py] net forward
[loftr_wrapper.py] mconf, 0.20095805823802948 0.8604737520217896
[loftr_wrapper.py] pair_ids (88,)
[loftr_wrapper.py] corres: (88, 5)
[loftr_wrapper.py] image0: torch.Size([1, 1, 400, 400])
[loftr_wrapper.py] net forward
[loftr_wrapper.py] mconf, 0.20032000541687012 0.907453179359436
[loftr_wrapper.py] pair_ids (129,)
[loftr_wrapper.py] corres: (129, 5)
[loftr_wrapper.py] image0: torch.Size([1, 1, 400, 400])
[loftr_wrapper.py] net forward
[loftr_wrapper.py] mconf, 0.2008468508720398 0.8308374881744385
[loftr_wrapper.py] pair_ids (84,)
[loftr_wrapper.py] corres: (84, 5)
[loftr_wrapper.py] image0: torch.Size([1, 1, 400, 400])
[loftr_wrapper.py] net forward
[loftr_wrapper.py] mconf, 0.20699535310268402 0.836114227771759
[loftr_wrapper.py] pair_ids (63,)
[loftr_wrapper.py] corres: (63, 5)
[loftr_wrapper.py] image0: torch.Size([1, 1, 400, 400])
[loftr_wrapper.py] net forward
[loftr_wrapper.py] mconf, 0.20010092854499817 0.7737782597541809
[loftr_wrapper.py] pair_ids (76,)
[loftr_wrapper.py] corres: (76, 5)
[loftr_wrapper.py] image0: torch.Size([1, 1, 400, 400])
[loftr_wrapper.py] net forward
[loftr_wrapper.py] mconf, 0.20166660845279694 0.8885204195976257
[loftr_wrapper.py] pair_ids (89,)
[loftr_wrapper.py] corres: (89, 5)
[loftr_wrapper.py] image0: torch.Size([1, 1, 400, 400])
[loftr_wrapper.py] net forward
[loftr_wrapper.py] mconf, 0.20092611014842987 0.8973852396011353
[loftr_wrapper.py] pair_ids (86,)
[loftr_wrapper.py] corres: (86, 5)
[loftr_wrapper.py] image0: torch.Size([1, 1, 400, 400])
[loftr_wrapper.py] net forward
[loftr_wrapper.py] mconf, 0.20032934844493866 0.5964932441711426
[loftr_wrapper.py] pair_ids (52,)
[loftr_wrapper.py] corres: (52, 5)
[loftr_wrapper.py] image0: torch.Size([1, 1, 400, 400])
[loftr_wrapper.py] net forward
[loftr_wrapper.py] mconf, 0.2009972631931305 0.7320389151573181
[loftr_wrapper.py] pair_ids (72,)
[loftr_wrapper.py] corres: (72, 5)
  B MD-prior SM1 101/240 4.3s/kf | E-I=5.83 E-L=9.28 E-V2=116.79 E-V5b=111.09 E-V5b_r20=111.85 E-V5d=110.99 E-V5d_r20=112.35 E-V5x2=87.36 E-V5x2_r20=118.15 E-VI=87.36 E-VI_r20=118.15 | rot0 20.00
/home/kist/Desktop/BundleSAM3DGS/experiments/vggt_probe/models.py:30: FutureWarning: `torch.cuda.amp.autocast(args...)` is deprecated. Please use `torch.amp.autocast('cuda', args...)` instead.
  with torch.cuda.amp.autocast(dtype=torch.bfloat16):
/home/kist/venvs/vggt_probe/lib/python3.10/site-packages/vggt/models/vggt.py:65: FutureWarning: `torch.cuda.amp.autocast(args...)` is deprecated. Please use `torch.amp.autocast('cuda', args...)` instead.
  with torch.cuda.amp.autocast(enabled=False):
[loftr_wrapper.py] image0: torch.Size([1, 1, 400, 400])
/home/kist/Desktop/BundleSAM3DGS/loftr_wrapper.py:45: FutureWarning: `torch.cuda.amp.autocast(args...)` is deprecated. Please use `torch.amp.autocast('cuda', args...)` instead.
  with torch.cuda.amp.autocast(enabled=True):
[loftr_wrapper.py] net forward
[loftr_wrapper.py] mconf, 0.20367498695850372 0.8985759019851685
[loftr_wrapper.py] pair_ids (80,)
[loftr_wrapper.py] corres: (80, 5)
[loftr_wrapper.py] image0: torch.Size([1, 1, 400, 400])
[loftr_wrapper.py] net forward
[loftr_wrapper.py] mconf, 0.20371276140213013 0.7250466346740723
[loftr_wrapper.py] pair_ids (58,)
[loftr_wrapper.py] corres: (58, 5)
[loftr_wrapper.py] image0: torch.Size([1, 1, 400, 400])
[loftr_wrapper.py] net forward
[loftr_wrapper.py] mconf, 0.204585462808609 0.9015107750892639
[loftr_wrapper.py] pair_ids (78,)
[loftr_wrapper.py] corres: (78, 5)
[loftr_wrapper.py] image0: torch.Size([1, 1, 400, 400])
[loftr_wrapper.py] net forward
[loftr_wrapper.py] mconf, 0.20050710439682007 0.8089934587478638
[loftr_wrapper.py] pair_ids (109,)
[loftr_wrapper.py] corres: (109, 5)
[loftr_wrapper.py] image0: torch.Size([1, 1, 400, 400])
[loftr_wrapper.py] net forward
[loftr_wrapper.py] mconf, 0.200128972530365 0.8081248998641968
[loftr_wrapper.py] pair_ids (40,)
[loftr_wrapper.py] corres: (40, 5)
[loftr_wrapper.py] image0: torch.Size([1, 1, 400, 400])
[loftr_wrapper.py] net forward
[loftr_wrapper.py] mconf, 0.20143882930278778 0.642473042011261
[loftr_wrapper.py] pair_ids (48,)
[loftr_wrapper.py] corres: (48, 5)
[loftr_wrapper.py] image0: torch.Size([1, 1, 400, 400])
[loftr_wrapper.py] net forward
[loftr_wrapper.py] mconf, 0.20464755594730377 0.7227199673652649
[loftr_wrapper.py] pair_ids (44,)
[loftr_wrapper.py] corres: (44, 5)
[loftr_wrapper.py] image0: torch.Size([1, 1, 400, 400])
[loftr_wrapper.py] net forward
[loftr_wrapper.py] mconf, 0.20206014811992645 0.7949317097663879
[loftr_wrapper.py] pair_ids (57,)
[loftr_wrapper.py] corres: (57, 5)
[loftr_wrapper.py] image0: torch.Size([1, 1, 400, 400])
[loftr_wrapper.py] net forward
[loftr_wrapper.py] mconf, 0.2016935646533966 0.6693114638328552
[loftr_wrapper.py] pair_ids (34,)
[loftr_wrapper.py] corres: (34, 5)
[loftr_wrapper.py] image0: torch.Size([1, 1, 400, 400])
[loftr_wrapper.py] net forward
[loftr_wrapper.py] mconf, 0.20003609359264374 0.7371580600738525
[loftr_wrapper.py] pair_ids (53,)
[loftr_wrapper.py] corres: (53, 5)
[loftr_wrapper.py] image0: torch.Size([1, 1, 400, 400])
[loftr_wrapper.py] net forward
[loftr_wrapper.py] mconf, 0.2019929587841034 0.8348205089569092
[loftr_wrapper.py] pair_ids (113,)
[loftr_wrapper.py] corres: (113, 5)
[loftr_wrapper.py] image0: torch.Size([1, 1, 400, 400])
[loftr_wrapper.py] net forward
[loftr_wrapper.py] mconf, 0.20024828612804413 0.9007320404052734
[loftr_wrapper.py] pair_ids (101,)
[loftr_wrapper.py] corres: (101, 5)
[loftr_wrapper.py] image0: torch.Size([1, 1, 400, 400])
[loftr_wrapper.py] net forward
[loftr_wrapper.py] mconf, 0.20103640854358673 0.7582911849021912
[loftr_wrapper.py] pair_ids (43,)
[loftr_wrapper.py] corres: (43, 5)
[loftr_wrapper.py] image0: torch.Size([1, 1, 400, 400])
[loftr_wrapper.py] net forward
[loftr_wrapper.py] mconf, 0.20090430974960327 0.7859970331192017
[loftr_wrapper.py] pair_ids (73,)
[loftr_wrapper.py] corres: (73, 5)
[loftr_wrapper.py] image0: torch.Size([1, 1, 400, 400])
[loftr_wrapper.py] net forward
[loftr_wrapper.py] mconf, 0.20038382709026337 0.6829915642738342
[loftr_wrapper.py] pair_ids (70,)
[loftr_wrapper.py] corres: (70, 5)
[loftr_wrapper.py] image0: torch.Size([1, 1, 400, 400])
[loftr_wrapper.py] net forward
[loftr_wrapper.py] mconf, 0.2013983279466629 0.7371088266372681
[loftr_wrapper.py] pair_ids (69,)
[loftr_wrapper.py] corres: (69, 5)
[loftr_wrapper.py] image0: torch.Size([1, 1, 400, 400])
[loftr_wrapper.py] net forward
[loftr_wrapper.py] mconf, 0.20058324933052063 0.8204288482666016
[loftr_wrapper.py] pair_ids (75,)
[loftr_wrapper.py] corres: (75, 5)
[loftr_wrapper.py] image0: torch.Size([1, 1, 400, 400])
[loftr_wrapper.py] net forward
[loftr_wrapper.py] mconf, 0.20127104222774506 0.8926590085029602
[loftr_wrapper.py] pair_ids (122,)
[loftr_wrapper.py] corres: (122, 5)
[loftr_wrapper.py] image0: torch.Size([1, 1, 400, 400])
[loftr_wrapper.py] net forward
[loftr_wrapper.py] mconf, 0.20059341192245483 0.7693780064582825
[loftr_wrapper.py] pair_ids (79,)
[loftr_wrapper.py] corres: (79, 5)
[loftr_wrapper.py] image0: torch.Size([1, 1, 400, 400])
[loftr_wrapper.py] net forward
[loftr_wrapper.py] mconf, 0.2002282738685608 0.8237406015396118
[loftr_wrapper.py] pair_ids (71,)
[loftr_wrapper.py] corres: (71, 5)
[loftr_wrapper.py] image0: torch.Size([1, 1, 400, 400])
[loftr_wrapper.py] net forward
[loftr_wrapper.py] mconf, 0.20167021453380585 0.8166308403015137
[loftr_wrapper.py] pair_ids (54,)
[loftr_wrapper.py] corres: (54, 5)
[loftr_wrapper.py] image0: torch.Size([1, 1, 400, 400])
[loftr_wrapper.py] net forward
[loftr_wrapper.py] mconf, 0.20074665546417236 0.6598606705665588
[loftr_wrapper.py] pair_ids (58,)
[loftr_wrapper.py] corres: (58, 5)
[loftr_wrapper.py] image0: torch.Size([1, 1, 400, 400])
[loftr_wrapper.py] net forward
[loftr_wrapper.py] mconf, 0.20188161730766296 0.6782496571540833
[loftr_wrapper.py] pair_ids (50,)
[loftr_wrapper.py] corres: (50, 5)
[loftr_wrapper.py] image0: torch.Size([1, 1, 400, 400])
[loftr_wrapper.py] net forward
[loftr_wrapper.py] mconf, 0.2035779058933258 0.7210385799407959
[loftr_wrapper.py] pair_ids (27,)
[loftr_wrapper.py] corres: (27, 5)
[loftr_wrapper.py] image0: torch.Size([1, 1, 400, 400])
[loftr_wrapper.py] net forward
[loftr_wrapper.py] mconf, 0.2004670351743698 0.7215577363967896
[loftr_wrapper.py] pair_ids (54,)
[loftr_wrapper.py] corres: (54, 5)
  B MD-prior SM1 126/240 4.3s/kf | E-I=5.77 E-L=17.75 E-V2=116.95 E-V5b=105.74 E-V5b_r20=62.76 E-V5d=105.96 E-V5d_r20=63.28 E-V5x2=44.28 E-V5x2_r20=85.47 E-VI=44.28 E-VI_r20=85.47 | rot0 20.00
/home/kist/Desktop/BundleSAM3DGS/experiments/vggt_probe/models.py:30: FutureWarning: `torch.cuda.amp.autocast(args...)` is deprecated. Please use `torch.amp.autocast('cuda', args...)` instead.
  with torch.cuda.amp.autocast(dtype=torch.bfloat16):
/home/kist/venvs/vggt_probe/lib/python3.10/site-packages/vggt/models/vggt.py:65: FutureWarning: `torch.cuda.amp.autocast(args...)` is deprecated. Please use `torch.amp.autocast('cuda', args...)` instead.
  with torch.cuda.amp.autocast(enabled=False):
[loftr_wrapper.py] image0: torch.Size([1, 1, 400, 400])
/home/kist/Desktop/BundleSAM3DGS/loftr_wrapper.py:45: FutureWarning: `torch.cuda.amp.autocast(args...)` is deprecated. Please use `torch.amp.autocast('cuda', args...)` instead.
  with torch.cuda.amp.autocast(enabled=True):
[loftr_wrapper.py] net forward
[loftr_wrapper.py] mconf, 0.2003880739212036 0.8129520416259766
[loftr_wrapper.py] pair_ids (79,)
[loftr_wrapper.py] corres: (79, 5)
[loftr_wrapper.py] image0: torch.Size([1, 1, 400, 400])
[loftr_wrapper.py] net forward
[loftr_wrapper.py] mconf, 0.2018517553806305 0.8074454665184021
[loftr_wrapper.py] pair_ids (52,)
[loftr_wrapper.py] corres: (52, 5)
[loftr_wrapper.py] image0: torch.Size([1, 1, 400, 400])
[loftr_wrapper.py] net forward
[loftr_wrapper.py] mconf, 0.20051199197769165 0.6112596988677979
[loftr_wrapper.py] pair_ids (40,)
[loftr_wrapper.py] corres: (40, 5)
[loftr_wrapper.py] image0: torch.Size([1, 1, 400, 400])
[loftr_wrapper.py] net forward
[loftr_wrapper.py] mconf, 0.2008935958147049 0.6214159727096558
[loftr_wrapper.py] pair_ids (35,)
[loftr_wrapper.py] corres: (35, 5)
[loftr_wrapper.py] image0: torch.Size([1, 1, 400, 400])
[loftr_wrapper.py] net forward
[loftr_wrapper.py] mconf, 0.2002175897359848 0.7047699689865112
[loftr_wrapper.py] pair_ids (59,)
[loftr_wrapper.py] corres: (59, 5)
[loftr_wrapper.py] image0: torch.Size([1, 1, 400, 400])
[loftr_wrapper.py] net forward
[loftr_wrapper.py] mconf, 0.20099371671676636 0.8992706537246704
[loftr_wrapper.py] pair_ids (109,)
[loftr_wrapper.py] corres: (109, 5)
[loftr_wrapper.py] image0: torch.Size([1, 1, 400, 400])
[loftr_wrapper.py] net forward
[loftr_wrapper.py] mconf, 0.20138823986053467 0.9042069315910339
[loftr_wrapper.py] pair_ids (100,)
[loftr_wrapper.py] corres: (100, 5)
[loftr_wrapper.py] image0: torch.Size([1, 1, 400, 400])
[loftr_wrapper.py] net forward
[loftr_wrapper.py] mconf, 0.20034733414649963 0.777007520198822
[loftr_wrapper.py] pair_ids (54,)
[loftr_wrapper.py] corres: (54, 5)
[loftr_wrapper.py] image0: torch.Size([1, 1, 400, 400])
[loftr_wrapper.py] net forward
[loftr_wrapper.py] mconf, 0.20194187760353088 0.7258986234664917
[loftr_wrapper.py] pair_ids (69,)
[loftr_wrapper.py] corres: (69, 5)
[loftr_wrapper.py] image0: torch.Size([1, 1, 400, 400])
[loftr_wrapper.py] net forward
[loftr_wrapper.py] mconf, 0.2009761482477188 0.7979884147644043
[loftr_wrapper.py] pair_ids (52,)
[loftr_wrapper.py] corres: (52, 5)
[loftr_wrapper.py] image0: torch.Size([1, 1, 400, 400])
[loftr_wrapper.py] net forward
[loftr_wrapper.py] mconf, 0.20296315848827362 0.8607936501502991
[loftr_wrapper.py] pair_ids (52,)
[loftr_wrapper.py] corres: (52, 5)
[loftr_wrapper.py] image0: torch.Size([1, 1, 400, 400])
[loftr_wrapper.py] net forward
[loftr_wrapper.py] mconf, 0.20198343694210052 0.6730458736419678
[loftr_wrapper.py] pair_ids (65,)
[loftr_wrapper.py] corres: (65, 5)
[loftr_wrapper.py] image0: torch.Size([1, 1, 400, 400])
[loftr_wrapper.py] net forward
[loftr_wrapper.py] mconf, 0.20227789878845215 0.9313380122184753
[loftr_wrapper.py] pair_ids (101,)
[loftr_wrapper.py] corres: (101, 5)
[loftr_wrapper.py] image0: torch.Size([1, 1, 400, 400])
[loftr_wrapper.py] net forward
[loftr_wrapper.py] mconf, 0.20353545248508453 0.6868431568145752
[loftr_wrapper.py] pair_ids (64,)
[loftr_wrapper.py] corres: (64, 5)
[loftr_wrapper.py] image0: torch.Size([1, 1, 400, 400])
[loftr_wrapper.py] net forward
[loftr_wrapper.py] mconf, 0.2015124410390854 0.649453341960907
[loftr_wrapper.py] pair_ids (73,)
[loftr_wrapper.py] corres: (73, 5)
[loftr_wrapper.py] image0: torch.Size([1, 1, 400, 400])
[loftr_wrapper.py] net forward
[loftr_wrapper.py] mconf, 0.20166830718517303 0.7204986810684204
[loftr_wrapper.py] pair_ids (61,)
[loftr_wrapper.py] corres: (61, 5)
[loftr_wrapper.py] image0: torch.Size([1, 1, 400, 400])
[loftr_wrapper.py] net forward
[loftr_wrapper.py] mconf, 0.20585831999778748 0.8852000832557678
[loftr_wrapper.py] pair_ids (73,)
[loftr_wrapper.py] corres: (73, 5)
[loftr_wrapper.py] image0: torch.Size([1, 1, 400, 400])
[loftr_wrapper.py] net forward
[loftr_wrapper.py] mconf, 0.200506329536438 0.822547972202301
[loftr_wrapper.py] pair_ids (52,)
[loftr_wrapper.py] corres: (52, 5)
[loftr_wrapper.py] image0: torch.Size([1, 1, 400, 400])
[loftr_wrapper.py] net forward
[loftr_wrapper.py] mconf, 0.20556893944740295 0.7628257274627686
[loftr_wrapper.py] pair_ids (105,)
[loftr_wrapper.py] corres: (105, 5)
[loftr_wrapper.py] image0: torch.Size([1, 1, 400, 400])
[loftr_wrapper.py] net forward
[loftr_wrapper.py] mconf, 0.20009435713291168 0.5421863794326782
[loftr_wrapper.py] pair_ids (53,)
[loftr_wrapper.py] corres: (53, 5)
[loftr_wrapper.py] image0: torch.Size([1, 1, 400, 400])
[loftr_wrapper.py] net forward
[loftr_wrapper.py] mconf, 0.20005570352077484 0.6563488841056824
[loftr_wrapper.py] pair_ids (55,)
[loftr_wrapper.py] corres: (55, 5)
[loftr_wrapper.py] image0: torch.Size([1, 1, 400, 400])
[loftr_wrapper.py] net forward
[loftr_wrapper.py] mconf, 0.20181185007095337 0.7424479722976685
[loftr_wrapper.py] pair_ids (44,)
[loftr_wrapper.py] corres: (44, 5)
[loftr_wrapper.py] image0: torch.Size([1, 1, 400, 400])
[loftr_wrapper.py] net forward
[loftr_wrapper.py] mconf, 0.20187567174434662 0.7644730806350708
[loftr_wrapper.py] pair_ids (58,)
[loftr_wrapper.py] corres: (58, 5)
[loftr_wrapper.py] image0: torch.Size([1, 1, 400, 400])
[loftr_wrapper.py] net forward
[loftr_wrapper.py] mconf, 0.21430571377277374 0.7893441319465637
[loftr_wrapper.py] pair_ids (37,)
[loftr_wrapper.py] corres: (37, 5)
[loftr_wrapper.py] image0: torch.Size([1, 1, 400, 400])
[loftr_wrapper.py] net forward
[loftr_wrapper.py] mconf, 0.2014671117067337 0.6960232257843018
[loftr_wrapper.py] pair_ids (54,)
[loftr_wrapper.py] corres: (54, 5)
  B MD-prior SM1 151/240 4.3s/kf | E-I=5.45 E-L=22.96 E-V2=92.96 E-V5b=88.74 E-V5b_r20=89.07 E-V5d=88.74 E-V5d_r20=89.06 E-V5x2=78.62 E-V5x2_r20=76.32 E-VI=82.62 E-VI_r20=76.32 | rot0 30.00
/home/kist/Desktop/BundleSAM3DGS/experiments/vggt_probe/models.py:30: FutureWarning: `torch.cuda.amp.autocast(args...)` is deprecated. Please use `torch.amp.autocast('cuda', args...)` instead.
  with torch.cuda.amp.autocast(dtype=torch.bfloat16):
/home/kist/venvs/vggt_probe/lib/python3.10/site-packages/vggt/models/vggt.py:65: FutureWarning: `torch.cuda.amp.autocast(args...)` is deprecated. Please use `torch.amp.autocast('cuda', args...)` instead.
  with torch.cuda.amp.autocast(enabled=False):
[loftr_wrapper.py] image0: torch.Size([1, 1, 400, 400])
/home/kist/Desktop/BundleSAM3DGS/loftr_wrapper.py:45: FutureWarning: `torch.cuda.amp.autocast(args...)` is deprecated. Please use `torch.amp.autocast('cuda', args...)` instead.
  with torch.cuda.amp.autocast(enabled=True):
[loftr_wrapper.py] net forward
[loftr_wrapper.py] mconf, 0.2010725438594818 0.832585871219635
[loftr_wrapper.py] pair_ids (69,)
[loftr_wrapper.py] corres: (69, 5)
[loftr_wrapper.py] image0: torch.Size([1, 1, 400, 400])
[loftr_wrapper.py] net forward
[loftr_wrapper.py] mconf, 0.20228366553783417 0.7977153062820435
[loftr_wrapper.py] pair_ids (47,)
[loftr_wrapper.py] corres: (47, 5)
[loftr_wrapper.py] image0: torch.Size([1, 1, 400, 400])
[loftr_wrapper.py] net forward
[loftr_wrapper.py] mconf, 0.2059602439403534 0.48474109172821045
[loftr_wrapper.py] pair_ids (38,)
[loftr_wrapper.py] corres: (38, 5)
[loftr_wrapper.py] image0: torch.Size([1, 1, 400, 400])
[loftr_wrapper.py] net forward
[loftr_wrapper.py] mconf, 0.2000967115163803 0.7618952393531799
[loftr_wrapper.py] pair_ids (65,)
[loftr_wrapper.py] corres: (65, 5)
[loftr_wrapper.py] image0: torch.Size([1, 1, 400, 400])
[loftr_wrapper.py] net forward
[loftr_wrapper.py] mconf, 0.20153731107711792 0.6429461240768433
[loftr_wrapper.py] pair_ids (60,)
[loftr_wrapper.py] corres: (60, 5)
[loftr_wrapper.py] image0: torch.Size([1, 1, 400, 400])
[loftr_wrapper.py] net forward
[loftr_wrapper.py] mconf, 0.2003595232963562 0.6697273254394531
[loftr_wrapper.py] pair_ids (57,)
[loftr_wrapper.py] corres: (57, 5)
[loftr_wrapper.py] image0: torch.Size([1, 1, 400, 400])
[loftr_wrapper.py] net forward
[loftr_wrapper.py] mconf, 0.2026095986366272 0.736719012260437
[loftr_wrapper.py] pair_ids (64,)
[loftr_wrapper.py] corres: (64, 5)
[loftr_wrapper.py] image0: torch.Size([1, 1, 400, 400])
[loftr_wrapper.py] net forward
[loftr_wrapper.py] mconf, 0.20087555050849915 0.8038113713264465
[loftr_wrapper.py] pair_ids (114,)
[loftr_wrapper.py] corres: (114, 5)
[loftr_wrapper.py] image0: torch.Size([1, 1, 400, 400])
[loftr_wrapper.py] net forward
[loftr_wrapper.py] mconf, 0.20633797347545624 0.6045284867286682
[loftr_wrapper.py] pair_ids (58,)
[loftr_wrapper.py] corres: (58, 5)
[loftr_wrapper.py] image0: torch.Size([1, 1, 400, 400])
[loftr_wrapper.py] net forward
[loftr_wrapper.py] mconf, 0.20299963653087616 0.7066137194633484
[loftr_wrapper.py] pair_ids (61,)
[loftr_wrapper.py] corres: (61, 5)
[loftr_wrapper.py] image0: torch.Size([1, 1, 400, 400])
[loftr_wrapper.py] net forward
[loftr_wrapper.py] mconf, 0.20060722529888153 0.786649227142334
[loftr_wrapper.py] pair_ids (34,)
[loftr_wrapper.py] corres: (34, 5)
[loftr_wrapper.py] image0: torch.Size([1, 1, 400, 400])
[loftr_wrapper.py] net forward
[loftr_wrapper.py] mconf, 0.20033235847949982 0.5488526821136475
[loftr_wrapper.py] pair_ids (41,)
[loftr_wrapper.py] corres: (41, 5)
[loftr_wrapper.py] image0: torch.Size([1, 1, 400, 400])
[loftr_wrapper.py] net forward
[loftr_wrapper.py] mconf, 0.20667117834091187 0.44642239809036255
[loftr_wrapper.py] pair_ids (33,)
[loftr_wrapper.py] corres: (33, 5)
[loftr_wrapper.py] image0: torch.Size([1, 1, 400, 400])
[loftr_wrapper.py] net forward
[loftr_wrapper.py] mconf, 0.2000194489955902 0.5841268301010132
[loftr_wrapper.py] pair_ids (20,)
[loftr_wrapper.py] corres: (20, 5)
[loftr_wrapper.py] image0: torch.Size([1, 1, 400, 400])
[loftr_wrapper.py] net forward
[loftr_wrapper.py] mconf, 0.20076367259025574 0.6945642828941345
[loftr_wrapper.py] pair_ids (57,)
[loftr_wrapper.py] corres: (57, 5)
[loftr_wrapper.py] image0: torch.Size([1, 1, 400, 400])
[loftr_wrapper.py] net forward
[loftr_wrapper.py] mconf, 0.2020706683397293 0.6903618574142456
[loftr_wrapper.py] pair_ids (44,)
[loftr_wrapper.py] corres: (44, 5)
[loftr_wrapper.py] image0: torch.Size([1, 1, 400, 400])
[loftr_wrapper.py] net forward
[loftr_wrapper.py] mconf, 0.2010316401720047 0.7162893414497375
[loftr_wrapper.py] pair_ids (59,)
[loftr_wrapper.py] corres: (59, 5)
[loftr_wrapper.py] image0: torch.Size([1, 1, 400, 400])
[loftr_wrapper.py] net forward
[loftr_wrapper.py] mconf, 0.20193776488304138 0.7330352663993835
[loftr_wrapper.py] pair_ids (66,)
[loftr_wrapper.py] corres: (66, 5)
[loftr_wrapper.py] image0: torch.Size([1, 1, 400, 400])
[loftr_wrapper.py] net forward
[loftr_wrapper.py] mconf, 0.20288637280464172 0.8108696937561035
[loftr_wrapper.py] pair_ids (61,)
[loftr_wrapper.py] corres: (61, 5)
[loftr_wrapper.py] image0: torch.Size([1, 1, 400, 400])
[loftr_wrapper.py] net forward
[loftr_wrapper.py] mconf, 0.20000684261322021 0.8278409838676453
[loftr_wrapper.py] pair_ids (59,)
[loftr_wrapper.py] corres: (59, 5)
[loftr_wrapper.py] image0: torch.Size([1, 1, 400, 400])
[loftr_wrapper.py] net forward
[loftr_wrapper.py] mconf, 0.20044617354869843 0.6894776821136475
[loftr_wrapper.py] pair_ids (62,)
[loftr_wrapper.py] corres: (62, 5)
[loftr_wrapper.py] image0: torch.Size([1, 1, 400, 400])
[loftr_wrapper.py] net forward
[loftr_wrapper.py] mconf, 0.2014217972755432 0.7820786833763123
[loftr_wrapper.py] pair_ids (62,)
[loftr_wrapper.py] corres: (62, 5)
[loftr_wrapper.py] image0: torch.Size([1, 1, 400, 400])
[loftr_wrapper.py] net forward
[loftr_wrapper.py] mconf, 0.2005225419998169 0.8353549242019653
[loftr_wrapper.py] pair_ids (49,)
[loftr_wrapper.py] corres: (49, 5)
[loftr_wrapper.py] image0: torch.Size([1, 1, 400, 400])
[loftr_wrapper.py] net forward
[loftr_wrapper.py] mconf, 0.20329882204532623 0.7667102813720703
[loftr_wrapper.py] pair_ids (41,)
[loftr_wrapper.py] corres: (41, 5)
[loftr_wrapper.py] image0: torch.Size([1, 1, 400, 400])
[loftr_wrapper.py] net forward
[loftr_wrapper.py] mconf, 0.20151983201503754 0.7516911029815674
[loftr_wrapper.py] pair_ids (51,)
[loftr_wrapper.py] corres: (51, 5)
  B MD-prior SM1 176/240 3.3s/kf | E-I=6.23 E-L=37.81 E-V2=155.39 E-V5b=107.11 E-V5b_r20=99.13 E-V5d=107.36 E-V5d_r20=99.44 E-V5x2=60.00 E-V5x2_r20=82.12 E-VI=92.47 E-VI_r20=84.86 | rot0 45.00
/home/kist/Desktop/BundleSAM3DGS/experiments/vggt_probe/models.py:30: FutureWarning: `torch.cuda.amp.autocast(args...)` is deprecated. Please use `torch.amp.autocast('cuda', args...)` instead.
  with torch.cuda.amp.autocast(dtype=torch.bfloat16):
/home/kist/venvs/vggt_probe/lib/python3.10/site-packages/vggt/models/vggt.py:65: FutureWarning: `torch.cuda.amp.autocast(args...)` is deprecated. Please use `torch.amp.autocast('cuda', args...)` instead.
  with torch.cuda.amp.autocast(enabled=False):
[loftr_wrapper.py] image0: torch.Size([1, 1, 400, 400])
/home/kist/Desktop/BundleSAM3DGS/loftr_wrapper.py:45: FutureWarning: `torch.cuda.amp.autocast(args...)` is deprecated. Please use `torch.amp.autocast('cuda', args...)` instead.
  with torch.cuda.amp.autocast(enabled=True):
[loftr_wrapper.py] net forward
[loftr_wrapper.py] mconf, 0.20243194699287415 0.6128214001655579
[loftr_wrapper.py] pair_ids (51,)
[loftr_wrapper.py] corres: (51, 5)
[loftr_wrapper.py] image0: torch.Size([1, 1, 400, 400])
[loftr_wrapper.py] net forward
[loftr_wrapper.py] mconf, 0.20567549765110016 0.6546602249145508
[loftr_wrapper.py] pair_ids (19,)
[loftr_wrapper.py] corres: (19, 5)
[loftr_wrapper.py] image0: torch.Size([1, 1, 400, 400])
[loftr_wrapper.py] net forward
[loftr_wrapper.py] mconf, 0.2045215219259262 0.904190182685852
[loftr_wrapper.py] pair_ids (58,)
[loftr_wrapper.py] corres: (58, 5)
[loftr_wrapper.py] image0: torch.Size([1, 1, 400, 400])
[loftr_wrapper.py] net forward
[loftr_wrapper.py] mconf, 0.20754756033420563 0.5143914222717285
[loftr_wrapper.py] pair_ids (37,)
[loftr_wrapper.py] corres: (37, 5)
[loftr_wrapper.py] image0: torch.Size([1, 1, 400, 400])
[loftr_wrapper.py] net forward
[loftr_wrapper.py] mconf, 0.20289874076843262 0.7964260578155518
[loftr_wrapper.py] pair_ids (107,)
[loftr_wrapper.py] corres: (107, 5)
[loftr_wrapper.py] image0: torch.Size([1, 1, 400, 400])
[loftr_wrapper.py] net forward
[loftr_wrapper.py] mconf, 0.20679843425750732 0.7041625380516052
[loftr_wrapper.py] pair_ids (51,)
[loftr_wrapper.py] corres: (51, 5)
[loftr_wrapper.py] image0: torch.Size([1, 1, 400, 400])
[loftr_wrapper.py] net forward
[loftr_wrapper.py] mconf, 0.20106111466884613 0.7324713468551636
[loftr_wrapper.py] pair_ids (41,)
[loftr_wrapper.py] corres: (41, 5)
[loftr_wrapper.py] image0: torch.Size([1, 1, 400, 400])
[loftr_wrapper.py] net forward
[loftr_wrapper.py] mconf, 0.20158204436302185 0.8625766038894653
[loftr_wrapper.py] pair_ids (77,)
[loftr_wrapper.py] corres: (77, 5)
[loftr_wrapper.py] image0: torch.Size([1, 1, 400, 400])
[loftr_wrapper.py] net forward
[loftr_wrapper.py] mconf, 0.20017161965370178 0.7668681144714355
[loftr_wrapper.py] pair_ids (64,)
[loftr_wrapper.py] corres: (64, 5)
[loftr_wrapper.py] image0: torch.Size([1, 1, 400, 400])
[loftr_wrapper.py] net forward
[loftr_wrapper.py] mconf, 0.20402047038078308 0.6388530135154724
[loftr_wrapper.py] pair_ids (28,)
[loftr_wrapper.py] corres: (28, 5)
[loftr_wrapper.py] image0: torch.Size([1, 1, 400, 400])
[loftr_wrapper.py] net forward
[loftr_wrapper.py] mconf, 0.20209534466266632 0.7455781698226929
[loftr_wrapper.py] pair_ids (26,)
[loftr_wrapper.py] corres: (26, 5)
[loftr_wrapper.py] image0: torch.Size([1, 1, 400, 400])
[loftr_wrapper.py] net forward
[loftr_wrapper.py] mconf, 0.2003122717142105 0.45457109808921814
[loftr_wrapper.py] pair_ids (32,)
[loftr_wrapper.py] corres: (32, 5)
[loftr_wrapper.py] image0: torch.Size([1, 1, 400, 400])
[loftr_wrapper.py] net forward
[loftr_wrapper.py] mconf, 0.20549724996089935 0.5591157674789429
[loftr_wrapper.py] pair_ids (23,)
[loftr_wrapper.py] corres: (23, 5)
[loftr_wrapper.py] image0: torch.Size([1, 1, 400, 400])
[loftr_wrapper.py] net forward
[loftr_wrapper.py] mconf, 0.20026850700378418 0.6985759139060974
[loftr_wrapper.py] pair_ids (51,)
[loftr_wrapper.py] corres: (51, 5)
[loftr_wrapper.py] image0: torch.Size([1, 1, 400, 400])
[loftr_wrapper.py] net forward
[loftr_wrapper.py] mconf, 0.20035381615161896 0.7357564568519592
[loftr_wrapper.py] pair_ids (32,)
[loftr_wrapper.py] corres: (32, 5)
[loftr_wrapper.py] image0: torch.Size([1, 1, 400, 400])
[loftr_wrapper.py] net forward
[loftr_wrapper.py] mconf, 0.20056860148906708 0.633040189743042
[loftr_wrapper.py] pair_ids (63,)
[loftr_wrapper.py] corres: (63, 5)
[loftr_wrapper.py] image0: torch.Size([1, 1, 400, 400])
[loftr_wrapper.py] net forward
[loftr_wrapper.py] mconf, 0.20314034819602966 0.8460808992385864
[loftr_wrapper.py] pair_ids (45,)
[loftr_wrapper.py] corres: (45, 5)
[loftr_wrapper.py] image0: torch.Size([1, 1, 400, 400])
[loftr_wrapper.py] net forward
[loftr_wrapper.py] mconf, 0.2006097435951233 0.7521827220916748
[loftr_wrapper.py] pair_ids (41,)
[loftr_wrapper.py] corres: (41, 5)
[loftr_wrapper.py] image0: torch.Size([1, 1, 400, 400])
[loftr_wrapper.py] net forward
[loftr_wrapper.py] mconf, 0.20528247952461243 0.665741503238678
[loftr_wrapper.py] pair_ids (48,)
[loftr_wrapper.py] corres: (48, 5)
[loftr_wrapper.py] image0: torch.Size([1, 1, 400, 400])
[loftr_wrapper.py] net forward
[loftr_wrapper.py] mconf, 0.2007143795490265 0.8217384815216064
[loftr_wrapper.py] pair_ids (59,)
[loftr_wrapper.py] corres: (59, 5)
[loftr_wrapper.py] image0: torch.Size([1, 1, 400, 400])
[loftr_wrapper.py] net forward
[loftr_wrapper.py] mconf, 0.20595093071460724 0.8184016942977905
[loftr_wrapper.py] pair_ids (71,)
[loftr_wrapper.py] corres: (71, 5)
[loftr_wrapper.py] image0: torch.Size([1, 1, 400, 400])
[loftr_wrapper.py] net forward
[loftr_wrapper.py] mconf, 0.20019201934337616 0.6269350051879883
[loftr_wrapper.py] pair_ids (60,)
[loftr_wrapper.py] corres: (60, 5)
[loftr_wrapper.py] image0: torch.Size([1, 1, 400, 400])
[loftr_wrapper.py] net forward
[loftr_wrapper.py] mconf, 0.20025934278964996 0.8572627902030945
[loftr_wrapper.py] pair_ids (109,)
[loftr_wrapper.py] corres: (109, 5)
[loftr_wrapper.py] image0: torch.Size([1, 1, 400, 400])
[loftr_wrapper.py] net forward
[loftr_wrapper.py] mconf, 0.2013695389032364 0.8099040389060974
[loftr_wrapper.py] pair_ids (73,)
[loftr_wrapper.py] corres: (73, 5)
[loftr_wrapper.py] image0: torch.Size([1, 1, 400, 400])
[loftr_wrapper.py] net forward
[loftr_wrapper.py] mconf, 0.2040429264307022 0.6002616286277771
[loftr_wrapper.py] pair_ids (35,)
[loftr_wrapper.py] corres: (35, 5)
  B MD-prior SM1 201/240 4.2s/kf | E-I=6.15 E-L=45.00 E-V2=94.78 E-V5b=65.65 E-V5b_r20=76.38 E-V5d=65.80 E-V5d_r20=76.44 E-V5x2=102.25 E-V5x2_r20=71.55 E-VI=108.15 E-VI_r20=70.00 | rot0 45.00
/home/kist/Desktop/BundleSAM3DGS/experiments/vggt_probe/models.py:30: FutureWarning: `torch.cuda.amp.autocast(args...)` is deprecated. Please use `torch.amp.autocast('cuda', args...)` instead.
  with torch.cuda.amp.autocast(dtype=torch.bfloat16):
/home/kist/venvs/vggt_probe/lib/python3.10/site-packages/vggt/models/vggt.py:65: FutureWarning: `torch.cuda.amp.autocast(args...)` is deprecated. Please use `torch.amp.autocast('cuda', args...)` instead.
  with torch.cuda.amp.autocast(enabled=False):
[loftr_wrapper.py] image0: torch.Size([1, 1, 400, 400])
/home/kist/Desktop/BundleSAM3DGS/loftr_wrapper.py:45: FutureWarning: `torch.cuda.amp.autocast(args...)` is deprecated. Please use `torch.amp.autocast('cuda', args...)` instead.
  with torch.cuda.amp.autocast(enabled=True):
[loftr_wrapper.py] net forward
[loftr_wrapper.py] mconf, 0.20040248334407806 0.6724756360054016
[loftr_wrapper.py] pair_ids (44,)
[loftr_wrapper.py] corres: (44, 5)
[loftr_wrapper.py] image0: torch.Size([1, 1, 400, 400])
[loftr_wrapper.py] net forward
[loftr_wrapper.py] mconf, 0.2005930095911026 0.7596204876899719
[loftr_wrapper.py] pair_ids (64,)
[loftr_wrapper.py] corres: (64, 5)
[loftr_wrapper.py] image0: torch.Size([1, 1, 400, 400])
[loftr_wrapper.py] net forward
[loftr_wrapper.py] mconf, 0.20065335929393768 0.79534912109375
[loftr_wrapper.py] pair_ids (50,)
[loftr_wrapper.py] corres: (50, 5)
[loftr_wrapper.py] image0: torch.Size([1, 1, 400, 400])
[loftr_wrapper.py] net forward
[loftr_wrapper.py] mconf, 0.20282074809074402 0.6112707257270813
[loftr_wrapper.py] pair_ids (35,)
[loftr_wrapper.py] corres: (35, 5)
[loftr_wrapper.py] image0: torch.Size([1, 1, 400, 400])
[loftr_wrapper.py] net forward
[loftr_wrapper.py] mconf, 0.20353206992149353 0.6680904626846313
[loftr_wrapper.py] pair_ids (43,)
[loftr_wrapper.py] corres: (43, 5)
[loftr_wrapper.py] image0: torch.Size([1, 1, 400, 400])
[loftr_wrapper.py] net forward
[loftr_wrapper.py] mconf, 0.20017646253108978 0.8234838247299194
[loftr_wrapper.py] pair_ids (71,)
[loftr_wrapper.py] corres: (71, 5)
[loftr_wrapper.py] image0: torch.Size([1, 1, 400, 400])
[loftr_wrapper.py] net forward
[loftr_wrapper.py] mconf, 0.20402751863002777 0.6949843764305115
[loftr_wrapper.py] pair_ids (76,)
[loftr_wrapper.py] corres: (76, 5)
[loftr_wrapper.py] image0: torch.Size([1, 1, 400, 400])
[loftr_wrapper.py] net forward
[loftr_wrapper.py] mconf, 0.20215637981891632 0.8631234765052795
[loftr_wrapper.py] pair_ids (54,)
[loftr_wrapper.py] corres: (54, 5)
[loftr_wrapper.py] image0: torch.Size([1, 1, 400, 400])
[loftr_wrapper.py] net forward
[loftr_wrapper.py] mconf, 0.20329296588897705 0.8307552337646484
[loftr_wrapper.py] pair_ids (53,)
[loftr_wrapper.py] corres: (53, 5)
[loftr_wrapper.py] image0: torch.Size([1, 1, 400, 400])
[loftr_wrapper.py] net forward
[loftr_wrapper.py] mconf, 0.20265689492225647 0.6472870111465454
[loftr_wrapper.py] pair_ids (42,)
[loftr_wrapper.py] corres: (42, 5)
[loftr_wrapper.py] image0: torch.Size([1, 1, 400, 400])
[loftr_wrapper.py] net forward
[loftr_wrapper.py] mconf, 0.20028990507125854 0.8875386118888855
[loftr_wrapper.py] pair_ids (128,)
[loftr_wrapper.py] corres: (128, 5)
[loftr_wrapper.py] image0: torch.Size([1, 1, 400, 400])
[loftr_wrapper.py] net forward
[loftr_wrapper.py] mconf, 0.20022322237491608 0.6080208420753479
[loftr_wrapper.py] pair_ids (43,)
[loftr_wrapper.py] corres: (43, 5)
[loftr_wrapper.py] image0: torch.Size([1, 1, 400, 400])
[loftr_wrapper.py] net forward
[loftr_wrapper.py] mconf, 0.20016756653785706 0.580892026424408
[loftr_wrapper.py] pair_ids (48,)
[loftr_wrapper.py] corres: (48, 5)
[loftr_wrapper.py] image0: torch.Size([1, 1, 400, 400])
[loftr_wrapper.py] net forward
[loftr_wrapper.py] mconf, 0.2055937647819519 0.7959160208702087
[loftr_wrapper.py] pair_ids (58,)
[loftr_wrapper.py] corres: (58, 5)
[loftr_wrapper.py] image0: torch.Size([1, 1, 400, 400])
[loftr_wrapper.py] net forward
[loftr_wrapper.py] mconf, 0.2075694054365158 0.6774628162384033
[loftr_wrapper.py] pair_ids (38,)
[loftr_wrapper.py] corres: (38, 5)
[loftr_wrapper.py] image0: torch.Size([1, 1, 400, 400])
[loftr_wrapper.py] net forward
[loftr_wrapper.py] mconf, 0.20212693512439728 0.598209798336029
[loftr_wrapper.py] pair_ids (58,)
[loftr_wrapper.py] corres: (58, 5)
[loftr_wrapper.py] image0: torch.Size([1, 1, 400, 400])
[loftr_wrapper.py] net forward
[loftr_wrapper.py] mconf, 0.20039230585098267 0.7164987325668335
[loftr_wrapper.py] pair_ids (59,)
[loftr_wrapper.py] corres: (59, 5)
[loftr_wrapper.py] image0: torch.Size([1, 1, 400, 400])
[loftr_wrapper.py] net forward
[loftr_wrapper.py] mconf, 0.20005041360855103 0.6582602858543396
[loftr_wrapper.py] pair_ids (57,)
[loftr_wrapper.py] corres: (57, 5)
[loftr_wrapper.py] image0: torch.Size([1, 1, 400, 400])
[loftr_wrapper.py] net forward
[loftr_wrapper.py] mconf, 0.20035426318645477 0.9725465178489685
[loftr_wrapper.py] pair_ids (79,)
[loftr_wrapper.py] corres: (79, 5)
[loftr_wrapper.py] image0: torch.Size([1, 1, 400, 400])
[loftr_wrapper.py] net forward
[loftr_wrapper.py] mconf, 0.20085211098194122 0.7946658730506897
[loftr_wrapper.py] pair_ids (44,)
[loftr_wrapper.py] corres: (44, 5)
[loftr_wrapper.py] image0: torch.Size([1, 1, 400, 400])
[loftr_wrapper.py] net forward
[loftr_wrapper.py] mconf, 0.20847834646701813 0.9396775960922241
[loftr_wrapper.py] pair_ids (72,)
[loftr_wrapper.py] corres: (72, 5)
[loftr_wrapper.py] image0: torch.Size([1, 1, 400, 400])
[loftr_wrapper.py] net forward
[loftr_wrapper.py] mconf, 0.20179127156734467 0.7897505164146423
[loftr_wrapper.py] pair_ids (52,)
[loftr_wrapper.py] corres: (52, 5)
[loftr_wrapper.py] image0: torch.Size([1, 1, 400, 400])
[loftr_wrapper.py] net forward
[loftr_wrapper.py] mconf, 0.20059674978256226 0.7114994525909424
[loftr_wrapper.py] pair_ids (47,)
[loftr_wrapper.py] corres: (47, 5)
[loftr_wrapper.py] image0: torch.Size([1, 1, 400, 400])
[loftr_wrapper.py] net forward
[loftr_wrapper.py] mconf, 0.20023095607757568 0.7597170472145081
[loftr_wrapper.py] pair_ids (37,)
[loftr_wrapper.py] corres: (37, 5)
[loftr_wrapper.py] image0: torch.Size([1, 1, 400, 400])
[loftr_wrapper.py] net forward
[loftr_wrapper.py] mconf, 0.20096327364444733 0.6495121717453003
[loftr_wrapper.py] pair_ids (30,)
[loftr_wrapper.py] corres: (30, 5)
  B MD-prior SM1 226/240 4.2s/kf | E-I=8.92 E-L=60.00 E-V2=101.90 E-V5b=107.14 E-V5b_r20=89.17 E-V5d=107.20 E-V5d_r20=89.52 E-V5x2=106.31 E-V5x2_r20=135.42 E-VI=106.31 E-VI_r20=135.42 | rot0 60.00
/home/kist/Desktop/BundleSAM3DGS/experiments/vggt_probe/models.py:30: FutureWarning: `torch.cuda.amp.autocast(args...)` is deprecated. Please use `torch.amp.autocast('cuda', args...)` instead.
  with torch.cuda.amp.autocast(dtype=torch.bfloat16):
/home/kist/venvs/vggt_probe/lib/python3.10/site-packages/vggt/models/vggt.py:65: FutureWarning: `torch.cuda.amp.autocast(args...)` is deprecated. Please use `torch.amp.autocast('cuda', args...)` instead.
  with torch.cuda.amp.autocast(enabled=False):
[loftr_wrapper.py] image0: torch.Size([1, 1, 400, 400])
/home/kist/Desktop/BundleSAM3DGS/loftr_wrapper.py:45: FutureWarning: `torch.cuda.amp.autocast(args...)` is deprecated. Please use `torch.amp.autocast('cuda', args...)` instead.
  with torch.cuda.amp.autocast(enabled=True):
[loftr_wrapper.py] net forward
[loftr_wrapper.py] mconf, 0.20013290643692017 0.6123083233833313
[loftr_wrapper.py] pair_ids (38,)
[loftr_wrapper.py] corres: (38, 5)
[loftr_wrapper.py] image0: torch.Size([1, 1, 400, 400])
[loftr_wrapper.py] net forward
[loftr_wrapper.py] mconf, 0.2002791464328766 0.6842325925827026
[loftr_wrapper.py] pair_ids (31,)
[loftr_wrapper.py] corres: (31, 5)
[loftr_wrapper.py] image0: torch.Size([1, 1, 400, 400])
[loftr_wrapper.py] net forward
[loftr_wrapper.py] mconf, 0.2004638910293579 0.6390079855918884
[loftr_wrapper.py] pair_ids (49,)
[loftr_wrapper.py] corres: (49, 5)
[loftr_wrapper.py] image0: torch.Size([1, 1, 400, 400])
[loftr_wrapper.py] net forward
[loftr_wrapper.py] mconf, 0.20123639702796936 0.6527971029281616
[loftr_wrapper.py] pair_ids (49,)
[loftr_wrapper.py] corres: (49, 5)
[loftr_wrapper.py] image0: torch.Size([1, 1, 400, 400])
[loftr_wrapper.py] net forward
[loftr_wrapper.py] mconf, 0.21806882321834564 0.5796116590499878
[loftr_wrapper.py] pair_ids (20,)
[loftr_wrapper.py] corres: (20, 5)
[loftr_wrapper.py] image0: torch.Size([1, 1, 400, 400])
[loftr_wrapper.py] net forward
[loftr_wrapper.py] mconf, 0.2001960426568985 0.6385078430175781
[loftr_wrapper.py] pair_ids (69,)
[loftr_wrapper.py] corres: (69, 5)
[loftr_wrapper.py] image0: torch.Size([1, 1, 400, 400])
[loftr_wrapper.py] net forward
[loftr_wrapper.py] mconf, 0.20027777552604675 0.6791064739227295
[loftr_wrapper.py] pair_ids (30,)
[loftr_wrapper.py] corres: (30, 5)
[loftr_wrapper.py] image0: torch.Size([1, 1, 400, 400])
[loftr_wrapper.py] net forward
[loftr_wrapper.py] mconf, 0.20216941833496094 0.8703521490097046
[loftr_wrapper.py] pair_ids (46,)
[loftr_wrapper.py] corres: (46, 5)
[loftr_wrapper.py] image0: torch.Size([1, 1, 400, 400])
[loftr_wrapper.py] net forward
[loftr_wrapper.py] mconf, 0.20398758351802826 0.9342242479324341
[loftr_wrapper.py] pair_ids (68,)
[loftr_wrapper.py] corres: (68, 5)
[loftr_wrapper.py] image0: torch.Size([1, 1, 400, 400])
[loftr_wrapper.py] net forward
[loftr_wrapper.py] mconf, 0.2013462632894516 0.7660452127456665
[loftr_wrapper.py] pair_ids (42,)
[loftr_wrapper.py] corres: (42, 5)
[loftr_wrapper.py] image0: torch.Size([1, 1, 400, 400])
[loftr_wrapper.py] net forward
[loftr_wrapper.py] mconf, 0.20606361329555511 0.7602889537811279
[loftr_wrapper.py] pair_ids (47,)
[loftr_wrapper.py] corres: (47, 5)
[loftr_wrapper.py] image0: torch.Size([1, 1, 400, 400])
[loftr_wrapper.py] net forward
[loftr_wrapper.py] mconf, 0.20181028544902802 0.6333391666412354
[loftr_wrapper.py] pair_ids (70,)
[loftr_wrapper.py] corres: (70, 5)
[loftr_wrapper.py] image0: torch.Size([1, 1, 400, 400])
[loftr_wrapper.py] net forward
[loftr_wrapper.py] mconf, 0.20283932983875275 0.7105743288993835
[loftr_wrapper.py] pair_ids (67,)
[loftr_wrapper.py] corres: (67, 5)
[loftr_wrapper.py] image0: torch.Size([1, 1, 400, 400])
[loftr_wrapper.py] net forward
[loftr_wrapper.py] mconf, 0.20255716145038605 0.5433487892150879
[loftr_wrapper.py] pair_ids (56,)
[loftr_wrapper.py] corres: (56, 5)
DONE B MD-prior SM1 jobs 240 999s | E-I=5.86/17% E-L=15.81/7% E-V2=109.68/0% E-V5b=99.11/0% E-V5b_r20=92.39/0% E-V5d=99.09/0% E-V5d_r20=92.59/0% E-V5x2=78.25/0% E-V5x2_r20=97.72/0% E-VI=86.34/0% E-VI_r20=99.86/0% | rot0 25.00
END 2026-09-26 04:04:14
