estimator,rot0,trans0,rot,trans,success,strict,improved,worsened,fail,loftr_success,loftr_inliers,fitness,rmse,t_render,t_vggt,t_loftr,t_icp,iou_P0,occ_ratio,render_px,icp_fitness,icp_rmse,T1_rot,T1_trans,s_spread,init_0,init_1,init_2,init_3,init_4,init_5,init_6,init_7,init_8,init_9,init_10,init_11,init_12,init_13,init_14,init_15,est_0,est_1,est_2,est_3,est_4,est_5,est_6,est_7,est_8,est_9,est_10,est_11,est_12,est_13,est_14,est_15,seq,kf
E-V2,10.00000000000027,75.14336590524844,1.2776595367018067,6.168186367226618,1,1,1,0,,,,,,0.0017688274383544922,0.4623908996582031,0.0,0.0,0.933028204234424,0.9905580872713653,64076,0.9871872565145875,0.0008952249696784234,0.3279615499528427,3.4995985740734326,0.007672781945037037,0.9001034378160435,0.1128249292136603,0.42081389779767475,-0.23906667206032017,-0.1370106414973937,0.9901855463434949,0.027580209007667826,-0.030344256728543212,-0.41357210417073753,-0.08248102303176486,0.9067276302679993,-0.3563454592280619,0.0,0.0,0.0,1.0,0.9658308360692245,0.05655740431311745,0.2529270259258604,-0.16695136521352932,-0.07001888928618763,0.9965510386650013,0.04453481687279158,-0.040142204223067565,-0.24953593277117125,-0.0607227650122797,0.9664598064535485,-0.3913863677584998,0.0,0.0,0.0,1.0,AP12,0044
E-L,10.00000000000027,75.14336590524844,0.10938786186862225,0.8172335833609847,1,1,1,0,,1.0,799.0,,,0.0,0.0,0.28528833389282227,0.0,0.933028204234424,0.9905580872713653,64076,0.9871872565145875,0.0008952249696784234,0.3279615499528427,3.4995985740734326,0.007672781945037037,0.9001034378160435,0.1128249292136603,0.42081389779767475,-0.23906667206032017,-0.1370106414973937,0.9901855463434949,0.027580209007667826,-0.030344256728543212,-0.41357210417073753,-0.08248102303176486,0.9067276302679993,-0.3563454592280619,0.0,0.0,0.0,1.0,0.9606705423054926,0.04868162698720957,0.2733902125906268,-0.171682878821385,-0.06194419511842315,0.9972743135536353,0.0400856609931367,-0.03867724510487175,-0.27069360139759535,-0.055444050357131514,0.961067599829687,-0.3865906240039155,0.0,0.0,0.0,1.0,AP12,0044
E-I,10.00000000000027,75.14336590524844,0.01856531165078444,0.1687520499328873,1,1,1,0,,,,0.9871872565145875,0.0008952249696784234,0.0,0.0,0.0,0.05594944953918457,0.933028204234424,0.9905580872713653,64076,0.9871872565145875,0.0008952249696784234,0.3279615499528427,3.4995985740734326,0.007672781945037037,0.9001034378160435,0.1128249292136603,0.42081389779767475,-0.23906667206032017,-0.1370106414973937,0.9901855463434949,0.027580209007667826,-0.030344256728543212,-0.41357210417073753,-0.08248102303176486,0.9067276302679993,-0.3563454592280619,0.0,0.0,0.0,1.0,0.9610877047291824,0.04791404463353926,0.2720563694259809,-0.17105975103514326,-0.06112253377477214,0.9973171522710067,0.04028068583081623,-0.038753126207178655,-0.26939647303434056,-0.05534204651893782,0.9614378805745867,-0.38677470352271903,0.0,0.0,0.0,1.0,AP12,0044
E-V5b,10.00000000000027,75.14336590524844,3.8137211261391077,20.37556354240905,0,0,1,0,,,,,,0.006404876708984375,0.8944101333618164,0.0,0.0,0.933028204234424,0.9905580872713653,64076,0.9871872565145875,0.0008952249696784234,0.3279615499528427,3.4995985740734326,0.007672781945037037,0.9001034378160435,0.1128249292136603,0.42081389779767475,-0.23906667206032017,-0.1370106414973937,0.9901855463434949,0.027580209007667826,-0.030344256728543212,-0.41357210417073753,-0.08248102303176486,0.9067276302679993,-0.3563454592280619,0.0,0.0,0.0,1.0,0.9755958354727217,0.06449656887998981,0.20988792692469838,-0.15420583669631116,-0.07601440270482251,0.9959855661545645,0.04727134620651998,-0.042100022110467636,-0.2059965013229716,-0.06207223737165858,0.9765820344553167,-0.3980352300052652,0.0,0.0,0.0,1.0,AP12,0044
E-V5d,10.00000000000027,75.14336590524844,3.511414130999642,20.58345919955226,0,0,1,0,,,,,,0.006404876708984375,0.8944101333618164,0.0,0.0,0.933028204234424,0.9905580872713653,64076,0.9871872565145875,0.0008952249696784234,0.3279615499528427,3.4995985740734326,0.007672781945037037,0.9001034378160435,0.1128249292136603,0.42081389779767475,-0.23906667206032017,-0.1370106414973937,0.9901855463434949,0.027580209007667826,-0.030344256728543212,-0.41357210417073753,-0.08248102303176486,0.9067276302679993,-0.3563454592280619,0.0,0.0,0.0,1.0,0.9745615679576998,0.06313544548994188,0.2150433660326509,-0.15441724117724323,-0.07510492101546817,0.9960224069355865,0.04794406428763452,-0.042829444812703496,-0.21116103633644667,-0.0628752609765485,0.9754269370315437,-0.3984817437846636,0.0,0.0,0.0,1.0,AP12,0044
E-V5x2,10.00000000000027,75.14336590524844,0.2895109268223564,7.022763222799529,1,1,1,0,,,,,,0.013086795806884766,1.7879421710968018,0.0,0.0,0.933028204234424,0.9905580872713653,64076,0.9871872565145875,0.0008952249696784234,0.3279615499528427,3.4995985740734326,0.007672781945037037,0.9001034378160435,0.1128249292136603,0.42081389779767475,-0.23906667206032017,-0.1370106414973937,0.9901855463434949,0.027580209007667826,-0.030344256728543212,-0.41357210417073753,-0.08248102303176486,0.9067276302679993,-0.3563454592280619,0.0,0.0,0.0,1.0,0.9613921850936864,0.048129394666321657,0.27094031538216373,-0.17239064713742694,-0.06257490251565254,0.9970285305320428,0.04492738437279692,-0.039667077817497516,-0.2679729005853141,-0.06014689326010837,0.961547136430839,-0.39367363318147314,0.0,0.0,0.0,1.0,AP12,0044
E-VI,10.00000000000027,75.14336590524844,0.0,0.030827978571968263,1,1,1,0,,,,0.998268548177647,0.0008352087306046444,0.0,0.0,0.0,0.05219864845275879,0.933028204234424,0.9905580872713653,64076,0.9871872565145875,0.0008952249696784234,0.3279615499528427,3.4995985740734326,0.007672781945037037,0.9001034378160435,0.1128249292136603,0.42081389779767475,-0.23906667206032017,-0.1370106414973937,0.9901855463434949,0.027580209007667826,-0.030344256728543212,-0.41357210417073753,-0.08248102303176486,0.9067276302679993,-0.3563454592280619,0.0,0.0,0.0,1.0,0.9611580241482749,0.04781081097305465,0.271826057723618,-0.1709439786220187,-0.060992743875561764,0.9973263739415995,0.040248825429532765,-0.03880700369008015,-0.2691749714257943,-0.055264892013583325,0.9615043662606495,-0.38685212211271613,0.0,0.0,0.0,1.0,AP12,0044
E-V2,10.000000000000124,71.90595392976789,0.6100478200143746,4.009201514449414,1,1,1,0,,,,,,0.0013532638549804688,0.3120598793029785,0.0,0.0,0.863453098266756,0.9908446450710494,62914,0.9910542596772846,0.0008587017109350448,0.24857400946659752,3.0139473119231246,0.008183238166754791,0.8068787282480766,-0.19093481031074117,0.5590086011076814,-0.25529247929537513,0.09821583804497663,0.9765128121328672,0.19177167908083323,-0.0989103593910838,-0.5824949502423937,-0.09983299029859993,0.8066802383783499,-0.3396916745568631,0.0,0.0,0.0,1.0,0.8871785014679158,-0.1539072364151462,0.43500217355366766,-0.1961966878026266,0.053392292567257256,0.9706419347364923,0.23452832153114211,-0.12044976296824642,-0.4583269418660967,-0.18484272578832958,0.869350114417405,-0.3679312340215872,0.0,0.0,0.0,1.0,AP12,0077
E-L,10.000000000000124,71.90595392976789,0.13556689806280298,1.0722147056812776,1,1,1,0,,1.0,707.0,,,0.0,0.0,0.19466781616210938,0.0,0.863453098266756,0.9908446450710494,62914,0.9910542596772846,0.0008587017109350448,0.24857400946659752,3.0139473119231246,0.008183238166754791,0.8068787282480766,-0.19093481031074117,0.5590086011076814,-0.25529247929537513,0.09821583804497663,0.9765128121328672,0.19177167908083323,-0.0989103593910838,-0.5824949502423937,-0.09983299029859993,0.8066802383783499,-0.3396916745568631,0.0,0.0,0.0,1.0,0.8908988349066514,-0.1508153555655829,0.428432018513553,-0.19333209791937309,0.05058844374570312,0.9703425342790268,0.2363814195920305,-0.12047813834935306,-0.4513757584555893,-0.188918222240689,0.8721065473805711,-0.3664636007462298,0.0,0.0,0.0,1.0,AP12,0077
E-I,10.000000000000124,71.90595392976789,0.011833293148500703,0.03467034752407176,1,1,1,0,,,,0.9910542596772846,0.0008587017109350448,0.0,0.0,0.0,0.060279130935668945,0.863453098266756,0.9908446450710494,62914,0.9910542596772846,0.0008587017109350448,0.24857400946659752,3.0139473119231246,0.008183238166754791,0.8068787282480766,-0.19093481031074117,0.5590086011076814,-0.25529247929537513,0.09821583804497663,0.9765128121328672,0.19177167908083323,-0.0989103593910838,-0.5824949502423937,-0.09983299029859993,0.8066802383783499,-0.3396916745568631,0.0,0.0,0.0,1.0,0.8917986836069859,-0.15101294295451673,0.42648587195481813,-0.1923708503003323,0.05120973250941234,0.9702850911632761,0.23648341413847115,-0.12057035897326947,-0.44952493947851274,-0.18905537000172437,0.8730322994370545,-0.36684526980075527,0.0,0.0,0.0,1.0,AP12,0077
E-V5b,10.000000000000124,71.90595392976789,1.1951846242405069,3.4493293342672082,1,1,1,0,,,,,,0.006676435470581055,0.8903131484985352,0.0,0.0,0.863453098266756,0.9908446450710494,62914,0.9910542596772846,0.0008587017109350448,0.24857400946659752,3.0139473119231246,0.008183238166754791,0.8068787282480766,-0.19093481031074117,0.5590086011076814,-0.25529247929537513,0.09821583804497663,0.9765128121328672,0.19177167908083323,-0.0989103593910838,-0.5824949502423937,-0.09983299029859993,0.8066802383783499,-0.3396916745568631,0.0,0.0,0.0,1.0,0.8854749595720297,-0.1681504134696075,0.43319688811605145,-0.19524253496765887,0.06826359823367242,0.9691894888970042,0.2366681424231213,-0.12208896615654928,-0.4596457632572106,-0.1799921407202123,0.8696715474957138,-0.36793619286080353,0.0,0.0,0.0,1.0,AP12,0077
E-V5d,10.000000000000124,71.90595392976789,1.091614565563264,3.4056668041572644,1,1,1,0,,,,,,0.006676435470581055,0.8903131484985352,0.0,0.0,0.863453098266756,0.9908446450710494,62914,0.9910542596772846,0.0008587017109350448,0.24857400946659752,3.0139473119231246,0.008183238166754791,0.8068787282480766,-0.19093481031074117,0.5590086011076814,-0.25529247929537513,0.09821583804497663,0.9765128121328672,0.19177167908083323,-0.0989103593910838,-0.5824949502423937,-0.09983299029859993,0.8066802383783499,-0.3396916745568631,0.0,0.0,0.0,1.0,0.8860712246853482,-0.1668984874094246,0.43246119970454017,-0.19517291829863917,0.06683884541021011,0.9691859871128583,0.23708877024432456,-0.1221825679113775,-0.45870513849534866,-0.1811723349300334,0.8699230884447051,-0.3678440395988102,0.0,0.0,0.0,1.0,AP12,0077
E-V5x2,10.000000000000124,71.90595392976789,0.6231494906070341,3.7527309895508254,1,1,1,0,,,,,,0.013346672058105469,1.7822020053863525,0.0,0.0,0.863453098266756,0.9908446450710494,62914,0.9910542596772846,0.0008587017109350448,0.24857400946659752,3.0139473119231246,0.008183238166754791,0.8068787282480766,-0.19093481031074117,0.5590086011076814,-0.25529247929537513,0.09821583804497663,0.9765128121328672,0.19177167908083323,-0.0989103593910838,-0.5824949502423937,-0.09983299029859993,0.8066802383783499,-0.3396916745568631,0.0,0.0,0.0,1.0,0.8885586159100689,-0.16070535995819377,0.4296944621288211,-0.19492488530839788,0.05978516929749616,0.9692128432956645,0.23885594843008684,-0.12285891510584901,-0.4548508157632609,-0.18654815080292725,0.8708102670160536,-0.36833023575884455,0.0,0.0,0.0,1.0,AP12,0077
E-VI,10.000000000000124,71.90595392976789,0.012460340471139487,0.034626170043752326,1,1,1,0,,,,0.999916394950255,0.000806736646747004,0.0,0.0,0.0,0.052797794342041016,0.863453098266756,0.9908446450710494,62914,0.9910542596772846,0.0008587017109350448,0.24857400946659752,3.0139473119231246,0.008183238166754791,0.8068787282480766,-0.19093481031074117,0.5590086011076814,-0.25529247929537513,0.09821583804497663,0.9765128121328672,0.19177167908083323,-0.0989103593910838,-0.5824949502423937,-0.09983299029859993,0.8066802383783499,-0.3396916745568631,0.0,0.0,0.0,1.0,0.8918413144318406,-0.15105420788942586,0.4263820509392303,-0.19236899260766452,0.05127038343055537,0.9702777469979459,0.23650033313471788,-0.1205792227391428,-0.4494333795256226,-0.18905999274314675,0.8730784358173136,-0.3668372629359922,0.0,0.0,0.0,1.0,AP12,0077
E-V2,10.00000000000027,50.30090621193865,0.6061386659385025,4.349973683608665,1,1,1,0,,,,,,0.0013175010681152344,0.31062865257263184,0.0,0.0,0.861001994319212,1.0483586656467223,60134,0.9805628327558523,0.0009483015837267893,0.34970533063663806,2.466360182013187,0.008556671221064736,0.8452784220460197,-0.48988917475969496,0.2133377268010872,-0.055049406429267075,0.31150545730007506,0.7761997287177013,0.5481590382460526,-0.2431073884831457,-0.4341298645516817,-0.39689114073235604,0.8087080332929232,-0.318293573926105,0.0,0.0,0.0,1.0,0.7649968248570805,-0.5734699186326399,0.29310774012071833,-0.09234795900203607,0.40209786169141176,0.7808003714677791,0.47819257910940316,-0.20793814407530606,-0.5030876904631303,-0.2479578075794642,0.8279008078418867,-0.33446873015700257,0.0,0.0,0.0,1.0,AP12,0099
E-L,10.00000000000027,50.30090621193865,0.21168930636420996,1.3476950336171527,1,1,1,0,,1.0,605.0,,,0.0,0.0,0.18079924583435059,0.0,0.861001994319212,1.0483586656467223,60134,0.9805628327558523,0.0009483015837267893,0.34970533063663806,2.466360182013187,0.008556671221064736,0.8452784220460197,-0.48988917475969496,0.2133377268010872,-0.055049406429267075,0.31150545730007506,0.7761997287177013,0.5481590382460526,-0.2431073884831457,-0.4341298645516817,-0.39689114073235604,0.8087080332929232,-0.318293573926105,0.0,0.0,0.0,1.0,0.7645694840972224,-0.5797973656260806,0.28154665474901885,-0.08674912456824047,0.4109854797312896,0.7750442091376333,0.47999730138018637,-0.20862817221232813,-0.4965122752131597,-0.25127970211554274,0.8308634495916739,-0.33440968403926524,0.0,0.0,0.0,1.0,AP12,0099
E-I,10.00000000000027,50.30090621193865,0.6310540465637554,4.494090781758263,1,1,1,0,,,,0.9805628327558523,0.0009483015837267893,0.0,0.0,0.0,0.07329797744750977,0.861001994319212,1.0483586656467223,60134,0.9805628327558523,0.0009483015837267893,0.34970533063663806,2.466360182013187,0.008556671221064736,0.8452784220460197,-0.48988917475969496,0.2133377268010872,-0.055049406429267075,0.31150545730007506,0.7761997287177013,0.5481590382460526,-0.2431073884831457,-0.4341298645516817,-0.39689114073235604,0.8087080332929232,-0.318293573926105,0.0,0.0,0.0,1.0,0.7670600954297488,-0.5797872776043579,0.27470988829569154,-0.08369997547571345,0.41311136492108597,0.773948601078248,0.4799401661270491,-0.20848719550506145,-0.49087453608059706,-0.2546571727188316,0.8331818014158189,-0.3351804466526949,0.0,0.0,0.0,1.0,AP12,0099
E-V5b,10.00000000000027,50.30090621193865,1.7049034429035645,7.654250360797177,1,1,1,0,,,,,,0.006563663482666016,0.896007776260376,0.0,0.0,0.861001994319212,1.0483586656467223,60134,0.9805628327558523,0.0009483015837267893,0.34970533063663806,2.466360182013187,0.008556671221064736,0.8452784220460197,-0.48988917475969496,0.2133377268010872,-0.055049406429267075,0.31150545730007506,0.7761997287177013,0.5481590382460526,-0.2431073884831457,-0.4341298645516817,-0.39689114073235604,0.8087080332929232,-0.318293573926105,0.0,0.0,0.0,1.0,0.7741282115487784,-0.5636618293884661,0.2881160855001989,-0.0917298610196007,0.38472657797583165,0.7803623826988567,0.4929706194164425,-0.21467670748297774,-0.502703668522075,-0.27077656886771995,0.8209561880017568,-0.33121720397398613,0.0,0.0,0.0,1.0,AP12,0099
E-V5d,10.00000000000027,50.30090621193865,1.7579051270959236,7.610133619925237,1,1,1,0,,,,,,0.006563663482666016,0.896007776260376,0.0,0.0,0.861001994319212,1.0483586656467223,60134,0.9805628327558523,0.0009483015837267893,0.34970533063663806,2.466360182013187,0.008556671221064736,0.8452784220460197,-0.48988917475969496,0.2133377268010872,-0.055049406429267075,0.31150545730007506,0.7761997287177013,0.5481590382460526,-0.2431073884831457,-0.4341298645516817,-0.39689114073235604,0.8087080332929232,-0.318293573926105,0.0,0.0,0.0,1.0,0.7743118993986016,-0.5643698102957319,0.286230369239744,-0.0915913084809296,0.3849127051483416,0.779074479686685,0.49485875164159276,-0.21475197973609636,-0.502278108150626,-0.2730013348253907,0.8204797161409714,-0.3313215980640735,0.0,0.0,0.0,1.0,AP12,0099
E-V5x2,10.00000000000027,50.30090621193865,0.369586008904292,3.7772143780193197,1,1,1,0,,,,,,0.013118743896484375,1.7868735790252686,0.0,0.0,0.861001994319212,1.0483586656467223,60134,0.9805628327558523,0.0009483015837267893,0.34970533063663806,2.466360182013187,0.008556671221064736,0.8452784220460197,-0.48988917475969496,0.2133377268010872,-0.055049406429267075,0.31150545730007506,0.7761997287177013,0.5481590382460526,-0.2431073884831457,-0.4341298645516817,-0.39689114073235604,0.8087080332929232,-0.318293573926105,0.0,0.0,0.0,1.0,0.7650732515216027,-0.5771686774609727,0.2855507700384764,-0.08883729372882847,0.40490765328178835,0.7759950460885655,0.48361294630968943,-0.21228956578200978,-0.5007122292744461,-0.25437761560270955,0.827393090860686,-0.33369971754402267,0.0,0.0,0.0,1.0,AP12,0099
E-VI,10.00000000000027,50.30090621193865,0.021064622505085385,0.1672811306144163,1,1,1,0,,,,1.0,0.0007879614399369951,0.0,0.0,0.0,0.04665327072143555,0.861001994319212,1.0483586656467223,60134,0.9805628327558523,0.0009483015837267893,0.34970533063663806,2.466360182013187,0.008556671221064736,0.8452784220460197,-0.48988917475969496,0.2133377268010872,-0.055049406429267075,0.31150545730007506,0.7761997287177013,0.5481590382460526,-0.2431073884831457,-0.4341298645516817,-0.39689114073235604,0.8087080332929232,-0.318293573926105,0.0,0.0,0.0,1.0,0.7631010872278854,-0.5798726030532542,0.28534978431084285,-0.08822812963281998,0.4099521186622477,0.7756468753916267,0.47990747656004284,-0.20862197205197683,-0.4996158679435049,-0.24923814723916762,0.8296169992517222,-0.33408229448918325,0.0,0.0,0.0,1.0,AP12,0099
E-V2,9.99999999999983,70.79966365933876,0.32005280078750864,1.9098383538913521,1,1,1,0,,,,,,0.0012905597686767578,0.31121158599853516,0.0,0.0,0.8923425692695214,1.024823125126339,74205,0.9415544406302262,0.0010021169777707888,0.33454317013325935,3.6623290319787105,0.007832052889504658,0.97545818629638,0.14589611918657486,0.16491103417804895,-0.07080318980404632,-0.16263195211774684,0.9822997915557934,0.09294066741645454,-0.04141130215706195,-0.148432391807677,-0.11747953828536217,0.9819197437400425,-0.36884318930889726,0.0,0.0,0.0,1.0,0.9440477287787015,0.08481540580324427,0.31871647179590684,-0.13683838453688887,-0.13568615313162988,0.9806768906623256,0.1409331023726179,-0.06100534265031682,-0.30060457544809716,-0.17629299942810944,0.9373140599687408,-0.3528369295632124,0.0,0.0,0.0,1.0,AP12,0223
E-L,9.99999999999983,70.79966365933876,0.21841959135905226,1.4579959584234414,1,1,1,0,,1.0,670.0,,,0.0,0.0,0.18760371208190918,0.0,0.8923425692695214,1.024823125126339,74205,0.9415544406302262,0.0010021169777707888,0.33454317013325935,3.6623290319787105,0.007832052889504658,0.97545818629638,0.14589611918657486,0.16491103417804895,-0.07080318980404632,-0.16263195211774684,0.9822997915557934,0.09294066741645454,-0.04141130215706195,-0.148432391807677,-0.11747953828536217,0.9819197437400425,-0.36884318930889726,0.0,0.0,0.0,1.0,0.9440293110368949,0.08729233020735129,0.31810172742406884,-0.13581807653194544,-0.13671407025561852,0.9811640684113303,0.13647832741013333,-0.05935533447056616,-0.3001964738256392,-0.17232852330794332,0.9381817292812498,-0.35246725696393016,0.0,0.0,0.0,1.0,AP12,0223
E-I,9.99999999999983,70.79966365933876,0.41327613353989723,2.864597193341437,1,1,1,0,,,,0.9415544406302262,0.0010021169777707888,0.0,0.0,0.0,0.07232785224914551,0.8923425692695214,1.024823125126339,74205,0.9415544406302262,0.0010021169777707888,0.33454317013325935,3.6623290319787105,0.007832052889504658,0.97545818629638,0.14589611918657486,0.16491103417804895,-0.07080318980404632,-0.16263195211774684,0.9822997915557934,0.09294066741645454,-0.04141130215706195,-0.148432391807677,-0.11747953828536217,0.9819197437400425,-0.36884318930889726,0.0,0.0,0.0,1.0,0.9451487346598946,0.08648697213062578,0.3149823376357417,-0.13447798023095775,-0.1353010945301309,0.9813523155490594,0.13653295054838596,-0.059296505594606995,-0.2973003249069004,-0.17166140048996384,0.9392256812886219,-0.35290816832960564,0.0,0.0,0.0,1.0,AP12,0223
E-V5b,9.99999999999983,70.79966365933876,0.6239301172968418,4.007352397342141,1,1,1,0,,,,,,0.006014585494995117,0.8894715309143066,0.0,0.0,0.8923425692695214,1.024823125126339,74205,0.9415544406302262,0.0010021169777707888,0.33454317013325935,3.6623290319787105,0.007832052889504658,0.97545818629638,0.14589611918657486,0.16491103417804895,-0.07080318980404632,-0.16263195211774684,0.9822997915557934,0.09294066741645454,-0.04141130215706195,-0.148432391807677,-0.11747953828536217,0.9819197437400425,-0.36884318930889726,0.0,0.0,0.0,1.0,0.9391247306277234,0.0903909375828669,0.3314727685509894,-0.14061429277470994,-0.14168137658797705,0.9808079174180022,0.13394868803437454,-0.05845867668891893,-0.31300336813831237,-0.1727580398439208,0.9339076923184995,-0.3500919353188382,0.0,0.0,0.0,1.0,AP12,0223
E-V5d,9.99999999999983,70.79966365933876,0.40360718450182,3.457209446512804,1,1,1,0,,,,,,0.006014585494995117,0.8894715309143066,0.0,0.0,0.8923425692695214,1.024823125126339,74205,0.9415544406302262,0.0010021169777707888,0.33454317013325935,3.6623290319787105,0.007832052889504658,0.97545818629638,0.14589611918657486,0.16491103417804895,-0.07080318980404632,-0.16263195211774684,0.9822997915557934,0.09294066741645454,-0.04141130215706195,-0.148432391807677,-0.11747953828536217,0.9819197437400425,-0.36884318930889726,0.0,0.0,0.0,1.0,0.9406201570629195,0.08906313907120637,0.3275690078510226,-0.14019856605795755,-0.14095694848165077,0.9803195296057231,0.13822008889697165,-0.05981933600499388,-0.30881198068736737,-0.1761857256705477,0.9346623867522765,-0.3502971310699332,0.0,0.0,0.0,1.0,AP12,0223
E-V5x2,9.99999999999983,70.79966365933876,0.46815309725229093,3.5742361982125206,1,1,1,0,,,,,,0.012201309204101562,1.7755146026611328,0.0,0.0,0.8923425692695214,1.024823125126339,74205,0.9415544406302262,0.0010021169777707888,0.33454317013325935,3.6623290319787105,0.007832052889504658,0.97545818629638,0.14589611918657486,0.16491103417804895,-0.07080318980404632,-0.16263195211774684,0.9822997915557934,0.09294066741645454,-0.04141130215706195,-0.148432391807677,-0.11747953828536217,0.9819197437400425,-0.36884318930889726,0.0,0.0,0.0,1.0,0.9407650316537018,0.08698794154560117,0.32771064449398274,-0.1400535251197424,-0.13975312658944464,0.9800908767262987,0.14103528962162207,-0.0608239072239838,-0.3089178432687144,-0.17847965726724346,0.9341920460763224,-0.3503502808768634,0.0,0.0,0.0,1.0,AP12,0223
E-VI,9.99999999999983,70.79966365933876,0.0,0.015543878140526496,1,1,1,0,,,,0.9998239591585247,0.0007518292504777368,0.0,0.0,0.0,0.04764366149902344,0.8923425692695214,1.024823125126339,74205,0.9415544406302262,0.0010021169777707888,0.33454317013325935,3.6623290319787105,0.007832052889504658,0.97545818629638,0.14589611918657486,0.16491103417804895,-0.07080318980404632,-0.16263195211774684,0.9822997915557934,0.09294066741645454,-0.04141130215706195,-0.148432391807677,-0.11747953828536217,0.9819197437400425,-0.36884318930889726,0.0,0.0,0.0,1.0,0.9427807364083768,0.0875151817205369,0.3217228455706701,-0.13714997843315022,-0.13763203093753637,0.9810388274164894,0.13645607039671107,-0.05939357076823091,-0.30368062529736406,-0.1729275245425071,0.9369493849058127,-0.35184180135178816,0.0,0.0,0.0,1.0,AP12,0223
E-V2,10.000000000000197,80.06069801142603,0.4697857337951794,3.343273986928757,1,1,1,0,,,,,,0.0012164115905761719,0.30935001373291016,0.0,0.0,0.942851152411903,1.023048373514643,64126,0.9337974517273085,0.0009649594038351628,0.3971150347363976,2.7606467705925706,0.00864442258800706,0.0725779127482949,0.5955966760558573,0.7999981537805659,-0.3945911691690546,-0.9439359739699287,0.30002486969709286,-0.13773145831176065,0.04899739613604432,-0.32205174060474034,-0.745150774698957,0.5839803073212325,-0.21125716525756566,0.0,0.0,0.0,1.0,0.06444401201687691,0.7165768852541007,0.6945247165512957,-0.3452317779669484,-0.9331600401972493,0.2899063006614676,-0.21252458910870295,0.08392412081408135,-0.3536372975732389,-0.6344067380314953,0.6873636241754578,-0.2609045260599346,0.0,0.0,0.0,1.0,AP12,0266
E-L,10.000000000000197,80.06069801142603,0.1955240920329713,1.3488470266696522,1,1,1,0,,1.0,775.0,,,0.0,0.0,0.19645953178405762,0.0,0.942851152411903,1.023048373514643,64126,0.9337974517273085,0.0009649594038351628,0.3971150347363976,2.7606467705925706,0.00864442258800706,0.0725779127482949,0.5955966760558573,0.7999981537805659,-0.3945911691690546,-0.9439359739699287,0.30002486969709286,-0.13773145831176065,0.04899739613604432,-0.32205174060474034,-0.745150774698957,0.5839803073212325,-0.21125716525756566,0.0,0.0,0.0,1.0,0.06482538838644186,0.7201433822101762,0.6907902562134425,-0.34662906912283253,-0.9328180400194386,0.2896280283825148,-0.21439708344459832,0.08471700797445952,-0.3544688607407423,-0.6304832386623325,0.6905379877537626,-0.263052944657385,0.0,0.0,0.0,1.0,AP12,0266
E-I,10.000000000000197,80.06069801142603,0.01506213252718339,0.1009788774186595,1,1,1,0,,,,0.9337974517273085,0.0009649594038351628,0.0,0.0,0.0,0.08170366287231445,0.942851152411903,1.023048373514643,64126,0.9337974517273085,0.0009649594038351628,0.3971150347363976,2.7606467705925706,0.00864442258800706,0.0725779127482949,0.5955966760558573,0.7999981537805659,-0.3945911691690546,-0.9439359739699287,0.30002486969709286,-0.13773145831176065,0.04899739613604432,-0.32205174060474034,-0.745150774698957,0.5839803073212325,-0.21125716525756566,0.0,0.0,0.0,1.0,0.06739305644983128,0.7215998399389045,0.6890223849357117,-0.3459137222028548,-0.9326042268669532,0.290969503656027,-0.21350902550491402,0.08437914550443777,-0.35455257998249434,-0.6281961627885918,0.69257638501861,-0.2640869586408962,0.0,0.0,0.0,1.0,AP12,0266
E-V5b,10.000000000000197,80.06069801142603,0.38250390347463015,4.336548124471933,1,1,1,0,,,,,,0.006361961364746094,0.8842415809631348,0.0,0.0,0.942851152411903,1.023048373514643,64126,0.9337974517273085,0.0009649594038351628,0.3971150347363976,2.7606467705925706,0.00864442258800706,0.0725779127482949,0.5955966760558573,0.7999981537805659,-0.3945911691690546,-0.9439359739699287,0.30002486969709286,-0.13773145831176065,0.04899739613604432,-0.32205174060474034,-0.745150774698957,0.5839803073212325,-0.21125716525756566,0.0,0.0,0.0,1.0,0.06489348888531296,0.7174821033651234,0.6935476062805497,-0.3433430527707183,-0.9325814188090921,0.2909098361301738,-0.21368994287443102,0.08471315252065625,-0.35507853048034493,-0.6329225000446468,0.6879886387764954,-0.2607073069183908,0.0,0.0,0.0,1.0,AP12,0266
E-V5d,10.000000000000197,80.06069801142603,0.41181031587839484,4.245307460048239,1,1,1,0,,,,,,0.006361961364746094,0.8842415809631348,0.0,0.0,0.942851152411903,1.023048373514643,64126,0.9337974517273085,0.0009649594038351628,0.3971150347363976,2.7606467705925706,0.00864442258800706,0.0725779127482949,0.5955966760558573,0.7999981537805659,-0.3945911691690546,-0.9439359739699287,0.30002486969709286,-0.13773145831176065,0.04899739613604432,-0.32205174060474034,-0.745150774698957,0.5839803073212325,-0.21125716525756566,0.0,0.0,0.0,1.0,0.0661308856983403,0.7169157469236724,0.6940162343439209,-0.34340572405860903,-0.9330336828009375,0.29095307248709806,-0.21164707300789087,0.08390357386330545,-0.3536592754777417,-0.6335440899357216,0.6881475306233169,-0.260774678456935,0.0,0.0,0.0,1.0,AP12,0266
E-V5x2,10.000000000000197,80.06069801142603,0.028874729534400286,2.8166140489007865,1,1,1,0,,,,,,0.013222694396972656,1.7745113372802734,0.0,0.0,0.942851152411903,1.023048373514643,64126,0.9337974517273085,0.0009649594038351628,0.3971150347363976,2.7606467705925706,0.00864442258800706,0.0725779127482949,0.5955966760558573,0.7999981537805659,-0.3945911691690546,-0.9439359739699287,0.30002486969709286,-0.13773145831176065,0.04899739613604432,-0.32205174060474034,-0.745150774698957,0.5839803073212325,-0.21125716525756566,0.0,0.0,0.0,1.0,0.06698220046518058,0.7216450006057908,0.6890151414820248,-0.34520528237446924,-0.9328216249012538,0.290344235890067,-0.21341043663987314,0.08389854829223103,-0.3540581503610472,-0.6284335255832422,0.6926139720737533,-0.2614619451549709,0.0,0.0,0.0,1.0,AP12,0266
E-VI,10.000000000000197,80.06069801142603,0.02207524351822275,0.1390616118755962,1,1,1,0,,,,1.0,0.0008128501029608685,0.0,0.0,0.0,0.06096386909484863,0.942851152411903,1.023048373514643,64126,0.9337974517273085,0.0009649594038351628,0.3971150347363976,2.7606467705925706,0.00864442258800706,0.0725779127482949,0.5955966760558573,0.7999981537805659,-0.3945911691690546,-0.9439359739699287,0.30002486969709286,-0.13773145831176065,0.04899739613604432,-0.32205174060474034,-0.745150774698957,0.5839803073212325,-0.21125716525756566,0.0,0.0,0.0,1.0,0.06700178700748483,0.7215280424754099,0.6891357135803861,-0.34604021639989574,-0.9326873786905322,0.29062940432507334,-0.21360893389508753,0.08433556621942179,-0.35440793877796595,-0.6284360043426525,0.6924328022258579,-0.2640412515133033,0.0,0.0,0.0,1.0,AP12,0266
E-V2,9.99999999999983,69.72162650170961,0.13982103728062553,0.5133006367323274,1,1,1,0,,,,,,0.0011401176452636719,0.3104817867279053,0.0,0.0,0.922410500099317,1.0347381699388687,61834,0.9897301779677234,0.0009086570634524206,0.46089538274488767,1.7102879841895122,0.004463242643012173,-0.4780882999745176,0.8196809132019928,0.31552302286809863,-0.21349055760818825,-0.8277864471988913,-0.300422181216759,-0.47383131055978406,0.24390688112530184,-0.2936003665892018,-0.48771888784966316,0.8221490808687769,-0.3015644000338446,0.0,0.0,0.0,1.0,-0.4853584680186006,0.7490011042030129,0.4510260519790745,-0.27182564253414176,-0.8607808520418372,-0.3189400080715885,-0.3966530201316811,0.20956636858834135,-0.1532433106888934,-0.5807534597336719,0.7995260524724057,-0.28559626209955136,0.0,0.0,0.0,1.0,AP12,0308
E-L,9.99999999999983,69.72162650170961,0.3689512442030902,1.7981961172040015,1,1,1,0,,1.0,820.0,,,0.0,0.0,0.20328688621520996,0.0,0.922410500099317,1.0347381699388687,61834,0.9897301779677234,0.0009086570634524206,0.46089538274488767,1.7102879841895122,0.004463242643012173,-0.4780882999745176,0.8196809132019928,0.31552302286809863,-0.21349055760818825,-0.8277864471988913,-0.300422181216759,-0.47383131055978406,0.24390688112530184,-0.2936003665892018,-0.48771888784966316,0.8221490808687769,-0.3015644000338446,0.0,0.0,0.0,1.0,-0.48250144854353705,0.752322487949004,0.4485568261431415,-0.2709200573495867,-0.8622714916209918,-0.3180115958599298,-0.3941528886565851,0.20843605636014614,-0.15388380971076404,-0.5769571032796469,0.8021472895198615,-0.286976108602093,0.0,0.0,0.0,1.0,AP12,0308
E-I,9.99999999999983,69.72162650170961,0.025554390710665956,0.20177507622391938,1,1,1,0,,,,0.9897301779677234,0.0009086570634524206,0.0,0.0,0.0,0.07079720497131348,0.922410500099317,1.0347381699388687,61834,0.9897301779677234,0.0009086570634524206,0.46089538274488767,1.7102879841895122,0.004463242643012173,-0.4780882999745176,0.8196809132019928,0.31552302286809863,-0.21349055760818825,-0.8277864471988913,-0.300422181216759,-0.47383131055978406,0.24390688112530184,-0.2936003665892018,-0.48771888784966316,0.8221490808687769,-0.3015644000338446,0.0,0.0,0.0,1.0,-0.48658707934192325,0.7477975543289745,0.45169882881971435,-0.2718768772221944,-0.8605039883513905,-0.3209457615793943,-0.39563455884891213,0.20907145167411947,-0.1508837308951761,-0.5811993082100387,0.7996508387335846,-0.28537831612346365,0.0,0.0,0.0,1.0,AP12,0308
E-V5b,9.99999999999983,69.72162650170961,0.4859721097643422,3.2720866307078746,1,1,1,0,,,,,,0.006201505661010742,0.8986051082611084,0.0,0.0,0.922410500099317,1.0347381699388687,61834,0.9897301779677234,0.0009086570634524206,0.46089538274488767,1.7102879841895122,0.004463242643012173,-0.4780882999745176,0.8196809132019928,0.31552302286809863,-0.21349055760818825,-0.8277864471988913,-0.300422181216759,-0.47383131055978406,0.24390688112530184,-0.2936003665892018,-0.48771888784966316,0.8221490808687769,-0.3015644000338446,0.0,0.0,0.0,1.0,-0.48644879677317293,0.7520403967315681,0.4447503066836538,-0.2684628326221438,-0.8593489729314816,-0.3199152326064767,-0.3989656737146299,0.20923133085695134,-0.1577558970042941,-0.5762720910623403,0.8018875201822866,-0.2851358997558679,0.0,0.0,0.0,1.0,AP12,0308
E-V5d,9.99999999999983,69.72162650170961,0.4602517014664539,3.5822790249712897,1,1,1,0,,,,,,0.006201505661010742,0.8986051082611084,0.0,0.0,0.922410500099317,1.0347381699388687,61834,0.9897301779677234,0.0009086570634524206,0.46089538274488767,1.7102879841895122,0.004463242643012173,-0.4780882999745176,0.8196809132019928,0.31552302286809863,-0.21349055760818825,-0.8277864471988913,-0.300422181216759,-0.47383131055978406,0.24390688112530184,-0.2936003665892018,-0.48771888784966316,0.8221490808687769,-0.3015644000338446,0.0,0.0,0.0,1.0,-0.48612231108651305,0.7516488670403151,0.44576799440481557,-0.2684270651445517,-0.8594642400334167,-0.3189160365446308,-0.39951696318770197,0.2091840180729685,-0.1581339020190776,-0.5773357598649742,0.8010475206949051,-0.28406806254637634,0.0,0.0,0.0,1.0,AP12,0308
E-V5x2,9.99999999999983,69.72162650170961,0.2048220051133921,3.5749725118754845,1,1,1,0,,,,,,0.012327194213867188,1.796748161315918,0.0,0.0,0.922410500099317,1.0347381699388687,61834,0.9897301779677234,0.0009086570634524206,0.46089538274488767,1.7102879841895122,0.004463242643012173,-0.4780882999745176,0.8196809132019928,0.31552302286809863,-0.21349055760818825,-0.8277864471988913,-0.300422181216759,-0.47383131055978406,0.24390688112530184,-0.2936003665892018,-0.48771888784966316,0.8221490808687769,-0.3015644000338446,0.0,0.0,0.0,1.0,-0.485782911786972,0.7494369513821441,0.44984353052735865,-0.2684168510394636,-0.8603076983330689,-0.3189513598853595,-0.397669048512313,0.20912586657131144,-0.15454967451058962,-0.5801846836046989,0.7996875119691463,-0.2841073052709333,0.0,0.0,0.0,1.0,AP12,0308
E-VI,9.99999999999983,69.72162650170961,0.009642860123089623,0.016120097731597494,1,1,1,0,,,,0.9997448491420552,0.0007905799933879815,0.0,0.0,0.0,0.06083559989929199,0.922410500099317,1.0347381699388687,61834,0.9897301779677234,0.0009086570634524206,0.46089538274488767,1.7102879841895122,0.004463242643012173,-0.4780882999745176,0.8196809132019928,0.31552302286809863,-0.21349055760818825,-0.8277864471988913,-0.300422181216759,-0.47383131055978406,0.24390688112530184,-0.2936003665892018,-0.48771888784966316,0.8221490808687769,-0.3015644000338446,0.0,0.0,0.0,1.0,-0.4864117858576464,0.7480656835885001,0.45144356354808823,-0.2717249001746853,-0.860575398836221,-0.3208645163187753,-0.39554509603571336,0.20906762290849445,-0.15104149291951338,-0.5808990242408361,0.7998392193650622,-0.2854918824553887,0.0,0.0,0.0,1.0,AP12,0308
E-V2,10.00000000000027,81.02844848038572,0.46281592182796194,5.830851518283192,1,1,1,0,,,,,,0.0011951923370361328,0.311368465423584,0.0,0.0,0.9347418561770129,0.9834128821889325,63483,0.9912797368622351,0.0008690167339801962,0.6525789544708998,3.881347772184851,0.007458149013877921,0.5081471509910622,-0.4300283567778168,0.7462319246096594,-0.3135411924253744,0.4639154057706624,0.8666610648118008,0.1835240993110082,-0.07795075519990018,-0.7256507212346089,0.2529312379012228,0.6398881305864695,-0.30279139741214806,0.0,0.0,0.0,1.0,0.5467752473602562,-0.538151791209103,0.6414276846130806,-0.2549770979733544,0.4735251150801983,0.830554376739641,0.29317807441230814,-0.12730931781295327,-0.6905149067937886,0.14342960197238747,0.7089549457838845,-0.32532950009087147,0.0,0.0,0.0,1.0,AP12,0678
E-L,10.00000000000027,81.02844848038572,0.18986286580512782,1.3779380253484537,1,1,1,0,,1.0,794.0,,,0.0,0.0,0.2008373737335205,0.0,0.9347418561770129,0.9834128821889325,63483,0.9912797368622351,0.0008690167339801962,0.6525789544708998,3.881347772184851,0.007458149013877921,0.5081471509910622,-0.4300283567778168,0.7462319246096594,-0.3135411924253744,0.4639154057706624,0.8666610648118008,0.1835240993110082,-0.07795075519990018,-0.7256507212346089,0.2529312379012228,0.6398881305864695,-0.30279139741214806,0.0,0.0,0.0,1.0,0.5462895946729133,-0.5410886024040537,0.6393675023806975,-0.2588316647304834,0.471001982209854,0.8296616305068425,0.2996977003901008,-0.12987572384049972,-0.6926216943660456,0.13742162571135913,0.7080893201287208,-0.329099651438637,0.0,0.0,0.0,1.0,AP12,0678
E-I,10.00000000000027,81.02844848038572,0.004209950491982213,0.0963617815710158,1,1,1,0,,,,0.9912797368622351,0.0008690167339801962,0.0,0.0,0.0,0.06247997283935547,0.9347418561770129,0.9834128821889325,63483,0.9912797368622351,0.0008690167339801962,0.6525789544708998,3.881347772184851,0.007458149013877921,0.5081471509910622,-0.4300283567778168,0.7462319246096594,-0.3135411924253744,0.4639154057706624,0.8666610648118008,0.1835240993110082,-0.07795075519990018,-0.7256507212346089,0.2529312379012228,0.6398881305864695,-0.30279139741214806,0.0,0.0,0.0,1.0,0.5470003937764337,-0.5429384820457918,0.6371878639163151,-0.2577065442671245,0.4729544855534501,0.8284712619631902,0.2999156926471018,-0.13002962173755517,-0.690727604633909,0.1373068564017459,0.7099592969894628,-0.32980781924946934,0.0,0.0,0.0,1.0,AP12,0678
E-V5b,10.00000000000027,81.02844848038572,0.5796312341464772,2.395709784985982,1,1,1,0,,,,,,0.006290912628173828,0.8918349742889404,0.0,0.0,0.9347418561770129,0.9834128821889325,63483,0.9912797368622351,0.0008690167339801962,0.6525789544708998,3.881347772184851,0.007458149013877921,0.5081471509910622,-0.4300283567778168,0.7462319246096594,-0.3135411924253744,0.4639154057706624,0.8666610648118008,0.1835240993110082,-0.07795075519990018,-0.7256507212346089,0.2529312379012228,0.6398881305864695,-0.30279139741214806,0.0,0.0,0.0,1.0,0.5450090818701847,-0.5373340929198809,0.6436126088186844,-0.2593660257525773,0.4733360764631405,0.8307986238544637,0.2927910211497454,-0.12851753920268336,-0.6920390989135338,0.14507128017275228,0.7071324012900183,-0.3290998684228112,0.0,0.0,0.0,1.0,AP12,0678
E-V5d,10.00000000000027,81.02844848038572,0.6626315385249293,2.406794627326444,1,1,1,0,,,,,,0.006290912628173828,0.8918349742889404,0.0,0.0,0.9347418561770129,0.9834128821889325,63483,0.9912797368622351,0.0008690167339801962,0.6525789544708998,3.881347772184851,0.007458149013877921,0.5081471509910622,-0.4300283567778168,0.7462319246096594,-0.3135411924253744,0.4639154057706624,0.8666610648118008,0.1835240993110082,-0.07795075519990018,-0.7256507212346089,0.2529312379012228,0.6398881305864695,-0.30279139741214806,0.0,0.0,0.0,1.0,0.5456527470779065,-0.5357299410157849,0.6444040091207356,-0.2594697650351973,0.4724555856740768,0.8317723198041866,0.29144554247105564,-0.1286134216982564,-0.6921335522854373,0.14542419142030544,0.7069674490762404,-0.32912880310431,0.0,0.0,0.0,1.0,AP12,0678
E-V5x2,10.00000000000027,81.02844848038572,0.08470300531273656,1.672575773672733,1,1,1,0,,,,,,0.012351751327514648,1.782515525817871,0.0,0.0,0.9347418561770129,0.9834128821889325,63483,0.9912797368622351,0.0008690167339801962,0.6525789544708998,3.881347772184851,0.007458149013877921,0.5081471509910622,-0.4300283567778168,0.7462319246096594,-0.3135411924253744,0.4639154057706624,0.8666610648118008,0.1835240993110082,-0.07795075519990018,-0.7256507212346089,0.2529312379012228,0.6398881305864695,-0.30279139741214806,0.0,0.0,0.0,1.0,0.5466982211106193,-0.5420127038008431,0.6382345362460952,-0.2591903922469695,0.4723864476704268,0.8289911093879124,0.2993740718279224,-0.12977732290585273,-0.691355304002265,0.1378260691077418,0.7092473754311912,-0.3292119231757209,0.0,0.0,0.0,1.0,AP12,0678
E-VI,10.00000000000027,81.02844848038572,0.0,0.03577633520392931,1,1,1,0,,,,0.9998470129274076,0.0007799770100802044,0.0,0.0,0.0,0.05108189582824707,0.9347418561770129,0.9834128821889325,63483,0.9912797368622351,0.0008690167339801962,0.6525789544708998,3.881347772184851,0.007458149013877921,0.5081471509910622,-0.4300283567778168,0.7462319246096594,-0.3135411924253744,0.4639154057706624,0.8666610648118008,0.1835240993110082,-0.07795075519990018,-0.7256507212346089,0.2529312379012228,0.6398881305864695,-0.30279139741214806,0.0,0.0,0.0,1.0,0.5469826164738166,-0.5429445091880982,0.6371980199242672,-0.25765862676090123,0.4729740525768917,0.8284629032184577,0.29990800895187797,-0.13001997936209758,-0.6907283258595334,0.13733365860099292,0.7099534261254357,-0.3297378648043387,0.0,0.0,0.0,1.0,AP12,0678
E-V2,10.000000000000416,63.1842868204345,0.6576315871741537,6.3913561903568725,1,1,1,0,,,,,,0.0011479854583740234,0.30928874015808105,0.0,0.0,0.851871167583286,0.9637841461370873,59670,0.9949402786994028,0.0008591692897194878,0.8752342743377595,7.006694031607917,0.007310374968083913,0.2809532757963032,-0.8351135486749095,0.47291713612315295,-0.1661715100170969,0.8306207015382566,0.45843500104403206,0.3160800531413709,-0.08749677761671208,-0.48076450263660264,0.3040110370321388,0.8224614169474598,-0.4070658607238407,0.0,0.0,0.0,1.0,0.38548344035270177,-0.8237398541145949,0.415758592566452,-0.128615965553962,0.7463564141427796,0.5432966766324808,0.3844227458375874,-0.13568803477805036,-0.5425445828562375,0.16211548264665607,0.824235356025093,-0.41200267460874623,0.0,0.0,0.0,1.0,AP12,0697
E-L,10.000000000000416,63.1842868204345,0.30453488443203414,2.282218240276675,1,1,1,0,,1.0,689.0,,,0.0,0.0,0.1853621006011963,0.0,0.851871167583286,0.9637841461370873,59670,0.9949402786994028,0.0008591692897194878,0.8752342743377595,7.006694031607917,0.007310374968083913,0.2809532757963032,-0.8351135486749095,0.47291713612315295,-0.1661715100170969,0.8306207015382566,0.45843500104403206,0.3160800531413709,-0.08749677761671208,-0.48076450263660264,0.3040110370321388,0.8224614169474598,-0.4070658607238407,0.0,0.0,0.0,1.0,0.38383133976956785,-0.8272377122611259,0.41030631243459603,-0.1262341430808228,0.7471811323135906,0.5393261008985433,0.38839118476627943,-0.13426722751861964,-0.5425807388078555,0.15749642631676458,0.8251066704203581,-0.4073397762317456,0.0,0.0,0.0,1.0,AP12,0697
E-I,10.000000000000416,63.1842868204345,0.03477470328159089,0.241222065594363,1,1,1,0,,,,0.9949402786994028,0.0008591692897194878,0.0,0.0,0.0,0.05888867378234863,0.851871167583286,0.9637841461370873,59670,0.9949402786994028,0.0008591692897194878,0.8752342743377595,7.006694031607917,0.007310374968083913,0.2809532757963032,-0.8351135486749095,0.47291713612315295,-0.1661715100170969,0.8306207015382566,0.45843500104403206,0.3160800531413709,-0.08749677761671208,-0.48076450263660264,0.3040110370321388,0.8224614169474598,-0.4070658607238407,0.0,0.0,0.0,1.0,0.3859181606303206,-0.8282884923132141,0.4062085016308884,-0.1242414506713309,0.7471790837861225,0.5388962480257792,0.38899132460283453,-0.13454080181043002,-0.5411012752232613,0.15339167958282318,0.8268496856058667,-0.40776337304337656,0.0,0.0,0.0,1.0,AP12,0697
E-V5b,10.000000000000416,63.1842868204345,0.517303717627702,3.1687899499850034,1,1,1,0,,,,,,0.0057582855224609375,0.8905074596405029,0.0,0.0,0.851871167583286,0.9637841461370873,59670,0.9949402786994028,0.0008591692897194878,0.8752342743377595,7.006694031607917,0.007310374968083913,0.2809532757963032,-0.8351135486749095,0.47291713612315295,-0.1661715100170969,0.8306207015382566,0.45843500104403206,0.3160800531413709,-0.08749677761671208,-0.48076450263660264,0.3040110370321388,0.8224614169474598,-0.4070658607238407,0.0,0.0,0.0,1.0,0.38051490690192274,-0.8278309900034718,0.4121944345498505,-0.1263303107607666,0.7492772479060413,0.53723032692944,0.38725590687923384,-0.13486643272222137,-0.5420257889711351,0.16149126930844585,0.8246990871027818,-0.4098553959784431,0.0,0.0,0.0,1.0,AP12,0697
E-V5d,10.000000000000416,63.1842868204345,0.6111936066524543,3.211257212573191,1,1,1,0,,,,,,0.0057582855224609375,0.8905074596405029,0.0,0.0,0.851871167583286,0.9637841461370873,59670,0.9949402786994028,0.0008591692897194878,0.8752342743377595,7.006694031607917,0.007310374968083913,0.2809532757963032,-0.8351135486749095,0.47291713612315295,-0.1661715100170969,0.8306207015382566,0.45843500104403206,0.3160800531413709,-0.08749677761671208,-0.48076450263660264,0.3040110370321388,0.8224614169474598,-0.4070658607238407,0.0,0.0,0.0,1.0,0.38010287498848067,-0.8273176503708047,0.4136028337164387,-0.12635872856742814,0.7495961041713609,0.5375000290590423,0.38626332364494953,-0.13488412303899155,-0.5418739978543181,0.16321527622179022,0.8244594073108629,-0.40988486606016133,0.0,0.0,0.0,1.0,AP12,0697
E-V5x2,10.000000000000416,63.1842868204345,0.308958802992381,3.296565582323424,1,1,1,0,,,,,,0.011562585830688477,1.78076171875,0.0,0.0,0.851871167583286,0.9637841461370873,59670,0.9949402786994028,0.0008591692897194878,0.8752342743377595,7.006694031607917,0.007310374968083913,0.2809532757963032,-0.8351135486749095,0.47291713612315295,-0.1661715100170969,0.8306207015382566,0.45843500104403206,0.3160800531413709,-0.08749677761671208,-0.48076450263660264,0.3040110370321388,0.8224614169474598,-0.4070658607238407,0.0,0.0,0.0,1.0,0.3815650024342646,-0.8291376713645291,0.40858148865872157,-0.1264106633924932,0.7481521741409091,0.5366143488968319,0.39027340179443915,-0.13483443198262268,-0.5428410772018364,0.1567664610349771,0.8250744328084257,-0.4099620930419466,0.0,0.0,0.0,1.0,AP12,0697
E-VI,10.000000000000416,63.1842868204345,0.015102677546779068,0.05885797986782287,1,1,1,0,,,,0.9995852687458527,0.0007980601352600912,0.0,0.0,0.0,0.05152726173400879,0.851871167583286,0.9637841461370873,59670,0.9949402786994028,0.0008591692897194878,0.8752342743377595,7.006694031607917,0.007310374968083913,0.2809532757963032,-0.8351135486749095,0.47291713612315295,-0.1661715100170969,0.8306207015382566,0.45843500104403206,0.3160800531413709,-0.08749677761671208,-0.48076450263660264,0.3040110370321388,0.8224614169474598,-0.4070658607238407,0.0,0.0,0.0,1.0,0.38604869849352824,-0.8284389452551447,0.40577737538803427,-0.12406036985741686,0.747237125657211,0.538771040099065,0.3890532195466746,-0.13454669129745175,-0.5409279455556736,0.15301843404737306,0.8270322210654744,-0.40771741867758954,0.0,0.0,0.0,1.0,AP12,0697
E-V2,9.99999999999983,77.1973881918391,0.8317412932465679,4.300050211866537,1,1,1,0,,,,,,0.001226663589477539,0.3083310127258301,0.0,0.0,0.8640524257478068,1.0231501663416314,43585,0.9599372150384932,0.0009217355602574456,0.5074132593905464,3.114178785684612,0.003806911542431436,0.343546988356511,-0.9231410858570701,0.17258621727646895,-0.01323896713565871,0.5156880965657902,0.3390190783588152,0.7868493194818765,-0.3737727418596029,-0.7848829555108993,-0.18131905611757684,0.5925218527928803,-0.3081361310313648,0.0,0.0,0.0,1.0,0.3977800671949881,-0.8633787965443482,0.31039988252185535,-0.08516649650874127,0.4345091697482655,0.4752475431729749,0.7650761781103377,-0.3767658003866754,-0.8080673029646596,-0.1694604527942225,0.5641900264143174,-0.29477685982329344,0.0,0.0,0.0,1.0,AP12,0739
E-L,9.99999999999983,77.1973881918391,0.3194188750817631,2.7324670576773293,1,1,1,0,,1.0,644.0,,,0.0,0.0,0.1858229637145996,0.0,0.8640524257478068,1.0231501663416314,43585,0.9599372150384932,0.0009217355602574456,0.5074132593905464,3.114178785684612,0.003806911542431436,0.343546988356511,-0.9231410858570701,0.17258621727646895,-0.01323896713565871,0.5156880965657902,0.3390190783588152,0.7868493194818765,-0.3737727418596029,-0.7848829555108993,-0.18131905611757684,0.5925218527928803,-0.3081361310313648,0.0,0.0,0.0,1.0,0.3956173290292866,-0.8612957618527004,0.3188362269038915,-0.08658225535524805,0.4315117665081283,0.4807723699760068,0.7633187562432154,-0.3779992396253522,-0.810730858137748,-0.16440054404481352,0.5618611365640103,-0.29592073054979234,0.0,0.0,0.0,1.0,AP12,0739
E-I,9.99999999999983,77.1973881918391,0.019816893505660176,0.22833090032826123,1,1,1,0,,,,0.9599372150384932,0.0009217355602574456,0.0,0.0,0.0,0.07083678245544434,0.8640524257478068,1.0231501663416314,43585,0.9599372150384932,0.0009217355602574456,0.5074132593905464,3.114178785684612,0.003806911542431436,0.343546988356511,-0.9231410858570701,0.17258621727646895,-0.01323896713565871,0.5156880965657902,0.3390190783588152,0.7868493194818765,-0.3737727418596029,-0.7848829555108993,-0.18131905611757684,0.5925218527928803,-0.3081361310313648,0.0,0.0,0.0,1.0,0.39413564366888393,-0.8601730709014618,0.3236655410847185,-0.08902225634370403,0.4293642019116945,0.4837143013912311,0.7626708705243224,-0.3779996122937322,-0.8125905958762071,-0.16162537772745506,0.559976571624215,-0.2953245751119261,0.0,0.0,0.0,1.0,AP12,0739
E-V5b,9.99999999999983,77.1973881918391,0.8356787267357975,5.407865499603542,1,1,1,0,,,,,,0.0058441162109375,0.8917243480682373,0.0,0.0,0.8640524257478068,1.0231501663416314,43585,0.9599372150384932,0.0009217355602574456,0.5074132593905464,3.114178785684612,0.003806911542431436,0.343546988356511,-0.9231410858570701,0.17258621727646895,-0.01323896713565871,0.5156880965657902,0.3390190783588152,0.7868493194818765,-0.3737727418596029,-0.7848829555108993,-0.18131905611757684,0.5925218527928803,-0.3081361310313648,0.0,0.0,0.0,1.0,0.39784632940349357,-0.862893711745621,0.3116613325659704,-0.08536049105176684,0.4378706886051975,0.4771045226128652,0.7619977400491249,-0.3744575557290345,-0.8062180572039739,-0.16669063145590723,0.5676501642330137,-0.29638776187020255,0.0,0.0,0.0,1.0,AP12,0739
E-V5d,9.99999999999983,77.1973881918391,0.9471986640811445,6.222387901239144,1,1,1,0,,,,,,0.0058441162109375,0.8917243480682373,0.0,0.0,0.8640524257478068,1.0231501663416314,43585,0.9599372150384932,0.0009217355602574456,0.5074132593905464,3.114178785684612,0.003806911542431436,0.343546988356511,-0.9231410858570701,0.17258621727646895,-0.01323896713565871,0.5156880965657902,0.3390190783588152,0.7868493194818765,-0.3737727418596029,-0.7848829555108993,-0.18131905611757684,0.5925218527928803,-0.3081361310313648,0.0,0.0,0.0,1.0,0.39888308931546024,-0.8631858784400216,0.3095197346346327,-0.08427690084792204,0.43791093020574823,0.4758662325855689,0.7627485609080435,-0.37454559796539594,-0.8056837442729392,-0.16870541730927666,0.5678135413275655,-0.2966030126747375,0.0,0.0,0.0,1.0,AP12,0739
E-V5x2,9.99999999999983,77.1973881918391,0.34786673512474864,2.69560778772736,1,1,1,0,,,,,,0.01187276840209961,1.782947301864624,0.0,0.0,0.8640524257478068,1.0231501663416314,43585,0.9599372150384932,0.0009217355602574456,0.5074132593905464,3.114178785684612,0.003806911542431436,0.343546988356511,-0.9231410858570701,0.17258621727646895,-0.01323896713565871,0.5156880965657902,0.3390190783588152,0.7868493194818765,-0.3737727418596029,-0.7848829555108993,-0.18131905611757684,0.5925218527928803,-0.3081361310313648,0.0,0.0,0.0,1.0,0.3961557282464367,-0.8608870780475495,0.31927114914390764,-0.08663018275768666,0.4329607428042618,0.48178199449739234,0.7618602726407874,-0.3773732848485031,-0.809694756478757,-0.16358344460929597,0.5635910085063893,-0.29525430561903837,0.0,0.0,0.0,1.0,AP12,0739
E-VI,9.99999999999983,77.1973881918391,0.019295543157928162,0.06410143787379355,1,1,1,0,,,,0.9991030719784737,0.0008112514445533239,0.0,0.0,0.0,0.0547022819519043,0.8640524257478068,1.0231501663416314,43585,0.9599372150384932,0.0009217355602574456,0.5074132593905464,3.114178785684612,0.003806911542431436,0.343546988356511,-0.9231410858570701,0.17258621727646895,-0.01323896713565871,0.5156880965657902,0.3390190783588152,0.7868493194818765,-0.3737727418596029,-0.7848829555108993,-0.18131905611757684,0.5925218527928803,-0.3081361310313648,0.0,0.0,0.0,1.0,0.3943918313388396,-0.8599822609325328,0.32386043766886047,-0.08917460467436582,0.42911611380218956,0.48399429376345543,0.7626328438985609,-0.3780708926943515,-0.8125973226326673,-0.1618024388170911,0.559915644444181,-0.2952876204299952,0.0,0.0,0.0,1.0,AP12,0739
E-V2,9.999999999999902,39.57425059854242,0.4939425892340577,2.582056843551311,1,1,1,0,,,,,,0.0012445449829101562,0.3092069625854492,0.0,0.0,0.8562324857291126,0.9895432398157831,44947,0.9953290287127353,0.0009106907901590557,0.4069866433568464,1.2568955928704344,0.0006937201268176024,0.48054024351174696,-0.7606540695162717,0.4364475465551446,-0.15262447346693492,0.1598423278512873,0.5653078011628692,0.8092450309834983,-0.4304078529285127,-0.8622827289194377,-0.31911201242312504,0.3932378655909325,-0.19518526954297344,0.0,0.0,0.0,1.0,0.5748207823179791,-0.6759451390780529,0.4611716346445506,-0.16290166768213493,0.028573157240952857,0.5798238935666071,0.8142406768738338,-0.4427810675697182,-0.8177803462685682,-0.45486533182705896,0.35260869595166133,-0.1610740631871849,0.0,0.0,0.0,1.0,AP12,0758
E-L,9.999999999999902,39.57425059854242,0.07099000564531326,0.25995166504764505,1,1,1,0,,1.0,1025.0,,,0.0,0.0,0.22687411308288574,0.0,0.8562324857291126,0.9895432398157831,44947,0.9953290287127353,0.0009106907901590557,0.4069866433568464,1.2568955928704344,0.0006937201268176024,0.48054024351174696,-0.7606540695162717,0.4364475465551446,-0.15262447346693492,0.1598423278512873,0.5653078011628692,0.8092450309834983,-0.4304078529285127,-0.8622827289194377,-0.31911201242312504,0.3932378655909325,-0.19518526954297344,0.0,0.0,0.0,1.0,0.5759394336112273,-0.675734634642941,0.46008311461685786,-0.16292250732544666,0.022743301848355817,0.5758248194645614,0.8172567035574804,-0.44527467581993024,-0.8171759364008538,-0.4602265538108123,0.347008657146781,-0.16000755311771012,0.0,0.0,0.0,1.0,AP12,0758
E-I,9.999999999999902,39.57425059854242,0.018598703290655744,0.2298542335286787,1,1,1,0,,,,0.9953290287127353,0.0009106907901590557,0.0,0.0,0.0,0.06712555885314941,0.8562324857291126,0.9895432398157831,44947,0.9953290287127353,0.0009106907901590557,0.4069866433568464,1.2568955928704344,0.0006937201268176024,0.48054024351174696,-0.7606540695162717,0.4364475465551446,-0.15262447346693492,0.1598423278512873,0.5653078011628692,0.8092450309834983,-0.4304078529285127,-0.8622827289194377,-0.31911201242312504,0.3932378655909325,-0.19518526954297344,0.0,0.0,0.0,1.0,0.5769520294707412,-0.6749267487606765,0.4600002603226816,-0.16265766197923265,0.021932757595416224,0.5757878459824701,0.8173049067288952,-0.4451377023367174,-0.8164835024872541,-0.46145665043014583,0.34700497105940414,-0.15999312334913374,0.0,0.0,0.0,1.0,AP12,0758
E-V5b,9.999999999999902,39.57425059854242,0.5338657696054456,2.090399494382747,1,1,1,0,,,,,,0.006076335906982422,0.8934733867645264,0.0,0.0,0.8562324857291126,0.9895432398157831,44947,0.9953290287127353,0.0009106907901590557,0.4069866433568464,1.2568955928704344,0.0006937201268176024,0.48054024351174696,-0.7606540695162717,0.4364475465551446,-0.15262447346693492,0.1598423278512873,0.5653078011628692,0.8092450309834983,-0.4304078529285127,-0.8622827289194377,-0.31911201242312504,0.3932378655909325,-0.19518526954297344,0.0,0.0,0.0,1.0,0.5723178962172327,-0.677661762499786,0.46176482005593367,-0.1631345361699602,0.028346893627566122,0.5791185323136286,0.8147503650842812,-0.4443986616015212,-0.8195417625201795,-0.45320662424427693,0.35064949284466984,-0.16183335485747538,0.0,0.0,0.0,1.0,AP12,0758
E-V5d,9.999999999999902,39.57425059854242,0.5225379228755479,1.3924464650884685,1,1,1,0,,,,,,0.006076335906982422,0.8934733867645264,0.0,0.0,0.8562324857291126,0.9895432398157831,44947,0.9953290287127353,0.0009106907901590557,0.4069866433568464,1.2568955928704344,0.0006937201268176024,0.48054024351174696,-0.7606540695162717,0.4364475465551446,-0.15262447346693492,0.1598423278512873,0.5653078011628692,0.8092450309834983,-0.4304078529285127,-0.8622827289194377,-0.31911201242312504,0.3932378655909325,-0.19518526954297344,0.0,0.0,0.0,1.0,0.5715824324339134,-0.6784853427917585,0.4614663045529285,-0.16297840290375548,0.027916897233185384,0.5781445046219039,0.815456655409059,-0.44437169285924016,-0.8200696257058526,-0.4532179988422178,0.3493984347271997,-0.16107317687184497,0.0,0.0,0.0,1.0,AP12,0758
E-V5x2,9.999999999999902,39.57425059854242,0.3142190931692502,0.8953401442803942,1,1,1,0,,,,,,0.012072563171386719,1.784006118774414,0.0,0.0,0.8562324857291126,0.9895432398157831,44947,0.9953290287127353,0.0009106907901590557,0.4069866433568464,1.2568955928704344,0.0006937201268176024,0.48054024351174696,-0.7606540695162717,0.4364475465551446,-0.15262447346693492,0.1598423278512873,0.5653078011628692,0.8092450309834983,-0.4304078529285127,-0.8622827289194377,-0.31911201242312504,0.3932378655909325,-0.19518526954297344,0.0,0.0,0.0,1.0,0.5725918188672718,-0.6777443578301032,0.46130381584226476,-0.16306184452075642,0.024083628045626207,0.5763372630802953,0.8168570041651994,-0.44434521740411875,-0.8194868054158821,-0.4566157497821831,0.34632854272869107,-0.15939233240317519,0.0,0.0,0.0,1.0,AP12,0758
E-VI,9.999999999999902,39.57425059854242,0.007861922695054315,0.0598130936167299,1,1,1,0,,,,0.9999313092457756,0.0008630416354698988,0.0,0.0,0.0,0.059984445571899414,0.8562324857291126,0.9895432398157831,44947,0.9953290287127353,0.0009106907901590557,0.4069866433568464,1.2568955928704344,0.0006937201268176024,0.48054024351174696,-0.7606540695162717,0.4364475465551446,-0.15262447346693492,0.1598423278512873,0.5653078011628692,0.8092450309834983,-0.4304078529285127,-0.8622827289194377,-0.31911201242312504,0.3932378655909325,-0.19518526954297344,0.0,0.0,0.0,1.0,0.5765126366982115,-0.6751167390631221,0.46027229401003805,-0.1628882819420758,0.02189855906593334,0.5758718994770351,0.8172466186717776,-0.44507142887684226,-0.8167947534493659,-0.46107368431093276,0.34678150889175247,-0.1598377678885794,0.0,0.0,0.0,1.0,AP12,0758
E-V2,10.000000000000563,60.22151338995753,0.2784601371418621,4.442231847238266,1,1,1,0,,,,,,0.0012171268463134766,0.3110671043395996,0.0,0.0,0.9006819485458137,0.9797087980173482,45192,0.992539284299485,0.0009294105911229548,0.5584410283387344,2.081187208004587,0.003355965701253593,0.7426071044653022,-0.47445871949413,0.4726770693545948,-0.17274008457939943,-0.1134212358269281,0.6064851122784783,0.7869634247206493,-0.4377644017910291,-0.660053264260658,-0.638016247505149,0.39656645881654934,-0.1619114649026116,0.0,0.0,0.0,1.0,0.620638813271248,-0.575993063027092,0.5320144737772501,-0.20427013234967972,-0.15241417242129135,0.5769422425742627,0.8024384940572805,-0.44438658370348405,-0.769140645815878,-0.5791110335829268,0.27028325289639615,-0.1072524077077783,0.0,0.0,0.0,1.0,AP12,0768
E-L,10.000000000000563,60.22151338995753,0.1979242763231525,1.2978419307762261,1,1,1,0,,1.0,982.0,,,0.0,0.0,0.21984314918518066,0.0,0.9006819485458137,0.9797087980173482,45192,0.992539284299485,0.0009294105911229548,0.5584410283387344,2.081187208004587,0.003355965701253593,0.7426071044653022,-0.47445871949413,0.4726770693545948,-0.17274008457939943,-0.1134212358269281,0.6064851122784783,0.7869634247206493,-0.4377644017910291,-0.660053264260658,-0.638016247505149,0.39656645881654934,-0.1619114649026116,0.0,0.0,0.0,1.0,0.6254195776949496,-0.575902119585484,0.5264856128070514,-0.20220181636863133,-0.146934694857721,0.575738073027641,0.804323235219204,-0.4472273711970192,-0.7663292681889021,-0.5803985009658151,0.2754578602866442,-0.11161442570367046,0.0,0.0,0.0,1.0,AP12,0768
E-I,10.000000000000563,60.22151338995753,0.0307771083126571,0.22585589069339773,1,1,1,0,,,,0.992539284299485,0.0009294105911229548,0.0,0.0,0.0,0.07009172439575195,0.9006819485458137,0.9797087980173482,45192,0.992539284299485,0.0009294105911229548,0.5584410283387344,2.081187208004587,0.003355965701253593,0.7426071044653022,-0.47445871949413,0.4726770693545948,-0.17274008457939943,-0.1134212358269281,0.6064851122784783,0.7869634247206493,-0.4377644017910291,-0.660053264260658,-0.638016247505149,0.39656645881654934,-0.1619114649026116,0.0,0.0,0.0,1.0,0.6224690910269133,-0.5772737999817994,0.5284762913988674,-0.20322826550618647,-0.14845040400544166,0.5758995724292235,0.8039292008793175,-0.44698799705525355,-0.7684365349635242,-0.5788735978868017,0.2727831545437528,-0.11055267016596017,0.0,0.0,0.0,1.0,AP12,0768
E-V5b,10.000000000000563,60.22151338995753,0.4053163381879646,3.183909940108532,1,1,1,0,,,,,,0.006276369094848633,0.8990318775177002,0.0,0.0,0.9006819485458137,0.9797087980173482,45192,0.992539284299485,0.0009294105911229548,0.5584410283387344,2.081187208004587,0.003355965701253593,0.7426071044653022,-0.47445871949413,0.4726770693545948,-0.17274008457939943,-0.1134212358269281,0.6064851122784783,0.7869634247206493,-0.4377644017910291,-0.660053264260658,-0.638016247505149,0.39656645881654934,-0.1619114649026116,0.0,0.0,0.0,1.0,0.6243009805780448,-0.5720214832292577,0.532014752133874,-0.20597562471729094,-0.15438088126582478,0.5772622474141618,0.8018321708115489,-0.44650393020700285,-0.7657772593752987,-0.5827175275737259,0.27207620419110423,-0.10947272012087711,0.0,0.0,0.0,1.0,AP12,0768
E-V5d,10.000000000000563,60.22151338995753,0.33871082220999493,3.5624941985977894,1,1,1,0,,,,,,0.006276369094848633,0.8990318775177002,0.0,0.0,0.9006819485458137,0.9797087980173482,45192,0.992539284299485,0.0009294105911229548,0.5584410283387344,2.081187208004587,0.003355965701253593,0.7426071044653022,-0.47445871949413,0.4726770693545948,-0.17274008457939943,-0.1134212358269281,0.6064851122784783,0.7869634247206493,-0.4377644017910291,-0.660053264260658,-0.638016247505149,0.39656645881654934,-0.1619114649026116,0.0,0.0,0.0,1.0,0.6239694660705081,-0.5733059474122246,0.5310201353921778,-0.20592420504739875,-0.15378393287112094,0.5761581336645102,0.8027404910290838,-0.4465306309305011,-0.7661674681359422,-0.5825479312306285,0.2713398374620411,-0.10860545232118218,0.0,0.0,0.0,1.0,AP12,0768
E-V5x2,10.000000000000563,60.22151338995753,0.33661631431050304,3.3834606114038355,1,1,1,0,,,,,,0.012241125106811523,1.7937068939208984,0.0,0.0,0.9006819485458137,0.9797087980173482,45192,0.992539284299485,0.0009294105911229548,0.5584410283387344,2.081187208004587,0.003355965701253593,0.7426071044653022,-0.47445871949413,0.4726770693545948,-0.17274008457939943,-0.1134212358269281,0.6064851122784783,0.7869634247206493,-0.4377644017910291,-0.660053264260658,-0.638016247505149,0.39656645881654934,-0.1619114649026116,0.0,0.0,0.0,1.0,0.6216399220712181,-0.5749035154898031,0.5320241842284178,-0.20576388541717494,-0.15412980563927553,0.576151317139848,0.802679046627866,-0.44654808825719494,-0.7679894438982728,-0.5809781246650957,0.26954889893966594,-0.10868828606301607,0.0,0.0,0.0,1.0,AP12,0768
E-VI,10.000000000000563,60.22151338995753,0.024183832645053797,0.13709845054370018,1,1,1,0,,,,0.9992737356397728,0.0008438384645206874,0.0,0.0,0.0,0.0563511848449707,0.9006819485458137,0.9797087980173482,45192,0.992539284299485,0.0009294105911229548,0.5584410283387344,2.081187208004587,0.003355965701253593,0.7426071044653022,-0.47445871949413,0.4726770693545948,-0.17274008457939943,-0.1134212358269281,0.6064851122784783,0.7869634247206493,-0.4377644017910291,-0.660053264260658,-0.638016247505149,0.39656645881654934,-0.1619114649026116,0.0,0.0,0.0,1.0,0.6225726440618288,-0.5770731309912839,0.5285734402468582,-0.2031768117626501,-0.14852760406336812,0.5760279303841419,0.8038229676918668,-0.4469007348714551,-0.7683377052672529,-0.578945937553038,0.27290794839205496,-0.11061782524445266,0.0,0.0,0.0,1.0,AP12,0768
E-V2,10.00000000000049,80.98826081351267,0.606206165572292,3.626089751987364,1,1,1,0,,,,,,0.0011076927185058594,0.31130146980285645,0.0,0.0,0.9203415102432648,0.9823311124230413,47428,0.9838479501816295,0.0009751984781007696,0.5411055248526355,2.698057963764966,0.004154113358703798,0.7312108201314033,-0.288361982747155,0.6182055511145855,-0.2603031727578325,-0.34775971862690425,0.6220696545528945,0.7014930669543195,-0.4001247120857476,-0.5868508452948636,-0.7279263093133604,0.35458338030163494,-0.1291461731507981,0.0,0.0,0.0,1.0,0.6235755080065649,-0.3673818356522712,0.6900610015692099,-0.2986887360442567,-0.4194447371911594,0.5876602418958662,0.6918970690976948,-0.39754498643427455,-0.6597118190691685,-0.7208925097959075,0.21235415939374216,-0.061754379674695006,0.0,0.0,0.0,1.0,AP12,0789
E-L,10.00000000000049,80.98826081351267,0.22811217443475443,1.629938497508423,1,1,1,0,,1.0,881.0,,,0.0,0.0,0.21372771263122559,0.0,0.9203415102432648,0.9823311124230413,47428,0.9838479501816295,0.0009751984781007696,0.5411055248526355,2.698057963764966,0.004154113358703798,0.7312108201314033,-0.288361982747155,0.6182055511145855,-0.2603031727578325,-0.34775971862690425,0.6220696545528945,0.7014930669543195,-0.4001247120857476,-0.5868508452948636,-0.7279263093133604,0.35458338030163494,-0.1291461731507981,0.0,0.0,0.0,1.0,0.6226644797089772,-0.3681159659308133,0.6904922746385881,-0.298930993457833,-0.4250641153497913,0.5817556089533077,0.6934557731342814,-0.3990323202220156,-0.6569698954675528,-0.7252937660549611,0.20576566616217618,-0.05975520788149184,0.0,0.0,0.0,1.0,AP12,0789
E-I,10.00000000000049,80.98826081351267,0.014681534756853704,0.11604436673164242,1,1,1,0,,,,0.9838479501816295,0.0009751984781007696,0.0,0.0,0.0,0.07187962532043457,0.9203415102432648,0.9823311124230413,47428,0.9838479501816295,0.0009751984781007696,0.5411055248526355,2.698057963764966,0.004154113358703798,0.7312108201314033,-0.288361982747155,0.6182055511145855,-0.2603031727578325,-0.34775971862690425,0.6220696545528945,0.7014930669543195,-0.4001247120857476,-0.5868508452948636,-0.7279263093133604,0.35458338030163494,-0.1291461731507981,0.0,0.0,0.0,1.0,0.6195911405880902,-0.3700551891292598,0.6922181560052119,-0.2998304842304159,-0.42654092121525283,0.5815789213384476,0.6926967596168255,-0.39865363523691694,-0.6589155188896312,-0.7244481453170503,0.2024974659424019,-0.05842437512816467,0.0,0.0,0.0,1.0,AP12,0789
E-V5b,10.00000000000049,80.98826081351267,0.3221318648819927,1.46095772768482,1,1,1,0,,,,,,0.006240129470825195,0.8958284854888916,0.0,0.0,0.9203415102432648,0.9823311124230413,47428,0.9838479501816295,0.0009751984781007696,0.5411055248526355,2.698057963764966,0.004154113358703798,0.7312108201314033,-0.288361982747155,0.6182055511145855,-0.2603031727578325,-0.34775971862690425,0.6220696545528945,0.7014930669543195,-0.4001247120857476,-0.5868508452948636,-0.7279263093133604,0.35458338030163494,-0.1291461731507981,0.0,0.0,0.0,1.0,0.6223439790257764,-0.36673563247152224,0.6915149485636286,-0.29947901836525087,-0.42423623433833035,0.5844056561812495,0.6917323422376851,-0.39751207340683636,-0.6578081605606043,-0.7238611438029694,0.20811880530284754,-0.05942556331542112,0.0,0.0,0.0,1.0,AP12,0789
E-V5d,10.00000000000049,80.98826081351267,0.3173766037980724,2.3651821140818132,1,1,1,0,,,,,,0.006240129470825195,0.8958284854888916,0.0,0.0,0.9203415102432648,0.9823311124230413,47428,0.9838479501816295,0.0009751984781007696,0.5411055248526355,2.698057963764966,0.004154113358703798,0.7312108201314033,-0.288361982747155,0.6182055511145855,-0.2603031727578325,-0.34775971862690425,0.6220696545528945,0.7014930669543195,-0.4001247120857476,-0.5868508452948636,-0.7279263093133604,0.35458338030163494,-0.1291461731507981,0.0,0.0,0.0,1.0,0.6223627620987079,-0.3676591845680891,0.6910074476929109,-0.2993138260891357,-0.42344506506660196,0.5843304736897154,0.6922804064789135,-0.39625342279300624,-0.6582999742358623,-0.7234532273263751,0.20798206784142742,-0.05874307225684078,0.0,0.0,0.0,1.0,AP12,0789
E-V5x2,10.00000000000049,80.98826081351267,0.06486619599689111,3.2876703776901532,1,1,1,0,,,,,,0.01228022575378418,1.7877850532531738,0.0,0.0,0.9203415102432648,0.9823311124230413,47428,0.9838479501816295,0.0009751984781007696,0.5411055248526355,2.698057963764966,0.004154113358703798,0.7312108201314033,-0.288361982747155,0.6182055511145855,-0.2603031727578325,-0.34775971862690425,0.6220696545528945,0.7014930669543195,-0.4001247120857476,-0.5868508452948636,-0.7279263093133604,0.35458338030163494,-0.1291461731507981,0.0,0.0,0.0,1.0,0.6189202743891059,-0.3700921704220718,0.6927982938566912,-0.299116414730278,-0.4266043136794736,0.5822091896640895,0.6921280343254013,-0.3953329647382007,-0.6595047002028215,-0.7239228155565512,0.20245815546791662,-0.05844938758139807,0.0,0.0,0.0,1.0,AP12,0789
E-VI,10.00000000000049,80.98826081351267,0.012096273539313362,0.07875972817969154,1,1,1,0,,,,0.9998053969901401,0.0007974799040590771,0.0,0.0,0.0,0.06152653694152832,0.9203415102432648,0.9823311124230413,47428,0.9838479501816295,0.0009751984781007696,0.5411055248526355,2.698057963764966,0.004154113358703798,0.7312108201314033,-0.288361982747155,0.6182055511145855,-0.2603031727578325,-0.34775971862690425,0.6220696545528945,0.7014930669543195,-0.4001247120857476,-0.5868508452948636,-0.7279263093133604,0.35458338030163494,-0.1291461731507981,0.0,0.0,0.0,1.0,0.6195333252136476,-0.36990767574614364,0.6923487322162627,-0.2998254569783175,-0.4267027583615986,0.581612162595769,0.6925691627590089,-0.39853519479894123,-0.6588650932063089,-0.7244967921013309,0.2024874919079605,-0.05838803164822118,0.0,0.0,0.0,1.0,AP12,0789
E-V2,9.999999999999975,83.54973381182755,0.7200302760497245,4.73574833511206,1,1,1,0,,,,,,0.001294851303100586,0.31118202209472656,0.0,0.0,0.961657306100239,0.9987129477456784,50503,0.9675819702464659,0.0010894914939422184,0.7192682510254719,3.8797485349613785,0.006831804786631816,0.26158515584812414,0.11310612564293819,0.9585302345685065,-0.471306033076253,-0.8176280928922681,0.553700882173214,0.15779618117672403,-0.15411093902730572,-0.5128913217761291,-0.8249983863151787,0.2373186773603932,-0.06132460206956591,0.0,0.0,0.0,1.0,0.4096005981116539,0.11460628529269459,0.9050374353254602,-0.4330051810666935,-0.7975322171382143,0.52664571849962,0.29425607384807106,-0.21914443079367946,-0.4429104977196694,-0.8423239632850144,0.30711660322016493,-0.08987501877181125,0.0,0.0,0.0,1.0,AP12,0815
E-L,9.999999999999975,83.54973381182755,0.12318506406263048,1.0854242153774696,1,1,1,0,,1.0,846.0,,,0.0,0.0,0.2073521614074707,0.0,0.961657306100239,0.9987129477456784,50503,0.9675819702464659,0.0010894914939422184,0.7192682510254719,3.8797485349613785,0.006831804786631816,0.26158515584812414,0.11310612564293819,0.9585302345685065,-0.471306033076253,-0.8176280928922681,0.553700882173214,0.15779618117672403,-0.15411093902730572,-0.5128913217761291,-0.8249983863151787,0.2373186773603932,-0.06132460206956591,0.0,0.0,0.0,1.0,0.4162280124201072,0.10570414089081616,0.9030951645731147,-0.43428089848599527,-0.7946732012447407,0.5249607864839346,0.30481252578856566,-0.2230822508577221,-0.44186960169290035,-0.8445370372296903,0.3025036327832348,-0.08776065708851515,0.0,0.0,0.0,1.0,AP12,0815
E-I,9.999999999999975,83.54973381182755,0.023517207726805964,0.14266136568871127,1,1,1,0,,,,0.9675819702464659,0.0010894914939422184,0.0,0.0,0.0,0.06866312026977539,0.961657306100239,0.9987129477456784,50503,0.9675819702464659,0.0010894914939422184,0.7192682510254719,3.8797485349613785,0.006831804786631816,0.26158515584812414,0.11310612564293819,0.9585302345685065,-0.471306033076253,-0.8176280928922681,0.553700882173214,0.15779618117672403,-0.15411093902730572,-0.5128913217761291,-0.8249983863151787,0.2373186773603932,-0.06132460206956591,0.0,0.0,0.0,1.0,0.4179623844452511,0.10640952224105578,0.9022108726707243,-0.43380407035119717,-0.7937939684665848,0.5257585804521773,0.30572708533426135,-0.2237565509745711,-0.4418128345973103,-0.8439519705868,0.30421454687070365,-0.08863318264703914,0.0,0.0,0.0,1.0,AP12,0815
E-V5b,9.999999999999975,83.54973381182755,0.6625568562631778,3.8829838309879796,1,1,1,0,,,,,,0.006105661392211914,0.8965797424316406,0.0,0.0,0.961657306100239,0.9987129477456784,50503,0.9675819702464659,0.0010894914939422184,0.7192682510254719,3.8797485349613785,0.006831804786631816,0.26158515584812414,0.11310612564293819,0.9585302345685065,-0.471306033076253,-0.8176280928922681,0.553700882173214,0.15779618117672403,-0.15411093902730572,-0.5128913217761291,-0.8249983863151787,0.2373186773603932,-0.06132460206956591,0.0,0.0,0.0,1.0,0.40761926036119756,0.10510553132532069,0.9070828637039181,-0.43520991478168825,-0.7967819022743917,0.526194928751082,0.29708161004284667,-0.22066291030033003,-0.4460774749874615,-0.8438434461797457,0.29823336969455283,-0.08649024936486335,0.0,0.0,0.0,1.0,AP12,0815
E-V5d,9.999999999999975,83.54973381182755,0.7484754545400044,3.5965106945031637,1,1,1,0,,,,,,0.006105661392211914,0.8965797424316406,0.0,0.0,0.961657306100239,0.9987129477456784,50503,0.9675819702464659,0.0010894914939422184,0.7192682510254719,3.8797485349613785,0.006831804786631816,0.26158515584812414,0.11310612564293819,0.9585302345685065,-0.471306033076253,-0.8176280928922681,0.553700882173214,0.15779618117672403,-0.15411093902730572,-0.5128913217761291,-0.8249983863151787,0.2373186773603932,-0.06132460206956591,0.0,0.0,0.0,1.0,0.4062165523747996,0.10536135040667902,0.9076822429284056,-0.4333696584113133,-0.7973407269056462,0.526088277755905,0.2957682794543025,-0.22071315154508506,-0.4463584352231992,-0.843878040517319,0.29771465901332295,-0.08651492533685182,0.0,0.0,0.0,1.0,AP12,0815
E-V5x2,9.999999999999975,83.54973381182755,0.36043475487834054,3.4570316591202768,1,1,1,0,,,,,,0.011981725692749023,1.7934186458587646,0.0,0.0,0.961657306100239,0.9987129477456784,50503,0.9675819702464659,0.0010894914939422184,0.7192682510254719,3.8797485349613785,0.006831804786631816,0.26158515584812414,0.11310612564293819,0.9585302345685065,-0.471306033076253,-0.8176280928922681,0.553700882173214,0.15779618117672403,-0.15411093902730572,-0.5128913217761291,-0.8249983863151787,0.2373186773603932,-0.06132460206956591,0.0,0.0,0.0,1.0,0.4124375530666514,0.10523615290868368,0.9048870587793536,-0.43329532278183763,-0.7951334722898463,0.5263470427260457,0.3012001713737293,-0.22078329799495003,-0.44458750380318973,-0.843732241364757,0.30076206636658276,-0.08667959453845911,0.0,0.0,0.0,1.0,AP12,0815
E-VI,9.999999999999975,83.54973381182755,0.013055604240403144,0.054457039083538154,1,1,1,0,,,,0.9999259862334394,0.0008442071098070257,0.0,0.0,0.0,0.05127143859863281,0.961657306100239,0.9987129477456784,50503,0.9675819702464659,0.0010894914939422184,0.7192682510254719,3.8797485349613785,0.006831804786631816,0.26158515584812414,0.11310612564293819,0.9585302345685065,-0.471306033076253,-0.8176280928922681,0.553700882173214,0.15779618117672403,-0.15411093902730572,-0.5128913217761291,-0.8249983863151787,0.2373186773603932,-0.06132460206956591,0.0,0.0,0.0,1.0,0.4178788369964934,0.10594557621252297,0.9023041533029411,-0.4338417792477117,-0.7936833827444716,0.5258665982407961,0.3058283831913722,-0.22362840367331632,-0.442090474924553,-0.843943012364887,0.3038357581224165,-0.08852900811581646,0.0,0.0,0.0,1.0,AP12,0815
E-V2,10.00000000000005,54.508095803044036,1.0055490338935928,3.5863593132024794,1,1,1,0,,,,,,0.0011167526245117188,0.3121366500854492,0.0,0.0,0.8558697208303507,0.9654316308158818,52765,0.974389006012337,0.0009274183565108582,0.47036146943955326,4.193297752686445,0.0072698317300683565,0.26489495421416503,0.2842259422603931,0.9214370716321689,-0.46052011685256933,-0.8974792476110071,0.4221365871017658,0.1277955474093431,-0.13784831018089466,-0.3526494907687458,-0.860823045449101,0.3669087367238339,-0.11036892567433829,0.0,0.0,0.0,1.0,0.3611116481685671,0.18268947920865825,0.9144522818146672,-0.44538849261202557,-0.8279472280149005,0.5140138218699684,0.2242615272631447,-0.18550181182778683,-0.4290708814551651,-0.8381016269525808,0.33687362600048876,-0.10014251264751331,0.0,0.0,0.0,1.0,AP12,0819
E-L,10.00000000000005,54.508095803044036,0.07745393189583548,0.6101754124820422,1,1,1,0,,1.0,754.0,,,0.0,0.0,0.19278573989868164,0.0,0.8558697208303507,0.9654316308158818,52765,0.974389006012337,0.0009274183565108582,0.47036146943955326,4.193297752686445,0.0072698317300683565,0.26489495421416503,0.2842259422603931,0.9214370716321689,-0.46052011685256933,-0.8974792476110071,0.4221365871017658,0.1277955474093431,-0.13784831018089466,-0.3526494907687458,-0.860823045449101,0.3669087367238339,-0.11036892567433829,0.0,0.0,0.0,1.0,0.3669103706431885,0.17013310972462126,0.9145662933270108,-0.44520189803864874,-0.8199326898945435,0.5235395704590727,0.23155280651684657,-0.1885515782455892,-0.4394168453265948,-0.834841927037065,0.3315897961401467,-0.09983476240974314,0.0,0.0,0.0,1.0,AP12,0819
E-I,10.00000000000005,54.508095803044036,0.028042691327664085,0.1489892764479138,1,1,1,0,,,,0.974389006012337,0.0009274183565108582,0.0,0.0,0.0,0.0673975944519043,0.8558697208303507,0.9654316308158818,52765,0.974389006012337,0.0009274183565108582,0.47036146943955326,4.193297752686445,0.0072698317300683565,0.26489495421416503,0.2842259422603931,0.9214370716321689,-0.46052011685256933,-0.8974792476110071,0.4221365871017658,0.1277955474093431,-0.13784831018089466,-0.3526494907687458,-0.860823045449101,0.3669087367238339,-0.11036892567433829,0.0,0.0,0.0,1.0,0.36772875938419053,0.17033582771178174,0.9141997950773706,-0.4450267864108073,-0.8192580105810181,0.5244778693558168,0.2318173346728296,-0.18905658915663937,-0.439990763108268,-0.8342114062716508,0.33241458756450404,-0.10019693969260858,0.0,0.0,0.0,1.0,AP12,0819
E-V5b,10.00000000000005,54.508095803044036,2.6879741100523757,10.1867263181739,1,0,1,0,,,,,,0.006784677505493164,0.8958480358123779,0.0,0.0,0.8558697208303507,0.9654316308158818,52765,0.974389006012337,0.0009274183565108582,0.47036146943955326,4.193297752686445,0.0072698317300683565,0.26489495421416503,0.2842259422603931,0.9214370716321689,-0.46052011685256933,-0.8974792476110071,0.4221365871017658,0.1277955474093431,-0.13784831018089466,-0.3526494907687458,-0.860823045449101,0.3669087367238339,-0.11036892567433829,0.0,0.0,0.0,1.0,0.3830768159980815,0.1982462500587211,0.9021921031307961,-0.45038697218649765,-0.8322192768804537,0.49788997707183735,0.24396035407692096,-0.1913088314337326,-0.4008281795809695,-0.8442772167000188,0.35571446293694897,-0.10838621433457167,0.0,0.0,0.0,1.0,AP12,0819
E-V5d,10.00000000000005,54.508095803044036,2.6725316964233974,10.306200613430537,1,0,1,0,,,,,,0.006784677505493164,0.8958480358123779,0.0,0.0,0.8558697208303507,0.9654316308158818,52765,0.974389006012337,0.0009274183565108582,0.47036146943955326,4.193297752686445,0.0072698317300683565,0.26489495421416503,0.2842259422603931,0.9214370716321689,-0.46052011685256933,-0.8974792476110071,0.4221365871017658,0.1277955474093431,-0.13784831018089466,-0.3526494907687458,-0.860823045449101,0.3669087367238339,-0.11036892567433829,0.0,0.0,0.0,1.0,0.3818096094044403,0.2000436773364334,0.9023325124057138,-0.4504949528264438,-0.8323844892341614,0.49874335444733964,0.24164258080627954,-0.19133171572272542,-0.40169327298532176,-0.843349048213135,0.3569382644832305,-0.1084556782771472,0.0,0.0,0.0,1.0,AP12,0819
E-V5x2,10.00000000000005,54.508095803044036,0.19338553012877496,8.417646720363052,1,1,1,0,,,,,,0.012900590896606445,1.7895283699035645,0.0,0.0,0.8558697208303507,0.9654316308158818,52765,0.974389006012337,0.0009274183565108582,0.47036146943955326,4.193297752686445,0.0072698317300683565,0.26489495421416503,0.2842259422603931,0.9214370716321689,-0.46052011685256933,-0.8974792476110071,0.4221365871017658,0.1277955474093431,-0.13784831018089466,-0.3526494907687458,-0.860823045449101,0.3669087367238339,-0.11036892567433829,0.0,0.0,0.0,1.0,0.3691608538741028,0.1726760104826689,0.9131830575311173,-0.4512218560898104,-0.8195392065070283,0.5238471501507318,0.23224914216559425,-0.1935470423438041,-0.43826446688981113,-0.8341266132847769,0.33489862838323314,-0.10345608450566748,0.0,0.0,0.0,1.0,AP12,0819
E-VI,10.00000000000005,54.508095803044036,0.0,0.07835576048942428,1,1,1,0,,,,0.9997657531037714,0.0008412308791304293,0.0,0.0,0.0,0.055956363677978516,0.8558697208303507,0.9654316308158818,52765,0.974389006012337,0.0009274183565108582,0.47036146943955326,4.193297752686445,0.0072698317300683565,0.26489495421416503,0.2842259422603931,0.9214370716321689,-0.46052011685256933,-0.8974792476110071,0.4221365871017658,0.1277955474093431,-0.13784831018089466,-0.3526494907687458,-0.860823045449101,0.3669087367238339,-0.11036892567433829,0.0,0.0,0.0,1.0,0.36769578709147127,0.16977202413920917,0.9143179453840903,-0.44499526467830486,-0.8191870215971219,0.5244852774009275,0.23205135040411082,-0.18905286981577518,-0.44015045356725085,-0.8343217016933776,0.3319260722145061,-0.09999641460714852,0.0,0.0,0.0,1.0,AP12,0819
E-V2,10.00000000000027,20.449117529030676,1.5866144143576828,8.277628067943533,1,1,1,0,,,,,,0.0011572837829589844,0.31232237815856934,0.0,0.0,0.8544602381867077,0.9775013928489497,61026,0.9998304797423292,0.0008247615743162319,0.24217720485571323,3.085469641465496,0.006538589447159439,0.3971837643378757,0.24327761037752085,0.8849073746078724,-0.42812911301734435,-0.16008629213745995,0.9678082759254828,-0.19421513875036692,0.05268360037489297,-0.9036688754273181,-0.06452244058579484,0.4233431447948319,-0.1293796752730969,0.0,0.0,0.0,1.0,0.35957593467566507,0.27826568033624355,0.890658962799665,-0.43440518796293326,-0.30508874649543216,0.9370992944701657,-0.16960475883720572,0.044288527225020455,-0.8818310285091908,-0.21074423869749673,0.42185409285545755,-0.12212660739813613,0.0,0.0,0.0,1.0,AP12,0958
E-L,10.00000000000027,20.449117529030676,0.095096912591243,0.6564523497629966,1,1,1,0,,1.0,901.0,,,0.0,0.0,0.21045947074890137,0.0,0.8544602381867077,0.9775013928489497,61026,0.9998304797423292,0.0008247615743162319,0.24217720485571323,3.085469641465496,0.006538589447159439,0.3971837643378757,0.24327761037752085,0.8849073746078724,-0.42812911301734435,-0.16008629213745995,0.9678082759254828,-0.19421513875036692,0.05268360037489297,-0.9036688754273181,-0.06452244058579484,0.4233431447948319,-0.1293796752730969,0.0,0.0,0.0,1.0,0.34610858471492445,0.2659467424796682,0.8997117192473841,-0.43491402779746297,-0.31909520325048585,0.9351797401388646,-0.15367857656920186,0.03805610302550361,-0.8822624886331517,-0.2339042192827171,0.4085360661588879,-0.11653436944277784,0.0,0.0,0.0,1.0,AP12,0958
E-I,10.00000000000027,20.449117529030676,0.015092438293955044,0.1894094995164329,1,1,1,0,,,,0.9998304797423292,0.0008247615743162319,0.0,0.0,0.0,0.053429603576660156,0.8544602381867077,0.9775013928489497,61026,0.9998304797423292,0.0008247615743162319,0.24217720485571323,3.085469641465496,0.006538589447159439,0.3971837643378757,0.24327761037752085,0.8849073746078724,-0.42812911301734435,-0.16008629213745995,0.9678082759254828,-0.19421513875036692,0.05268360037489297,-0.9036688754273181,-0.06452244058579484,0.4233431447948319,-0.1293796752730969,0.0,0.0,0.0,1.0,0.3477296077668083,0.2660171620949863,0.8990656201597692,-0.4346893969361635,-0.31935157488776006,0.9351730754876948,-0.15318580384485123,0.03769423416895289,-0.8815320138821098,-0.2338507822390497,0.4101403663956228,-0.11725633505457261,0.0,0.0,0.0,1.0,AP12,0958
E-V5b,10.00000000000027,20.449117529030676,2.2406366271871705,6.759549281429743,1,0,1,0,,,,,,0.005824565887451172,0.8982141017913818,0.0,0.0,0.8544602381867077,0.9775013928489497,61026,0.9998304797423292,0.0008247615743162319,0.24217720485571323,3.085469641465496,0.006538589447159439,0.3971837643378757,0.24327761037752085,0.8849073746078724,-0.42812911301734435,-0.16008629213745995,0.9678082759254828,-0.19421513875036692,0.05268360037489297,-0.9036688754273181,-0.06452244058579484,0.4233431447948319,-0.1293796752730969,0.0,0.0,0.0,1.0,0.36673435838438107,0.2620476167819019,0.8926572326837284,-0.4315171427224965,-0.2871295033219203,0.9445497766774351,-0.1593184498812153,0.03947240390766349,-0.8849082463032456,-0.19788067554245434,0.42164044731381034,-0.12277051536251474,0.0,0.0,0.0,1.0,AP12,0958
E-V5d,10.00000000000027,20.449117529030676,2.1898081164660286,5.671072957738166,1,0,1,0,,,,,,0.005824565887451172,0.8982141017913818,0.0,0.0,0.8544602381867077,0.9775013928489497,61026,0.9998304797423292,0.0008247615743162319,0.24217720485571323,3.085469641465496,0.006538589447159439,0.3971837643378757,0.24327761037752085,0.8849073746078724,-0.42812911301734435,-0.16008629213745995,0.9678082759254828,-0.19421513875036692,0.05268360037489297,-0.9036688754273181,-0.06452244058579484,0.4233431447948319,-0.1293796752730969,0.0,0.0,0.0,1.0,0.3652678130241959,0.26147733129832534,0.8934254350825278,-0.4315025036592298,-0.2871830047180398,0.9445809240488168,-0.15903710415946481,0.0390680734693388,-0.8854972570497449,-0.1984854628827888,0.4201168430261797,-0.1215532015340487,0.0,0.0,0.0,1.0,AP12,0958
E-V5x2,10.00000000000027,20.449117529030676,0.3435410168585164,2.876148124160076,1,1,1,0,,,,,,0.011915206909179688,1.7986173629760742,0.0,0.0,0.8544602381867077,0.9775013928489497,61026,0.9998304797423292,0.0008247615743162319,0.24217720485571323,3.085469641465496,0.006538589447159439,0.3971837643378757,0.24327761037752085,0.8849073746078724,-0.42812911301734435,-0.16008629213745995,0.9678082759254828,-0.19421513875036692,0.05268360037489297,-0.9036688754273181,-0.06452244058579484,0.4233431447948319,-0.1293796752730969,0.0,0.0,0.0,1.0,0.35238107741419616,0.26523847048829186,0.8974832013675764,-0.4318902163327269,-0.31614359788933,0.9363582374910907,-0.1525991780008696,0.037210006336906,-0.8808409618163467,-0.22996051476789256,0.4138083580965067,-0.11708285884498888,0.0,0.0,0.0,1.0,AP12,0958
E-VI,10.00000000000027,20.449117529030676,0.010080590310663998,0.08108676502733198,1,1,1,0,,,,0.9994066790981523,0.0008622332199155933,0.0,0.0,0.0,0.05168509483337402,0.8544602381867077,0.9775013928489497,61026,0.9998304797423292,0.0008247615743162319,0.24217720485571323,3.085469641465496,0.006538589447159439,0.3971837643378757,0.24327761037752085,0.8849073746078724,-0.42812911301734435,-0.16008629213745995,0.9678082759254828,-0.19421513875036692,0.05268360037489297,-0.9036688754273181,-0.06452244058579484,0.4233431447948319,-0.1293796752730969,0.0,0.0,0.0,1.0,0.3477003860448597,0.2659990881168278,0.8990822505532546,-0.4346990278554098,-0.3195030780508915,0.9351346439899926,-0.15310458252429746,0.03771967015299809,-0.8814886402443359,-0.23402503333496188,0.41013419345894186,-0.11715101977283479,0.0,0.0,0.0,1.0,AP12,0958
E-V2,10.00000000000027,81.54387574630952,2.1931415770085825,18.103890007070962,1,0,1,0,,,,,,0.0011301040649414062,0.3090078830718994,0.0,0.0,0.8567740182089958,1.051138353765324,39970,0.9908834586466165,0.000993850154797546,0.4292532677928701,4.590382962902297,0.004276256713052192,-0.5348152311509904,-0.2885073406303514,0.7941890095760038,-0.4069763778385221,-0.28651596561909526,0.9461389370616244,0.15076376627444774,-0.07927678071960761,-0.7949095986175222,-0.14691707245347888,-0.5886714736144678,0.34538173876133044,0.0,0.0,0.0,1.0,-0.4798594278732009,-0.1765681159060061,0.8593943265455324,-0.4462400891851983,-0.22801934886181258,0.9709778530440556,0.07217465573627689,-0.040615642125407664,-0.8471965861453664,-0.16132485319148854,-0.5061938379460347,0.30647577175800444,0.0,0.0,0.0,1.0,AP12,1173
E-L,10.00000000000027,81.54387574630952,0.10225025602454946,0.8323549185314468,1,1,1,0,,1.0,766.0,,,0.0,0.0,0.19471430778503418,0.0,0.8567740182089958,1.051138353765324,39970,0.9908834586466165,0.000993850154797546,0.4292532677928701,4.590382962902297,0.004276256713052192,-0.5348152311509904,-0.2885073406303514,0.7941890095760038,-0.4069763778385221,-0.28651596561909526,0.9461389370616244,0.15076376627444774,-0.07927678071960761,-0.7949095986175222,-0.14691707245347888,-0.5886714736144678,0.34538173876133044,0.0,0.0,0.0,1.0,-0.45345340884322277,-0.1611962776460456,0.8765818650197589,-0.44932757245926735,-0.21327087610631207,0.974561324691347,0.06888946088257952,-0.03862491760763525,-0.8653875082373831,-0.15571122146109115,-0.47629662616670687,0.2893552450013612,0.0,0.0,0.0,1.0,AP12,1173
E-I,10.00000000000027,81.54387574630952,0.025215870025872746,0.296104793019272,1,1,1,0,,,,0.9908834586466165,0.000993850154797546,0.0,0.0,0.0,0.05089569091796875,0.8567740182089958,1.051138353765324,39970,0.9908834586466165,0.000993850154797546,0.4292532677928701,4.590382962902297,0.004276256713052192,-0.5348152311509904,-0.2885073406303514,0.7941890095760038,-0.4069763778385221,-0.28651596561909526,0.9461389370616244,0.15076376627444774,-0.07927678071960761,-0.7949095986175222,-0.14691707245347888,-0.5886714736144678,0.34538173876133044,0.0,0.0,0.0,1.0,-0.45221142755934657,-0.161438120589285,0.8771787491756378,-0.44954807313128325,-0.21368903978762924,0.9744493465004724,0.06917705818725223,-0.03889554837349648,-0.8659340731599486,-0.15616082839624212,-0.47515468703909525,0.2889304214386714,0.0,0.0,0.0,1.0,AP12,1173
E-V5b,10.00000000000027,81.54387574630952,2.709344212201149,23.852615847713157,0,0,1,0,,,,,,0.00772404670715332,0.8907580375671387,0.0,0.0,0.8567740182089958,1.051138353765324,39970,0.9908834586466165,0.000993850154797546,0.4292532677928701,4.590382962902297,0.004276256713052192,-0.5348152311509904,-0.2885073406303514,0.7941890095760038,-0.4069763778385221,-0.28651596561909526,0.9461389370616244,0.15076376627444774,-0.07927678071960761,-0.7949095986175222,-0.14691707245347888,-0.5886714736144678,0.34538173876133044,0.0,0.0,0.0,1.0,-0.4878063525546176,-0.17087648870118688,0.856064381865446,-0.44616350768318186,-0.23192485863571674,0.9707801536994264,0.06161812686545502,-0.03359024860195674,-0.8415793762922457,-0.16848490018781992,-0.5131832338726533,0.3117201441503252,0.0,0.0,0.0,1.0,AP12,1173
E-V5d,10.00000000000027,81.54387574630952,2.5385958157526085,23.745585208432626,0,0,1,0,,,,,,0.00772404670715332,0.8907580375671387,0.0,0.0,0.8567740182089958,1.051138353765324,39970,0.9908834586466165,0.000993850154797546,0.4292532677928701,4.590382962902297,0.004276256713052192,-0.5348152311509904,-0.2885073406303514,0.7941890095760038,-0.4069763778385221,-0.28651596561909526,0.9461389370616244,0.15076376627444774,-0.07927678071960761,-0.7949095986175222,-0.14691707245347888,-0.5886714736144678,0.34538173876133044,0.0,0.0,0.0,1.0,-0.484161058342734,-0.17326132389473492,0.857652972483913,-0.4459323833899374,-0.23315748686919996,0.9703043994679508,0.06439719806177083,-0.033700051885039654,-0.8433419710577454,-0.16878959924773512,-0.5101807823275689,0.31159750832051764,0.0,0.0,0.0,1.0,AP12,1173
E-V5x2,10.00000000000027,81.54387574630952,0.5315356444643283,8.795617480353474,1,1,1,0,,,,,,0.01366114616394043,1.7785356044769287,0.0,0.0,0.8567740182089958,1.051138353765324,39970,0.9908834586466165,0.000993850154797546,0.4292532677928701,4.590382962902297,0.004276256713052192,-0.5348152311509904,-0.2885073406303514,0.7941890095760038,-0.4069763778385221,-0.28651596561909526,0.9461389370616244,0.15076376627444774,-0.07927678071960761,-0.7949095986175222,-0.14691707245347888,-0.5886714736144678,0.34538173876133044,0.0,0.0,0.0,1.0,-0.45597515781355535,-0.1604736208459609,0.8754055222448435,-0.4535625736689098,-0.21969546129416911,0.973465913167187,0.06401594452729775,-0.03795641825697225,-0.8624502902968227,-0.16313294876720086,-0.4791315922698601,0.2966252164475821,0.0,0.0,0.0,1.0,AP12,1173
E-VI,10.00000000000027,81.54387574630952,0.015747013077563023,0.10502428871271292,1,1,1,0,,,,0.9984962406015038,0.0008699517934298513,0.0,0.0,0.0,0.046575307846069336,0.8567740182089958,1.051138353765324,39970,0.9908834586466165,0.000993850154797546,0.4292532677928701,4.590382962902297,0.004276256713052192,-0.5348152311509904,-0.2885073406303514,0.7941890095760038,-0.4069763778385221,-0.28651596561909526,0.9461389370616244,0.15076376627444774,-0.07927678071960761,-0.7949095986175222,-0.14691707245347888,-0.5886714736144678,0.34538173876133044,0.0,0.0,0.0,1.0,-0.4520230895612761,-0.1615191021776276,0.8772608859939056,-0.4496998152457885,-0.21363478258690546,0.9744500655954372,0.06933448222872153,-0.03903428253243722,-0.8660457549471346,-0.15607266048895688,-0.47498002033854336,0.288873465474388,0.0,0.0,0.0,1.0,AP12,1173
E-V2,9.999999999999975,87.60062552946226,0.7324963772839489,2.7132551065421584,1,1,1,0,,,,,,0.0011169910430908203,0.30902695655822754,0.0,0.0,0.8829576995670034,0.9289158818980028,43962,0.9853801169590644,0.0009552182827877376,0.8966147386600245,6.92195913968493,0.004702256777247579,-0.33066368995370743,-0.20651505255071934,0.9208762442457574,-0.47574395542701436,-0.1739713697410437,0.9723804154935008,0.15559656190003485,-0.08282442023596823,-0.9275750571552814,-0.10875596827144621,-0.3574586027901927,0.23033961349131593,0.0,0.0,0.0,1.0,-0.47786456398714144,-0.212301092619413,0.8523929379656062,-0.4389506158816814,-0.20513103715836442,0.9704968394955282,0.12671700030475375,-0.0690773960266231,-0.8541468120388962,-0.11429868196404083,-0.5073155729757849,0.30622804476548393,0.0,0.0,0.0,1.0,AP12,1178
E-L,9.999999999999975,87.60062552946226,0.1637260429073662,1.1392527124919662,1,1,1,0,,1.0,795.0,,,0.0,0.0,0.20254993438720703,0.0,0.8829576995670034,0.9289158818980028,43962,0.9853801169590644,0.0009552182827877376,0.8966147386600245,6.92195913968493,0.004702256777247579,-0.33066368995370743,-0.20651505255071934,0.9208762442457574,-0.47574395542701436,-0.1739713697410437,0.9723804154935008,0.15559656190003485,-0.08282442023596823,-0.9275750571552814,-0.10875596827144621,-0.3574586027901927,0.23033961349131593,0.0,0.0,0.0,1.0,-0.47860635629685366,-0.22333679350309107,0.8491505357591237,-0.438947125010423,-0.21647350834772347,0.9672700620459681,0.13239277643896163,-0.07093534813139078,-0.850926069582944,-0.12045457125965073,-0.5112880991835979,0.3078218243327582,0.0,0.0,0.0,1.0,AP12,1178
E-I,9.999999999999975,87.60062552946226,0.0271647488583942,0.27354201020461155,1,1,1,0,,,,0.9853801169590644,0.0009552182827877376,0.0,0.0,0.0,0.05382823944091797,0.8829576995670034,0.9289158818980028,43962,0.9853801169590644,0.0009552182827877376,0.8966147386600245,6.92195913968493,0.004702256777247579,-0.33066368995370743,-0.20651505255071934,0.9208762442457574,-0.47574395542701436,-0.1739713697410437,0.9723804154935008,0.15559656190003485,-0.08282442023596823,-0.9275750571552814,-0.10875596827144621,-0.3574586027901927,0.23033961349131593,0.0,0.0,0.0,1.0,-0.4804498841047236,-0.2219902432478386,0.848462280108269,-0.4386542237677079,-0.21542365811227396,0.9676678014853349,0.13119326771623738,-0.07043967993692338,-0.8501532546484101,-0.11974705788161794,-0.5127378333411848,0.30849056389633167,0.0,0.0,0.0,1.0,AP12,1178
E-V5b,9.999999999999975,87.60062552946226,1.657332945145425,11.818215500258583,1,0,1,0,,,,,,0.007256984710693359,0.8911786079406738,0.0,0.0,0.8829576995670034,0.9289158818980028,43962,0.9853801169590644,0.0009552182827877376,0.8966147386600245,6.92195913968493,0.004702256777247579,-0.33066368995370743,-0.20651505255071934,0.9208762442457574,-0.47574395542701436,-0.1739713697410437,0.9723804154935008,0.15559656190003485,-0.08282442023596823,-0.9275750571552814,-0.10875596827144621,-0.3574586027901927,0.23033961349131593,0.0,0.0,0.0,1.0,-0.4600745397457584,-0.2176476035410342,0.8607908696033543,-0.4449036535115991,-0.20163495399356623,0.9697708538194911,0.137433126161783,-0.07428137999572207,-0.8646818614298177,-0.11033604882384535,-0.4900522363588977,0.29954519149969216,0.0,0.0,0.0,1.0,AP12,1178
E-V5d,9.999999999999975,87.60062552946226,1.6932255041824278,11.51015843231289,1,0,1,0,,,,,,0.007256984710693359,0.8911786079406738,0.0,0.0,0.8829576995670034,0.9289158818980028,43962,0.9853801169590644,0.0009552182827877376,0.8966147386600245,6.92195913968493,0.004702256777247579,-0.33066368995370743,-0.20651505255071934,0.9208762442457574,-0.47574395542701436,-0.1739713697410437,0.9723804154935008,0.15559656190003485,-0.08282442023596823,-0.9275750571552814,-0.10875596827144621,-0.3574586027901927,0.23033961349131593,0.0,0.0,0.0,1.0,-0.4598782757952214,-0.21480151366646624,0.8616102737040481,-0.4425379943313701,-0.2010317060762844,0.9702936900536954,0.1345973105742889,-0.07304353528902571,-0.8649266922020988,-0.11131260792728687,-0.4893988965590945,0.2982119757012531,0.0,0.0,0.0,1.0,AP12,1178
E-V5x2,9.999999999999975,87.60062552946226,1.2359921336442428,10.58140845567199,1,0,1,0,,,,,,0.013236522674560547,1.782132863998413,0.0,0.0,0.8829576995670034,0.9289158818980028,43962,0.9853801169590644,0.0009552182827877376,0.8966147386600245,6.92195913968493,0.004702256777247579,-0.33066368995370743,-0.20651505255071934,0.9208762442457574,-0.47574395542701436,-0.1739713697410437,0.9723804154935008,0.15559656190003485,-0.08282442023596823,-0.9275750571552814,-0.10875596827144621,-0.3574586027901927,0.23033961349131593,0.0,0.0,0.0,1.0,-0.4653619114102471,-0.21922022520087905,0.8575434333020637,-0.4401201905407715,-0.20522431374667588,0.9691654935316666,0.13638620441384375,-0.0729581674523383,-0.8610001250079024,-0.11251982151085502,-0.49600203817226013,0.29851954665855074,0.0,0.0,0.0,1.0,AP12,1178
E-VI,9.999999999999975,87.60062552946226,0.014900757518415495,0.047036194881663614,1,1,1,0,,,,0.9998227892964735,0.0008630272999134492,0.0,0.0,0.0,0.04592633247375488,0.8829576995670034,0.9289158818980028,43962,0.9853801169590644,0.0009552182827877376,0.8966147386600245,6.92195913968493,0.004702256777247579,-0.33066368995370743,-0.20651505255071934,0.9208762442457574,-0.47574395542701436,-0.1739713697410437,0.9723804154935008,0.15559656190003485,-0.08282442023596823,-0.9275750571552814,-0.10875596827144621,-0.3574586027901927,0.23033961349131593,0.0,0.0,0.0,1.0,-0.4808236240390473,-0.22187696760884282,0.8482801478967026,-0.43850792182157117,-0.21527924352581293,0.9677137593160777,0.13109117742911872,-0.07030471652479467,-0.849978489540016,-0.11958537744008006,-0.5130651542538607,0.30860216605317325,0.0,0.0,0.0,1.0,AP12,1178
E-V2,10.000000000000197,77.26694676051783,0.5003142985009196,1.9134815032599024,1,1,1,0,,,,,,0.0011806488037109375,0.3126106262207031,0.0,0.0,0.8748195737695639,1.0396268243118418,64956,0.9696171764229289,0.0010122866526202055,0.6982884194276514,5.251393380428771,0.011150686758924468,-0.5567403618632734,-0.1338411187120683,0.8198333516113216,-0.35946536870584,-0.7895313404230582,-0.22153808992318924,-0.5723295704425494,0.27711064939452607,0.2582255447513266,-0.9659230971744527,0.01766743848987415,0.07186271460651818,0.0,0.0,0.0,1.0,-0.5251996609841255,0.006825828685282254,0.8509516594952542,-0.3806570912928721,-0.8080073080639113,-0.3177471876476623,-0.49614604385412797,0.2481731933410159,0.26700087804560396,-0.9481509154752317,0.17239603855208036,0.0018101018066229296,0.0,0.0,0.0,1.0,AP12,1277
E-L,10.000000000000197,77.26694676051783,0.3689372900881205,2.352465526695782,1,1,1,0,,1.0,762.0,,,0.0,0.0,0.19430875778198242,0.0,0.8748195737695639,1.0396268243118418,64956,0.9696171764229289,0.0010122866526202055,0.6982884194276514,5.251393380428771,0.011150686758924468,-0.5567403618632734,-0.1338411187120683,0.8198333516113216,-0.35946536870584,-0.7895313404230582,-0.22153808992318924,-0.5723295704425494,0.27711064939452607,0.2582255447513266,-0.9659230971744527,0.01766743848987415,0.07186271460651818,0.0,0.0,0.0,1.0,-0.527373191422238,0.004511516610980731,0.8496217765494197,-0.37864105744071436,-0.8086617754533323,-0.3094520070207847,-0.5003054949443102,0.2489823782955089,0.2606600274107758,-0.9509043598431323,0.16684498356719166,0.005127482891510701,0.0,0.0,0.0,1.0,AP12,1277
E-I,10.000000000000197,77.26694676051783,0.42790990039585863,2.756757938691344,1,1,1,0,,,,0.9696171764229289,0.0010122866526202055,0.0,0.0,0.0,0.06549549102783203,0.8748195737695639,1.0396268243118418,64956,0.9696171764229289,0.0010122866526202055,0.6982884194276514,5.251393380428771,0.011150686758924468,-0.5567403618632734,-0.1338411187120683,0.8198333516113216,-0.35946536870584,-0.7895313404230582,-0.22153808992318924,-0.5723295704425494,0.27711064939452607,0.2582255447513266,-0.9659230971744527,0.01766743848987415,0.07186271460651818,0.0,0.0,0.0,1.0,-0.5267499371248268,0.0033210944283333307,0.8500138081647786,-0.37862225192239907,-0.8084736839143393,-0.3107680236056417,-0.49979349527801936,0.2489722115978645,0.26249724980838784,-0.9504799870781298,0.16638205434178072,0.005566066591243109,0.0,0.0,0.0,1.0,AP12,1277
E-V5b,10.000000000000197,77.26694676051783,0.6665199404695028,3.7987921736379002,1,1,1,0,,,,,,0.0059773921966552734,0.8939018249511719,0.0,0.0,0.8748195737695639,1.0396268243118418,64956,0.9696171764229289,0.0010122866526202055,0.6982884194276514,5.251393380428771,0.011150686758924468,-0.5567403618632734,-0.1338411187120683,0.8198333516113216,-0.35946536870584,-0.7895313404230582,-0.22153808992318924,-0.5723295704425494,0.27711064939452607,0.2582255447513266,-0.9659230971744527,0.01766743848987415,0.07186271460651818,0.0,0.0,0.0,1.0,-0.5277511294992088,0.000668742561683533,0.8493988122621061,-0.38106055082853313,-0.8089707470301519,-0.3052355382268177,-0.502391927191267,0.24989859800642047,0.2589307329331898,-0.9522766481587808,0.161629368394413,0.005766430531514544,0.0,0.0,0.0,1.0,AP12,1277
E-V5d,10.000000000000197,77.26694676051783,0.67482417389986,3.410719668768456,1,1,1,0,,,,,,0.0059773921966552734,0.8939018249511719,0.0,0.0,0.8748195737695639,1.0396268243118418,64956,0.9696171764229289,0.0010122866526202055,0.6982884194276514,5.251393380428771,0.011150686758924468,-0.5567403618632734,-0.1338411187120683,0.8198333516113216,-0.35946536870584,-0.7895313404230582,-0.22153808992318924,-0.5723295704425494,0.27711064939452607,0.2582255447513266,-0.9659230971744527,0.01766743848987415,0.07186271460651818,0.0,0.0,0.0,1.0,-0.5260823968602463,0.0010018066632599132,0.8504330380933297,-0.381025511793448,-0.810253287956617,-0.30433602815497274,-0.5008684888905118,0.24801147341546675,0.2583156397990667,-0.9525642099050415,0.16091751943990745,0.005844208472989568,0.0,0.0,0.0,1.0,AP12,1277
E-V5x2,10.000000000000197,77.26694676051783,0.41356642403695976,3.123809969583522,1,1,1,0,,,,,,0.01195836067199707,1.7899219989776611,0.0,0.0,0.8748195737695639,1.0396268243118418,64956,0.9696171764229289,0.0010122866526202055,0.6982884194276514,5.251393380428771,0.011150686758924468,-0.5567403618632734,-0.1338411187120683,0.8198333516113216,-0.35946536870584,-0.7895313404230582,-0.22153808992318924,-0.5723295704425494,0.27711064939452607,0.2582255447513266,-0.9659230971744527,0.01766743848987415,0.07186271460651818,0.0,0.0,0.0,1.0,-0.5239140085438723,0.004867944115679507,0.8517572375631436,-0.3802092969932055,-0.8111350463693309,-0.30803405285251806,-0.49716691380917377,0.24714986351145743,0.2599500575036273,-0.9513628655484943,0.1653319169347094,0.005766064222023676,0.0,0.0,0.0,1.0,AP12,1277
E-VI,10.000000000000197,77.26694676051783,0.0109283403079225,0.024591407187857513,1,1,1,0,,,,0.9999324826142731,0.0008250937085577347,0.0,0.0,0.0,0.05921483039855957,0.8748195737695639,1.0396268243118418,64956,0.9696171764229289,0.0010122866526202055,0.6982884194276514,5.251393380428771,0.011150686758924468,-0.5567403618632734,-0.1338411187120683,0.8198333516113216,-0.35946536870584,-0.7895313404230582,-0.22153808992318924,-0.5723295704425494,0.27711064939452607,0.2582255447513266,-0.9659230971744527,0.01766743848987415,0.07186271460651818,0.0,0.0,0.0,1.0,-0.5266154135399068,0.010845431404332249,0.8500344462627355,-0.37915846167441397,-0.8098224143133913,-0.3105505416122849,-0.4977408961636219,0.24813225132862238,0.2585804472326698,-0.9504949838180492,0.17232357684913643,0.0029704334721650416,0.0,0.0,0.0,1.0,AP12,1277
E-V2,10.000000000000563,31.363994650925335,0.32779103595244,1.1101683314986253,1,1,1,0,,,,,,0.001150369644165039,0.3109724521636963,0.0,0.0,0.8378547267466344,1.0030499541026325,67542,0.9996019372387713,0.0008196142417512929,0.24063046736173305,3.478789227067495,0.008043992940878935,-0.370238581575866,0.3730383399220375,0.850744256319665,-0.3748484114274752,-0.7936424322547538,0.3489196533919181,-0.4983841542441141,0.24692138351970408,-0.48275778858289625,-0.8597077831595299,0.16687553786423492,-0.012521022318345149,0.0,0.0,0.0,1.0,-0.37291111789801384,0.2711308890834574,0.8873699102882696,-0.39106073723347495,-0.8645133906482283,0.24579582501486122,-0.43840736591595786,0.22144578128539422,-0.33697758590603943,-0.9306301233141437,0.1427362884965941,-0.007271926978470768,0.0,0.0,0.0,1.0,AP12,1378
E-L,10.000000000000563,31.363994650925335,0.09504443636836563,0.4376807451732821,1,1,1,0,,1.0,883.0,,,0.0,0.0,0.21021342277526855,0.0,0.8378547267466344,1.0030499541026325,67542,0.9996019372387713,0.0008196142417512929,0.24063046736173305,3.478789227067495,0.008043992940878935,-0.370238581575866,0.3730383399220375,0.850744256319665,-0.3748484114274752,-0.7936424322547538,0.3489196533919181,-0.4983841542441141,0.24692138351970408,-0.48275778858289625,-0.8597077831595299,0.16687553786423492,-0.012521022318345149,0.0,0.0,0.0,1.0,-0.3685345605025465,0.2701978788591152,0.8894804011192312,-0.39219860869413636,-0.8672790201206116,0.24454132187180208,-0.43362039061352226,0.22071408745624566,-0.33467802284259307,-0.9312317907788731,0.14421502303486497,-0.007725925798773956,0.0,0.0,0.0,1.0,AP12,1378
E-I,10.000000000000563,31.363994650925335,0.02788705363294043,0.14241594424454687,1,1,1,0,,,,0.9996019372387713,0.0008196142417512929,0.0,0.0,0.0,0.0658271312713623,0.8378547267466344,1.0030499541026325,67542,0.9996019372387713,0.0008196142417512929,0.24063046736173305,3.478789227067495,0.008043992940878935,-0.370238581575866,0.3730383399220375,0.850744256319665,-0.3748484114274752,-0.7936424322547538,0.3489196533919181,-0.4983841542441141,0.24692138351970408,-0.48275778858289625,-0.8597077831595299,0.16687553786423492,-0.012521022318345149,0.0,0.0,0.0,1.0,-0.36979416603932863,0.2698647078648242,0.8890586674749363,-0.39194191239434645,-0.8673094672397508,0.24290407104992176,-0.4344788836107841,0.22104598469133593,-0.33320648673094017,-0.9317567556591189,0.14423170762358795,-0.007704137657091294,0.0,0.0,0.0,1.0,AP12,1378
E-V5b,10.000000000000563,31.363994650925335,1.6473653887598911,10.492187560118637,1,0,1,0,,,,,,0.005882740020751953,0.8977446556091309,0.0,0.0,0.8378547267466344,1.0030499541026325,67542,0.9996019372387713,0.0008196142417512929,0.24063046736173305,3.478789227067495,0.008043992940878935,-0.370238581575866,0.3730383399220375,0.850744256319665,-0.3748484114274752,-0.7936424322547538,0.3489196533919181,-0.4983841542441141,0.24692138351970408,-0.48275778858289625,-0.8597077831595299,0.16687553786423492,-0.012521022318345149,0.0,0.0,0.0,1.0,-0.3927190623998772,0.2679521978326742,0.879757564482345,-0.3859562331016498,-0.8536678790410814,0.2496198840256763,-0.45710074487583124,0.22737179076899477,-0.3420861297161374,-0.930532935722356,0.1307116944531851,-0.0019851056878951046,0.0,0.0,0.0,1.0,AP12,1378
E-V5d,10.000000000000563,31.363994650925335,1.6128683723829853,10.54409034306076,1,0,1,0,,,,,,0.005882740020751953,0.8977446556091309,0.0,0.0,0.8378547267466344,1.0030499541026325,67542,0.9996019372387713,0.0008196142417512929,0.24063046736173305,3.478789227067495,0.008043992940878935,-0.370238581575866,0.3730383399220375,0.850744256319665,-0.3748484114274752,-0.7936424322547538,0.3489196533919181,-0.4983841542441141,0.24692138351970408,-0.48275778858289625,-0.8597077831595299,0.16687553786423492,-0.012521022318345149,0.0,0.0,0.0,1.0,-0.39214377350466734,0.26834806694460867,0.8798935108411488,-0.38661414850960635,-0.853893212446519,0.249613965513523,-0.4566829043658144,0.2273681900158348,-0.34218368234354124,-0.9304204396272275,0.13125602742887763,-0.0012961231238932287,0.0,0.0,0.0,1.0,AP12,1378
E-V5x2,10.000000000000563,31.363994650925335,0.06907664588020136,2.8744904278613115,1,1,1,0,,,,,,0.011935710906982422,1.7934951782226562,0.0,0.0,0.8378547267466344,1.0030499541026325,67542,0.9996019372387713,0.0008196142417512929,0.24063046736173305,3.478789227067495,0.008043992940878935,-0.370238581575866,0.3730383399220375,0.850744256319665,-0.3748484114274752,-0.7936424322547538,0.3489196533919181,-0.4983841542441141,0.24692138351970408,-0.48275778858289625,-0.8597077831595299,0.16687553786423492,-0.012521022318345149,0.0,0.0,0.0,1.0,-0.36943901026112125,0.26911374571619795,0.8894338602041151,-0.3898468511278157,-0.8674023640741674,0.24349582767318034,-0.4339618446623195,0.21908098892398675,-0.3333585257785494,-0.9318194936112122,0.14347304438486913,-0.007401126172735852,0.0,0.0,0.0,1.0,AP12,1378
E-VI,10.000000000000563,31.363994650925335,0.010894862037691048,0.010791545210244615,1,1,1,0,,,,1.0,0.0007871598266339949,0.0,0.0,0.0,0.06129884719848633,0.8378547267466344,1.0030499541026325,67542,0.9996019372387713,0.0008196142417512929,0.24063046736173305,3.478789227067495,0.008043992940878935,-0.370238581575866,0.3730383399220375,0.850744256319665,-0.3748484114274752,-0.7936424322547538,0.3489196533919181,-0.4983841542441141,0.24692138351970408,-0.48275778858289625,-0.8597077831595299,0.16687553786423492,-0.012521022318345149,0.0,0.0,0.0,1.0,-0.36946790725788226,0.27015255028880575,0.8891068817610258,-0.3919190203150288,-0.8673770046079963,0.2430201575785582,-0.4342790540744798,0.2210281883241818,-0.33339248281441475,-0.9316430633480038,0.1445359635618037,-0.007832613862636065,0.0,0.0,0.0,1.0,AP12,1378
E-V2,9.999999999999975,69.37997391425328,0.7187988628068926,4.673653060163875,1,1,1,0,,,,,,0.0011408329010009766,0.3140072822570801,0.0,0.0,0.9014165497896213,1.0115585494688113,67396,0.9280541455160745,0.0008990865027397367,0.25983312505700507,2.8806088664301135,0.006203909538740347,-0.17230202491497518,0.1652405813639689,0.971085764740013,-0.4319460854182916,-0.826925232615583,0.5114260390671082,-0.23374786892674085,0.13256427859114742,-0.5352631800094824,-0.8432905530329549,0.04852186405642665,0.034070120977862314,0.0,0.0,0.0,1.0,-0.31261869849122825,0.23738268606724833,0.9197385429596961,-0.40496925893046615,-0.823346375900102,0.4151294161361625,-0.3869991111952646,0.1988935144138912,-0.4736773950235785,-0.8782465905618254,0.06567096148535029,0.0233556622183168,0.0,0.0,0.0,1.0,AP12,1387
E-L,9.999999999999975,69.37997391425328,0.17933162323641474,0.6356357017165762,1,1,1,0,,1.0,800.0,,,0.0,0.0,0.19803905487060547,0.0,0.9014165497896213,1.0115585494688113,67396,0.9280541455160745,0.0008990865027397367,0.25983312505700507,2.8806088664301135,0.006203909538740347,-0.17230202491497518,0.1652405813639689,0.971085764740013,-0.4319460854182916,-0.826925232615583,0.5114260390671082,-0.23374786892674085,0.13256427859114742,-0.5352631800094824,-0.8432905530329549,0.04852186405642665,0.034070120977862314,0.0,0.0,0.0,1.0,-0.29945261441330884,0.2431154709305718,0.9226174719325665,-0.4060421534575575,-0.8261242393665807,0.4177094979172803,-0.37820300961346265,0.19488190226220348,-0.4773330837601993,-0.8754505372343433,0.07575938228416723,0.020059179920858906,0.0,0.0,0.0,1.0,AP12,1387
E-I,9.999999999999975,69.37997391425328,0.011617503418973463,0.04228989971211039,1,1,1,0,,,,0.9280541455160745,0.0008990865027397367,0.0,0.0,0.0,0.07235836982727051,0.9014165497896213,1.0115585494688113,67396,0.9280541455160745,0.0008990865027397367,0.25983312505700507,2.8806088664301135,0.006203909538740347,-0.17230202491497518,0.1652405813639689,0.971085764740013,-0.4319460854182916,-0.826925232615583,0.5114260390671082,-0.23374786892674085,0.13256427859114742,-0.5352631800094824,-0.8432905530329549,0.04852186405642665,0.034070120977862314,0.0,0.0,0.0,1.0,-0.3013996015124193,0.24189546731717765,0.9223041055419621,-0.40594678580500226,-0.8267281523170235,0.4156287142437837,-0.37917454300432585,0.1954417236840285,-0.47505667280297775,-0.8767778252142693,0.07471146389879804,0.020423202055082346,0.0,0.0,0.0,1.0,AP12,1387
E-V5b,9.999999999999975,69.37997391425328,0.7125288521293099,4.326428875888235,1,1,1,0,,,,,,0.005873441696166992,0.89803147315979,0.0,0.0,0.9014165497896213,1.0115585494688113,67396,0.9280541455160745,0.0008990865027397367,0.25983312505700507,2.8806088664301135,0.006203909538740347,-0.17230202491497518,0.1652405813639689,0.971085764740013,-0.4319460854182916,-0.826925232615583,0.5114260390671082,-0.23374786892674085,0.13256427859114742,-0.5352631800094824,-0.8432905530329549,0.04852186405642665,0.034070120977862314,0.0,0.0,0.0,1.0,-0.3108736708542344,0.24332160371947772,0.91877752649448,-0.40480591508535535,-0.8203961055180078,0.4194001741390511,-0.3886562856181084,0.1993009234855349,-0.4799039278515461,-0.8745845280988407,0.06923963051401483,0.02191562498821599,0.0,0.0,0.0,1.0,AP12,1387
E-V5d,9.999999999999975,69.37997391425328,0.4268195963193121,1.427276799000526,1,1,1,0,,,,,,0.005873441696166992,0.89803147315979,0.0,0.0,0.9014165497896213,1.0115585494688113,67396,0.9280541455160745,0.0008990865027397367,0.25983312505700507,2.8806088664301135,0.006203909538740347,-0.17230202491497518,0.1652405813639689,0.971085764740013,-0.4319460854182916,-0.826925232615583,0.5114260390671082,-0.23374786892674085,0.13256427859114742,-0.5352631800094824,-0.8432905530329549,0.04852186405642665,0.034070120977862314,0.0,0.0,0.0,1.0,-0.3034526608513356,0.2439240391784891,0.9210958315096818,-0.40520857405755767,-0.8226320541595663,0.42073854729564525,-0.3824337364834401,0.1966039382031408,-0.4808253063621961,-0.8737735081957784,0.07298550781009866,0.020678069408573207,0.0,0.0,0.0,1.0,AP12,1387
E-V5x2,9.999999999999975,69.37997391425328,0.29231153329842574,1.0120144913128846,1,1,1,0,,,,,,0.01191568374633789,1.7973852157592773,0.0,0.0,0.9014165497896213,1.0115585494688113,67396,0.9280541455160745,0.0008990865027397367,0.25983312505700507,2.8806088664301135,0.006203909538740347,-0.17230202491497518,0.1652405813639689,0.971085764740013,-0.4319460854182916,-0.826925232615583,0.5114260390671082,-0.23374786892674085,0.13256427859114742,-0.5352631800094824,-0.8432905530329549,0.04852186405642665,0.034070120977862314,0.0,0.0,0.0,1.0,-0.3013185566983398,0.24367178482972712,0.9218628811231658,-0.4052393787288986,-0.8242403486525642,0.4195229290141577,-0.3803003724520393,0.19611065536200267,-0.4794110882283235,-0.8744281599704956,0.07443407389366902,0.02059673472010942,0.0,0.0,0.0,1.0,AP12,1387
E-VI,9.999999999999975,69.37997391425328,0.0,0.014382040002728498,1,1,1,0,,,,1.0,0.000804585399094581,0.0,0.0,0.0,0.0562136173248291,0.9014165497896213,1.0115585494688113,67396,0.9280541455160745,0.0008990865027397367,0.25983312505700507,2.8806088664301135,0.006203909538740347,-0.17230202491497518,0.1652405813639689,0.971085764740013,-0.4319460854182916,-0.826925232615583,0.5114260390671082,-0.23374786892674085,0.13256427859114742,-0.5352631800094824,-0.8432905530329549,0.04852186405642665,0.034070120977862314,0.0,0.0,0.0,1.0,-0.30141118179139814,0.24201092207428046,0.9222700233543812,-0.4059515259509338,-0.8267740911579733,0.41548768373825984,-0.37922895514148547,0.19541198299529566,-0.47496938654502413,-0.8768128260345431,0.07485572683822382,0.02040168707998941,0.0,0.0,0.0,1.0,AP12,1387
E-V2,10.000000000000124,72.9161281777322,2.0628899347617,10.398992301076603,1,0,1,0,,,,,,0.001211404800415039,0.3120863437652588,0.0,0.0,0.7480441785549931,1.0064972795943161,18931,0.968169194616535,0.001015367478059584,1.5262819957076978,10.045946430008081,0.0032220197923779766,0.7642976339834757,-0.22509571541067996,0.6043021145015246,-0.2919654124375539,0.2038074833483257,0.97338480308326,0.10480713171242573,-0.06160929399749089,-0.611810131019814,0.04305745034622656,0.7898318932223489,-0.3008880407666582,0.0,0.0,0.0,1.0,0.8251756322956697,-0.28001380785801316,0.49058884460694774,-0.24345343090158447,0.24987591980315085,0.9598395163870701,0.1275544467202298,-0.07383026044127608,-0.5066035614903639,0.017331519711575663,0.8620048690143534,-0.3389026891504935,0.0,0.0,0.0,1.0,SM1,0016
E-L,10.000000000000124,72.9161281777322,0.6541285249086204,4.162196896469095,1,1,1,0,,1.0,384.0,,,0.0,0.0,0.15328216552734375,0.0,0.7480441785549931,1.0064972795943161,18931,0.968169194616535,0.001015367478059584,1.5262819957076978,10.045946430008081,0.0032220197923779766,0.7642976339834757,-0.22509571541067996,0.6043021145015246,-0.2919654124375539,0.2038074833483257,0.97338480308326,0.10480713171242573,-0.06160929399749089,-0.611810131019814,0.04305745034622656,0.7898318932223489,-0.3008880407666582,0.0,0.0,0.0,1.0,0.8256389027848726,-0.30674182892900526,0.47352914650893474,-0.2375989849672713,0.27592593813610156,0.9516045507411071,0.13532795599036143,-0.07747612898140176,-0.4921232354521622,0.018926948885264402,0.8703197640717983,-0.3405502568897067,0.0,0.0,0.0,1.0,SM1,0016
E-I,10.000000000000124,72.9161281777322,0.09359081809695073,0.5648965297587026,1,1,1,0,,,,0.968169194616535,0.001015367478059584,0.0,0.0,0.0,0.020923137664794922,0.7480441785549931,1.0064972795943161,18931,0.968169194616535,0.001015367478059584,1.5262819957076978,10.045946430008081,0.0032220197923779766,0.7642976339834757,-0.22509571541067996,0.6043021145015246,-0.2919654124375539,0.2038074833483257,0.97338480308326,0.10480713171242573,-0.06160929399749089,-0.611810131019814,0.04305745034622656,0.7898318932223489,-0.3008880407666582,0.0,0.0,0.0,1.0,0.831038229419826,-0.3039100487894917,0.46584776857631116,-0.23468880765918448,0.27349729295303177,0.9525589082001128,0.1335318582060971,-0.07671116255032703,-0.4843291153648762,0.0164380246190979,0.8747314441338542,-0.3425218616500791,0.0,0.0,0.0,1.0,SM1,0016
E-V5b,10.000000000000124,72.9161281777322,2.264054388145218,15.297811473843685,1,0,1,0,,,,,,0.005692958831787109,0.8968214988708496,0.0,0.0,0.7480441785549931,1.0064972795943161,18931,0.968169194616535,0.001015367478059584,1.5262819957076978,10.045946430008081,0.0032220197923779766,0.7642976339834757,-0.22509571541067996,0.6043021145015246,-0.2919654124375539,0.2038074833483257,0.97338480308326,0.10480713171242573,-0.06160929399749089,-0.611810131019814,0.04305745034622656,0.7898318932223489,-0.3008880407666582,0.0,0.0,0.0,1.0,0.817253562843091,-0.2906876250511989,0.497591477636382,-0.248197431726733,0.2573309768136537,0.956672111700742,0.13623237128139914,-0.07811898116730855,-0.515632942643542,0.01670931391380282,0.8566466112260366,-0.3367831816331152,0.0,0.0,0.0,1.0,SM1,0016
E-V5d,10.000000000000124,72.9161281777322,2.253129647217528,15.421686569679348,1,0,1,0,,,,,,0.005692958831787109,0.8968214988708496,0.0,0.0,0.7480441785549931,1.0064972795943161,18931,0.968169194616535,0.001015367478059584,1.5262819957076978,10.045946430008081,0.0032220197923779766,0.7642976339834757,-0.22509571541067996,0.6043021145015246,-0.2919654124375539,0.2038074833483257,0.97338480308326,0.10480713171242573,-0.06160929399749089,-0.611810131019814,0.04305745034622656,0.7898318932223489,-0.3008880407666582,0.0,0.0,0.0,1.0,0.8176168126167126,-0.29002429737558444,0.4973817593991072,-0.24819621944541195,0.2569499461055886,0.9568690004294004,0.13556718318217378,-0.07813631342705062,-0.5152469525088486,0.016960211802030042,0.8568738987665926,-0.33647737308960235,0.0,0.0,0.0,1.0,SM1,0016
E-V5x2,10.000000000000124,72.9161281777322,0.7747458454166356,7.584885391892508,1,1,1,0,,,,,,0.011691570281982422,1.791214942932129,0.0,0.0,0.7480441785549931,1.0064972795943161,18931,0.968169194616535,0.001015367478059584,1.5262819957076978,10.045946430008081,0.0032220197923779766,0.7642976339834757,-0.22509571541067996,0.6043021145015246,-0.2919654124375539,0.2038074833483257,0.97338480308326,0.10480713171242573,-0.06160929399749089,-0.611810131019814,0.04305745034622656,0.7898318932223489,-0.3008880407666582,0.0,0.0,0.0,1.0,0.8260190511018581,-0.30137166654909375,0.47630626632513884,-0.24156857588680528,0.26987051377589577,0.9533576019451812,0.13520040869606226,-0.07772715337694674,-0.4948358048052992,0.01686290362507528,0.8688228659105353,-0.3413020956377516,0.0,0.0,0.0,1.0,SM1,0016
E-VI,10.000000000000124,72.9161281777322,0.016139393182401613,0.07961970230004839,1,1,1,0,,,,0.9974364452040162,0.0009164844360929533,0.0,0.0,0.0,0.018253326416015625,0.7480441785549931,1.0064972795943161,18931,0.968169194616535,0.001015367478059584,1.5262819957076978,10.045946430008081,0.0032220197923779766,0.7642976339834757,-0.22509571541067996,0.6043021145015246,-0.2919654124375539,0.2038074833483257,0.97338480308326,0.10480713171242573,-0.06160929399749089,-0.611810131019814,0.04305745034622656,0.7898318932223489,-0.3008880407666582,0.0,0.0,0.0,1.0,0.8317990559279981,-0.3033499598521255,0.46485389810609595,-0.23429158733705813,0.2729385318214483,0.9527455017292121,0.13334364930522605,-0.07661216524726572,-0.48333728297187234,0.015961418996410088,0.8752886991083025,-0.3427830744572245,0.0,0.0,0.0,1.0,SM1,0016
E-V2,10.00000000000005,60.96919636835098,2.0820896011805736,11.99530031954006,1,0,1,0,,,,,,0.001108407974243164,0.3099534511566162,0.0,0.0,0.9162289189936411,0.9732785618416236,24587,0.9996763230296164,0.0008331049562118252,0.8544786683872093,5.797177618799333,0.00021096547629399198,-0.32809488794643393,-0.25727619841565663,0.9089349273915066,-0.4253076684110155,0.5650048636767298,0.7176701943987225,0.4070859812046348,-0.19104511712628766,-0.7570490397094878,0.6471154841297557,-0.09010161860063831,0.10686063409228685,0.0,0.0,0.0,1.0,-0.22284222050869934,-0.3345502410497244,0.9156514077887574,-0.4367942812528493,0.5267034865697722,0.7490574846757501,0.4018659992603599,-0.18576298336278127,-0.8203198982586869,0.5718294896086781,0.00928713021393418,0.05869288851965286,0.0,0.0,0.0,1.0,SM1,0063
E-L,10.00000000000005,60.96919636835098,0.4493536304795064,3.3053365553979965,1,1,1,0,,1.0,701.0,,,0.0,0.0,0.19088435173034668,0.0,0.9162289189936411,0.9732785618416236,24587,0.9996763230296164,0.0008331049562118252,0.8544786683872093,5.797177618799333,0.00021096547629399198,-0.32809488794643393,-0.25727619841565663,0.9089349273915066,-0.4253076684110155,0.5650048636767298,0.7176701943987225,0.4070859812046348,-0.19104511712628766,-0.7570490397094878,0.6471154841297557,-0.09010161860063831,0.10686063409228685,0.0,0.0,0.0,1.0,-0.19745955201446375,-0.3406062000075775,0.9192372609041932,-0.43763751807778,0.5192263273504959,0.7590314506668823,0.39277891731181763,-0.1813711244522075,-0.8315129261198304,0.5548501359961321,0.026973696089172064,0.05121233934455054,0.0,0.0,0.0,1.0,SM1,0063
E-I,10.00000000000005,60.96919636835098,0.0061084268822769305,0.0754057696943901,1,1,1,0,,,,0.9996763230296164,0.0008331049562118252,0.0,0.0,0.0,0.02475762367248535,0.9162289189936411,0.9732785618416236,24587,0.9996763230296164,0.0008331049562118252,0.8544786683872093,5.797177618799333,0.00021096547629399198,-0.32809488794643393,-0.25727619841565663,0.9089349273915066,-0.4253076684110155,0.5650048636767298,0.7176701943987225,0.4070859812046348,-0.19104511712628766,-0.7570490397094878,0.6471154841297557,-0.09010161860063831,0.10686063409228685,0.0,0.0,0.0,1.0,-0.18993754165497148,-0.3421185290370376,0.9202600949512035,-0.4384267302910438,0.5190873583577841,0.7606076437281145,0.3899029708728877,-0.17988803872561604,-0.8333498933000496,0.5517525934618702,0.03312145746938856,0.048307552530901104,0.0,0.0,0.0,1.0,SM1,0063
E-V5b,10.00000000000005,60.96919636835098,2.6469906769465656,13.744604378284928,1,0,1,0,,,,,,0.005985260009765625,0.9059393405914307,0.0,0.0,0.9162289189936411,0.9732785618416236,24587,0.9996763230296164,0.0008331049562118252,0.8544786683872093,5.797177618799333,0.00021096547629399198,-0.32809488794643393,-0.25727619841565663,0.9089349273915066,-0.4253076684110155,0.5650048636767298,0.7176701943987225,0.4070859812046348,-0.19104511712628766,-0.7570490397094878,0.6471154841297557,-0.09010161860063831,0.10686063409228685,0.0,0.0,0.0,1.0,-0.2231836145369615,-0.3378300163688017,0.9143631542220634,-0.4407180503135768,0.5413117262614546,0.7371420408972392,0.4044789259008487,-0.1913088734725658,-0.8106606565111598,0.5852285479140906,0.018353329482165698,0.055624734623866794,0.0,0.0,0.0,1.0,SM1,0063
E-V5d,10.00000000000005,60.96919636835098,2.333656679017106,9.770412890175654,1,0,1,0,,,,,,0.005985260009765625,0.9059393405914307,0.0,0.0,0.9162289189936411,0.9732785618416236,24587,0.9996763230296164,0.0008331049562118252,0.8544786683872093,5.797177618799333,0.00021096547629399198,-0.32809488794643393,-0.25727619841565663,0.9089349273915066,-0.4253076684110155,0.5650048636767298,0.7176701943987225,0.4070859812046348,-0.19104511712628766,-0.7570490397094878,0.6471154841297557,-0.09010161860063831,0.10686063409228685,0.0,0.0,0.0,1.0,-0.21561998426201798,-0.3380275726170234,0.9161033817341542,-0.4404003709334348,0.5421970212962646,0.7388115781075031,0.4002247081167215,-0.186211815670967,-0.8121147845504044,0.5830049518798881,0.02397500757117807,0.05552997447996892,0.0,0.0,0.0,1.0,SM1,0063
E-V5x2,10.00000000000005,60.96919636835098,0.6230045415287498,5.538403262916603,1,1,1,0,,,,,,0.012172698974609375,1.8059577941894531,0.0,0.0,0.9162289189936411,0.9732785618416236,24587,0.9996763230296164,0.0008331049562118252,0.8544786683872093,5.797177618799333,0.00021096547629399198,-0.32809488794643393,-0.25727619841565663,0.9089349273915066,-0.4253076684110155,0.5650048636767298,0.7176701943987225,0.4070859812046348,-0.19104511712628766,-0.7570490397094878,0.6471154841297557,-0.09010161860063831,0.10686063409228685,0.0,0.0,0.0,1.0,-0.19749038455915818,-0.339912299487457,0.9194874782809064,-0.44211896656537003,0.5248099726484741,0.7555678166712291,0.3920354796795533,-0.1815292309846513,-0.8279928106668033,0.5599794218176033,0.029171986168755534,0.0521387016881925,0.0,0.0,0.0,1.0,SM1,0063
E-VI,10.00000000000005,60.96919636835098,0.0,0.047004986054682875,1,1,1,0,,,,1.0,0.0007938533107866231,0.0,0.0,0.0,0.02622675895690918,0.9162289189936411,0.9732785618416236,24587,0.9996763230296164,0.0008331049562118252,0.8544786683872093,5.797177618799333,0.00021096547629399198,-0.32809488794643393,-0.25727619841565663,0.9089349273915066,-0.4253076684110155,0.5650048636767298,0.7176701943987225,0.4070859812046348,-0.19104511712628766,-0.7570490397094878,0.6471154841297557,-0.09010161860063831,0.10686063409228685,0.0,0.0,0.0,1.0,-0.18984479483481295,-0.342179113951761,0.9202567325818531,-0.43840922762368684,0.5190827593010408,0.7606110689588613,0.38990247635981806,-0.17989646241026216,-0.8333739237407629,0.5517103456921959,0.033221226440951115,0.048346231182157855,0.0,0.0,0.0,1.0,SM1,0063
E-V2,9.999999999999975,35.12874692743835,0.24876031464702544,4.342337024730237,1,1,1,0,,,,,,0.0011909008026123047,0.31238436698913574,0.0,0.0,0.8862969134333095,1.008024326378917,23678,0.999671592775041,0.0008071579942430271,0.2381063164502852,1.8164926745878627,0.0030684965148942696,0.4391264849398948,-0.3595971532083781,0.8233212116961169,-0.39347828652672073,-0.4080425051617148,0.736609817362604,0.5393582213579245,-0.23649000185923386,-0.8004181683380784,-0.5727965296416003,0.1767339566264908,-0.01774505332158268,0.0,0.0,0.0,1.0,0.35050858564212783,-0.4726371063151155,0.8085529823348211,-0.3850539594033615,-0.2983661731273726,0.7619894135839602,0.5747606167953941,-0.2596501349387741,-0.8877619666818624,-0.44270337554223615,0.12606490131879816,0.007291553349483466,0.0,0.0,0.0,1.0,SM1,0088
E-L,9.999999999999975,35.12874692743835,0.3683231565327347,1.9909284689666813,1,1,1,0,,1.0,829.0,,,0.0,0.0,0.20612740516662598,0.0,0.8862969134333095,1.008024326378917,23678,0.999671592775041,0.0008071579942430271,0.2381063164502852,1.8164926745878627,0.0030684965148942696,0.4391264849398948,-0.3595971532083781,0.8233212116961169,-0.39347828652672073,-0.4080425051617148,0.736609817362604,0.5393582213579245,-0.23649000185923386,-0.8004181683380784,-0.5727965296416003,0.1767339566264908,-0.01774505332158268,0.0,0.0,0.0,1.0,0.3590546277497771,-0.4675151137254703,0.8077805350029976,-0.3813992874519027,-0.2984890595200959,0.7625177704905807,0.5739955845064341,-0.25811122345169596,-0.8842986235646177,-0.44720942311665746,0.1342373876287386,0.004595624933539617,0.0,0.0,0.0,1.0,SM1,0088
E-I,9.999999999999975,35.12874692743835,0.02548449890767517,0.15549867150849322,1,1,1,0,,,,0.999671592775041,0.0008071579942430271,0.0,0.0,0.0,0.025727272033691406,0.8862969134333095,1.008024326378917,23678,0.999671592775041,0.0008071579942430271,0.2381063164502852,1.8164926745878627,0.0030684965148942696,0.4391264849398948,-0.3595971532083781,0.8233212116961169,-0.39347828652672073,-0.4080425051617148,0.736609817362604,0.5393582213579245,-0.23649000185923386,-0.8004181683380784,-0.5727965296416003,0.1767339566264908,-0.01774505332158268,0.0,0.0,0.0,1.0,0.35454616478091644,-0.47117309837588417,0.8076465368006057,-0.38102678787775585,-0.29664960772463433,0.7624537318966339,0.5750333181248867,-0.25859665471321447,-0.8867333462072823,-0.44346388588448155,0.13055173166324222,0.0063543001178693985,0.0,0.0,0.0,1.0,SM1,0088
E-V5b,9.999999999999975,35.12874692743835,0.29771743637576115,1.7811956159988747,1,1,1,0,,,,,,0.006459951400756836,0.902123212814331,0.0,0.0,0.8862969134333095,1.008024326378917,23678,0.999671592775041,0.0008071579942430271,0.2381063164502852,1.8164926745878627,0.0030684965148942696,0.4391264849398948,-0.3595971532083781,0.8233212116961169,-0.39347828652672073,-0.4080425051617148,0.736609817362604,0.5393582213579245,-0.23649000185923386,-0.8004181683380784,-0.5727965296416003,0.1767339566264908,-0.01774505332158268,0.0,0.0,0.0,1.0,0.35507318595568754,-0.47108669720038177,0.8074653622785756,-0.37967686140406,-0.3010397717273193,0.7601186392054923,0.5758425672619916,-0.2576887541203069,-0.8850412853852005,-0.4475454489079613,0.12808192212027697,0.007309421190001525,0.0,0.0,0.0,1.0,SM1,0088
E-V5d,9.999999999999975,35.12874692743835,0.3114535374824727,1.3645842841315736,1,1,1,0,,,,,,0.006459951400756836,0.902123212814331,0.0,0.0,0.8862969134333095,1.008024326378917,23678,0.999671592775041,0.0008071579942430271,0.2381063164502852,1.8164926745878627,0.0030684965148942696,0.4391264849398948,-0.3595971532083781,0.8233212116961169,-0.39347828652672073,-0.4080425051617148,0.736609817362604,0.5393582213579245,-0.23649000185923386,-0.8004181683380784,-0.5727965296416003,0.1767339566264908,-0.01774505332158268,0.0,0.0,0.0,1.0,0.352938860772318,-0.47182248773935526,0.8079713209853963,-0.38009073089982925,-0.3013178204370255,0.7602219209870974,0.575560730109267,-0.2581534789682589,-0.8858000451718583,-0.4465939113995351,0.12614334205885924,0.007425122797245654,0.0,0.0,0.0,1.0,SM1,0088
E-V5x2,9.999999999999975,35.12874692743835,0.2065765009672967,1.3755693314266482,1,1,1,0,,,,,,0.012566804885864258,1.8057737350463867,0.0,0.0,0.8862969134333095,1.008024326378917,23678,0.999671592775041,0.0008071579942430271,0.2381063164502852,1.8164926745878627,0.0030684965148942696,0.4391264849398948,-0.3595971532083781,0.8233212116961169,-0.39347828652672073,-0.4080425051617148,0.736609817362604,0.5393582213579245,-0.23649000185923386,-0.8004181683380784,-0.5727965296416003,0.1767339566264908,-0.01774505332158268,0.0,0.0,0.0,1.0,0.3528651032127666,-0.47194538125636326,0.8079317850835626,-0.3800460889413145,-0.2995484069370839,0.7610510724924395,0.5753885736950437,-0.2581179351587959,-0.8864293369242409,-0.4450492279580606,0.1271778788271919,0.007382347916137488,0.0,0.0,0.0,1.0,SM1,0088
E-VI,9.999999999999975,35.12874692743835,0.0070681180643588915,0.02319057350039645,1,1,1,0,,,,1.0,0.0007696797690995856,0.0,0.0,0.0,0.0233762264251709,0.8862969134333095,1.008024326378917,23678,0.999671592775041,0.0008071579942430271,0.2381063164502852,1.8164926745878627,0.0030684965148942696,0.4391264849398948,-0.3595971532083781,0.8233212116961169,-0.39347828652672073,-0.4080425051617148,0.736609817362604,0.5393582213579245,-0.23649000185923386,-0.8004181683380784,-0.5727965296416003,0.1767339566264908,-0.01774505332158268,0.0,0.0,0.0,1.0,0.3541904239188964,-0.47136090302409683,0.8076930332812599,-0.3809330814866123,-0.2966438554557946,0.762449520957761,0.575041863501406,-0.2586268621913629,-0.886877423970373,-0.4432714971986816,0.13022600416146055,0.0064553536121370395,0.0,0.0,0.0,1.0,SM1,0088
E-V2,10.000000000000124,45.87840709110417,0.9055188002914271,3.432294056960943,1,1,1,0,,,,,,0.0011403560638427734,0.31312131881713867,0.0,0.0,0.8966730822106131,1.0922656960873522,16485,0.9968332160450387,0.0008851298420150293,1.286840368868615,5.8329781667731835,0.0034826745880067217,0.1689885821498663,0.9139981953200771,0.36884977708359695,-0.18208647118437313,-0.3974559596753728,-0.2792611682560514,0.8740949376485335,-0.4082877867686299,0.9019266152085247,-0.2943136063044104,0.316082080989395,-0.08012269388164728,0.0,0.0,0.0,1.0,0.3179210266576759,0.868146716199868,0.38111344888216825,-0.17985030305366456,-0.3627309171961842,-0.2600166354918577,0.8948841279059969,-0.41657602386099013,0.8759866058477535,-0.4227441164415581,0.23223889607935086,-0.0385111589205188,0.0,0.0,0.0,1.0,SM1,0159
E-L,10.000000000000124,45.87840709110417,0.5441949267677427,1.3447349462878717,1,1,1,0,,1.0,1154.0,,,0.0,0.0,0.24622535705566406,0.0,0.8966730822106131,1.0922656960873522,16485,0.9968332160450387,0.0008851298420150293,1.286840368868615,5.8329781667731835,0.0034826745880067217,0.1689885821498663,0.9139981953200771,0.36884977708359695,-0.18208647118437313,-0.3974559596753728,-0.2792611682560514,0.8740949376485335,-0.4082877867686299,0.9019266152085247,-0.2943136063044104,0.316082080989395,-0.08012269388164728,0.0,0.0,0.0,1.0,0.3220576508959269,0.8651802129834966,0.38437230462303984,-0.18122164916603067,-0.3557944533622072,-0.26563096867917535,0.8960192494780737,-0.41670696494687204,0.8773193127112187,-0.4253273886553669,0.22227783516023636,-0.03591238231576589,0.0,0.0,0.0,1.0,SM1,0159
E-I,10.000000000000124,45.87840709110417,0.015638762914333294,0.07645557535491762,1,1,1,0,,,,0.9968332160450387,0.0008851298420150293,0.0,0.0,0.0,0.022733211517333984,0.8966730822106131,1.0922656960873522,16485,0.9968332160450387,0.0008851298420150293,1.286840368868615,5.8329781667731835,0.0034826745880067217,0.1689885821498663,0.9139981953200771,0.36884977708359695,-0.18208647118437313,-0.3974559596753728,-0.2792611682560514,0.8740949376485335,-0.4082877867686299,0.9019266152085247,-0.2943136063044104,0.316082080989395,-0.08012269388164728,0.0,0.0,0.0,1.0,0.3306892077888881,0.8624245913711738,0.38323422609446106,-0.18028425111856367,-0.35625394926425036,-0.2619591843561339,0.8969172254813113,-0.4171666292463092,0.8739151969645466,-0.43312955328600333,0.2206150914708353,-0.035191175143836226,0.0,0.0,0.0,1.0,SM1,0159
E-V5b,10.000000000000124,45.87840709110417,1.148352185966575,4.656181010621852,1,1,1,0,,,,,,0.00584864616394043,0.902360200881958,0.0,0.0,0.8966730822106131,1.0922656960873522,16485,0.9968332160450387,0.0008851298420150293,1.286840368868615,5.8329781667731835,0.0034826745880067217,0.1689885821498663,0.9139981953200771,0.36884977708359695,-0.18208647118437313,-0.3974559596753728,-0.2792611682560514,0.8740949376485335,-0.4082877867686299,0.9019266152085247,-0.2943136063044104,0.316082080989395,-0.08012269388164728,0.0,0.0,0.0,1.0,0.31379236002836075,0.8690443961478925,0.3824868247960202,-0.1809519712170471,-0.3647417597603078,-0.261596650936338,0.8936054425232683,-0.4163569964471513,0.876640093091624,-0.419915451335473,0.23488974971541465,-0.039677735301798266,0.0,0.0,0.0,1.0,SM1,0159
E-V5d,10.000000000000124,45.87840709110417,1.1313246735422773,4.974846565190088,1,1,1,0,,,,,,0.00584864616394043,0.902360200881958,0.0,0.0,0.8966730822106131,1.0922656960873522,16485,0.9968332160450387,0.0008851298420150293,1.286840368868615,5.8329781667731835,0.0034826745880067217,0.1689885821498663,0.9139981953200771,0.36884977708359695,-0.18208647118437313,-0.3974559596753728,-0.2792611682560514,0.8740949376485335,-0.4082877867686299,0.9019266152085247,-0.2943136063044104,0.316082080989395,-0.08012269388164728,0.0,0.0,0.0,1.0,0.3143489542663114,0.8690878823832269,0.38193057806060277,-0.1806554797775358,-0.36479205466176373,-0.2608470971614731,0.8938040024568685,-0.41517451294958346,0.8764197288675277,-0.420291566801558,0.23503933991035011,-0.039680645111607585,0.0,0.0,0.0,1.0,SM1,0159
E-V5x2,10.000000000000124,45.87840709110417,0.6602457260299557,4.9007149829044305,1,1,1,0,,,,,,0.011753320693969727,1.8041961193084717,0.0,0.0,0.8966730822106131,1.0922656960873522,16485,0.9968332160450387,0.0008851298420150293,1.286840368868615,5.8329781667731835,0.0034826745880067217,0.1689885821498663,0.9139981953200771,0.36884977708359695,-0.18208647118437313,-0.3974559596753728,-0.2792611682560514,0.8740949376485335,-0.4082877867686299,0.9019266152085247,-0.2943136063044104,0.316082080989395,-0.08012269388164728,0.0,0.0,0.0,1.0,0.32056403461197874,0.8660025627535973,0.38376847040660034,-0.1806011723093436,-0.3606834964460122,-0.26303115908855124,0.8948307110378205,-0.4150346742820925,0.8758687711813197,-0.425269499027108,0.2280345051494056,-0.03953763747096286,0.0,0.0,0.0,1.0,SM1,0159
E-VI,10.000000000000124,45.87840709110417,0.011642378904536487,0.04573644884023596,1,1,1,0,,,,0.9998240675580577,0.0008165756305442559,0.0,0.0,0.0,0.021396398544311523,0.8966730822106131,1.0922656960873522,16485,0.9968332160450387,0.0008851298420150293,1.286840368868615,5.8329781667731835,0.0034826745880067217,0.1689885821498663,0.9139981953200771,0.36884977708359695,-0.18208647118437313,-0.3974559596753728,-0.2792611682560514,0.8740949376485335,-0.4082877867686299,0.9019266152085247,-0.2943136063044104,0.316082080989395,-0.08012269388164728,0.0,0.0,0.0,1.0,0.3308602065557137,0.8624585162901891,0.3830101948478893,-0.18019496232664958,-0.3562409306911496,-0.2616877380072971,0.8970016185712769,-0.41722534714634985,0.8738557731365739,-0.43322605139255227,0.22066096790438133,-0.03513390485594935,0.0,0.0,0.0,1.0,SM1,0159
E-V2,9.999999999999975,78.7458962769001,0.5067885267066881,4.207271795196514,1,1,1,0,,,,,,0.0011234283447265625,0.31462931632995605,0.0,0.0,0.9549084249084249,1.0041683878478351,26629,0.9784966342557966,0.0009470946915911199,1.091125936419053,6.01125550059596,0.0022016782462576387,0.7936564905924997,0.0001332099704877271,-0.6083661374497276,0.3194187430269132,-0.12714884586191505,0.9779518251284298,-0.16566049234490532,0.07538226133790518,0.5949307068359979,0.20883057722248768,0.7761747509939644,-0.3185133410542149,0.0,0.0,0.0,1.0,0.6854270802215108,0.02937471223383166,-0.727548497871962,0.3690864262794745,-0.20218224320413572,0.9675727123949701,-0.15141123290757907,0.06497149778419538,0.6995084382417539,0.2508787451090484,0.6691396095842138,-0.25979449425829254,0.0,0.0,0.0,1.0,SM1,0232
E-L,9.999999999999975,78.7458962769001,0.4598650950304224,3.7236805024490027,1,1,1,0,,1.0,763.0,,,0.0,0.0,0.19342923164367676,0.0,0.9549084249084249,1.0041683878478351,26629,0.9784966342557966,0.0009470946915911199,1.091125936419053,6.01125550059596,0.0022016782462576387,0.7936564905924997,0.0001332099704877271,-0.6083661374497276,0.3194187430269132,-0.12714884586191505,0.9779518251284298,-0.16566049234490532,0.07538226133790518,0.5949307068359979,0.20883057722248768,0.7761747509939644,-0.3185133410542149,0.0,0.0,0.0,1.0,0.6870928261441382,0.02275551835588049,-0.7262132156919319,0.3699312612827213,-0.20237123203971857,0.9659501821625014,-0.16120214025551077,0.06972108197252411,0.697817549724846,0.2577254973117452,0.6683025028618601,-0.2628481491688278,0.0,0.0,0.0,1.0,SM1,0232
E-I,9.999999999999975,78.7458962769001,0.039623695555353076,0.35728881331096796,1,1,1,0,,,,0.9784966342557966,0.0009470946915911199,0.0,0.0,0.0,0.025447607040405273,0.9549084249084249,1.0041683878478351,26629,0.9784966342557966,0.0009470946915911199,1.091125936419053,6.01125550059596,0.0022016782462576387,0.7936564905924997,0.0001332099704877271,-0.6083661374497276,0.3194187430269132,-0.12714884586191505,0.9779518251284298,-0.16566049234490532,0.07538226133790518,0.5949307068359979,0.20883057722248768,0.7761747509939644,-0.3185133410542149,0.0,0.0,0.0,1.0,0.6812285917290699,0.024715499977839332,-0.7316534356317019,0.37226596513258514,-0.20357032759226873,0.9664073231884037,-0.1568948928799178,0.06764816365699068,0.7031975025089355,0.2558242165016246,0.663375642239392,-0.26022229012547293,0.0,0.0,0.0,1.0,SM1,0232
E-V5b,9.999999999999975,78.7458962769001,0.447956658080404,3.0908037175563843,1,1,1,0,,,,,,0.005878448486328125,0.9086384773254395,0.0,0.0,0.9549084249084249,1.0041683878478351,26629,0.9784966342557966,0.0009470946915911199,1.091125936419053,6.01125550059596,0.0022016782462576387,0.7936564905924997,0.0001332099704877271,-0.6083661374497276,0.3194187430269132,-0.12714884586191505,0.9779518251284298,-0.16566049234490532,0.07538226133790518,0.5949307068359979,0.20883057722248768,0.7761747509939644,-0.3185133410542149,0.0,0.0,0.0,1.0,0.6867007612562058,0.02238840542534762,-0.7265953339983802,0.3692356564335293,-0.19852349568316285,0.9673065465860636,-0.15781795876012533,0.06883583830653542,0.6993071068576016,0.2526199726669437,0.6686947698704615,-0.26112962582419824,0.0,0.0,0.0,1.0,SM1,0232
E-V5d,9.999999999999975,78.7458962769001,0.608664412178505,4.062863138102539,1,1,1,0,,,,,,0.005878448486328125,0.9086384773254395,0.0,0.0,0.9549084249084249,1.0041683878478351,26629,0.9784966342557966,0.0009470946915911199,1.091125936419053,6.01125550059596,0.0022016782462576387,0.7936564905924997,0.0001332099704877271,-0.6083661374497276,0.3194187430269132,-0.12714884586191505,0.9779518251284298,-0.16566049234490532,0.07538226133790518,0.5949307068359979,0.20883057722248768,0.7761747509939644,-0.3185133410542149,0.0,0.0,0.0,1.0,0.6885777440906777,0.022727783281719423,-0.7248062456296317,0.3684163814842843,-0.19735143532528354,0.96765600051987,-0.15714425602450754,0.06629172391860201,0.6977915482919732,0.2512476047268577,0.670791749980813,-0.26125026541096974,0.0,0.0,0.0,1.0,SM1,0232
E-V5x2,9.999999999999975,78.7458962769001,0.4358021977758115,4.683479498829192,1,1,1,0,,,,,,0.01193857192993164,1.8142645359039307,0.0,0.0,0.9549084249084249,1.0041683878478351,26629,0.9784966342557966,0.0009470946915911199,1.091125936419053,6.01125550059596,0.0022016782462576387,0.7936564905924997,0.0001332099704877271,-0.6083661374497276,0.3194187430269132,-0.12714884586191505,0.9779518251284298,-0.16566049234490532,0.07538226133790518,0.5949307068359979,0.20883057722248768,0.7761747509939644,-0.3185133410542149,0.0,0.0,0.0,1.0,0.6863833562789119,0.02382019587903193,-0.7268496948060943,0.36751423766851793,-0.1989755266038762,0.9674775684762568,-0.15619183129848443,0.06715663319605583,0.6994902564447629,0.2518327754217615,0.6688001392317008,-0.2612074030056413,0.0,0.0,0.0,1.0,SM1,0232
E-VI,9.999999999999975,78.7458962769001,0.009528271115545994,0.03793151031530322,1,1,1,0,,,,1.0,0.0008037498284980216,0.0,0.0,0.0,0.022040367126464844,0.9549084249084249,1.0041683878478351,26629,0.9784966342557966,0.0009470946915911199,1.091125936419053,6.01125550059596,0.0022016782462576387,0.7936564905924997,0.0001332099704877271,-0.6083661374497276,0.3194187430269132,-0.12714884586191505,0.9779518251284298,-0.16566049234490532,0.07538226133790518,0.5949307068359979,0.20883057722248768,0.7761747509939644,-0.3185133410542149,0.0,0.0,0.0,1.0,0.6815259543482682,0.024276575061000623,-0.731391149670933,0.37210985449259715,-0.2031567266164909,0.9664403169147654,-0.1572273898612794,0.06785538427605804,0.703028953034872,0.2557415800335727,0.6635861114436238,-0.26043125108361326,0.0,0.0,0.0,1.0,SM1,0232
E-V2,9.999999999999245,79.51957505086759,0.6068195798593338,3.9325257777778604,1,1,1,0,,,,,,0.0011026859283447266,0.31368470191955566,0.0,0.0,0.9013182961213138,0.9285797101449276,25875,0.999834656084656,0.0008400241686007139,0.29453400002898067,1.4182690153442408,0.001968317020764962,0.9993920591111095,-0.025853606057470474,0.02339023812368224,0.013445748263100707,0.029434771802998493,0.9852346015641866,-0.16866052913934915,0.07624481413423731,-0.018684389060464435,0.16924647982893218,0.9853966321593323,-0.43313714204488246,0.0,0.0,0.0,1.0,0.9849828231528959,-0.03694352498332349,0.16865345948144372,-0.05403464619860274,0.05302571984135207,0.994358081841288,-0.09187082263217747,0.04161917503761025,-0.16430789133447954,0.09943414104305343,0.9813846380995017,-0.43532668706731553,0.0,0.0,0.0,1.0,SM1,0256
E-L,9.999999999999245,79.51957505086759,0.5143883733004447,3.6073034204746266,1,1,1,0,,1.0,630.0,,,0.0,0.0,0.1801440715789795,0.0,0.9013182961213138,0.9285797101449276,25875,0.999834656084656,0.0008400241686007139,0.29453400002898067,1.4182690153442408,0.001968317020764962,0.9993920591111095,-0.025853606057470474,0.02339023812368224,0.013445748263100707,0.029434771802998493,0.9852346015641866,-0.16866052913934915,0.07624481413423731,-0.018684389060464435,0.16924647982893218,0.9853966321593323,-0.43313714204488246,0.0,0.0,0.0,1.0,0.9852671706263617,-0.032319980016650034,0.16794052928834005,-0.05301515245195305,0.0472024852197376,0.9952284180697298,-0.08539508917674886,0.03882866188557079,-0.16437921971771563,0.09206418825008916,0.982091470977551,-0.4358523870584887,0.0,0.0,0.0,1.0,SM1,0256
E-I,9.999999999999245,79.51957505086759,0.00593073530248042,0.1293180323653269,1,1,1,0,,,,0.999834656084656,0.0008400241686007139,0.0,0.0,0.0,0.025135517120361328,0.9013182961213138,0.9285797101449276,25875,0.999834656084656,0.0008400241686007139,0.29453400002898067,1.4182690153442408,0.001968317020764962,0.9993920591111095,-0.025853606057470474,0.02339023812368224,0.013445748263100707,0.029434771802998493,0.9852346015641866,-0.16866052913934915,0.07624481413423731,-0.018684389060464435,0.16924647982893218,0.9853966321593323,-0.43313714204488246,0.0,0.0,0.0,1.0,0.9837125240789213,-0.03570648696306053,0.17616673000040445,-0.0566402577294006,0.051296910347797826,0.9950807179618111,-0.08475253228888557,0.03861694408055331,-0.1722739009805273,0.09240893641507586,0.9807049971890568,-0.4354149928923519,0.0,0.0,0.0,1.0,SM1,0256
E-V5b,9.999999999999245,79.51957505086759,0.45840926128342996,2.459538133639205,1,1,1,0,,,,,,0.006166219711303711,0.9050164222717285,0.0,0.0,0.9013182961213138,0.9285797101449276,25875,0.999834656084656,0.0008400241686007139,0.29453400002898067,1.4182690153442408,0.001968317020764962,0.9993920591111095,-0.025853606057470474,0.02339023812368224,0.013445748263100707,0.029434771802998493,0.9852346015641866,-0.16866052913934915,0.07624481413423731,-0.018684389060464435,0.16924647982893218,0.9853966321593323,-0.43313714204488246,0.0,0.0,0.0,1.0,0.9829809639217482,-0.04152959061985364,0.17895163123998334,-0.05804884124219838,0.05808213234709436,0.9944015061837346,-0.08827268836022412,0.040154809093963094,-0.17428385137157115,0.09716425695679314,0.9798899365136273,-0.43653220747090643,0.0,0.0,0.0,1.0,SM1,0256
E-V5d,9.999999999999245,79.51957505086759,0.35293942888545965,1.8839406314149245,1,1,1,0,,,,,,0.006166219711303711,0.9050164222717285,0.0,0.0,0.9013182961213138,0.9285797101449276,25875,0.999834656084656,0.0008400241686007139,0.29453400002898067,1.4182690153442408,0.001968317020764962,0.9993920591111095,-0.025853606057470474,0.02339023812368224,0.013445748263100707,0.029434771802998493,0.9852346015641866,-0.16866052913934915,0.07624481413423731,-0.018684389060464435,0.16924647982893218,0.9853966321593323,-0.43313714204488246,0.0,0.0,0.0,1.0,0.982998312760922,-0.04065105867798365,0.17905802744902805,-0.05808067286805055,0.056791231047056245,0.994679072870619,-0.08595495977231565,0.03974791802119314,-0.17461112096531292,0.0946624986417673,0.9800765323234074,-0.43531244938768776,0.0,0.0,0.0,1.0,SM1,0256
E-V5x2,9.999999999999245,79.51957505086759,0.25624644029563964,2.351623476733174,1,1,1,0,,,,,,0.01218724250793457,1.8135771751403809,0.0,0.0,0.9013182961213138,0.9285797101449276,25875,0.999834656084656,0.0008400241686007139,0.29453400002898067,1.4182690153442408,0.001968317020764962,0.9993920591111095,-0.025853606057470474,0.02339023812368224,0.013445748263100707,0.029434771802998493,0.9852346015641866,-0.16866052913934915,0.07624481413423731,-0.018684389060464435,0.16924647982893218,0.9853966321593323,-0.43313714204488246,0.0,0.0,0.0,1.0,0.9831606432414569,-0.03873450623630968,0.17859125944350437,-0.05781056306870356,0.05486311790445108,0.9947597012404329,-0.08627369776063354,0.03977967293245182,-0.17431362428061756,0.09461897637914951,0.9801336427991862,-0.43367625038695623,0.0,0.0,0.0,1.0,SM1,0256
E-VI,9.999999999999245,79.51957505086759,0.015911201103063467,0.09216778497478743,1,1,1,0,,,,1.0,0.0008320281811252513,0.0,0.0,0.0,0.024181842803955078,0.9013182961213138,0.9285797101449276,25875,0.999834656084656,0.0008400241686007139,0.29453400002898067,1.4182690153442408,0.001968317020764962,0.9993920591111095,-0.025853606057470474,0.02339023812368224,0.013445748263100707,0.029434771802998493,0.9852346015641866,-0.16866052913934915,0.07624481413423731,-0.018684389060464435,0.16924647982893218,0.9853966321593323,-0.43313714204488246,0.0,0.0,0.0,1.0,0.9836839885981462,-0.03591835081639282,0.17628310488682186,-0.056666263690035516,0.051519244219124335,0.9950707106520872,-0.08473502289888957,0.03861584568042412,-0.17237061752436242,0.09243445652647574,0.9806855711427082,-0.435308007065396,0.0,0.0,0.0,1.0,SM1,0256
E-V2,10.000000000000124,61.23134768080375,0.42258636158271673,1.0117887996685626,1,1,1,0,,,,,,0.0010857582092285156,0.31359243392944336,0.0,0.0,0.7947294612597873,1.0205242903660823,30403,0.9982815185127324,0.0008479615509817387,0.7841892179175315,3.304532336818637,0.002843832169703247,0.22148016996171457,0.9737556736419816,-0.05240631988395372,-0.0074733202904731805,-0.9394352445437074,0.2274707764585707,0.2563561334675656,-0.07882868803277449,0.26154914571230214,-0.007545456075305934,0.9651606656250453,-0.3708846395051314,0.0,0.0,0.0,1.0,0.27595522718031285,0.9412975211751817,-0.1944420143958572,0.04869626483946811,-0.8959511090483411,0.32516042628270075,0.30255956697929665,-0.10118678782112647,0.3480234195553328,0.09071764564037826,0.9330863078690985,-0.3635912991317563,0.0,0.0,0.0,1.0,SM1,0478
E-L,10.000000000000124,61.23134768080375,0.33051090661743465,2.1740556078445388,1,1,1,0,,1.0,727.0,,,0.0,0.0,0.1914968490600586,0.0,0.7947294612597873,1.0205242903660823,30403,0.9982815185127324,0.0008479615509817387,0.7841892179175315,3.304532336818637,0.002843832169703247,0.22148016996171457,0.9737556736419816,-0.05240631988395372,-0.0074733202904731805,-0.9394352445437074,0.2274707764585707,0.2563561334675656,-0.07882868803277449,0.26154914571230214,-0.007545456075305934,0.9651606656250453,-0.3708846395051314,0.0,0.0,0.0,1.0,0.28044397350070055,0.9399848352951862,-0.1943699748989489,0.04689210739001309,-0.8942234116895741,0.329451301473808,0.30302859591707204,-0.10048657118235774,0.3488777260207307,0.08882763856083314,0.9329490784144167,-0.36290644173374353,0.0,0.0,0.0,1.0,SM1,0478
E-I,10.000000000000124,61.23134768080375,0.019726948442439073,0.09660511776017104,1,1,1,0,,,,0.9982815185127324,0.0008479615509817387,0.0,0.0,0.0,0.027492046356201172,0.7947294612597873,1.0205242903660823,30403,0.9982815185127324,0.0008479615509817387,0.7841892179175315,3.304532336818637,0.002843832169703247,0.22148016996171457,0.9737556736419816,-0.05240631988395372,-0.0074733202904731805,-0.9394352445437074,0.2274707764585707,0.2563561334675656,-0.07882868803277449,0.26154914571230214,-0.007545456075305934,0.9651606656250453,-0.3708846395051314,0.0,0.0,0.0,1.0,0.2795813765907756,0.9391927066616665,-0.19937731470038905,0.04878560660432239,-0.8931875236901783,0.33059752356362737,0.3048299935009749,-0.10134175736002705,0.3522077531625534,0.09285654078807871,0.931304118666431,-0.3625811226234036,0.0,0.0,0.0,1.0,SM1,0478
E-V5b,10.000000000000124,61.23134768080375,0.8033207037184831,3.0793849925468577,1,1,1,0,,,,,,0.006160259246826172,0.9096133708953857,0.0,0.0,0.7947294612597873,1.0205242903660823,30403,0.9982815185127324,0.0008479615509817387,0.7841892179175315,3.304532336818637,0.002843832169703247,0.22148016996171457,0.9737556736419816,-0.05240631988395372,-0.0074733202904731805,-0.9394352445437074,0.2274707764585707,0.2563561334675656,-0.07882868803277449,0.26154914571230214,-0.007545456075305934,0.9651606656250453,-0.3708846395051314,0.0,0.0,0.0,1.0,0.27271329903440455,0.9429994866737037,-0.19073384606738827,0.04793533439115087,-0.898665007844485,0.32046966723806386,0.2995001729172824,-0.09930943056761951,0.3435529205283738,0.08972815535735049,0.934837016941144,-0.36467288591260005,0.0,0.0,0.0,1.0,SM1,0478
E-V5d,10.000000000000124,61.23134768080375,0.7953786200382458,2.742293608530914,1,1,1,0,,,,,,0.006160259246826172,0.9096133708953857,0.0,0.0,0.7947294612597873,1.0205242903660823,30403,0.9982815185127324,0.0008479615509817387,0.7841892179175315,3.304532336818637,0.002843832169703247,0.22148016996171457,0.9737556736419816,-0.05240631988395372,-0.0074733202904731805,-0.9394352445437074,0.2274707764585707,0.2563561334675656,-0.07882868803277449,0.26154914571230214,-0.007545456075305934,0.9651606656250453,-0.3708846395051314,0.0,0.0,0.0,1.0,0.2725983447171741,0.9430080926197522,-0.19085558699484065,0.04788481751262362,-0.8986101306963188,0.32042333720920885,0.29971432315864877,-0.09931194992492343,0.3437876153460646,0.08980313789477087,0.9347435323461531,-0.3640943705253273,0.0,0.0,0.0,1.0,SM1,0478
E-V5x2,10.000000000000124,61.23134768080375,0.39010064603848377,2.3254413718082096,1,1,1,0,,,,,,0.012060403823852539,1.8168692588806152,0.0,0.0,0.7947294612597873,1.0205242903660823,30403,0.9982815185127324,0.0008479615509817387,0.7841892179175315,3.304532336818637,0.002843832169703247,0.22148016996171457,0.9737556736419816,-0.05240631988395372,-0.0074733202904731805,-0.9394352445437074,0.2274707764585707,0.2563561334675656,-0.07882868803277449,0.26154914571230214,-0.007545456075305934,0.9651606656250453,-0.3708846395051314,0.0,0.0,0.0,1.0,0.27472651455888925,0.9408097224141001,-0.198500510961248,0.04790963090760517,-0.8962273583598118,0.32533270308307416,0.3015545764993868,-0.09929167928304777,0.34828418191275673,0.09505655053358009,0.9325568821355517,-0.36280086559782737,0.0,0.0,0.0,1.0,SM1,0478
E-VI,10.000000000000124,61.23134768080375,0.00668923125324137,0.03778450705835102,1,1,1,0,,,,1.0,0.0007926538334237495,0.0,0.0,0.0,0.024639368057250977,0.7947294612597873,1.0205242903660823,30403,0.9982815185127324,0.0008479615509817387,0.7841892179175315,3.304532336818637,0.002843832169703247,0.22148016996171457,0.9737556736419816,-0.05240631988395372,-0.0074733202904731805,-0.9394352445437074,0.2274707764585707,0.2563561334675656,-0.07882868803277449,0.26154914571230214,-0.007545456075305934,0.9651606656250453,-0.3708846395051314,0.0,0.0,0.0,1.0,0.2793955191175013,0.9392371438826818,-0.19942862322039792,0.04880218537146548,-0.8932006708118513,0.33045121757089685,0.30495009865475564,-0.1014176310810567,0.3523218877720224,0.092928088544814,0.9312537868104771,-0.36263372748109163,0.0,0.0,0.0,1.0,SM1,0478
E-V2,9.99999999999983,67.47777006037691,0.6215066291088065,2.7716456967884673,1,1,1,0,,,,,,0.001107931137084961,0.31522226333618164,0.0,0.0,0.8875237533582334,0.952385793683069,29508,0.991311343523733,0.0008769173799531526,0.6518790448522833,2.8054374768032293,0.001100309871664897,0.4843424404327232,0.8008161855415461,-0.3522865841475681,0.12386187298629928,-0.750210109993284,0.5873310205600557,0.3036890896159241,-0.12950560098082195,0.45010797733381586,0.11719944224513688,0.8852497384794251,-0.3495899477882685,0.0,0.0,0.0,1.0,0.3793186047788473,0.8221501846775283,-0.42448380811730635,0.15447859320680382,-0.7198229287145032,0.5504584361162834,0.42290716594362465,-0.1791990650142576,0.5813538562095812,0.14513662152832785,0.8006016937563594,-0.3164934573043456,0.0,0.0,0.0,1.0,SM1,0484
E-L,9.99999999999983,67.47777006037691,0.513430115034335,2.645964514988952,1,1,1,0,,1.0,893.0,,,0.0,0.0,0.21251201629638672,0.0,0.8875237533582334,0.952385793683069,29508,0.991311343523733,0.0008769173799531526,0.6518790448522833,2.8054374768032293,0.001100309871664897,0.4843424404327232,0.8008161855415461,-0.3522865841475681,0.12386187298629928,-0.750210109993284,0.5873310205600557,0.3036890896159241,-0.12950560098082195,0.45010797733381586,0.11719944224513688,0.8852497384794251,-0.3495899477882685,0.0,0.0,0.0,1.0,0.3892714660682925,0.8218115339184158,-0.4160451038333486,0.1505217839546288,-0.7142569751053557,0.5545110132457837,0.4270298698012599,-0.17948388487062433,0.5816396644129322,0.13093257389891297,0.8028399354004614,-0.31770230432642577,0.0,0.0,0.0,1.0,SM1,0484
E-I,9.99999999999983,67.47777006037691,0.014863060438462555,0.03401040684331017,1,1,1,0,,,,0.991311343523733,0.0008769173799531526,0.0,0.0,0.0,0.028480052947998047,0.8875237533582334,0.952385793683069,29508,0.991311343523733,0.0008769173799531526,0.6518790448522833,2.8054374768032293,0.001100309871664897,0.4843424404327232,0.8008161855415461,-0.3522865841475681,0.12386187298629928,-0.750210109993284,0.5873310205600557,0.3036890896159241,-0.12950560098082195,0.45010797733381586,0.11719944224513688,0.8852497384794251,-0.3495899477882685,0.0,0.0,0.0,1.0,0.38191539515515766,0.8230613167521194,-0.420369717998034,0.15221488494182356,-0.714426783837726,0.551467713385123,0.43067125702682774,-0.18082791427851844,0.5862891790565157,0.13584340234273787,0.7986310591012513,-0.31619992829212956,0.0,0.0,0.0,1.0,SM1,0484
E-V5b,9.99999999999983,67.47777006037691,0.6759639291619911,3.4130558937104736,1,1,1,0,,,,,,0.006058692932128906,0.9071307182312012,0.0,0.0,0.8875237533582334,0.952385793683069,29508,0.991311343523733,0.0008769173799531526,0.6518790448522833,2.8054374768032293,0.001100309871664897,0.4843424404327232,0.8008161855415461,-0.3522865841475681,0.12386187298629928,-0.750210109993284,0.5873310205600557,0.3036890896159241,-0.12950560098082195,0.45010797733381586,0.11719944224513688,0.8852497384794251,-0.3495899477882685,0.0,0.0,0.0,1.0,0.38879446867541206,0.8220811995351728,-0.41595834972085416,0.1510063064304204,-0.7178783099783536,0.5532954316267079,0.4225102193993746,-0.17832578807494132,0.5774855649269113,0.1343378417616715,0.8052724490587544,-0.3181788609009529,0.0,0.0,0.0,1.0,SM1,0484
E-V5d,9.99999999999983,67.47777006037691,0.616666105691397,2.8895782972056354,1,1,1,0,,,,,,0.006058692932128906,0.9071307182312012,0.0,0.0,0.8875237533582334,0.952385793683069,29508,0.991311343523733,0.0008769173799531526,0.6518790448522833,2.8054374768032293,0.001100309871664897,0.4843424404327232,0.8008161855415461,-0.3522865841475681,0.12386187298629928,-0.750210109993284,0.5873310205600557,0.3036890896159241,-0.12950560098082195,0.45010797733381586,0.11719944224513688,0.8852497384794251,-0.3495899477882685,0.0,0.0,0.0,1.0,0.3882236212787597,0.8224737488710333,-0.4157154537729818,0.15096812440373283,-0.7175165954790432,0.5528451837777552,0.42371231520625785,-0.17831047953856247,0.578318545096296,0.1337876085783952,0.8047661069213619,-0.3168606265007641,0.0,0.0,0.0,1.0,SM1,0484
E-V5x2,9.99999999999983,67.47777006037691,0.3221798257014122,3.0143673001987628,1,1,1,0,,,,,,0.012006282806396484,1.8157110214233398,0.0,0.0,0.8875237533582334,0.952385793683069,29508,0.991311343523733,0.0008769173799531526,0.6518790448522833,2.8054374768032293,0.001100309871664897,0.4843424404327232,0.8008161855415461,-0.3522865841475681,0.12386187298629928,-0.750210109993284,0.5873310205600557,0.3036890896159241,-0.12950560098082195,0.45010797733381586,0.11719944224513688,0.8852497384794251,-0.3495899477882685,0.0,0.0,0.0,1.0,0.3861295473003516,0.8216219485545387,-0.41933439594259037,0.15101390772012518,-0.715021295927742,0.553796633853433,0.4266776524058778,-0.17830651398272673,0.5827937013690985,0.13508017603875921,0.8013144402032718,-0.3150783194912528,0.0,0.0,0.0,1.0,SM1,0484
E-VI,9.99999999999983,67.47777006037691,0.009216551888653682,0.026516815538580072,1,1,1,0,,,,0.9998390989541432,0.0007633696668278207,0.0,0.0,0.0,0.02417612075805664,0.8875237533582334,0.952385793683069,29508,0.991311343523733,0.0008769173799531526,0.6518790448522833,2.8054374768032293,0.001100309871664897,0.4843424404327232,0.8008161855415461,-0.3522865841475681,0.12386187298629928,-0.750210109993284,0.5873310205600557,0.3036890896159241,-0.12950560098082195,0.45010797733381586,0.11719944224513688,0.8852497384794251,-0.3495899477882685,0.0,0.0,0.0,1.0,0.3820246877472574,0.8229704459117398,-0.4204482993293593,0.15223687115029835,-0.7142935668971722,0.5516175911720974,0.4307002643986279,-0.1808112996860867,0.5863802669982859,0.1357853830054529,0.7985740395225809,-0.3162267562988747,0.0,0.0,0.0,1.0,SM1,0484
E-V2,10.00000000000005,86.54762881821082,1.2156252147708067,7.083932183660179,1,1,1,0,,,,,,0.0010960102081298828,0.31539130210876465,0.0,0.0,0.9380262864780575,1.0235857834015631,21496,0.9963739555415418,0.000885591369784302,1.3502763807358147,9.427490742860288,0.0032539140139736344,-0.07003451876781368,-0.5400078647198924,-0.838741123483058,0.4177701096084674,0.3102205994982973,0.7873242633017863,-0.5328073611195863,0.26094277208356514,0.9480814025324398,-0.29750968128274846,0.11238168763263616,0.01802174872966778,0.0,0.0,0.0,1.0,0.004819233560117264,-0.42638603685490245,-0.9045284290759845,0.45185439622417894,0.34123808123449995,0.8509456061364885,-0.39930951813214394,0.19166214927618527,0.939964548015223,-0.3067351774724543,0.1496000622226787,-0.0019661274064100495,0.0,0.0,0.0,1.0,SM1,0515
E-L,10.00000000000005,86.54762881821082,0.4364501891762635,3.485897463208522,1,1,1,0,,1.0,894.0,,,0.0,0.0,0.20998096466064453,0.0,0.9380262864780575,1.0235857834015631,21496,0.9963739555415418,0.000885591369784302,1.3502763807358147,9.427490742860288,0.0032539140139736344,-0.07003451876781368,-0.5400078647198924,-0.838741123483058,0.4177701096084674,0.3102205994982973,0.7873242633017863,-0.5328073611195863,0.26094277208356514,0.9480814025324398,-0.29750968128274846,0.11238168763263616,0.01802174872966778,0.0,0.0,0.0,1.0,0.022738404842910814,-0.4184559986382528,-0.9079523898029355,0.4553043050676244,0.3430606701878373,0.8563087560841122,-0.38606306586353567,0.1891159653190314,0.9390379872590209,-0.3027042970579427,0.16302689050332914,-0.007380030423193525,0.0,0.0,0.0,1.0,SM1,0515
E-I,10.00000000000005,86.54762881821082,0.04924538968620145,0.3524685614655775,1,1,1,0,,,,0.9963739555415418,0.000885591369784302,0.0,0.0,0.0,0.028996944427490234,0.9380262864780575,1.0235857834015631,21496,0.9963739555415418,0.000885591369784302,1.3502763807358147,9.427490742860288,0.0032539140139736344,-0.07003451876781368,-0.5400078647198924,-0.838741123483058,0.4177701096084674,0.3102205994982973,0.7873242633017863,-0.5328073611195863,0.26094277208356514,0.9480814025324398,-0.29750968128274846,0.11238168763263616,0.01802174872966778,0.0,0.0,0.0,1.0,0.018450049574099577,-0.4125406473198406,-0.9107523318551753,0.4561785261245167,0.3436362278101874,0.8580326501750682,-0.3816989837161411,0.1870512912269335,0.9389215827784015,-0.30592513061609783,0.1575946567952886,-0.004649464838003545,0.0,0.0,0.0,1.0,SM1,0515
E-V5b,10.00000000000005,86.54762881821082,1.6139653904727576,11.159284620516116,1,0,1,0,,,,,,0.0067195892333984375,0.9080994129180908,0.0,0.0,0.9380262864780575,1.0235857834015631,21496,0.9963739555415418,0.000885591369784302,1.3502763807358147,9.427490742860288,0.0032539140139736344,-0.07003451876781368,-0.5400078647198924,-0.838741123483058,0.4177701096084674,0.3102205994982973,0.7873242633017863,-0.5328073611195863,0.26094277208356514,0.9480814025324398,-0.29750968128274846,0.11238168763263616,0.01802174872966778,0.0,0.0,0.0,1.0,0.006246350566208397,-0.43499015646400274,-0.9004135448103447,0.450007841658301,0.34173732111044325,0.8471474871781748,-0.40688661757014066,0.19604716488676055,0.9397747772470509,-0.30516334283370605,0.1539439482796376,-0.0034745337802230443,0.0,0.0,0.0,1.0,SM1,0515
E-V5d,10.00000000000005,86.54762881821082,1.5444325504637804,10.25482686978982,1,0,1,0,,,,,,0.0067195892333984375,0.9080994129180908,0.0,0.0,0.9380262864780575,1.0235857834015631,21496,0.9963739555415418,0.000885591369784302,1.3502763807358147,9.427490742860288,0.0032539140139736344,-0.07003451876781368,-0.5400078647198924,-0.838741123483058,0.4177701096084674,0.3102205994982973,0.7873242633017863,-0.5328073611195863,0.26094277208356514,0.9480814025324398,-0.29750968128274846,0.11238168763263616,0.01802174872966778,0.0,0.0,0.0,1.0,0.005513498444518705,-0.43342255747606195,-0.901173952602316,0.4499453819179007,0.34246374134811747,0.8475104498078287,-0.40551769943341753,0.19486773341161562,0.9395148922085449,-0.3063835687496257,0.15310425547603226,-0.0033824018088856357,0.0,0.0,0.0,1.0,SM1,0515
E-V5x2,10.00000000000005,86.54762881821082,0.8028523393005436,7.89748382686863,1,1,1,0,,,,,,0.012629508972167969,1.81563138961792,0.0,0.0,0.9380262864780575,1.0235857834015631,21496,0.9963739555415418,0.000885591369784302,1.3502763807358147,9.427490742860288,0.0032539140139736344,-0.07003451876781368,-0.5400078647198924,-0.838741123483058,0.4177701096084674,0.3102205994982973,0.7873242633017863,-0.5328073611195863,0.26094277208356514,0.9480814025324398,-0.29750968128274846,0.11238168763263616,0.01802174872966778,0.0,0.0,0.0,1.0,0.012978021236073639,-0.4237659495889331,-0.9056787193437881,0.4499075610611489,0.3442665687559487,0.8522719911003711,-0.39384380099836025,0.19147751690893317,0.9387822437106355,-0.306683591764787,0.156949257845384,-0.0034166247065922943,0.0,0.0,0.0,1.0,SM1,0515
E-VI,10.00000000000005,86.54762881821082,0.019047163322019035,0.13073853237664,1,1,1,0,,,,1.0,0.0007981265276214327,0.0,0.0,0.0,0.02479839324951172,0.9380262864780575,1.0235857834015631,21496,0.9963739555415418,0.000885591369784302,1.3502763807358147,9.427490742860288,0.0032539140139736344,-0.07003451876781368,-0.5400078647198924,-0.838741123483058,0.4177701096084674,0.3102205994982973,0.7873242633017863,-0.5328073611195863,0.26094277208356514,0.9480814025324398,-0.29750968128274846,0.11238168763263616,0.01802174872966778,0.0,0.0,0.0,1.0,0.01898925887447977,-0.4122889796839522,-0.9108551789218287,0.45612684294636224,0.3432655092600332,0.8583322593754479,-0.38135872803153514,0.18682621614732475,0.9390464305370748,-0.30542344711818714,0.15782368447324413,-0.004765660196357769,0.0,0.0,0.0,1.0,SM1,0515
E-V2,9.999999999999757,33.80410124458132,0.5077317344653173,2.068546633299554,1,1,1,0,,,,,,0.0010836124420166016,0.316875696182251,0.0,0.0,0.8939986787946542,1.0344978165938865,18320,0.9992813510600072,0.0008722866438301932,1.2406464038892182,6.743477015404307,0.004085559817433134,-0.3493468554562865,-0.7332321032888738,-0.5833759142177353,0.28942968990924534,0.31331643296654244,0.4953517500574567,-0.8102218563752385,0.4036659929158496,0.883056955929757,-0.4658297182679402,0.05668409091168394,0.07599016111311005,0.0,0.0,0.0,1.0,-0.41613118263162513,-0.6390134812529568,-0.6469131346994167,0.3138456611273777,0.43421788872072997,0.4854344716699577,-0.7588202726750016,0.3874803447972336,0.7989303332448813,-0.5966700010167506,0.07546666055135631,0.06335249725432146,0.0,0.0,0.0,1.0,SM1,0526
E-L,9.999999999999757,33.80410124458132,0.3120180116462206,0.8851044602772602,1,1,1,0,,1.0,1111.0,,,0.0,0.0,0.23446345329284668,0.0,0.8939986787946542,1.0344978165938865,18320,0.9992813510600072,0.0008722866438301932,1.2406464038892182,6.743477015404307,0.004085559817433134,-0.3493468554562865,-0.7332321032888738,-0.5833759142177353,0.28942968990924534,0.31331643296654244,0.4953517500574567,-0.8102218563752385,0.4036659929158496,0.883056955929757,-0.4658297182679402,0.05668409091168394,0.07599016111311005,0.0,0.0,0.0,1.0,-0.4070605450659588,-0.6423403308742642,-0.6493847950044291,0.3142503942657055,0.4367771664935942,0.4875128277351555,-0.7560138554441316,0.38687393131712344,0.8022016077523366,-0.5913798628005624,0.08211235225929903,0.061578988035710644,0.0,0.0,0.0,1.0,SM1,0526
E-I,9.999999999999757,33.80410124458132,0.023134915295754413,0.10544374204645746,1,1,1,0,,,,0.9992813510600072,0.0008722866438301932,0.0,0.0,0.0,0.022977352142333984,0.8939986787946542,1.0344978165938865,18320,0.9992813510600072,0.0008722866438301932,1.2406464038892182,6.743477015404307,0.004085559817433134,-0.3493468554562865,-0.7332321032888738,-0.5833759142177353,0.28942968990924534,0.31331643296654244,0.4953517500574567,-0.8102218563752385,0.4036659929158496,0.883056955929757,-0.4658297182679402,0.05668409091168394,0.07599016111311005,0.0,0.0,0.0,1.0,-0.4098031153910811,-0.6387320165105546,-0.6512164138749306,0.3147970657002035,0.4396778778032651,0.487192867947485,-0.7545372576563215,0.38638385934163594,0.799215096445371,-0.5955371697093845,0.08118318242316531,0.06201496518380527,0.0,0.0,0.0,1.0,SM1,0526
E-V5b,9.999999999999757,33.80410124458132,0.7572100151437609,1.4206825753317192,1,1,1,0,,,,,,0.005838871002197266,0.9111461639404297,0.0,0.0,0.8939986787946542,1.0344978165938865,18320,0.9992813510600072,0.0008722866438301932,1.2406464038892182,6.743477015404307,0.004085559817433134,-0.3493468554562865,-0.7332321032888738,-0.5833759142177353,0.28942968990924534,0.31331643296654244,0.4953517500574567,-0.8102218563752385,0.4036659929158496,0.883056955929757,-0.4658297182679402,0.05668409091168394,0.07599016111311005,0.0,0.0,0.0,1.0,-0.4040656692068595,-0.6448869423194138,-0.6487308821326273,0.31371577605034395,0.43071492739627637,0.4915297368019906,-0.7568904427575308,0.3871009373391966,0.8069792905705263,-0.5852515289737492,0.0791521457000725,0.061529400026722005,0.0,0.0,0.0,1.0,SM1,0526
E-V5d,9.999999999999757,33.80410124458132,0.7286943611532317,1.6930558105806066,1,1,1,0,,,,,,0.005838871002197266,0.9111461639404297,0.0,0.0,0.8939986787946542,1.0344978165938865,18320,0.9992813510600072,0.0008722866438301932,1.2406464038892182,6.743477015404307,0.004085559817433134,-0.3493468554562865,-0.7332321032888738,-0.5833759142177353,0.28942968990924534,0.31331643296654244,0.4953517500574567,-0.8102218563752385,0.4036659929158496,0.883056955929757,-0.4658297182679402,0.05668409091168394,0.07599016111311005,0.0,0.0,0.0,1.0,-0.405227244670848,-0.6443667734487654,-0.6485231933433938,0.3137401317540052,0.43042347222903843,0.4913643335978469,-0.7571635882612081,0.3850465340072096,0.8065522325640464,-0.5859629302643636,0.07823637418932262,0.06155652925929031,0.0,0.0,0.0,1.0,SM1,0526
E-V5x2,9.999999999999757,33.80410124458132,0.3585638049987415,2.9874131988341532,1,1,1,0,,,,,,0.012048959732055664,1.8190340995788574,0.0,0.0,0.8939986787946542,1.0344978165938865,18320,0.9992813510600072,0.0008722866438301932,1.2406464038892182,6.743477015404307,0.004085559817433134,-0.3493468554562865,-0.7332321032888738,-0.5833759142177353,0.28942968990924534,0.31331643296654244,0.4953517500574567,-0.8102218563752385,0.4036659929158496,0.883056955929757,-0.4658297182679402,0.05668409091168394,0.07599016111311005,0.0,0.0,0.0,1.0,-0.4055614707915377,-0.6412186433096562,-0.651428101081613,0.31373290263986814,0.43670329156770565,0.49015109810546625,-0.7543488272960516,0.38354775908025146,0.8030007331306089,-0.5904156169063011,0.08123589646720948,0.06150472885999183,0.0,0.0,0.0,1.0,SM1,0526
E-VI,9.999999999999757,33.80410124458132,0.004908067495416924,0.025408807030362933,1,1,1,0,,,,1.0,0.0007923062893291393,0.0,0.0,0.0,0.022751331329345703,0.8939986787946542,1.0344978165938865,18320,0.9992813510600072,0.0008722866438301932,1.2406464038892182,6.743477015404307,0.004085559817433134,-0.3493468554562865,-0.7332321032888738,-0.5833759142177353,0.28942968990924534,0.31331643296654244,0.4953517500574567,-0.8102218563752385,0.4036659929158496,0.883056955929757,-0.4658297182679402,0.05668409091168394,0.07599016111311005,0.0,0.0,0.0,1.0,-0.40961985749995916,-0.6387070523302419,-0.6513562003287441,0.31481431297886175,0.4399723008454431,0.4871606262823085,-0.7543864498474633,0.38630467544168556,0.7991470425994451,-0.5955903572864163,0.08146274962458135,0.061978148484281695,0.0,0.0,0.0,1.0,SM1,0526
E-V2,9.999999999999975,78.83556352432323,1.844874655852431,12.5530220419666,1,0,1,0,,,,,,0.0011053085327148438,0.31578612327575684,0.0,0.0,0.9365909721396584,1.0525033602150538,23808,0.9990415335463259,0.000847905777569637,1.463072375718056,9.310406901254956,0.0037633213904902465,0.05775521108966425,-0.5491179156915657,-0.8337468742121548,0.39194552466142013,0.16126481314611052,0.8293046058886474,-0.5350210563079042,0.2583912679039329,0.985219770220299,-0.10355377983649805,0.13645006063991144,0.019454989258176354,0.0,0.0,0.0,1.0,0.19264735961253382,-0.5610703454926468,-0.8050385468710728,0.3884244265684717,0.1956742485142625,0.8258948625257144,-0.5287809034337437,0.2575440642015944,0.9615604885430337,-0.05565706418233014,0.26889347557654225,-0.04686341064515984,0.0,0.0,0.0,1.0,SM1,0554
E-L,9.999999999999975,78.83556352432323,0.3067663121148799,1.7540053075728423,1,1,1,0,,1.0,1009.0,,,0.0,0.0,0.22239375114440918,0.0,0.9365909721396584,1.0525033602150538,23808,0.9990415335463259,0.000847905777569637,1.463072375718056,9.310406901254956,0.0037633213904902465,0.05775521108966425,-0.5491179156915657,-0.8337468742121548,0.39194552466142013,0.16126481314611052,0.8293046058886474,-0.5350210563079042,0.2583912679039329,0.985219770220299,-0.10355377983649805,0.13645006063991144,0.019454989258176354,0.0,0.0,0.0,1.0,0.21615651033620126,-0.5609033397307939,-0.7991644427263501,0.3866670238151724,0.21089829345601663,0.8260151015979706,-0.5227054254065431,0.2560450050063488,0.9533091171580266,-0.05555623647203722,0.2968420989894241,-0.057824295102210176,0.0,0.0,0.0,1.0,SM1,0554
E-I,9.999999999999975,78.83556352432323,0.06776909452581882,0.563975693007295,1,1,1,0,,,,0.9990415335463259,0.000847905777569637,0.0,0.0,0.0,0.026028871536254883,0.9365909721396584,1.0525033602150538,23808,0.9990415335463259,0.000847905777569637,1.463072375718056,9.310406901254956,0.0037633213904902465,0.05775521108966425,-0.5491179156915657,-0.8337468742121548,0.39194552466142013,0.16126481314611052,0.8293046058886474,-0.5350210563079042,0.2583912679039329,0.985219770220299,-0.10355377983649805,0.13645006063991144,0.019454989258176354,0.0,0.0,0.0,1.0,0.21925436896384168,-0.5623181415143841,-0.7973241683368667,0.386048574249598,0.20902317677776122,0.8253067312952361,-0.5245742186273613,0.25681558732954135,0.9530146028576904,-0.05164404130761533,0.2984896308708508,-0.05860880031702301,0.0,0.0,0.0,1.0,SM1,0554
E-V5b,9.999999999999975,78.83556352432323,1.4499992820663903,10.052444181817426,1,0,1,0,,,,,,0.005780220031738281,0.9068379402160645,0.0,0.0,0.9365909721396584,1.0525033602150538,23808,0.9990415335463259,0.000847905777569637,1.463072375718056,9.310406901254956,0.0037633213904902465,0.05775521108966425,-0.5491179156915657,-0.8337468742121548,0.39194552466142013,0.16126481314611052,0.8293046058886474,-0.5350210563079042,0.2583912679039329,0.985219770220299,-0.10355377983649805,0.13645006063991144,0.019454989258176354,0.0,0.0,0.0,1.0,0.19830245114946699,-0.5628558342214439,-0.8024147651702715,0.3856173588294547,0.19894889435881383,0.8247452458659147,-0.529352990579343,0.25654769016529927,0.9597371640727667,-0.05466753299800231,0.275528557974618,-0.04908443520008206,0.0,0.0,0.0,1.0,SM1,0554
E-V5d,9.999999999999975,78.83556352432323,1.4329258739572355,10.05743778214974,1,0,1,0,,,,,,0.005780220031738281,0.9068379402160645,0.0,0.0,0.9365909721396584,1.0525033602150538,23808,0.9990415335463259,0.000847905777569637,1.463072375718056,9.310406901254956,0.0037633213904902465,0.05775521108966425,-0.5491179156915657,-0.8337468742121548,0.39194552466142013,0.16126481314611052,0.8293046058886474,-0.5350210563079042,0.2583912679039329,0.985219770220299,-0.10355377983649805,0.13645006063991144,0.019454989258176354,0.0,0.0,0.0,1.0,0.1984575924093355,-0.5629234408585694,-0.8023289795030192,0.385605410048096,0.19927705616880154,0.824687761525445,-0.5293191123093504,0.25646574012506307,0.9596370083009015,-0.05483835867102491,0.275843282049451,-0.04908271150914438,0.0,0.0,0.0,1.0,SM1,0554
E-V5x2,9.999999999999975,78.83556352432323,0.8332196648747815,7.165507272343588,1,1,1,0,,,,,,0.013447999954223633,1.8169567584991455,0.0,0.0,0.9365909721396584,1.0525033602150538,23808,0.9990415335463259,0.000847905777569637,1.463072375718056,9.310406901254956,0.0037633213904902465,0.05775521108966425,-0.5491179156915657,-0.8337468742121548,0.39194552466142013,0.16126481314611052,0.8293046058886474,-0.5350210563079042,0.2583912679039329,0.985219770220299,-0.10355377983649805,0.13645006063991144,0.019454989258176354,0.0,0.0,0.0,1.0,0.20731918968735003,-0.5613266949177242,-0.8012060224462529,0.38410191684803896,0.2045914090419095,0.8257677639440785,-0.5255948551033975,0.25498299003838043,0.9566405287092866,-0.0549539699324702,0.2860401235666157,-0.05243978312878623,0.0,0.0,0.0,1.0,SM1,0554
E-VI,9.999999999999975,78.83556352432323,0.014211813468949003,0.09505284057273772,1,1,1,0,,,,1.0,0.0007876922117728143,0.0,0.0,0.0,0.024640560150146484,0.9365909721396584,1.0525033602150538,23808,0.9990415335463259,0.000847905777569637,1.463072375718056,9.310406901254956,0.0037633213904902465,0.05775521108966425,-0.5491179156915657,-0.8337468742121548,0.39194552466142013,0.16126481314611052,0.8293046058886474,-0.5350210563079042,0.2583912679039329,0.985219770220299,-0.10355377983649805,0.13645006063991144,0.019454989258176354,0.0,0.0,0.0,1.0,0.22000610219282885,-0.5626021137646371,-0.7969166655477528,0.3858701312154265,0.20944103133105074,0.8251239910342534,-0.524695006782561,0.2568776826892848,0.9527495797052137,-0.05147094534847538,0.2993642804928663,-0.05903926513058371,0.0,0.0,0.0,1.0,SM1,0554
E-V2,10.000000000000197,63.121895357426624,1.1476385101470035,7.467381960427573,1,1,1,0,,,,,,0.0010945796966552734,0.31572771072387695,0.0,0.0,0.8843958310315619,0.9856028561449804,25769,0.9996757983465716,0.0008059008708948237,0.7077803952749229,3.6500715656947955,0.0019814614099263345,0.3994985372079979,0.23830013663046717,-0.8852197261982864,0.40185863398065425,-0.0027060969234029425,0.9659258336827637,0.2588048702472556,-0.16111128920642567,0.91672983796106,-0.10099667670848334,0.3865308208742623,-0.12286928480169926,0.0,0.0,0.0,1.0,0.5187407071880272,0.25105731589617286,-0.8172382504814026,0.373786319516925,0.04754816077859578,0.9459589024316336,0.3207817202528311,-0.1871676542841537,0.8536083794747054,-0.20526069382960735,0.4787700783534426,-0.1633273453656272,0.0,0.0,0.0,1.0,SM1,0572
E-L,10.000000000000197,63.121895357426624,0.2155900337186259,1.1896854907438879,1,1,1,0,,1.0,924.0,,,0.0,0.0,0.22012686729431152,0.0,0.8843958310315619,0.9856028561449804,25769,0.9996757983465716,0.0008059008708948237,0.7077803952749229,3.6500715656947955,0.0019814614099263345,0.3994985372079979,0.23830013663046717,-0.8852197261982864,0.40185863398065425,-0.0027060969234029425,0.9659258336827637,0.2588048702472556,-0.16111128920642567,0.91672983796106,-0.10099667670848334,0.3865308208742623,-0.12286928480169926,0.0,0.0,0.0,1.0,0.5299726267164975,0.2605240904160652,-0.8070044691599279,0.3702934042159441,0.04206331837240636,0.9423922161593958,0.3318547696955456,-0.19162195489915712,0.8469708921673269,-0.20981922989817572,0.48848357043632423,-0.16703433197516152,0.0,0.0,0.0,1.0,SM1,0572
E-I,10.000000000000197,63.121895357426624,0.022424801466318454,0.14891014709092823,1,1,1,0,,,,0.9996757983465716,0.0008059008708948237,0.0,0.0,0.0,0.027359724044799805,0.8843958310315619,0.9856028561449804,25769,0.9996757983465716,0.0008059008708948237,0.7077803952749229,3.6500715656947955,0.0019814614099263345,0.3994985372079979,0.23830013663046717,-0.8852197261982864,0.40185863398065425,-0.0027060969234029425,0.9659258336827637,0.2588048702472556,-0.16111128920642567,0.91672983796106,-0.10099667670848334,0.3865308208742623,-0.12286928480169926,0.0,0.0,0.0,1.0,0.5326993588694644,0.25913671782077136,-0.8056547365572537,0.3698115452296804,0.043168572921802824,0.9424085792157763,0.33166631443726163,-0.19146358083621348,0.8452028557523674,-0.21145739830419483,0.49083388364136427,-0.16806829199972434,0.0,0.0,0.0,1.0,SM1,0572
E-V5b,10.000000000000197,63.121895357426624,0.6539239385076561,3.313638722780148,1,1,1,0,,,,,,0.006558895111083984,0.9165942668914795,0.0,0.0,0.8843958310315619,0.9856028561449804,25769,0.9996757983465716,0.0008059008708948237,0.7077803952749229,3.6500715656947955,0.0019814614099263345,0.3994985372079979,0.23830013663046717,-0.8852197261982864,0.40185863398065425,-0.0027060969234029425,0.9659258336827637,0.2588048702472556,-0.16111128920642567,0.91672983796106,-0.10099667670848334,0.3865308208742623,-0.12286928480169926,0.0,0.0,0.0,1.0,0.524884857622573,0.25928068897004863,-0.810721526087748,0.3723615359865237,0.0387971748327605,0.944197570157554,0.32708670663185285,-0.19054487833347644,0.8502885618643184,-0.20313655968234615,0.48553564678407546,-0.16614409776871708,0.0,0.0,0.0,1.0,SM1,0572
E-V5d,10.000000000000197,63.121895357426624,0.5555290805014971,3.2439625147077087,1,1,1,0,,,,,,0.006558895111083984,0.9165942668914795,0.0,0.0,0.8843958310315619,0.9856028561449804,25769,0.9996757983465716,0.0008059008708948237,0.7077803952749229,3.6500715656947955,0.0019814614099263345,0.3994985372079979,0.23830013663046717,-0.8852197261982864,0.40185863398065425,-0.0027060969234029425,0.9659258336827637,0.2588048702472556,-0.16111128920642567,0.91672983796106,-0.10099667670848334,0.3865308208742623,-0.12286928480169926,0.0,0.0,0.0,1.0,0.5259758708216336,0.26028422798182355,-0.809692217026504,0.37222063318056936,0.03901429397622755,0.9436335119172136,0.3286847516229947,-0.1905521923302854,0.8496041673348385,-0.2044698141400952,0.4861736506152759,-0.16607629832378615,0.0,0.0,0.0,1.0,SM1,0572
E-V5x2,10.000000000000197,63.121895357426624,0.18836957655546652,1.4869958151805052,1,1,1,0,,,,,,0.012878179550170898,1.8289620876312256,0.0,0.0,0.8843958310315619,0.9856028561449804,25769,0.9996757983465716,0.0008059008708948237,0.7077803952749229,3.6500715656947955,0.0019814614099263345,0.3994985372079979,0.23830013663046717,-0.8852197261982864,0.40185863398065425,-0.0027060969234029425,0.9659258336827637,0.2588048702472556,-0.16111128920642567,0.91672983796106,-0.10099667670848334,0.3865308208742623,-0.12286928480169926,0.0,0.0,0.0,1.0,0.5317203183392178,0.2616765187886566,-0.8054805192309048,0.37087769381765046,0.0409717704939816,0.942008968529791,0.3330771454029826,-0.19122583851885158,0.8459283440330673,-0.2101058541188463,0.49016397056787614,-0.16707075326769613,0.0,0.0,0.0,1.0,SM1,0572
E-VI,10.000000000000197,63.121895357426624,0.01440240290267931,0.02738696847805475,1,1,1,0,,,,1.0,0.0007857551326335402,0.0,0.0,0.0,0.023461103439331055,0.8843958310315619,0.9856028561449804,25769,0.9996757983465716,0.0008059008708948237,0.7077803952749229,3.6500715656947955,0.0019814614099263345,0.3994985372079979,0.23830013663046717,-0.8852197261982864,0.40185863398065425,-0.0027060969234029425,0.9659258336827637,0.2588048702472556,-0.16111128920642567,0.91672983796106,-0.10099667670848334,0.3865308208742623,-0.12286928480169926,0.0,0.0,0.0,1.0,0.5328721235526024,0.25886256140524994,-0.8056285983651008,0.36977453099098034,0.043256153047309315,0.9424816844478553,0.3314470504487719,-0.19134715785929407,0.8450894339150066,-0.21146729296505218,0.49102483026650073,-0.1680551478519922,0.0,0.0,0.0,1.0,SM1,0572
E-V2,9.999999999999975,73.73210892544708,1.775364376639244,10.878171824862347,1,0,1,0,,,,,,0.0012009143829345703,0.3174471855163574,0.0,0.0,0.8798714028071827,1.0631669535283994,23240,0.9990283400809716,0.0008194944921401171,1.02091641921528,5.927979048141399,0.004750439092079266,0.6270250324966415,0.43655352109811607,-0.6451826344837721,0.2887287347589212,-0.1245048895232693,0.8737342960903975,0.47019880084940285,-0.25864721532902607,0.7689851371173466,-0.21449802575374494,0.6022063233148274,-0.22075342330124506,0.0,0.0,0.0,1.0,0.5855288641987128,0.34101359834064665,-0.7354356916253497,0.33503315241757153,-0.01558477297711824,0.9117832261753627,0.4103759742093947,-0.22897473329770474,0.8105017578464058,-0.22882537558948268,0.5391900103978389,-0.18949561757058442,0.0,0.0,0.0,1.0,SM1,0574
E-L,9.999999999999975,73.73210892544708,0.12450830617444525,0.7965681989247309,1,1,1,0,,1.0,963.0,,,0.0,0.0,0.21659350395202637,0.0,0.8798714028071827,1.0631669535283994,23240,0.9990283400809716,0.0008194944921401171,1.02091641921528,5.927979048141399,0.004750439092079266,0.6270250324966415,0.43655352109811607,-0.6451826344837721,0.2887287347589212,-0.1245048895232693,0.8737342960903975,0.47019880084940285,-0.25864721532902607,0.7689851371173466,-0.21449802575374494,0.6022063233148274,-0.22075342330124506,0.0,0.0,0.0,1.0,0.5701964580153923,0.325931024905537,-0.7540855165501625,0.3405925669968348,0.0030176514481373845,0.9170907973485215,0.39866698282951873,-0.22428747546129138,0.8215028259515843,-0.22959406878811198,0.5219383780973399,-0.18229875760884867,0.0,0.0,0.0,1.0,SM1,0574
E-I,9.999999999999975,73.73210892544708,0.00998772445634411,0.09584548940415531,1,1,1,0,,,,0.9990283400809716,0.0008194944921401171,0.0,0.0,0.0,0.025471925735473633,0.8798714028071827,1.0631669535283994,23240,0.9990283400809716,0.0008194944921401171,1.02091641921528,5.927979048141399,0.004750439092079266,0.6270250324966415,0.43655352109811607,-0.6451826344837721,0.2887287347589212,-0.1245048895232693,0.8737342960903975,0.47019880084940285,-0.25864721532902607,0.7689851371173466,-0.21449802575374494,0.6022063233148274,-0.22075342330124506,0.0,0.0,0.0,1.0,0.5682871291055211,0.326415265211297,-0.7553163665180583,0.34099901319865167,0.0030985048148522284,0.9170936812341155,0.39865972847576536,-0.22433914133738495,0.8228244880659041,-0.22889354398387235,0.5201611359584517,-0.18160357054925585,0.0,0.0,0.0,1.0,SM1,0574
E-V5b,9.999999999999975,73.73210892544708,1.2822021959206467,6.3785313975600255,1,1,1,0,,,,,,0.005878925323486328,0.914160966873169,0.0,0.0,0.8798714028071827,1.0631669535283994,23240,0.9990283400809716,0.0008194944921401171,1.02091641921528,5.927979048141399,0.004750439092079266,0.6270250324966415,0.43655352109811607,-0.6451826344837721,0.2887287347589212,-0.1245048895232693,0.8737342960903975,0.47019880084940285,-0.25864721532902607,0.7689851371173466,-0.21449802575374494,0.6022063233148274,-0.22075342330124506,0.0,0.0,0.0,1.0,0.5703622849340243,0.34285972332717374,-0.7464141378861238,0.3382257001301064,-0.01747974832669466,0.9135777800768706,0.40628817336187084,-0.22839855498520156,0.8212072256279629,-0.2186843184377923,0.5270634090172729,-0.18576713294347882,0.0,0.0,0.0,1.0,SM1,0574
E-V5d,9.999999999999975,73.73210892544708,1.330780830851327,6.014425315383905,1,1,1,0,,,,,,0.005878925323486328,0.914160966873169,0.0,0.0,0.8798714028071827,1.0631669535283994,23240,0.9990283400809716,0.0008194944921401171,1.02091641921528,5.927979048141399,0.004750439092079266,0.6270250324966415,0.43655352109811607,-0.6451826344837721,0.2887287347589212,-0.1245048895232693,0.8737342960903975,0.47019880084940285,-0.25864721532902607,0.7689851371173466,-0.21449802575374494,0.6022063233148274,-0.22075342330124506,0.0,0.0,0.0,1.0,0.5719894017095134,0.3432745339187469,-0.7449769861566755,0.33832392018124485,-0.017633023782804392,0.9131553434677416,0.4072301276130097,-0.2277235442362374,0.8200714517068438,-0.21979511896297577,0.5283681438505989,-0.1858803868591903,0.0,0.0,0.0,1.0,SM1,0574
E-V5x2,9.999999999999975,73.73210892544708,0.6417718050076495,4.700165272466618,1,1,1,0,,,,,,0.01183319091796875,1.8247287273406982,0.0,0.0,0.8798714028071827,1.0631669535283994,23240,0.9990283400809716,0.0008194944921401171,1.02091641921528,5.927979048141399,0.004750439092079266,0.6270250324966415,0.43655352109811607,-0.6451826344837721,0.2887287347589212,-0.1245048895232693,0.8737342960903975,0.47019880084940285,-0.25864721532902607,0.7689851371173466,-0.21449802575374494,0.6022063233148274,-0.22075342330124506,0.0,0.0,0.0,1.0,0.5716331977018634,0.3340176058740785,-0.7494449480567554,0.33928348120337354,-0.0061729524938008845,0.9151148456322363,0.4031460697540086,-0.22738183620052776,0.8204860532766318,-0.22582539954789807,0.5251718911757367,-0.1848495429739851,0.0,0.0,0.0,1.0,SM1,0574
E-VI,9.999999999999975,73.73210892544708,0.0,0.04799341434902399,1,1,1,0,,,,1.0,0.0007829424387575069,0.0,0.0,0.0,0.02393054962158203,0.8798714028071827,1.0631669535283994,23240,0.9990283400809716,0.0008194944921401171,1.02091641921528,5.927979048141399,0.004750439092079266,0.6270250324966415,0.43655352109811607,-0.6451826344837721,0.2887287347589212,-0.1245048895232693,0.8737342960903975,0.47019880084940285,-0.25864721532902607,0.7689851371173466,-0.21449802575374494,0.6022063233148274,-0.22075342330124506,0.0,0.0,0.0,1.0,0.5683292847225545,0.32649851867478136,-0.7552486644094599,0.34103717944202705,0.0031170293473668014,0.9170384122598864,0.3987867530375508,-0.224450750767945,0.8227952904177376,-0.22899633305878714,0.5201620704323715,-0.18161137203329822,0.0,0.0,0.0,1.0,SM1,0574
E-V2,10.00000000000005,59.920936397727324,0.970071613075899,6.899715869556487,1,1,1,0,,,,,,0.0011529922485351562,0.31682658195495605,0.0,0.0,0.9245126915312573,0.9546569863197876,29751,0.9979747624240536,0.0008262971336043574,0.33848481556358956,1.3077998860223778,0.001592870207303125,0.6209851763972405,-0.144650349439849,0.7703594531787203,-0.34436779124958605,-0.6944550145049121,0.3542151421104711,0.6263097204487892,-0.2373972668909433,-0.363468903104337,-0.9239090374634233,0.11950919198765372,0.017739772630964705,0.0,0.0,0.0,1.0,0.6848728329864948,-0.2360503789107398,0.6893688804740548,-0.3137838796171592,-0.5782872121740047,0.3995163185636439,0.7113161252023184,-0.2825847286164736,-0.44332055064527026,-0.8858142816649579,0.13711295382011773,0.01258176091833552,0.0,0.0,0.0,1.0,SM1,0641
E-L,10.00000000000005,59.920936397727324,0.3205569025337677,1.6635203093681088,1,1,1,0,,1.0,742.0,,,0.0,0.0,0.19327473640441895,0.0,0.9245126915312573,0.9546569863197876,29751,0.9979747624240536,0.0008262971336043574,0.33848481556358956,1.3077998860223778,0.001592870207303125,0.6209851763972405,-0.144650349439849,0.7703594531787203,-0.34436779124958605,-0.6944550145049121,0.3542151421104711,0.6263097204487892,-0.2373972668909433,-0.363468903104337,-0.9239090374634233,0.11950919198765372,0.017739772630964705,0.0,0.0,0.0,1.0,0.690140391560398,-0.24306376652976594,0.6816349795434676,-0.3083966477096496,-0.5692401041914963,0.3992645947013107,0.7187165555335784,-0.2833756601883085,-0.44684666689695063,-0.8840292918327775,0.13718697993878431,0.013549089985562274,0.0,0.0,0.0,1.0,SM1,0641
E-I,10.00000000000005,59.920936397727324,0.026839433639423496,0.08012617956284195,1,1,1,0,,,,0.9979747624240536,0.0008262971336043574,0.0,0.0,0.0,0.02851700782775879,0.9245126915312573,0.9546569863197876,29751,0.9979747624240536,0.0008262971336043574,0.33848481556358956,1.3077998860223778,0.001592870207303125,0.6209851763972405,-0.144650349439849,0.7703594531787203,-0.34436779124958605,-0.6944550145049121,0.3542151421104711,0.6263097204487892,-0.2373972668909433,-0.363468903104337,-0.9239090374634233,0.11950919198765372,0.017739772630964705,0.0,0.0,0.0,1.0,0.6903956074196539,-0.24773155936276986,0.6796932982980906,-0.30743626480759895,-0.566332104965611,0.3995243721088249,0.7208663003472063,-0.2843766333345417,-0.45013537090620526,-0.882615063652746,0.13553153608069737,0.01432164550335793,0.0,0.0,0.0,1.0,SM1,0641
E-V5b,10.00000000000005,59.920936397727324,3.287897766154246,17.09404613883788,1,0,1,0,,,,,,0.006432056427001953,0.9110376834869385,0.0,0.0,0.9245126915312573,0.9546569863197876,29751,0.9979747624240536,0.0008262971336043574,0.33848481556358956,1.3077998860223778,0.001592870207303125,0.6209851763972405,-0.144650349439849,0.7703594531787203,-0.34436779124958605,-0.6944550145049121,0.3542151421104711,0.6263097204487892,-0.2373972668909433,-0.363468903104337,-0.9239090374634233,0.11950919198765372,0.017739772630964705,0.0,0.0,0.0,1.0,0.7296860514093737,-0.2431228942138666,0.639100566112645,-0.29867672490390096,-0.5344722718880593,0.3801788478008534,0.7548532604995728,-0.29855818995639466,-0.4264946240214087,-0.8923874277769858,0.14746875858974018,0.010294013019535322,0.0,0.0,0.0,1.0,SM1,0641
E-V5d,10.00000000000005,59.920936397727324,3.1654458048482663,16.15821090780071,1,0,1,0,,,,,,0.006432056427001953,0.9110376834869385,0.0,0.0,0.9245126915312573,0.9546569863197876,29751,0.9979747624240536,0.0008262971336043574,0.33848481556358956,1.3077998860223778,0.001592870207303125,0.6209851763972405,-0.144650349439849,0.7703594531787203,-0.34436779124958605,-0.6944550145049121,0.3542151421104711,0.6263097204487892,-0.2373972668909433,-0.363468903104337,-0.9239090374634233,0.11950919198765372,0.017739772630964705,0.0,0.0,0.0,1.0,0.7279864195407459,-0.24518640690494767,0.6402494886946142,-0.298581442758751,-0.5351794572439491,0.380452513810466,0.7542140570775084,-0.29730732898604384,-0.4285075598703803,-0.891705966036381,0.14574553710254023,0.010166950143115607,0.0,0.0,0.0,1.0,SM1,0641
E-V5x2,10.00000000000005,59.920936397727324,0.32955807799116027,3.58127879277094,1,1,1,0,,,,,,0.012246370315551758,1.8213753700256348,0.0,0.0,0.9245126915312573,0.9546569863197876,29751,0.9979747624240536,0.0008262971336043574,0.33848481556358956,1.3077998860223778,0.001592870207303125,0.6209851763972405,-0.144650349439849,0.7703594531787203,-0.34436779124958605,-0.6944550145049121,0.3542151421104711,0.6263097204487892,-0.2373972668909433,-0.363468903104337,-0.9239090374634233,0.11950919198765372,0.017739772630964705,0.0,0.0,0.0,1.0,0.6944010651927287,-0.24738779864950028,0.6757266055037792,-0.3078392432634571,-0.5625929450268606,0.3988475800190836,0.7241614412822585,-0.2878122393266571,-0.4486606441011922,-0.8830174668124968,0.13778155256791483,0.013337962112028492,0.0,0.0,0.0,1.0,SM1,0641
E-VI,10.00000000000005,59.920936397727324,0.010818629756295875,0.06963786830847334,1,1,1,0,,,,1.0,0.000792241039670651,0.0,0.0,0.0,0.02442765235900879,0.9245126915312573,0.9546569863197876,29751,0.9979747624240536,0.0008262971336043574,0.33848481556358956,1.3077998860223778,0.001592870207303125,0.6209851763972405,-0.144650349439849,0.7703594531787203,-0.34436779124958605,-0.6944550145049121,0.3542151421104711,0.6263097204487892,-0.2373972668909433,-0.363468903104337,-0.9239090374634233,0.11950919198765372,0.017739772630964705,0.0,0.0,0.0,1.0,0.690257758563079,-0.24791898126467368,0.6797649688468406,-0.30741924545889887,-0.5662338755325401,0.3998046622407824,0.7207880668486477,-0.2843692862221225,-0.45047026499311044,-0.8824354778015807,0.1355881428109623,0.01432378248755091,0.0,0.0,0.0,1.0,SM1,0641
E-V2,9.999999999999975,39.457491064020914,0.668959603031097,3.0643408814133917,1,1,1,0,,,,,,0.0010972023010253906,0.3153076171875,0.0,0.0,0.7420311669913229,1.0481469914636685,19212,0.9991529730645434,0.0008665457399918026,0.478794161047599,2.1199525897209925,0.0015373386570094523,0.1547645714364756,-0.4430174157696299,0.8830535072988965,-0.4246736047587458,0.7985589785813512,0.5823549879470069,0.1522045522983814,-0.08600182230752625,-0.5816798820272131,0.6816144345141479,0.4439034551642579,-0.17418521329614836,0.0,0.0,0.0,1.0,0.1422178741577246,-0.3962916593408507,0.9070429841609234,-0.4377674381357097,0.6945920873040126,0.692812241946751,0.19378608413329118,-0.10309238948564961,-0.7052063044519,0.6024650082429319,0.3737913311098434,-0.14020837803874078,0.0,0.0,0.0,1.0,SM1,0706
E-L,9.999999999999975,39.457491064020914,0.11749792554066207,0.9718168942816033,1,1,1,0,,1.0,604.0,,,0.0,0.0,0.17580127716064453,0.0,0.7420311669913229,1.0481469914636685,19212,0.9991529730645434,0.0008665457399918026,0.478794161047599,2.1199525897209925,0.0015373386570094523,0.1547645714364756,-0.4430174157696299,0.8830535072988965,-0.4246736047587458,0.7985589785813512,0.5823549879470069,0.1522045522983814,-0.08600182230752625,-0.5816798820272131,0.6816144345141479,0.4439034551642579,-0.17418521329614836,0.0,0.0,0.0,1.0,0.14889831280025456,-0.39355804635000113,0.9071611524962957,-0.4353368353820918,0.6875298775450503,0.7005646992149809,0.19108053196679145,-0.10075607713716316,-0.7107263607944516,0.5952488272705757,0.374895817134414,-0.14027594791571407,0.0,0.0,0.0,1.0,SM1,0706
E-I,9.999999999999975,39.457491064020914,0.011329552627575222,0.16518999421270322,1,1,1,0,,,,0.9991529730645434,0.0008665457399918026,0.0,0.0,0.0,0.023807525634765625,0.7420311669913229,1.0481469914636685,19212,0.9991529730645434,0.0008665457399918026,0.478794161047599,2.1199525897209925,0.0015373386570094523,0.1547645714364756,-0.4430174157696299,0.8830535072988965,-0.4246736047587458,0.7985589785813512,0.5823549879470069,0.1522045522983814,-0.08600182230752625,-0.5816798820272131,0.6816144345141479,0.4439034551642579,-0.17418521329614836,0.0,0.0,0.0,1.0,0.14767040453083627,-0.3927698024425271,0.9077033292408687,-0.4355351948350789,0.6866811614352543,0.7012243837846863,0.19171162227605743,-0.10102092645635906,-0.7118022437135393,0.5949926435469994,0.373257712538301,-0.1395322026217272,0.0,0.0,0.0,1.0,SM1,0706
E-V5b,9.999999999999975,39.457491064020914,1.1646648303592122,2.168694731101609,1,1,1,0,,,,,,0.006191253662109375,0.9131851196289062,0.0,0.0,0.7420311669913229,1.0481469914636685,19212,0.9991529730645434,0.0008665457399918026,0.478794161047599,2.1199525897209925,0.0015373386570094523,0.1547645714364756,-0.4430174157696299,0.8830535072988965,-0.4246736047587458,0.7985589785813512,0.5823549879470069,0.1522045522983814,-0.08600182230752625,-0.5816798820272131,0.6816144345141479,0.4439034551642579,-0.17418521329614836,0.0,0.0,0.0,1.0,0.14179230648175783,-0.3962763744843174,0.9071162993258354,-0.4363008619522005,0.7012295503341145,0.687009594636057,0.19051220755326678,-0.10115409708468467,-0.6986931024545935,0.6090835775371375,0.37529339516661686,-0.14144333587700572,0.0,0.0,0.0,1.0,SM1,0706
E-V5d,9.999999999999975,39.457491064020914,1.1869568008385016,2.879483914487333,1,1,1,0,,,,,,0.006191253662109375,0.9131851196289062,0.0,0.0,0.7420311669913229,1.0481469914636685,19212,0.9991529730645434,0.0008665457399918026,0.478794161047599,2.1199525897209925,0.0015373386570094523,0.1547645714364756,-0.4430174157696299,0.8830535072988965,-0.4246736047587458,0.7985589785813512,0.5823549879470069,0.1522045522983814,-0.08600182230752625,-0.5816798820272131,0.6816144345141479,0.4439034551642579,-0.17418521329614836,0.0,0.0,0.0,1.0,0.14434032041200515,-0.39924795684489445,0.905409821214002,-0.4352696858625142,0.7013950838125583,0.6867070884009613,0.19099287361651704,-0.10116474412814445,-0.698004871160481,0.607482013080983,0.3791500917341809,-0.14226862594811218,0.0,0.0,0.0,1.0,SM1,0706
E-V5x2,9.999999999999975,39.457491064020914,0.7707584694710905,0.7895785558043438,1,1,1,0,,,,,,0.012084722518920898,1.8241009712219238,0.0,0.0,0.7420311669913229,1.0481469914636685,19212,0.9991529730645434,0.0008665457399918026,0.478794161047599,2.1199525897209925,0.0015373386570094523,0.1547645714364756,-0.4430174157696299,0.8830535072988965,-0.4246736047587458,0.7985589785813512,0.5823549879470069,0.1522045522983814,-0.08600182230752625,-0.5816798820272131,0.6816144345141479,0.4439034551642579,-0.17418521329614836,0.0,0.0,0.0,1.0,0.14411503431272296,-0.3971647883370157,0.9063614117599122,-0.4354167084618517,0.6962046762575869,0.6915915967150916,0.1923540521288436,-0.10189098662586958,-0.7032281956974982,0.6032919177021084,0.376176745362489,-0.13950777865467856,0.0,0.0,0.0,1.0,SM1,0706
E-VI,9.999999999999975,39.457491064020914,0.00999121394454225,0.06599541152584595,1,1,1,0,,,,1.0,0.00080235907186394,0.0,0.0,0.0,0.02312493324279785,0.7420311669913229,1.0481469914636685,19212,0.9991529730645434,0.0008665457399918026,0.478794161047599,2.1199525897209925,0.0015373386570094523,0.1547645714364756,-0.4430174157696299,0.8830535072988965,-0.4246736047587458,0.7985589785813512,0.5823549879470069,0.1522045522983814,-0.08600182230752625,-0.5816798820272131,0.6816144345141479,0.4439034551642579,-0.17418521329614836,0.0,0.0,0.0,1.0,0.14756401168477948,-0.3927542503225781,0.9077273723530419,-0.4355707235662422,0.6868082325873833,0.7011026176178375,0.19170169494138634,-0.10106480959243591,-0.7117016957177611,0.5951463367352355,0.3732043829953815,-0.13943645941968272,0.0,0.0,0.0,1.0,SM1,0706
E-V2,10.000000000000197,77.04017339076458,1.8415113291678604,11.586189088094862,1,0,1,0,,,,,,0.001077413558959961,0.31680870056152344,0.0,0.0,0.9085332754315493,0.9589369289057277,17948,0.9484625378951927,0.0009785814472028467,1.0024418047042798,4.893080448996651,0.0016789903404206248,0.2733088246376057,-0.49752879164196756,0.8232662921937792,-0.38667269050958414,0.8478064691886351,0.5289285180807024,0.03819441795409154,-0.03471703172663562,-0.45445184252801746,0.6875316169080774,0.5663689597556123,-0.2386341924768905,0.0,0.0,0.0,1.0,0.40256253626206084,-0.5101919129787811,0.7600313316214742,-0.3585669563489383,0.8201535353077555,0.5697823502203454,-0.05192513951836934,0.008670740561057627,-0.4065606483404134,0.644245486329648,0.6478087549881791,-0.2805246635130958,0.0,0.0,0.0,1.0,SM1,0716
E-L,10.000000000000197,77.04017339076458,0.9483067503241638,6.957733814799811,1,1,1,0,,1.0,518.0,,,0.0,0.0,0.16664528846740723,0.0,0.9085332754315493,0.9589369289057277,17948,0.9484625378951927,0.0009785814472028467,1.0024418047042798,4.893080448996651,0.0016789903404206248,0.2733088246376057,-0.49752879164196756,0.8232662921937792,-0.38667269050958414,0.8478064691886351,0.5289285180807024,0.03819441795409154,-0.03471703172663562,-0.45445184252801746,0.6875316169080774,0.5663689597556123,-0.2386341924768905,0.0,0.0,0.0,1.0,0.41118250705590886,-0.518028245521041,0.7500504534587051,-0.3545623650608652,0.8212646764317292,0.5675684532680751,-0.05822698773224644,0.01056004698135253,-0.39554175144566506,0.6399318617612941,0.6588125189809461,-0.2825431438827909,0.0,0.0,0.0,1.0,SM1,0716
E-I,10.000000000000197,77.04017339076458,0.04284556249953867,0.23366355723567875,1,1,1,0,,,,0.9484625378951927,0.0009785814472028467,0.0,0.0,0.0,0.02360081672668457,0.9085332754315493,0.9589369289057277,17948,0.9484625378951927,0.0009785814472028467,1.0024418047042798,4.893080448996651,0.0016789903404206248,0.2733088246376057,-0.49752879164196756,0.8232662921937792,-0.38667269050958414,0.8478064691886351,0.5289285180807024,0.03819441795409154,-0.03471703172663562,-0.45445184252801746,0.6875316169080774,0.5663689597556123,-0.2386341924768905,0.0,0.0,0.0,1.0,0.42166390014564914,-0.5241134990896146,0.7399355346150093,-0.3502950355923732,0.818496851282999,0.5711709796863056,-0.06185965085580687,0.01204817444848782,-0.3902082261482662,0.6317188868762956,0.6698274316643035,-0.2875296928069312,0.0,0.0,0.0,1.0,SM1,0716
E-V5b,10.000000000000197,77.04017339076458,1.2618895178914553,8.731420025137293,1,1,1,0,,,,,,0.007052421569824219,0.9114489555358887,0.0,0.0,0.9085332754315493,0.9589369289057277,17948,0.9484625378951927,0.0009785814472028467,1.0024418047042798,4.893080448996651,0.0016789903404206248,0.2733088246376057,-0.49752879164196756,0.8232662921937792,-0.38667269050958414,0.8478064691886351,0.5289285180807024,0.03819441795409154,-0.03471703172663562,-0.45445184252801746,0.6875316169080774,0.5663689597556123,-0.2386341924768905,0.0,0.0,0.0,1.0,0.40369715676823187,-0.5240981529220549,0.7498998327851644,-0.35543927986229346,0.8225304124804627,0.5668035629393918,-0.046662892757954405,0.005928411282655054,-0.40058995002162956,0.6356530811502099,0.6599036855892249,-0.28458728532584276,0.0,0.0,0.0,1.0,SM1,0716
E-V5d,10.000000000000197,77.04017339076458,1.0909979087159345,8.503321672214588,1,1,1,0,,,,,,0.007052421569824219,0.9114489555358887,0.0,0.0,0.9085332754315493,0.9589369289057277,17948,0.9484625378951927,0.0009785814472028467,1.0024418047042798,4.893080448996651,0.0016789903404206248,0.2733088246376057,-0.49752879164196756,0.8232662921937792,-0.38667269050958414,0.8478064691886351,0.5289285180807024,0.03819441795409154,-0.03471703172663562,-0.45445184252801746,0.6875316169080774,0.5663689597556123,-0.2386341924768905,0.0,0.0,0.0,1.0,0.40599729377688365,-0.5255787634351556,0.7476183438877203,-0.3549463136442545,0.8221314279866728,0.5673002846514564,-0.04764751981061706,0.005900164148786309,-0.39908156366688774,0.6339852860226368,0.6624172286138693,-0.28447459355059673,0.0,0.0,0.0,1.0,SM1,0716
E-V5x2,10.000000000000197,77.04017339076458,0.6105488557365041,7.431644393377612,1,1,1,0,,,,,,0.013121843338012695,1.8200032711029053,0.0,0.0,0.9085332754315493,0.9589369289057277,17948,0.9484625378951927,0.0009785814472028467,1.0024418047042798,4.893080448996651,0.0016789903404206248,0.2733088246376057,-0.49752879164196756,0.8232662921937792,-0.38667269050958414,0.8478064691886351,0.5289285180807024,0.03819441795409154,-0.03471703172663562,-0.45445184252801746,0.6875316169080774,0.5663689597556123,-0.2386341924768905,0.0,0.0,0.0,1.0,0.4129190631851192,-0.5248424844646941,0.7443374347747536,-0.3530163927687684,0.8210928822423162,0.5681493533769918,-0.054889067988226806,0.006063853702878704,-0.39408671831597925,0.633834918832364,0.6655441104523641,-0.284506209538474,0.0,0.0,0.0,1.0,SM1,0716
E-VI,10.000000000000197,77.04017339076458,0.02233840877432721,0.1483358892296856,1,1,1,0,,,,0.9976180164573408,0.0009119453828163932,0.0,0.0,0.0,0.01753997802734375,0.9085332754315493,0.9589369289057277,17948,0.9484625378951927,0.0009785814472028467,1.0024418047042798,4.893080448996651,0.0016789903404206248,0.2733088246376057,-0.49752879164196756,0.8232662921937792,-0.38667269050958414,0.8478064691886351,0.5289285180807024,0.03819441795409154,-0.03471703172663562,-0.45445184252801746,0.6875316169080774,0.5663689597556123,-0.2386341924768905,0.0,0.0,0.0,1.0,0.4219275168851201,-0.5242053013576644,0.7397202009768735,-0.3502324892990948,0.8184629771366373,0.5711977869099556,-0.062060149102616674,0.0121017657407411,-0.3899942834395363,0.6316184891456911,0.6700466787542493,-0.2875678835723711,0.0,0.0,0.0,1.0,SM1,0716
E-V2,10.00000000000005,78.20480812195524,1.9383180565764706,12.483259284935691,1,0,1,0,,,,,,0.0010714530944824219,0.31752753257751465,0.0,0.0,0.8922403308197518,1.1060373612489847,22162,0.9975124378109452,0.0008583741243892407,2.033581789593187,11.438139063714102,0.004562083683440125,-0.2654423206030817,-0.468988757248519,-0.8423716044640511,0.37521035899091076,0.24859114302891144,0.8108792867626278,-0.5297897940758308,0.2267207404893101,0.9315271429434736,-0.3500347523801339,-0.09865522837512565,0.15268765090141342,0.0,0.0,0.0,1.0,-0.1357036036420311,-0.5151787322876076,-0.8462714752083551,0.3927526361723945,0.27948247075831945,0.7995771494081885,-0.5315692975215285,0.23023711195623695,0.9505125147428902,-0.30865391739989867,0.03547790541230217,0.08903428361122812,0.0,0.0,0.0,1.0,SM1,0798
E-L,10.00000000000005,78.20480812195524,0.39118607539898037,2.027014420737421,1,1,1,0,,1.0,946.0,,,0.0,0.0,0.21514368057250977,0.0,0.8922403308197518,1.1060373612489847,22162,0.9975124378109452,0.0008583741243892407,2.033581789593187,11.438139063714102,0.004562083683440125,-0.2654423206030817,-0.468988757248519,-0.8423716044640511,0.37521035899091076,0.24859114302891144,0.8108792867626278,-0.5297897940758308,0.2267207404893101,0.9315271429434736,-0.3500347523801339,-0.09865522837512565,0.15268765090141342,0.0,0.0,0.0,1.0,-0.11103711402426697,-0.5169691788802389,-0.8487718347100432,0.39300061521495283,0.29711917801818255,0.7977230217643657,-0.5247458190409224,0.22899466348620368,0.9483622479638053,-0.31045265119663695,0.0650245953621989,0.07831491722493807,0.0,0.0,0.0,1.0,SM1,0798
E-I,10.00000000000005,78.20480812195524,0.05199084068275279,0.381198637655067,1,1,1,0,,,,0.9975124378109452,0.0008583741243892407,0.0,0.0,0.0,0.026118040084838867,0.8922403308197518,1.1060373612489847,22162,0.9975124378109452,0.0008583741243892407,2.033581789593187,11.438139063714102,0.004562083683440125,-0.2654423206030817,-0.468988757248519,-0.8423716044640511,0.37521035899091076,0.24859114302891144,0.8108792867626278,-0.5297897940758308,0.2267207404893101,0.9315271429434736,-0.3500347523801339,-0.09865522837512565,0.15268765090141342,0.0,0.0,0.0,1.0,-0.1071034666348776,-0.5206825928505001,-0.8470055991180171,0.39275748229134516,0.29479113651510214,0.7969686207062295,-0.5271993962835546,0.2300087405330863,0.9495404326656801,-0.3061546261484386,0.06813451123317507,0.07693222187723686,0.0,0.0,0.0,1.0,SM1,0798
E-V5b,10.00000000000005,78.20480812195524,2.1193294004816337,13.598402938141614,1,0,1,0,,,,,,0.005877256393432617,0.9155917167663574,0.0,0.0,0.8922403308197518,1.1060373612489847,22162,0.9975124378109452,0.0008583741243892407,2.033581789593187,11.438139063714102,0.004562083683440125,-0.2654423206030817,-0.468988757248519,-0.8423716044640511,0.37521035899091076,0.24859114302891144,0.8108792867626278,-0.5297897940758308,0.2267207404893101,0.9315271429434736,-0.3500347523801339,-0.09865522837512565,0.15268765090141342,0.0,0.0,0.0,1.0,-0.13853106130877904,-0.5119731708473907,-0.8477574126601531,0.391640404723061,0.2797346788146383,0.800925727173925,-0.5294019794002248,0.22905959673223578,0.9500303339135818,-0.3104857629842759,0.03226354336075221,0.0900725395532933,0.0,0.0,0.0,1.0,SM1,0798
E-V5d,10.00000000000005,78.20480812195524,2.044883128039846,13.748232957151844,1,0,1,0,,,,,,0.005877256393432617,0.9155917167663574,0.0,0.0,0.8922403308197518,1.1060373612489847,22162,0.9975124378109452,0.0008583741243892407,2.033581789593187,11.438139063714102,0.004562083683440125,-0.2654423206030817,-0.468988757248519,-0.8423716044640511,0.37521035899091076,0.24859114302891144,0.8108792867626278,-0.5297897940758308,0.2267207404893101,0.9315271429434736,-0.3500347523801339,-0.09865522837512565,0.15268765090141342,0.0,0.0,0.0,1.0,-0.1372873952218921,-0.5130215708899287,-0.8473258241366456,0.3915434618506712,0.2795710722925213,0.8005775326326569,-0.5300147135606791,0.22765782823958536,0.9502590002126874,-0.309652126067263,0.03351677048359636,0.09004778298067488,0.0,0.0,0.0,1.0,SM1,0798
E-V5x2,10.00000000000005,78.20480812195524,0.4804723145034996,4.2245836461701165,1,1,1,0,,,,,,0.01230478286743164,1.8246228694915771,0.0,0.0,0.8922403308197518,1.1060373612489847,22162,0.9975124378109452,0.0008583741243892407,2.033581789593187,11.438139063714102,0.004562083683440125,-0.2654423206030817,-0.468988757248519,-0.8423716044640511,0.37521035899091076,0.24859114302891144,0.8108792867626278,-0.5297897940758308,0.2267207404893101,0.9315271429434736,-0.3500347523801339,-0.09865522837512565,0.15268765090141342,0.0,0.0,0.0,1.0,-0.11317288155732,-0.5173029508513484,-0.8482862227605028,0.3924070879560042,0.2923906858842957,0.798625476429757,-0.5260276115647132,0.22878434076729515,0.9495786174146365,-0.30756307038093555,0.0608718243868982,0.08058876820259492,0.0,0.0,0.0,1.0,SM1,0798
E-VI,10.00000000000005,78.20480812195524,0.014839856991082229,0.05974129379657632,1,1,1,0,,,,1.0,0.0007967286246692203,0.0,0.0,0.0,0.02427983283996582,0.8922403308197518,1.1060373612489847,22162,0.9975124378109452,0.0008583741243892407,2.033581789593187,11.438139063714102,0.004562083683440125,-0.2654423206030817,-0.468988757248519,-0.8423716044640511,0.37521035899091076,0.24859114302891144,0.8108792867626278,-0.5297897940758308,0.2267207404893101,0.9315271429434736,-0.3500347523801339,-0.09865522837512565,0.15268765090141342,0.0,0.0,0.0,1.0,-0.10640525147211385,-0.5208753502628216,-0.8469750598165495,0.3927862684671673,0.29485427819195964,0.7969683575203618,-0.5271644946676427,0.22998697406407925,0.9495993060517804,-0.305827309807671,0.06878071291073642,0.07661241633179387,0.0,0.0,0.0,1.0,SM1,0798
E-V2,9.999999999999975,73.72004156744931,0.6675579277067913,8.139471140081692,1,1,1,0,,,,,,0.001069784164428711,0.31708550453186035,0.0,0.0,0.8295547664572521,1.0099024756189048,13330,0.916447839579852,0.0012803228354449057,0.5769302278860238,1.0034787468247797,0.002439943453987267,0.6911379410772285,0.6823388655981055,0.2382058330474291,-0.10487536695813117,-0.6773839205150216,0.49668268137178406,0.54263923397874,-0.2820579195553809,0.2519511274656817,-0.5363953639990048,0.8054816216706298,-0.30653557347036603,0.0,0.0,0.0,1.0,0.6996889422758656,0.7097288722680927,0.08197742659372023,-0.03478030007367931,-0.5871675836606833,0.5058708201020359,0.6319247800792007,-0.3198102621056594,0.407025265755418,-0.49028528296053575,0.770682027477474,-0.28781298351193557,0.0,0.0,0.0,1.0,SM1,0834
E-L,9.999999999999975,73.72004156744931,0.5614967813981437,2.032607568929545,1,1,1,0,,1.0,503.0,,,0.0,0.0,0.17067575454711914,0.0,0.8295547664572521,1.0099024756189048,13330,0.916447839579852,0.0012803228354449057,0.5769302278860238,1.0034787468247797,0.002439943453987267,0.6911379410772285,0.6823388655981055,0.2382058330474291,-0.10487536695813117,-0.6773839205150216,0.49668268137178406,0.54263923397874,-0.2820579195553809,0.2519511274656817,-0.5363953639990048,0.8054816216706298,-0.30653557347036603,0.0,0.0,0.0,1.0,0.7045052593470715,0.703239128215908,0.0955356901814404,-0.042868794462948966,-0.5935433580193781,0.5100381124984831,0.622549119307114,-0.3143626332850613,0.38907405683673457,-0.495293703114741,0.7767274463745262,-0.29066096680975606,0.0,0.0,0.0,1.0,SM1,0834
E-I,9.999999999999975,73.72004156744931,0.04059543380205114,0.16336975598856013,1,1,1,0,,,,0.916447839579852,0.0012803228354449057,0.0,0.0,0.0,0.01934218406677246,0.8295547664572521,1.0099024756189048,13330,0.916447839579852,0.0012803228354449057,0.5769302278860238,1.0034787468247797,0.002439943453987267,0.6911379410772285,0.6823388655981055,0.2382058330474291,-0.10487536695813117,-0.6773839205150216,0.49668268137178406,0.54263923397874,-0.2820579195553809,0.2519511274656817,-0.5363953639990048,0.8054816216706298,-0.30653557347036603,0.0,0.0,0.0,1.0,0.7001776173094678,0.7082984001211948,0.08980356676988016,-0.041011017193628645,-0.5933686264368417,0.5073331539077063,0.6249213903416293,-0.31526266482883003,0.39707049421896395,-0.49084258915849455,0.775505367672522,-0.2900592421459951,0.0,0.0,0.0,1.0,SM1,0834
E-V5b,9.999999999999975,73.72004156744931,0.27857112463978745,1.4578276978582252,1,1,1,0,,,,,,0.005881309509277344,0.9127380847930908,0.0,0.0,0.8295547664572521,1.0099024756189048,13330,0.916447839579852,0.0012803228354449057,0.5769302278860238,1.0034787468247797,0.002439943453987267,0.6911379410772285,0.6823388655981055,0.2382058330474291,-0.10487536695813117,-0.6773839205150216,0.49668268137178406,0.54263923397874,-0.2820579195553809,0.2519511274656817,-0.5363953639990048,0.8054816216706298,-0.30653557347036603,0.0,0.0,0.0,1.0,0.697462228545194,0.7104431953637719,0.09389834717944412,-0.03990447755662627,-0.5972108516401313,0.5038110364258145,0.6241102665628786,-0.31583694726754075,0.39608784779173245,-0.49137047950058343,0.7756735634889907,-0.2895627711316564,0.0,0.0,0.0,1.0,SM1,0834
E-V5d,9.999999999999975,73.72004156744931,0.3504056053983942,0.999407545375275,1,1,1,0,,,,,,0.005881309509277344,0.9127380847930908,0.0,0.0,0.8295547664572521,1.0099024756189048,13330,0.916447839579852,0.0012803228354449057,0.5769302278860238,1.0034787468247797,0.002439943453987267,0.6911379410772285,0.6823388655981055,0.2382058330474291,-0.10487536695813117,-0.6773839205150216,0.49668268137178406,0.54263923397874,-0.2820579195553809,0.2519511274656817,-0.5363953639990048,0.8054816216706298,-0.30653557347036603,0.0,0.0,0.0,1.0,0.6977688379482652,0.7099217386268978,0.095549816459818,-0.04070852774394648,-0.5978218763422684,0.5036488885753179,0.623655985084318,-0.3158010702515789,0.39462336181121394,-0.49228951283729566,0.775837255080557,-0.2893074408235179,0.0,0.0,0.0,1.0,SM1,0834
E-V5x2,9.999999999999975,73.72004156744931,0.24116475734277715,0.9916336962395376,1,1,1,0,,,,,,0.012166738510131836,1.824364423751831,0.0,0.0,0.8295547664572521,1.0099024756189048,13330,0.916447839579852,0.0012803228354449057,0.5769302278860238,1.0034787468247797,0.002439943453987267,0.6911379410772285,0.6823388655981055,0.2382058330474291,-0.10487536695813117,-0.6773839205150216,0.49668268137178406,0.54263923397874,-0.2820579195553809,0.2519511274656817,-0.5363953639990048,0.8054816216706298,-0.30653557347036603,0.0,0.0,0.0,1.0,0.6973041769261064,0.711367273382401,0.08788357471581706,-0.04069175413648527,-0.594413886885043,0.5053869026891482,0.6255047563421732,-0.31575837927697975,0.4005484095238032,-0.4884063263442324,0.775254944656578,-0.29074743257030833,0.0,0.0,0.0,1.0,SM1,0834
E-VI,9.999999999999975,73.72004156744931,0.012471272945069731,0.05670771599267321,1,1,1,0,,,,0.9990451181666269,0.0009682114847543199,0.0,0.0,0.0,0.016159534454345703,0.8295547664572521,1.0099024756189048,13330,0.916447839579852,0.0012803228354449057,0.5769302278860238,1.0034787468247797,0.002439943453987267,0.6911379410772285,0.6823388655981055,0.2382058330474291,-0.10487536695813117,-0.6773839205150216,0.49668268137178406,0.54263923397874,-0.2820579195553809,0.2519511274656817,-0.5363953639990048,0.8054816216706298,-0.30653557347036603,0.0,0.0,0.0,1.0,0.6998564703493244,0.708580456708592,0.09008158841749253,-0.041204443179558514,-0.5936036934423573,0.5068252593781791,0.6251102320531688,-0.3153223661643113,0.3972852734424025,-0.49096023412206774,0.7753208737913617,-0.2900169684539728,0.0,0.0,0.0,1.0,SM1,0834
E-V2,9.999999999999902,80.15444254531953,1.7199255864346512,8.680398236205237,1,1,1,0,,,,,,0.0010836124420166016,0.31505584716796875,0.0,0.0,0.7763192438960357,1.1063445613598157,16061,0.9883190363204964,0.0011018912939984966,1.61183436029865,7.926606061382173,0.0014588025425904326,0.5601276330915493,0.5249055740130758,0.6408831196226512,-0.3076155367537092,-0.8183016615919445,0.23012110861660706,0.5267130774956386,-0.26751160365926924,0.12899389630180738,-0.8194622710894429,0.5584282952875973,-0.20794612221573283,0.0,0.0,0.0,1.0,0.6034427888528273,0.45474008318097026,0.6550330236359742,-0.3108298973117691,-0.7761633565710445,0.1466152748684274,0.6132490488336343,-0.30532039886165185,0.18283106639899713,-0.8784733439038415,0.44142653994357683,-0.14715288355061187,0.0,0.0,0.0,1.0,SM1,0848
E-L,9.999999999999902,80.15444254531953,0.7863036206679459,4.033140426968617,1,1,1,0,,1.0,663.0,,,0.0,0.0,0.18349313735961914,0.0,0.7763192438960357,1.1063445613598157,16061,0.9883190363204964,0.0011018912939984966,1.61183436029865,7.926606061382173,0.0014588025425904326,0.5601276330915493,0.5249055740130758,0.6408831196226512,-0.3076155367537092,-0.8183016615919445,0.23012110861660706,0.5267130774956386,-0.26751160365926924,0.12899389630180738,-0.8194622710894429,0.5584282952875973,-0.20794612221573283,0.0,0.0,0.0,1.0,0.6072832856273604,0.44320712326215245,0.6593742919520934,-0.3126134679004349,-0.7722515008152797,0.1343257955979816,0.6209542657277722,-0.3066818566354317,0.18664037742724732,-0.8862979332745039,0.4238411766064715,-0.142807094430896,0.0,0.0,0.0,1.0,SM1,0848
E-I,9.999999999999902,80.15444254531953,0.08669554316492739,0.35414559336643353,1,1,1,0,,,,0.9883190363204964,0.0011018912939984966,0.0,0.0,0.0,0.02234959602355957,0.7763192438960357,1.1063445613598157,16061,0.9883190363204964,0.0011018912939984966,1.61183436029865,7.926606061382173,0.0014588025425904326,0.5601276330915493,0.5249055740130758,0.6408831196226512,-0.3076155367537092,-0.8183016615919445,0.23012110861660706,0.5267130774956386,-0.26751160365926924,0.12899389630180738,-0.8194622710894429,0.5584282952875973,-0.20794612221573283,0.0,0.0,0.0,1.0,0.6136953290159015,0.43282416437742915,0.6603342228561563,-0.31238530155190264,-0.7687430081330779,0.13685530516175146,0.6247437978048206,-0.3083626656643223,0.18003397065712548,-0.8910296673961338,0.4167180116450038,-0.1395288632647671,0.0,0.0,0.0,1.0,SM1,0848
E-V5b,9.999999999999902,80.15444254531953,1.525731654024314,8.184944511791338,1,1,1,0,,,,,,0.005875349044799805,0.911297082901001,0.0,0.0,0.7763192438960357,1.1063445613598157,16061,0.9883190363204964,0.0011018912939984966,1.61183436029865,7.926606061382173,0.0014588025425904326,0.5601276330915493,0.5249055740130758,0.6408831196226512,-0.3076155367537092,-0.8183016615919445,0.23012110861660706,0.5267130774956386,-0.26751160365926924,0.12899389630180738,-0.8194622710894429,0.5584282952875973,-0.20794612221573283,0.0,0.0,0.0,1.0,0.6043958387644779,0.44971599009993235,0.6576178297594184,-0.31138678405147524,-0.77656265958171,0.14821102372083775,0.6123593129874004,-0.3043793901884048,0.17792155718797106,-0.8807888561416667,0.438810765337871,-0.14623499143374744,0.0,0.0,0.0,1.0,SM1,0848
E-V5d,9.999999999999902,80.15444254531953,1.4865158976740296,6.730486356437128,1,1,1,0,,,,,,0.005875349044799805,0.911297082901001,0.0,0.0,0.7763192438960357,1.1063445613598157,16061,0.9883190363204964,0.0011018912939984966,1.61183436029865,7.926606061382173,0.0014588025425904326,0.5601276330915493,0.5249055740130758,0.6408831196226512,-0.3076155367537092,-0.8183016615919445,0.23012110861660706,0.5267130774956386,-0.26751160365926924,0.12899389630180738,-0.8194622710894429,0.5584282952875973,-0.20794612221573283,0.0,0.0,0.0,1.0,0.604653213940988,0.4485486844623536,0.6581782283086681,-0.3113042358955469,-0.7766149575735893,0.1485742727168331,0.6122049437650519,-0.30440399995770084,0.1768153647973879,-0.8813227283810632,0.43818552304519315,-0.14447900253782187,0.0,0.0,0.0,1.0,SM1,0848
E-V5x2,9.999999999999902,80.15444254531953,0.5420522352374553,4.961256320874379,1,1,1,0,,,,,,0.012248754501342773,1.8203449249267578,0.0,0.0,0.7763192438960357,1.1063445613598157,16061,0.9883190363204964,0.0011018912939984966,1.61183436029865,7.926606061382173,0.0014588025425904326,0.5601276330915493,0.5249055740130758,0.6408831196226512,-0.3076155367537092,-0.8183016615919445,0.23012110861660706,0.5267130774956386,-0.26751160365926924,0.12899389630180738,-0.8194622710894429,0.5584282952875973,-0.20794612221573283,0.0,0.0,0.0,1.0,0.6099969191410172,0.4380446632945582,0.6603185844123506,-0.31126827183120975,-0.7719233928833078,0.14026188037679937,0.62004909428373,-0.3050243287756426,0.17899166721010706,-0.8879433942816908,0.4236962442528182,-0.14263042016674443,0.0,0.0,0.0,1.0,SM1,0848
E-VI,9.999999999999902,80.15444254531953,0.007796086036913344,0.03619039501751971,1,1,1,0,,,,1.0,0.0008373844969988522,0.0,0.0,0.0,0.021767139434814453,0.7763192438960357,1.1063445613598157,16061,0.9883190363204964,0.0011018912939984966,1.61183436029865,7.926606061382173,0.0014588025425904326,0.5601276330915493,0.5249055740130758,0.6408831196226512,-0.3076155367537092,-0.8183016615919445,0.23012110861660706,0.5267130774956386,-0.26751160365926924,0.12899389630180738,-0.8194622710894429,0.5584282952875973,-0.20794612221573283,0.0,0.0,0.0,1.0,0.6143700687654553,0.43164950293893756,0.6604756819586519,-0.3123377535644784,-0.768430472868526,0.1373616891646933,0.6250170988251277,-0.3084390663168633,0.17906426149527158,-0.8915214335833764,0.4160835485258008,-0.13921947884385225,0.0,0.0,0.0,1.0,SM1,0848
E-V2,10.000000000000124,70.17276884391228,0.5062404681696038,2.5981779323608363,1,1,1,0,,,,,,0.0010645389556884766,0.317915678024292,0.0,0.0,0.8684887790817377,1.1142108328479907,17170,0.995483758902206,0.0008781147403816189,1.2691616029169923,7.616807062757345,0.004313892257477442,0.5412920447017732,-0.5900372420646647,0.5990483914670807,-0.3041878921130818,0.025027607444142785,0.7234352670652738,0.6899384271308695,-0.3488182144758465,-0.8404620998047415,-0.35846543395831015,0.4063569753909552,-0.11424323598373712,0.0,0.0,0.0,1.0,0.5393647066913738,-0.47218475698171064,0.6972282652286894,-0.3556401996089987,-0.11396365018321362,0.7794412424510183,0.6160224309803319,-0.3058406615165985,-0.8343248441351299,-0.41171944937867816,0.36659120196603767,-0.09412671946281692,0.0,0.0,0.0,1.0,SM1,0875
E-L,10.000000000000124,70.17276884391228,0.4894066398895226,2.8698663595615135,1,1,1,0,,1.0,985.0,,,0.0,0.0,0.2200326919555664,0.0,0.8684887790817377,1.1142108328479907,17170,0.995483758902206,0.0008781147403816189,1.2691616029169923,7.616807062757345,0.004313892257477442,0.5412920447017732,-0.5900372420646647,0.5990483914670807,-0.3041878921130818,0.025027607444142785,0.7234352670652738,0.6899384271308695,-0.3488182144758465,-0.8404620998047415,-0.35846543395831015,0.4063569753909552,-0.11424323598373712,0.0,0.0,0.0,1.0,0.5317680247537162,-0.47629441459082583,0.7002616642935071,-0.35375454556235064,-0.11911729270817817,0.7765779457338824,0.6186580354102079,-0.3072458339747458,-0.838471131540857,-0.4123958351260665,0.3562244190721204,-0.08954158130489442,0.0,0.0,0.0,1.0,SM1,0875
E-I,10.000000000000124,70.17276884391228,0.015995230640280723,0.051834468685127956,1,1,1,0,,,,0.995483758902206,0.0008781147403816189,0.0,0.0,0.0,0.023679018020629883,0.8684887790817377,1.1142108328479907,17170,0.995483758902206,0.0008781147403816189,1.2691616029169923,7.616807062757345,0.004313892257477442,0.5412920447017732,-0.5900372420646647,0.5990483914670807,-0.3041878921130818,0.025027607444142785,0.7234352670652738,0.6899384271308695,-0.3488182144758465,-0.8404620998047415,-0.35846543395831015,0.4063569753909552,-0.11424323598373712,0.0,0.0,0.0,1.0,0.5366114604282998,-0.4694902110167273,0.7011612384441079,-0.354695493349195,-0.12241124872682431,0.7788270349254293,0.615177970878675,-0.30557947185002343,-0.8349033637027381,-0.4159415721333134,0.3604566296367998,-0.0916931403671652,0.0,0.0,0.0,1.0,SM1,0875
E-V5b,10.000000000000124,70.17276884391228,1.5665256964242482,9.716290868846562,1,1,1,0,,,,,,0.0058994293212890625,0.9121131896972656,0.0,0.0,0.8684887790817377,1.1142108328479907,17170,0.995483758902206,0.0008781147403816189,1.2691616029169923,7.616807062757345,0.004313892257477442,0.5412920447017732,-0.5900372420646647,0.5990483914670807,-0.3041878921130818,0.025027607444142785,0.7234352670652738,0.6899384271308695,-0.3488182144758465,-0.8404620998047415,-0.35846543395831015,0.4063569753909552,-0.11424323598373712,0.0,0.0,0.0,1.0,0.5484782448077513,-0.4814974624460193,0.6836167444575028,-0.3498981554133738,-0.10009245226572541,0.7738766887976539,0.6253770135208384,-0.311087753394499,-0.8301524963866921,-0.4114305551495226,0.3762602582363347,-0.09816123990391581,0.0,0.0,0.0,1.0,SM1,0875
E-V5d,10.000000000000124,70.17276884391228,1.6250547902901442,9.372996110667454,1,1,1,0,,,,,,0.0058994293212890625,0.9121131896972656,0.0,0.0,0.8684887790817377,1.1142108328479907,17170,0.995483758902206,0.0008781147403816189,1.2691616029169923,7.616807062757345,0.004313892257477442,0.5412920447017732,-0.5900372420646647,0.5990483914670807,-0.3041878921130818,0.025027607444142785,0.7234352670652738,0.6899384271308695,-0.3488182144758465,-0.8404620998047415,-0.35846543395831015,0.4063569753909552,-0.11424323598373712,0.0,0.0,0.0,1.0,0.548693418743728,-0.4824392753037843,0.6827795563248517,-0.34994789139858545,-0.09944684152106778,0.7732362874620183,0.6262715121876948,-0.3104899712253859,-0.830087892469116,-0.4115313194804693,0.3762925919520168,-0.09816851108140894,0.0,0.0,0.0,1.0,SM1,0875
E-V5x2,10.000000000000124,70.17276884391228,0.9146138308539671,8.723895569642025,1,1,1,0,,,,,,0.011966466903686523,1.8298466205596924,0.0,0.0,0.8684887790817377,1.1142108328479907,17170,0.995483758902206,0.0008781147403816189,1.2691616029169923,7.616807062757345,0.004313892257477442,0.5412920447017732,-0.5900372420646647,0.5990483914670807,-0.3041878921130818,0.025027607444142785,0.7234352670652738,0.6899384271308695,-0.3488182144758465,-0.8404620998047415,-0.35846543395831015,0.4063569753909552,-0.11424323598373712,0.0,0.0,0.0,1.0,0.5426631767803103,-0.476778242861286,0.6915194562674987,-0.3499966670181313,-0.10847896389097698,0.7766093382493031,0.620572505117561,-0.3103536777486673,-0.8329159370337691,-0.4117771755937893,0.3697168816128324,-0.09734249501845926,0.0,0.0,0.0,1.0,SM1,0875
E-VI,10.000000000000124,70.17276884391228,0.011708120752537562,0.04200637531659103,1,1,1,0,,,,1.0,0.0008110635551536573,0.0,0.0,0.0,0.022746562957763672,0.8684887790817377,1.1142108328479907,17170,0.995483758902206,0.0008781147403816189,1.2691616029169923,7.616807062757345,0.004313892257477442,0.5412920447017732,-0.5900372420646647,0.5990483914670807,-0.3041878921130818,0.025027607444142785,0.7234352670652738,0.6899384271308695,-0.3488182144758465,-0.8404620998047415,-0.35846543395831015,0.4063569753909552,-0.11424323598373712,0.0,0.0,0.0,1.0,0.5368082736766622,-0.469419506072113,0.7010578999398503,-0.3547313870379187,-0.12245152499062127,0.778782940463874,0.6152257632646977,-0.3056028507313778,-0.8347709078212734,-0.41610390339838155,0.36057599226958587,-0.09172087714037841,0.0,0.0,0.0,1.0,SM1,0875
