default_cfg {'backbone_type': 'ResNetFPN', 'resolution': (8, 2), 'fine_window_size': 5, 'fine_concat_coarse_feat': True, 'resnetfpn': {'initial_dim': 128, 'block_dims': [128, 196, 256]}, 'coarse': {'d_model': 256, 'd_ffn': 256, 'nhead': 8, 'layer_names': ['self', 'cross', 'self', 'cross', 'self', 'cross', 'self', 'cross'], 'attention': 'linear', 'temp_bug_fix': False}, 'match_coarse': {'thr': 0.2, 'border_rm': 2, 'match_type': 'dual_softmax', 'dsmax_temperature': 0.1, 'skh_iters': 3, 'skh_init_bin_score': 1.0, 'skh_prefilter': True, 'train_coarse_percent': 0.4, 'train_pad_num_gt_min': 200}, 'fine': {'d_model': 128, 'd_ffn': 128, 'nhead': 8, 'layer_names': ['self', 'cross'], 'attention': 'linear'}}
[_client.py] HTTP Request: HEAD https://huggingface.co/facebook/VGGT-1B/resolve/main/model.pt "HTTP/1.1 302 Found"
[vision_transformer.py] using MLP layer as FFN
[probe] GT rotations orthonormalized (max element change 3.97e-08)
AP12 pairs 300 {'[0,15)': 1380, '[15,30)': 2496, '[30,60)': 5924, '[60,90)': 3756, '[90,135)': 979, '[135,180]': 0}
[loftr_wrapper.py] image0: torch.Size([1, 1, 400, 400])
/home/kist/Desktop/BundleSAM3DGS/loftr_wrapper.py:45: FutureWarning: `torch.cuda.amp.autocast(args...)` is deprecated. Please use `torch.amp.autocast('cuda', args...)` instead.
  with torch.cuda.amp.autocast(enabled=True):
[loftr_wrapper.py] net forward
[loftr_wrapper.py] mconf, 0.200508251786232 0.9962789416313171
[loftr_wrapper.py] pair_ids (538,)
[loftr_wrapper.py] corres: (538, 5)
/home/kist/Desktop/BundleSAM3DGS/experiments/vggt_probe/models.py:30: FutureWarning: `torch.cuda.amp.autocast(args...)` is deprecated. Please use `torch.amp.autocast('cuda', args...)` instead.
  with torch.cuda.amp.autocast(dtype=torch.bfloat16):
/home/kist/venvs/vggt_probe/lib/python3.10/site-packages/vggt/models/vggt.py:65: FutureWarning: `torch.cuda.amp.autocast(args...)` is deprecated. Please use `torch.amp.autocast('cuda', args...)` instead.
  with torch.cuda.amp.autocast(enabled=False):
[loftr_wrapper.py] image0: torch.Size([1, 1, 400, 400])
[loftr_wrapper.py] net forward
[loftr_wrapper.py] mconf, 0.20085741579532623 0.9983924031257629
[loftr_wrapper.py] pair_ids (797,)
[loftr_wrapper.py] corres: (797, 5)
[loftr_wrapper.py] image0: torch.Size([1, 1, 400, 400])
[loftr_wrapper.py] net forward
[loftr_wrapper.py] mconf, 0.20075812935829163 0.9982620477676392
[loftr_wrapper.py] pair_ids (408,)
[loftr_wrapper.py] corres: (408, 5)
[loftr_wrapper.py] image0: torch.Size([1, 1, 400, 400])
[loftr_wrapper.py] net forward
[loftr_wrapper.py] mconf, 0.2007600963115692 0.9736923575401306
[loftr_wrapper.py] pair_ids (147,)
[loftr_wrapper.py] corres: (147, 5)
[loftr_wrapper.py] image0: torch.Size([1, 1, 400, 400])
[loftr_wrapper.py] net forward
[loftr_wrapper.py] mconf, 0.20063431560993195 0.9980814456939697
[loftr_wrapper.py] pair_ids (881,)
[loftr_wrapper.py] corres: (881, 5)
[loftr_wrapper.py] image0: torch.Size([1, 1, 400, 400])
[loftr_wrapper.py] net forward
[loftr_wrapper.py] mconf, 0.20096616446971893 0.994497537612915
[loftr_wrapper.py] pair_ids (1196,)
[loftr_wrapper.py] corres: (1196, 5)
[loftr_wrapper.py] image0: torch.Size([1, 1, 400, 400])
[loftr_wrapper.py] net forward
[loftr_wrapper.py] mconf, 0.20025674998760223 0.9994076490402222
[loftr_wrapper.py] pair_ids (1029,)
[loftr_wrapper.py] corres: (1029, 5)
[loftr_wrapper.py] image0: torch.Size([1, 1, 400, 400])
[loftr_wrapper.py] net forward
[loftr_wrapper.py] mconf, 0.200643390417099 0.9848276376724243
[loftr_wrapper.py] pair_ids (417,)
[loftr_wrapper.py] corres: (417, 5)
[loftr_wrapper.py] image0: torch.Size([1, 1, 400, 400])
[loftr_wrapper.py] net forward
[loftr_wrapper.py] mconf, 0.20186904072761536 0.9863792061805725
[loftr_wrapper.py] pair_ids (410,)
[loftr_wrapper.py] corres: (410, 5)
[loftr_wrapper.py] image0: torch.Size([1, 1, 400, 400])
[loftr_wrapper.py] net forward
[loftr_wrapper.py] mconf, 0.20150384306907654 0.9861565232276917
[loftr_wrapper.py] pair_ids (330,)
[loftr_wrapper.py] corres: (330, 5)
[loftr_wrapper.py] image0: torch.Size([1, 1, 400, 400])
[loftr_wrapper.py] net forward
[loftr_wrapper.py] mconf, 0.20003658533096313 0.8823403120040894
[loftr_wrapper.py] pair_ids (209,)
[loftr_wrapper.py] corres: (209, 5)
[loftr_wrapper.py] image0: torch.Size([1, 1, 400, 400])
[loftr_wrapper.py] net forward
[loftr_wrapper.py] mconf, 0.20033660531044006 0.9937251806259155
[loftr_wrapper.py] pair_ids (782,)
[loftr_wrapper.py] corres: (782, 5)
[loftr_wrapper.py] image0: torch.Size([1, 1, 400, 400])
[loftr_wrapper.py] net forward
[loftr_wrapper.py] mconf, 0.20046763122081757 0.7900823354721069
[loftr_wrapper.py] pair_ids (142,)
[loftr_wrapper.py] corres: (142, 5)
[loftr_wrapper.py] image0: torch.Size([1, 1, 400, 400])
[loftr_wrapper.py] net forward
[loftr_wrapper.py] mconf, 0.2019089311361313 0.9284427165985107
[loftr_wrapper.py] pair_ids (126,)
[loftr_wrapper.py] corres: (126, 5)
[loftr_wrapper.py] image0: torch.Size([1, 1, 400, 400])
[loftr_wrapper.py] net forward
[loftr_wrapper.py] mconf, 0.20141567289829254 0.9813748002052307
[loftr_wrapper.py] pair_ids (482,)
[loftr_wrapper.py] corres: (482, 5)
[loftr_wrapper.py] image0: torch.Size([1, 1, 400, 400])
[loftr_wrapper.py] net forward
[loftr_wrapper.py] mconf, 0.2001952975988388 0.9994826912879944
[loftr_wrapper.py] pair_ids (773,)
[loftr_wrapper.py] corres: (773, 5)
[loftr_wrapper.py] image0: torch.Size([1, 1, 400, 400])
[loftr_wrapper.py] net forward
[loftr_wrapper.py] mconf, 0.20001734793186188 0.9997493624687195
[loftr_wrapper.py] pair_ids (498,)
[loftr_wrapper.py] corres: (498, 5)
[loftr_wrapper.py] image0: torch.Size([1, 1, 400, 400])
[loftr_wrapper.py] net forward
[loftr_wrapper.py] mconf, 0.20085524022579193 0.961898922920227
[loftr_wrapper.py] pair_ids (329,)
[loftr_wrapper.py] corres: (329, 5)
[loftr_wrapper.py] image0: torch.Size([1, 1, 400, 400])
[loftr_wrapper.py] net forward
[loftr_wrapper.py] mconf, 0.20042507350444794 0.9979730844497681
[loftr_wrapper.py] pair_ids (1193,)
[loftr_wrapper.py] corres: (1193, 5)
[loftr_wrapper.py] image0: torch.Size([1, 1, 400, 400])
[loftr_wrapper.py] net forward
[loftr_wrapper.py] mconf, 0.20367804169654846 0.9735246300697327
[loftr_wrapper.py] pair_ids (180,)
[loftr_wrapper.py] corres: (180, 5)
[loftr_wrapper.py] image0: torch.Size([1, 1, 400, 400])
[loftr_wrapper.py] net forward
[loftr_wrapper.py] mconf, 0.20166006684303284 0.9921849966049194
[loftr_wrapper.py] pair_ids (718,)
[loftr_wrapper.py] corres: (718, 5)
[loftr_wrapper.py] image0: torch.Size([1, 1, 400, 400])
[loftr_wrapper.py] net forward
[loftr_wrapper.py] mconf, 0.20010559260845184 0.9999071359634399
[loftr_wrapper.py] pair_ids (712,)
[loftr_wrapper.py] corres: (712, 5)
[loftr_wrapper.py] image0: torch.Size([1, 1, 400, 400])
[loftr_wrapper.py] net forward
[loftr_wrapper.py] mconf, 0.201427161693573 0.9682202339172363
[loftr_wrapper.py] pair_ids (270,)
[loftr_wrapper.py] corres: (270, 5)
[loftr_wrapper.py] image0: torch.Size([1, 1, 400, 400])
[loftr_wrapper.py] net forward
[loftr_wrapper.py] mconf, 0.2003077119588852 0.9692726135253906
[loftr_wrapper.py] pair_ids (332,)
[loftr_wrapper.py] corres: (332, 5)
[loftr_wrapper.py] image0: torch.Size([1, 1, 400, 400])
[loftr_wrapper.py] net forward
[loftr_wrapper.py] mconf, 0.20014379918575287 0.8918408155441284
[loftr_wrapper.py] pair_ids (216,)
[loftr_wrapper.py] corres: (216, 5)
[loftr_wrapper.py] image0: torch.Size([1, 1, 400, 400])
[loftr_wrapper.py] net forward
[loftr_wrapper.py] mconf, 0.2027340680360794 0.7768951654434204
[loftr_wrapper.py] pair_ids (107,)
[loftr_wrapper.py] corres: (107, 5)
[loftr_wrapper.py] image0: torch.Size([1, 1, 400, 400])
[loftr_wrapper.py] net forward
[loftr_wrapper.py] mconf, 0.20133046805858612 0.973351001739502
[loftr_wrapper.py] pair_ids (283,)
[loftr_wrapper.py] corres: (283, 5)
[loftr_wrapper.py] image0: torch.Size([1, 1, 400, 400])
[loftr_wrapper.py] net forward
[loftr_wrapper.py] mconf, 0.20226943492889404 0.9985571503639221
[loftr_wrapper.py] pair_ids (1170,)
[loftr_wrapper.py] corres: (1170, 5)
[loftr_wrapper.py] image0: torch.Size([1, 1, 400, 400])
[loftr_wrapper.py] net forward
[loftr_wrapper.py] mconf, 0.20051530003547668 0.9928833246231079
[loftr_wrapper.py] pair_ids (605,)
[loftr_wrapper.py] corres: (605, 5)
[loftr_wrapper.py] image0: torch.Size([1, 1, 400, 400])
[loftr_wrapper.py] net forward
[loftr_wrapper.py] mconf, 0.20016303658485413 0.9442812204360962
[loftr_wrapper.py] pair_ids (314,)
[loftr_wrapper.py] corres: (314, 5)
[loftr_wrapper.py] image0: torch.Size([1, 1, 400, 400])
[loftr_wrapper.py] net forward
[loftr_wrapper.py] mconf, 0.20013000071048737 0.9979581236839294
[loftr_wrapper.py] pair_ids (802,)
[loftr_wrapper.py] corres: (802, 5)
[loftr_wrapper.py] image0: torch.Size([1, 1, 400, 400])
[loftr_wrapper.py] net forward
[loftr_wrapper.py] mconf, 0.20053963363170624 0.9650909304618835
[loftr_wrapper.py] pair_ids (392,)
[loftr_wrapper.py] corres: (392, 5)
[loftr_wrapper.py] image0: torch.Size([1, 1, 400, 400])
[loftr_wrapper.py] net forward
[loftr_wrapper.py] mconf, 0.200465589761734 0.9336065649986267
[loftr_wrapper.py] pair_ids (588,)
[loftr_wrapper.py] corres: (588, 5)
[loftr_wrapper.py] image0: torch.Size([1, 1, 400, 400])
[loftr_wrapper.py] net forward
[loftr_wrapper.py] mconf, 0.20012150704860687 0.9823061227798462
[loftr_wrapper.py] pair_ids (497,)
[loftr_wrapper.py] corres: (497, 5)
[loftr_wrapper.py] image0: torch.Size([1, 1, 400, 400])
[loftr_wrapper.py] net forward
[loftr_wrapper.py] mconf, 0.20087531208992004 0.9646999835968018
[loftr_wrapper.py] pair_ids (149,)
[loftr_wrapper.py] corres: (149, 5)
[loftr_wrapper.py] image0: torch.Size([1, 1, 400, 400])
[loftr_wrapper.py] net forward
[loftr_wrapper.py] mconf, 0.20063163340091705 0.9995221495628357
[loftr_wrapper.py] pair_ids (854,)
[loftr_wrapper.py] corres: (854, 5)
[loftr_wrapper.py] image0: torch.Size([1, 1, 400, 400])
[loftr_wrapper.py] net forward
[loftr_wrapper.py] mconf, 0.20049519836902618 0.9913569688796997
[loftr_wrapper.py] pair_ids (763,)
[loftr_wrapper.py] corres: (763, 5)
[loftr_wrapper.py] image0: torch.Size([1, 1, 400, 400])
[loftr_wrapper.py] net forward
[loftr_wrapper.py] mconf, 0.20119227468967438 0.9492385983467102
[loftr_wrapper.py] pair_ids (311,)
[loftr_wrapper.py] corres: (311, 5)
[loftr_wrapper.py] image0: torch.Size([1, 1, 400, 400])
[loftr_wrapper.py] net forward
[loftr_wrapper.py] mconf, 0.2007899433374405 0.7440888285636902
[loftr_wrapper.py] pair_ids (94,)
[loftr_wrapper.py] corres: (94, 5)
[loftr_wrapper.py] image0: torch.Size([1, 1, 400, 400])
[loftr_wrapper.py] net forward
[loftr_wrapper.py] mconf, 0.20065145194530487 0.933009684085846
[loftr_wrapper.py] pair_ids (192,)
[loftr_wrapper.py] corres: (192, 5)
[loftr_wrapper.py] image0: torch.Size([1, 1, 400, 400])
[loftr_wrapper.py] net forward
[loftr_wrapper.py] mconf, 0.20009930431842804 0.8949533700942993
[loftr_wrapper.py] pair_ids (210,)
[loftr_wrapper.py] corres: (210, 5)
[loftr_wrapper.py] image0: torch.Size([1, 1, 400, 400])
[loftr_wrapper.py] net forward
[loftr_wrapper.py] mconf, 0.20026136934757233 0.999849796295166
[loftr_wrapper.py] pair_ids (522,)
[loftr_wrapper.py] corres: (522, 5)
[loftr_wrapper.py] image0: torch.Size([1, 1, 400, 400])
[loftr_wrapper.py] net forward
[loftr_wrapper.py] mconf, 0.20115914940834045 0.99513840675354
[loftr_wrapper.py] pair_ids (454,)
[loftr_wrapper.py] corres: (454, 5)
[loftr_wrapper.py] image0: torch.Size([1, 1, 400, 400])
[loftr_wrapper.py] net forward
[loftr_wrapper.py] mconf, 0.20031729340553284 0.9381985664367676
[loftr_wrapper.py] pair_ids (154,)
[loftr_wrapper.py] corres: (154, 5)
[loftr_wrapper.py] image0: torch.Size([1, 1, 400, 400])
[loftr_wrapper.py] net forward
[loftr_wrapper.py] mconf, 0.20106945931911469 0.9327706694602966
[loftr_wrapper.py] pair_ids (207,)
[loftr_wrapper.py] corres: (207, 5)
[loftr_wrapper.py] image0: torch.Size([1, 1, 400, 400])
[loftr_wrapper.py] net forward
[loftr_wrapper.py] mconf, 0.2000315934419632 0.9956496953964233
[loftr_wrapper.py] pair_ids (665,)
[loftr_wrapper.py] corres: (665, 5)
[loftr_wrapper.py] image0: torch.Size([1, 1, 400, 400])
[loftr_wrapper.py] net forward
[loftr_wrapper.py] mconf, 0.2003639042377472 0.9988604784011841
[loftr_wrapper.py] pair_ids (447,)
[loftr_wrapper.py] corres: (447, 5)
[loftr_wrapper.py] image0: torch.Size([1, 1, 400, 400])
[loftr_wrapper.py] net forward
[loftr_wrapper.py] mconf, 0.201126366853714 0.9792404770851135
[loftr_wrapper.py] pair_ids (428,)
[loftr_wrapper.py] corres: (428, 5)
[loftr_wrapper.py] image0: torch.Size([1, 1, 400, 400])
[loftr_wrapper.py] net forward
[loftr_wrapper.py] mconf, 0.20011985301971436 0.81486976146698
[loftr_wrapper.py] pair_ids (117,)
[loftr_wrapper.py] corres: (117, 5)
[loftr_wrapper.py] image0: torch.Size([1, 1, 400, 400])
[loftr_wrapper.py] net forward
[loftr_wrapper.py] mconf, 0.20043277740478516 0.9091285467147827
[loftr_wrapper.py] pair_ids (184,)
[loftr_wrapper.py] corres: (184, 5)
[loftr_wrapper.py] image0: torch.Size([1, 1, 400, 400])
[loftr_wrapper.py] net forward
[loftr_wrapper.py] mconf, 0.20117762684822083 0.9838526248931885
[loftr_wrapper.py] pair_ids (849,)
[loftr_wrapper.py] corres: (849, 5)
[loftr_wrapper.py] image0: torch.Size([1, 1, 400, 400])
[loftr_wrapper.py] net forward
[loftr_wrapper.py] mconf, 0.20062868297100067 0.97342848777771
[loftr_wrapper.py] pair_ids (407,)
[loftr_wrapper.py] corres: (407, 5)
[loftr_wrapper.py] image0: torch.Size([1, 1, 400, 400])
[loftr_wrapper.py] net forward
[loftr_wrapper.py] mconf, 0.2012932449579239 0.8928078413009644
[loftr_wrapper.py] pair_ids (161,)
[loftr_wrapper.py] corres: (161, 5)
[loftr_wrapper.py] image0: torch.Size([1, 1, 400, 400])
[loftr_wrapper.py] net forward
[loftr_wrapper.py] mconf, 0.20212502777576447 0.9632288813591003
[loftr_wrapper.py] pair_ids (253,)
[loftr_wrapper.py] corres: (253, 5)
[loftr_wrapper.py] image0: torch.Size([1, 1, 400, 400])
[loftr_wrapper.py] net forward
[loftr_wrapper.py] mconf, 0.20182299613952637 0.9971479177474976
[loftr_wrapper.py] pair_ids (1362,)
[loftr_wrapper.py] corres: (1362, 5)
[loftr_wrapper.py] image0: torch.Size([1, 1, 400, 400])
[loftr_wrapper.py] net forward
[loftr_wrapper.py] mconf, 0.2006218284368515 0.8560212850570679
[loftr_wrapper.py] pair_ids (192,)
[loftr_wrapper.py] corres: (192, 5)
[loftr_wrapper.py] image0: torch.Size([1, 1, 400, 400])
[loftr_wrapper.py] net forward
[loftr_wrapper.py] mconf, 0.20003096759319305 0.9535861015319824
[loftr_wrapper.py] pair_ids (215,)
[loftr_wrapper.py] corres: (215, 5)
[loftr_wrapper.py] image0: torch.Size([1, 1, 400, 400])
[loftr_wrapper.py] net forward
[loftr_wrapper.py] mconf, 0.20149384438991547 0.9971960783004761
[loftr_wrapper.py] pair_ids (299,)
[loftr_wrapper.py] corres: (299, 5)
[loftr_wrapper.py] image0: torch.Size([1, 1, 400, 400])
[loftr_wrapper.py] net forward
[loftr_wrapper.py] mconf, 0.2009398490190506 0.9892393946647644
[loftr_wrapper.py] pair_ids (313,)
[loftr_wrapper.py] corres: (313, 5)
[loftr_wrapper.py] image0: torch.Size([1, 1, 400, 400])
[loftr_wrapper.py] net forward
[loftr_wrapper.py] mconf, 0.20051361620426178 0.9957152605056763
[loftr_wrapper.py] pair_ids (707,)
[loftr_wrapper.py] corres: (707, 5)
[loftr_wrapper.py] image0: torch.Size([1, 1, 400, 400])
[loftr_wrapper.py] net forward
[loftr_wrapper.py] mconf, 0.20097577571868896 0.9681105017662048
[loftr_wrapper.py] pair_ids (325,)
[loftr_wrapper.py] corres: (325, 5)
[loftr_wrapper.py] image0: torch.Size([1, 1, 400, 400])
[loftr_wrapper.py] net forward
[loftr_wrapper.py] mconf, 0.20039121806621552 0.6914051175117493
[loftr_wrapper.py] pair_ids (68,)
[loftr_wrapper.py] corres: (68, 5)
[loftr_wrapper.py] image0: torch.Size([1, 1, 400, 400])
[loftr_wrapper.py] net forward
[loftr_wrapper.py] mconf, 0.2002103626728058 0.9529578685760498
[loftr_wrapper.py] pair_ids (218,)
[loftr_wrapper.py] corres: (218, 5)
[loftr_wrapper.py] image0: torch.Size([1, 1, 400, 400])
[loftr_wrapper.py] net forward
[loftr_wrapper.py] mconf, 0.2023364156484604 0.9878814220428467
[loftr_wrapper.py] pair_ids (355,)
[loftr_wrapper.py] corres: (355, 5)
[loftr_wrapper.py] image0: torch.Size([1, 1, 400, 400])
[loftr_wrapper.py] net forward
[loftr_wrapper.py] mconf, 0.20032119750976562 0.9964542388916016
[loftr_wrapper.py] pair_ids (218,)
[loftr_wrapper.py] corres: (218, 5)
[loftr_wrapper.py] image0: torch.Size([1, 1, 400, 400])
[loftr_wrapper.py] net forward
[loftr_wrapper.py] mconf, 0.2034020870923996 0.9409278035163879
[loftr_wrapper.py] pair_ids (217,)
[loftr_wrapper.py] corres: (217, 5)
[loftr_wrapper.py] image0: torch.Size([1, 1, 400, 400])
[loftr_wrapper.py] net forward
[loftr_wrapper.py] mconf, 0.2031765580177307 0.9417462348937988
[loftr_wrapper.py] pair_ids (160,)
[loftr_wrapper.py] corres: (160, 5)
[loftr_wrapper.py] image0: torch.Size([1, 1, 400, 400])
[loftr_wrapper.py] net forward
[loftr_wrapper.py] mconf, 0.202081561088562 0.9299036860466003
[loftr_wrapper.py] pair_ids (143,)
[loftr_wrapper.py] corres: (143, 5)
[loftr_wrapper.py] image0: torch.Size([1, 1, 400, 400])
[loftr_wrapper.py] net forward
[loftr_wrapper.py] mconf, 0.20016629993915558 0.8612956404685974
[loftr_wrapper.py] pair_ids (144,)
[loftr_wrapper.py] corres: (144, 5)
[loftr_wrapper.py] image0: torch.Size([1, 1, 400, 400])
[loftr_wrapper.py] net forward
[loftr_wrapper.py] mconf, 0.20167191326618195 0.9277182221412659
[loftr_wrapper.py] pair_ids (146,)
[loftr_wrapper.py] corres: (146, 5)
[loftr_wrapper.py] image0: torch.Size([1, 1, 400, 400])
[loftr_wrapper.py] net forward
[loftr_wrapper.py] mconf, 0.20004016160964966 0.8747590184211731
[loftr_wrapper.py] pair_ids (176,)
[loftr_wrapper.py] corres: (176, 5)
[loftr_wrapper.py] image0: torch.Size([1, 1, 400, 400])
[loftr_wrapper.py] net forward
[loftr_wrapper.py] mconf, 0.20072296261787415 0.9420245289802551
[loftr_wrapper.py] pair_ids (216,)
[loftr_wrapper.py] corres: (216, 5)
[loftr_wrapper.py] image0: torch.Size([1, 1, 400, 400])
[loftr_wrapper.py] net forward
[loftr_wrapper.py] mconf, 0.2004275918006897 0.9971368312835693
[loftr_wrapper.py] pair_ids (279,)
[loftr_wrapper.py] corres: (279, 5)
[loftr_wrapper.py] image0: torch.Size([1, 1, 400, 400])
[loftr_wrapper.py] net forward
[loftr_wrapper.py] mconf, 0.20045460760593414 0.9640653729438782
[loftr_wrapper.py] pair_ids (158,)
[loftr_wrapper.py] corres: (158, 5)
[loftr_wrapper.py] image0: torch.Size([1, 1, 400, 400])
[loftr_wrapper.py] net forward
[loftr_wrapper.py] mconf, 0.2011437565088272 0.6777780652046204
[loftr_wrapper.py] pair_ids (83,)
[loftr_wrapper.py] corres: (83, 5)
[loftr_wrapper.py] image0: torch.Size([1, 1, 400, 400])
[loftr_wrapper.py] net forward
[loftr_wrapper.py] mconf, 0.2014307677745819 0.9511571526527405
[loftr_wrapper.py] pair_ids (115,)
[loftr_wrapper.py] corres: (115, 5)
[loftr_wrapper.py] image0: torch.Size([1, 1, 400, 400])
[loftr_wrapper.py] net forward
[loftr_wrapper.py] mconf, 0.2007603645324707 0.9743738770484924
[loftr_wrapper.py] pair_ids (174,)
[loftr_wrapper.py] corres: (174, 5)
[loftr_wrapper.py] image0: torch.Size([1, 1, 400, 400])
[loftr_wrapper.py] net forward
[loftr_wrapper.py] mconf, 0.20131389796733856 0.8911427855491638
[loftr_wrapper.py] pair_ids (132,)
[loftr_wrapper.py] corres: (132, 5)
[loftr_wrapper.py] image0: torch.Size([1, 1, 400, 400])
[loftr_wrapper.py] net forward
[loftr_wrapper.py] mconf, 0.20092430710792542 0.9664582014083862
[loftr_wrapper.py] pair_ids (300,)
[loftr_wrapper.py] corres: (300, 5)
[loftr_wrapper.py] image0: torch.Size([1, 1, 400, 400])
[loftr_wrapper.py] net forward
[loftr_wrapper.py] mconf, 0.2004268318414688 0.9977260231971741
[loftr_wrapper.py] pair_ids (391,)
[loftr_wrapper.py] corres: (391, 5)
[loftr_wrapper.py] image0: torch.Size([1, 1, 400, 400])
[loftr_wrapper.py] net forward
[loftr_wrapper.py] mconf, 0.2011885941028595 0.9006375670433044
[loftr_wrapper.py] pair_ids (165,)
[loftr_wrapper.py] corres: (165, 5)
[loftr_wrapper.py] image0: torch.Size([1, 1, 400, 400])
[loftr_wrapper.py] net forward
[loftr_wrapper.py] mconf, 0.2006368488073349 0.9841532111167908
[loftr_wrapper.py] pair_ids (156,)
[loftr_wrapper.py] corres: (156, 5)
[loftr_wrapper.py] image0: torch.Size([1, 1, 400, 400])
[loftr_wrapper.py] net forward
[loftr_wrapper.py] mconf, 0.20157168805599213 0.9171767830848694
[loftr_wrapper.py] pair_ids (185,)
[loftr_wrapper.py] corres: (185, 5)
[loftr_wrapper.py] image0: torch.Size([1, 1, 400, 400])
[loftr_wrapper.py] net forward
[loftr_wrapper.py] mconf, 0.20065303146839142 0.9940568804740906
[loftr_wrapper.py] pair_ids (532,)
[loftr_wrapper.py] corres: (532, 5)
[loftr_wrapper.py] image0: torch.Size([1, 1, 400, 400])
[loftr_wrapper.py] net forward
[loftr_wrapper.py] mconf, 0.2011764645576477 0.8375489711761475
[loftr_wrapper.py] pair_ids (198,)
[loftr_wrapper.py] corres: (198, 5)
[loftr_wrapper.py] image0: torch.Size([1, 1, 400, 400])
[loftr_wrapper.py] net forward
[loftr_wrapper.py] mconf, 0.2009502500295639 0.7870823740959167
[loftr_wrapper.py] pair_ids (87,)
[loftr_wrapper.py] corres: (87, 5)
[loftr_wrapper.py] image0: torch.Size([1, 1, 400, 400])
[loftr_wrapper.py] net forward
[loftr_wrapper.py] mconf, 0.2010594755411148 0.8244421482086182
[loftr_wrapper.py] pair_ids (121,)
[loftr_wrapper.py] corres: (121, 5)
[loftr_wrapper.py] image0: torch.Size([1, 1, 400, 400])
[loftr_wrapper.py] net forward
[loftr_wrapper.py] mconf, 0.20015625655651093 0.9905357360839844
[loftr_wrapper.py] pair_ids (179,)
[loftr_wrapper.py] corres: (179, 5)
[loftr_wrapper.py] image0: torch.Size([1, 1, 400, 400])
[loftr_wrapper.py] net forward
[loftr_wrapper.py] mconf, 0.20262902975082397 0.8911895751953125
[loftr_wrapper.py] pair_ids (140,)
[loftr_wrapper.py] corres: (140, 5)
[loftr_wrapper.py] image0: torch.Size([1, 1, 400, 400])
[loftr_wrapper.py] net forward
[loftr_wrapper.py] mconf, 0.20008638501167297 0.9690608978271484
[loftr_wrapper.py] pair_ids (189,)
[loftr_wrapper.py] corres: (189, 5)
[loftr_wrapper.py] image0: torch.Size([1, 1, 400, 400])
[loftr_wrapper.py] net forward
[loftr_wrapper.py] mconf, 0.2001895010471344 0.8296375274658203
[loftr_wrapper.py] pair_ids (123,)
[loftr_wrapper.py] corres: (123, 5)
[loftr_wrapper.py] image0: torch.Size([1, 1, 400, 400])
[loftr_wrapper.py] net forward
[loftr_wrapper.py] mconf, 0.20010927319526672 0.9649512767791748
[loftr_wrapper.py] pair_ids (240,)
[loftr_wrapper.py] corres: (240, 5)
[loftr_wrapper.py] image0: torch.Size([1, 1, 400, 400])
[loftr_wrapper.py] net forward
[loftr_wrapper.py] mconf, 0.2007465809583664 0.9953398108482361
[loftr_wrapper.py] pair_ids (282,)
[loftr_wrapper.py] corres: (282, 5)
[loftr_wrapper.py] image0: torch.Size([1, 1, 400, 400])
[loftr_wrapper.py] net forward
[loftr_wrapper.py] mconf, 0.20049864053726196 0.9996702075004578
[loftr_wrapper.py] pair_ids (603,)
[loftr_wrapper.py] corres: (603, 5)
[loftr_wrapper.py] image0: torch.Size([1, 1, 400, 400])
[loftr_wrapper.py] net forward
[loftr_wrapper.py] mconf, 0.20018143951892853 0.7776666879653931
[loftr_wrapper.py] pair_ids (120,)
[loftr_wrapper.py] corres: (120, 5)
[loftr_wrapper.py] image0: torch.Size([1, 1, 400, 400])
[loftr_wrapper.py] net forward
[loftr_wrapper.py] mconf, 0.2010343223810196 0.9136092066764832
[loftr_wrapper.py] pair_ids (200,)
[loftr_wrapper.py] corres: (200, 5)
[loftr_wrapper.py] image0: torch.Size([1, 1, 400, 400])
[loftr_wrapper.py] net forward
[loftr_wrapper.py] mconf, 0.20157665014266968 0.9985008835792542
[loftr_wrapper.py] pair_ids (457,)
[loftr_wrapper.py] corres: (457, 5)
[loftr_wrapper.py] image0: torch.Size([1, 1, 400, 400])
[loftr_wrapper.py] net forward
[loftr_wrapper.py] mconf, 0.20034421980381012 0.7295604944229126
[loftr_wrapper.py] pair_ids (97,)
[loftr_wrapper.py] corres: (97, 5)
[loftr_wrapper.py] image0: torch.Size([1, 1, 400, 400])
[loftr_wrapper.py] net forward
[loftr_wrapper.py] mconf, 0.20107947289943695 0.9890556335449219
[loftr_wrapper.py] pair_ids (260,)
[loftr_wrapper.py] corres: (260, 5)
[loftr_wrapper.py] image0: torch.Size([1, 1, 400, 400])
[loftr_wrapper.py] net forward
[loftr_wrapper.py] mconf, 0.20385713875293732 0.8581468462944031
[loftr_wrapper.py] pair_ids (150,)
[loftr_wrapper.py] corres: (150, 5)
[loftr_wrapper.py] image0: torch.Size([1, 1, 400, 400])
[loftr_wrapper.py] net forward
[loftr_wrapper.py] mconf, 0.20011191070079803 0.9320967793464661
[loftr_wrapper.py] pair_ids (180,)
[loftr_wrapper.py] corres: (180, 5)
[loftr_wrapper.py] image0: torch.Size([1, 1, 400, 400])
[loftr_wrapper.py] net forward
[loftr_wrapper.py] mconf, 0.20152021944522858 0.7862115502357483
[loftr_wrapper.py] pair_ids (139,)
[loftr_wrapper.py] corres: (139, 5)
[loftr_wrapper.py] image0: torch.Size([1, 1, 400, 400])
[loftr_wrapper.py] net forward
[loftr_wrapper.py] mconf, 0.20217835903167725 0.7594731450080872
[loftr_wrapper.py] pair_ids (115,)
[loftr_wrapper.py] corres: (115, 5)
[loftr_wrapper.py] image0: torch.Size([1, 1, 400, 400])
[loftr_wrapper.py] net forward
[loftr_wrapper.py] mconf, 0.2000122219324112 0.9703155755996704
[loftr_wrapper.py] pair_ids (195,)
[loftr_wrapper.py] corres: (195, 5)
[loftr_wrapper.py] image0: torch.Size([1, 1, 400, 400])
[loftr_wrapper.py] net forward
[loftr_wrapper.py] mconf, 0.20007608830928802 0.9472892880439758
[loftr_wrapper.py] pair_ids (224,)
[loftr_wrapper.py] corres: (224, 5)
[loftr_wrapper.py] image0: torch.Size([1, 1, 400, 400])
[loftr_wrapper.py] net forward
[loftr_wrapper.py] mconf, 0.2014772742986679 0.9069085717201233
[loftr_wrapper.py] pair_ids (178,)
[loftr_wrapper.py] corres: (178, 5)
[loftr_wrapper.py] image0: torch.Size([1, 1, 400, 400])
[loftr_wrapper.py] net forward
[loftr_wrapper.py] mconf, 0.20052658021450043 0.804458498954773
[loftr_wrapper.py] pair_ids (122,)
[loftr_wrapper.py] corres: (122, 5)
[loftr_wrapper.py] image0: torch.Size([1, 1, 400, 400])
[loftr_wrapper.py] net forward
[loftr_wrapper.py] mconf, 0.20211385190486908 0.9598979353904724
[loftr_wrapper.py] pair_ids (475,)
[loftr_wrapper.py] corres: (475, 5)
[loftr_wrapper.py] image0: torch.Size([1, 1, 400, 400])
[loftr_wrapper.py] net forward
[loftr_wrapper.py] mconf, 0.20156531035900116 0.8659560680389404
[loftr_wrapper.py] pair_ids (104,)
[loftr_wrapper.py] corres: (104, 5)
[loftr_wrapper.py] image0: torch.Size([1, 1, 400, 400])
[loftr_wrapper.py] net forward
[loftr_wrapper.py] mconf, 0.20037905871868134 0.9976601600646973
[loftr_wrapper.py] pair_ids (539,)
[loftr_wrapper.py] corres: (539, 5)
[loftr_wrapper.py] image0: torch.Size([1, 1, 400, 400])
[loftr_wrapper.py] net forward
[loftr_wrapper.py] mconf, 0.20064201951026917 0.9782655835151672
[loftr_wrapper.py] pair_ids (129,)
[loftr_wrapper.py] corres: (129, 5)
[loftr_wrapper.py] image0: torch.Size([1, 1, 400, 400])
[loftr_wrapper.py] net forward
[loftr_wrapper.py] mconf, 0.20337891578674316 0.7863394618034363
[loftr_wrapper.py] pair_ids (142,)
[loftr_wrapper.py] corres: (142, 5)
[loftr_wrapper.py] image0: torch.Size([1, 1, 400, 400])
[loftr_wrapper.py] net forward
[loftr_wrapper.py] mconf, 0.20195427536964417 0.9765323400497437
[loftr_wrapper.py] pair_ids (293,)
[loftr_wrapper.py] corres: (293, 5)
[loftr_wrapper.py] image0: torch.Size([1, 1, 400, 400])
[loftr_wrapper.py] net forward
[loftr_wrapper.py] mconf, 0.20033322274684906 0.9859811067581177
[loftr_wrapper.py] pair_ids (343,)
[loftr_wrapper.py] corres: (343, 5)
[loftr_wrapper.py] image0: torch.Size([1, 1, 400, 400])
[loftr_wrapper.py] net forward
[loftr_wrapper.py] mconf, 0.20018596947193146 0.937187910079956
[loftr_wrapper.py] pair_ids (218,)
[loftr_wrapper.py] corres: (218, 5)
[loftr_wrapper.py] image0: torch.Size([1, 1, 400, 400])
[loftr_wrapper.py] net forward
[loftr_wrapper.py] mconf, 0.20029206573963165 0.9737753868103027
[loftr_wrapper.py] pair_ids (212,)
[loftr_wrapper.py] corres: (212, 5)
[loftr_wrapper.py] image0: torch.Size([1, 1, 400, 400])
[loftr_wrapper.py] net forward
[loftr_wrapper.py] mconf, 0.2003566324710846 0.8740621209144592
[loftr_wrapper.py] pair_ids (162,)
[loftr_wrapper.py] corres: (162, 5)
[loftr_wrapper.py] image0: torch.Size([1, 1, 400, 400])
[loftr_wrapper.py] net forward
[loftr_wrapper.py] mconf, 0.20315779745578766 0.9981420040130615
[loftr_wrapper.py] pair_ids (309,)
[loftr_wrapper.py] corres: (309, 5)
[loftr_wrapper.py] image0: torch.Size([1, 1, 400, 400])
[loftr_wrapper.py] net forward
[loftr_wrapper.py] mconf, 0.20032180845737457 0.8277835845947266
[loftr_wrapper.py] pair_ids (162,)
[loftr_wrapper.py] corres: (162, 5)
[loftr_wrapper.py] image0: torch.Size([1, 1, 400, 400])
[loftr_wrapper.py] net forward
[loftr_wrapper.py] mconf, 0.20026366412639618 0.8611247539520264
[loftr_wrapper.py] pair_ids (158,)
[loftr_wrapper.py] corres: (158, 5)
[loftr_wrapper.py] image0: torch.Size([1, 1, 400, 400])
[loftr_wrapper.py] net forward
[loftr_wrapper.py] mconf, 0.20069311559200287 0.8172193169593811
[loftr_wrapper.py] pair_ids (121,)
[loftr_wrapper.py] corres: (121, 5)
[loftr_wrapper.py] image0: torch.Size([1, 1, 400, 400])
[loftr_wrapper.py] net forward
[loftr_wrapper.py] mconf, 0.201099693775177 0.8000169396400452
[loftr_wrapper.py] pair_ids (109,)
[loftr_wrapper.py] corres: (109, 5)
[loftr_wrapper.py] image0: torch.Size([1, 1, 400, 400])
[loftr_wrapper.py] net forward
[loftr_wrapper.py] mconf, 0.20004434883594513 0.7003864049911499
[loftr_wrapper.py] pair_ids (55,)
[loftr_wrapper.py] corres: (55, 5)
[loftr_wrapper.py] image0: torch.Size([1, 1, 400, 400])
[loftr_wrapper.py] net forward
[loftr_wrapper.py] mconf, 0.2005733698606491 0.8711277842521667
[loftr_wrapper.py] pair_ids (116,)
[loftr_wrapper.py] corres: (116, 5)
[loftr_wrapper.py] image0: torch.Size([1, 1, 400, 400])
[loftr_wrapper.py] net forward
[loftr_wrapper.py] mconf, 0.20059573650360107 0.9993698596954346
[loftr_wrapper.py] pair_ids (332,)
[loftr_wrapper.py] corres: (332, 5)
[loftr_wrapper.py] image0: torch.Size([1, 1, 400, 400])
[loftr_wrapper.py] net forward
[loftr_wrapper.py] mconf, 0.20064103603363037 0.8073276877403259
[loftr_wrapper.py] pair_ids (66,)
[loftr_wrapper.py] corres: (66, 5)
[loftr_wrapper.py] image0: torch.Size([1, 1, 400, 400])
[loftr_wrapper.py] net forward
[loftr_wrapper.py] mconf, 0.20313628017902374 0.7682257890701294
[loftr_wrapper.py] pair_ids (59,)
[loftr_wrapper.py] corres: (59, 5)
[loftr_wrapper.py] image0: torch.Size([1, 1, 400, 400])
[loftr_wrapper.py] net forward
[loftr_wrapper.py] mconf, 0.2033994495868683 0.8712545037269592
[loftr_wrapper.py] pair_ids (69,)
[loftr_wrapper.py] corres: (69, 5)
[loftr_wrapper.py] image0: torch.Size([1, 1, 400, 400])
[loftr_wrapper.py] net forward
[loftr_wrapper.py] mconf, 0.20943941175937653 0.6911565661430359
[loftr_wrapper.py] pair_ids (68,)
[loftr_wrapper.py] corres: (68, 5)
[loftr_wrapper.py] image0: torch.Size([1, 1, 400, 400])
[loftr_wrapper.py] net forward
[loftr_wrapper.py] mconf, 0.20061634480953217 0.8032577037811279
[loftr_wrapper.py] pair_ids (109,)
[loftr_wrapper.py] corres: (109, 5)
[loftr_wrapper.py] image0: torch.Size([1, 1, 400, 400])
[loftr_wrapper.py] net forward
[loftr_wrapper.py] mconf, 0.20041491091251373 0.9766712784767151
[loftr_wrapper.py] pair_ids (180,)
[loftr_wrapper.py] corres: (180, 5)
[loftr_wrapper.py] image0: torch.Size([1, 1, 400, 400])
[loftr_wrapper.py] net forward
[loftr_wrapper.py] mconf, 0.20315973460674286 0.8387457132339478
[loftr_wrapper.py] pair_ids (95,)
[loftr_wrapper.py] corres: (95, 5)
[loftr_wrapper.py] image0: torch.Size([1, 1, 400, 400])
[loftr_wrapper.py] net forward
[loftr_wrapper.py] mconf, 0.20251066982746124 0.9979880452156067
[loftr_wrapper.py] pair_ids (238,)
[loftr_wrapper.py] corres: (238, 5)
[loftr_wrapper.py] image0: torch.Size([1, 1, 400, 400])
[loftr_wrapper.py] net forward
[loftr_wrapper.py] mconf, 0.20305490493774414 0.7759245038032532
[loftr_wrapper.py] pair_ids (78,)
[loftr_wrapper.py] corres: (78, 5)
[loftr_wrapper.py] image0: torch.Size([1, 1, 400, 400])
[loftr_wrapper.py] net forward
[loftr_wrapper.py] mconf, 0.20013536512851715 0.9966915845870972
[loftr_wrapper.py] pair_ids (297,)
[loftr_wrapper.py] corres: (297, 5)
[loftr_wrapper.py] image0: torch.Size([1, 1, 400, 400])
[loftr_wrapper.py] net forward
[loftr_wrapper.py] mconf, 0.20295675098896027 0.7236354351043701
[loftr_wrapper.py] pair_ids (74,)
[loftr_wrapper.py] corres: (74, 5)
[loftr_wrapper.py] image0: torch.Size([1, 1, 400, 400])
[loftr_wrapper.py] net forward
[loftr_wrapper.py] mconf, 0.20175166428089142 0.9854250550270081
[loftr_wrapper.py] pair_ids (300,)
[loftr_wrapper.py] corres: (300, 5)
[loftr_wrapper.py] image0: torch.Size([1, 1, 400, 400])
[loftr_wrapper.py] net forward
[loftr_wrapper.py] mconf, 0.20142772793769836 0.988760769367218
[loftr_wrapper.py] pair_ids (270,)
[loftr_wrapper.py] corres: (270, 5)
[loftr_wrapper.py] image0: torch.Size([1, 1, 400, 400])
[loftr_wrapper.py] net forward
[loftr_wrapper.py] mconf, 0.20864370465278625 0.7967917919158936
[loftr_wrapper.py] pair_ids (47,)
[loftr_wrapper.py] corres: (47, 5)
[loftr_wrapper.py] image0: torch.Size([1, 1, 400, 400])
[loftr_wrapper.py] net forward
[loftr_wrapper.py] mconf, 0.20032109320163727 0.9405742883682251
[loftr_wrapper.py] pair_ids (160,)
[loftr_wrapper.py] corres: (160, 5)
[loftr_wrapper.py] image0: torch.Size([1, 1, 400, 400])
[loftr_wrapper.py] net forward
[loftr_wrapper.py] mconf, 0.20009230077266693 0.9826828241348267
[loftr_wrapper.py] pair_ids (221,)
[loftr_wrapper.py] corres: (221, 5)
[loftr_wrapper.py] image0: torch.Size([1, 1, 400, 400])
[loftr_wrapper.py] net forward
[loftr_wrapper.py] mconf, 0.20069435238838196 0.7935576438903809
[loftr_wrapper.py] pair_ids (77,)
[loftr_wrapper.py] corres: (77, 5)
[loftr_wrapper.py] image0: torch.Size([1, 1, 400, 400])
[loftr_wrapper.py] net forward
[loftr_wrapper.py] mconf, 0.2002626210451126 0.9513428211212158
[loftr_wrapper.py] pair_ids (187,)
[loftr_wrapper.py] corres: (187, 5)
[loftr_wrapper.py] image0: torch.Size([1, 1, 400, 400])
[loftr_wrapper.py] net forward
[loftr_wrapper.py] mconf, 0.20054827630519867 0.7000411152839661
[loftr_wrapper.py] pair_ids (61,)
[loftr_wrapper.py] corres: (61, 5)
[loftr_wrapper.py] image0: torch.Size([1, 1, 400, 400])
[loftr_wrapper.py] net forward
[loftr_wrapper.py] mconf, 0.20075970888137817 0.8963963389396667
[loftr_wrapper.py] pair_ids (106,)
[loftr_wrapper.py] corres: (106, 5)
[loftr_wrapper.py] image0: torch.Size([1, 1, 400, 400])
[loftr_wrapper.py] net forward
[loftr_wrapper.py] mconf, 0.20322953164577484 0.9360504150390625
[loftr_wrapper.py] pair_ids (139,)
[loftr_wrapper.py] corres: (139, 5)
[loftr_wrapper.py] image0: torch.Size([1, 1, 400, 400])
[loftr_wrapper.py] net forward
[loftr_wrapper.py] mconf, 0.20178821682929993 0.4876970052719116
[loftr_wrapper.py] pair_ids (53,)
[loftr_wrapper.py] corres: (53, 5)
[loftr_wrapper.py] image0: torch.Size([1, 1, 400, 400])
[loftr_wrapper.py] net forward
[loftr_wrapper.py] mconf, 0.2000858634710312 0.7533239722251892
[loftr_wrapper.py] pair_ids (72,)
[loftr_wrapper.py] corres: (72, 5)
[loftr_wrapper.py] image0: torch.Size([1, 1, 400, 400])
[loftr_wrapper.py] net forward
[loftr_wrapper.py] mconf, 0.202633336186409 0.727764368057251
[loftr_wrapper.py] pair_ids (71,)
[loftr_wrapper.py] corres: (71, 5)
[loftr_wrapper.py] image0: torch.Size([1, 1, 400, 400])
[loftr_wrapper.py] net forward
[loftr_wrapper.py] mconf, 0.20224860310554504 0.7532400488853455
[loftr_wrapper.py] pair_ids (66,)
[loftr_wrapper.py] corres: (66, 5)
[loftr_wrapper.py] image0: torch.Size([1, 1, 400, 400])
[loftr_wrapper.py] net forward
[loftr_wrapper.py] mconf, 0.20167569816112518 0.919916033744812
[loftr_wrapper.py] pair_ids (91,)
[loftr_wrapper.py] corres: (91, 5)
[loftr_wrapper.py] image0: torch.Size([1, 1, 400, 400])
[loftr_wrapper.py] net forward
[loftr_wrapper.py] mconf, 0.20140673220157623 0.7867566347122192
[loftr_wrapper.py] pair_ids (94,)
[loftr_wrapper.py] corres: (94, 5)
[loftr_wrapper.py] image0: torch.Size([1, 1, 400, 400])
[loftr_wrapper.py] net forward
[loftr_wrapper.py] mconf, 0.20016643404960632 0.9979032874107361
[loftr_wrapper.py] pair_ids (316,)
[loftr_wrapper.py] corres: (316, 5)
[loftr_wrapper.py] image0: torch.Size([1, 1, 400, 400])
[loftr_wrapper.py] net forward
[loftr_wrapper.py] mconf, 0.2012077420949936 0.852546215057373
[loftr_wrapper.py] pair_ids (100,)
[loftr_wrapper.py] corres: (100, 5)
[loftr_wrapper.py] image0: torch.Size([1, 1, 400, 400])
[loftr_wrapper.py] net forward
[loftr_wrapper.py] mconf, 0.20586879551410675 0.7606661319732666
[loftr_wrapper.py] pair_ids (67,)
[loftr_wrapper.py] corres: (67, 5)
[loftr_wrapper.py] image0: torch.Size([1, 1, 400, 400])
[loftr_wrapper.py] net forward
[loftr_wrapper.py] mconf, 0.2001645565032959 0.8764750957489014
[loftr_wrapper.py] pair_ids (151,)
[loftr_wrapper.py] corres: (151, 5)
[loftr_wrapper.py] image0: torch.Size([1, 1, 400, 400])
[loftr_wrapper.py] net forward
[loftr_wrapper.py] mconf, 0.20120669901371002 0.726089596748352
[loftr_wrapper.py] pair_ids (53,)
[loftr_wrapper.py] corres: (53, 5)
[loftr_wrapper.py] image0: torch.Size([1, 1, 400, 400])
[loftr_wrapper.py] net forward
[loftr_wrapper.py] mconf, 0.2000633180141449 0.9767906665802002
[loftr_wrapper.py] pair_ids (270,)
[loftr_wrapper.py] corres: (270, 5)
[loftr_wrapper.py] image0: torch.Size([1, 1, 400, 400])
[loftr_wrapper.py] net forward
[loftr_wrapper.py] mconf, 0.20030629634857178 0.9971871376037598
[loftr_wrapper.py] pair_ids (356,)
[loftr_wrapper.py] corres: (356, 5)
[loftr_wrapper.py] image0: torch.Size([1, 1, 400, 400])
[loftr_wrapper.py] net forward
[loftr_wrapper.py] mconf, 0.20035097002983093 0.7917307019233704
[loftr_wrapper.py] pair_ids (78,)
[loftr_wrapper.py] corres: (78, 5)
[loftr_wrapper.py] image0: torch.Size([1, 1, 400, 400])
[loftr_wrapper.py] net forward
[loftr_wrapper.py] mconf, 0.20012085139751434 0.8744620084762573
[loftr_wrapper.py] pair_ids (140,)
[loftr_wrapper.py] corres: (140, 5)
[loftr_wrapper.py] image0: torch.Size([1, 1, 400, 400])
[loftr_wrapper.py] net forward
[loftr_wrapper.py] mconf, 0.2049863338470459 0.9088855385780334
[loftr_wrapper.py] pair_ids (185,)
[loftr_wrapper.py] corres: (185, 5)
[loftr_wrapper.py] image0: torch.Size([1, 1, 400, 400])
[loftr_wrapper.py] net forward
[loftr_wrapper.py] mconf, 0.20383760333061218 0.7422327995300293
[loftr_wrapper.py] pair_ids (117,)
[loftr_wrapper.py] corres: (117, 5)
[loftr_wrapper.py] image0: torch.Size([1, 1, 400, 400])
[loftr_wrapper.py] net forward
[loftr_wrapper.py] mconf, 0.20193138718605042 0.7728896141052246
[loftr_wrapper.py] pair_ids (75,)
[loftr_wrapper.py] corres: (75, 5)
[loftr_wrapper.py] image0: torch.Size([1, 1, 400, 400])
[loftr_wrapper.py] net forward
[loftr_wrapper.py] mconf, 0.20065979659557343 0.7985720634460449
[loftr_wrapper.py] pair_ids (77,)
[loftr_wrapper.py] corres: (77, 5)
[loftr_wrapper.py] image0: torch.Size([1, 1, 400, 400])
[loftr_wrapper.py] net forward
[loftr_wrapper.py] mconf, 0.20038828253746033 0.8856170773506165
[loftr_wrapper.py] pair_ids (87,)
[loftr_wrapper.py] corres: (87, 5)
[loftr_wrapper.py] image0: torch.Size([1, 1, 400, 400])
[loftr_wrapper.py] net forward
[loftr_wrapper.py] mconf, 0.20063389837741852 0.9957205057144165
[loftr_wrapper.py] pair_ids (236,)
[loftr_wrapper.py] corres: (236, 5)
[loftr_wrapper.py] image0: torch.Size([1, 1, 400, 400])
[loftr_wrapper.py] net forward
[loftr_wrapper.py] mconf, 0.20024019479751587 0.9860444664955139
[loftr_wrapper.py] pair_ids (325,)
[loftr_wrapper.py] corres: (325, 5)
[loftr_wrapper.py] image0: torch.Size([1, 1, 400, 400])
[loftr_wrapper.py] net forward
[loftr_wrapper.py] mconf, 0.20182815194129944 0.8916085362434387
[loftr_wrapper.py] pair_ids (160,)
[loftr_wrapper.py] corres: (160, 5)
[loftr_wrapper.py] image0: torch.Size([1, 1, 400, 400])
[loftr_wrapper.py] net forward
[loftr_wrapper.py] mconf, 0.20066441595554352 0.99931401014328
[loftr_wrapper.py] pair_ids (572,)
[loftr_wrapper.py] corres: (572, 5)
[loftr_wrapper.py] image0: torch.Size([1, 1, 400, 400])
[loftr_wrapper.py] net forward
[loftr_wrapper.py] mconf, 0.20136119425296783 0.9918100833892822
[loftr_wrapper.py] pair_ids (239,)
[loftr_wrapper.py] corres: (239, 5)
[loftr_wrapper.py] image0: torch.Size([1, 1, 400, 400])
[loftr_wrapper.py] net forward
[loftr_wrapper.py] mconf, 0.20376800000667572 0.8370985984802246
[loftr_wrapper.py] pair_ids (79,)
[loftr_wrapper.py] corres: (79, 5)
[loftr_wrapper.py] image0: torch.Size([1, 1, 400, 400])
[loftr_wrapper.py] net forward
[loftr_wrapper.py] mconf, 0.202193021774292 0.7005150318145752
[loftr_wrapper.py] pair_ids (128,)
[loftr_wrapper.py] corres: (128, 5)
[loftr_wrapper.py] image0: torch.Size([1, 1, 400, 400])
[loftr_wrapper.py] net forward
[loftr_wrapper.py] mconf, 0.20267656445503235 0.6797206401824951
[loftr_wrapper.py] pair_ids (89,)
[loftr_wrapper.py] corres: (89, 5)
[loftr_wrapper.py] image0: torch.Size([1, 1, 400, 400])
[loftr_wrapper.py] net forward
[loftr_wrapper.py] mconf, 0.20266102254390717 0.8218945264816284
[loftr_wrapper.py] pair_ids (141,)
[loftr_wrapper.py] corres: (141, 5)
[loftr_wrapper.py] image0: torch.Size([1, 1, 400, 400])
[loftr_wrapper.py] net forward
[loftr_wrapper.py] mconf, 0.2002556324005127 0.7568698525428772
[loftr_wrapper.py] pair_ids (90,)
[loftr_wrapper.py] corres: (90, 5)
[loftr_wrapper.py] image0: torch.Size([1, 1, 400, 400])
[loftr_wrapper.py] net forward
[loftr_wrapper.py] mconf, 0.2002691924571991 0.998795747756958
[loftr_wrapper.py] pair_ids (362,)
[loftr_wrapper.py] corres: (362, 5)
[loftr_wrapper.py] image0: torch.Size([1, 1, 400, 400])
[loftr_wrapper.py] net forward
[loftr_wrapper.py] mconf, 0.2032230794429779 0.9357075095176697
[loftr_wrapper.py] pair_ids (149,)
[loftr_wrapper.py] corres: (149, 5)
[loftr_wrapper.py] image0: torch.Size([1, 1, 400, 400])
[loftr_wrapper.py] net forward
[loftr_wrapper.py] mconf, 0.2004603147506714 0.6454277038574219
[loftr_wrapper.py] pair_ids (58,)
[loftr_wrapper.py] corres: (58, 5)
[loftr_wrapper.py] image0: torch.Size([1, 1, 400, 400])
[loftr_wrapper.py] net forward
[loftr_wrapper.py] mconf, 0.20186953246593475 0.7027492523193359
[loftr_wrapper.py] pair_ids (75,)
[loftr_wrapper.py] corres: (75, 5)
[loftr_wrapper.py] image0: torch.Size([1, 1, 400, 400])
[loftr_wrapper.py] net forward
[loftr_wrapper.py] mconf, 0.20141437649726868 0.9679274559020996
[loftr_wrapper.py] pair_ids (239,)
[loftr_wrapper.py] corres: (239, 5)
[loftr_wrapper.py] image0: torch.Size([1, 1, 400, 400])
[loftr_wrapper.py] net forward
[loftr_wrapper.py] mconf, 0.20175443589687347 0.7412418723106384
[loftr_wrapper.py] pair_ids (40,)
[loftr_wrapper.py] corres: (40, 5)
[loftr_wrapper.py] image0: torch.Size([1, 1, 400, 400])
[loftr_wrapper.py] net forward
[loftr_wrapper.py] mconf, 0.20205682516098022 0.6586447954177856
[loftr_wrapper.py] pair_ids (40,)
[loftr_wrapper.py] corres: (40, 5)
[loftr_wrapper.py] image0: torch.Size([1, 1, 400, 400])
[loftr_wrapper.py] net forward
[loftr_wrapper.py] mconf, 0.20121675729751587 0.7864179015159607
[loftr_wrapper.py] pair_ids (51,)
[loftr_wrapper.py] corres: (51, 5)
[loftr_wrapper.py] image0: torch.Size([1, 1, 400, 400])
[loftr_wrapper.py] net forward
[loftr_wrapper.py] mconf, 0.20427027344703674 0.878790020942688
[loftr_wrapper.py] pair_ids (70,)
[loftr_wrapper.py] corres: (70, 5)
[loftr_wrapper.py] image0: torch.Size([1, 1, 400, 400])
[loftr_wrapper.py] net forward
[loftr_wrapper.py] mconf, 0.20085878670215607 0.7273111343383789
[loftr_wrapper.py] pair_ids (37,)
[loftr_wrapper.py] corres: (37, 5)
[loftr_wrapper.py] image0: torch.Size([1, 1, 400, 400])
[loftr_wrapper.py] net forward
[loftr_wrapper.py] mconf, 0.20062193274497986 0.7695103287696838
[loftr_wrapper.py] pair_ids (88,)
[loftr_wrapper.py] corres: (88, 5)
[loftr_wrapper.py] image0: torch.Size([1, 1, 400, 400])
[loftr_wrapper.py] net forward
[loftr_wrapper.py] mconf, 0.20340053737163544 0.6899803280830383
[loftr_wrapper.py] pair_ids (74,)
[loftr_wrapper.py] corres: (74, 5)
[loftr_wrapper.py] image0: torch.Size([1, 1, 400, 400])
[loftr_wrapper.py] net forward
[loftr_wrapper.py] mconf, 0.20065878331661224 0.9929335117340088
[loftr_wrapper.py] pair_ids (131,)
[loftr_wrapper.py] corres: (131, 5)
[loftr_wrapper.py] image0: torch.Size([1, 1, 400, 400])
[loftr_wrapper.py] net forward
[loftr_wrapper.py] mconf, 0.2013106793165207 0.840599536895752
[loftr_wrapper.py] pair_ids (115,)
[loftr_wrapper.py] corres: (115, 5)
[loftr_wrapper.py] image0: torch.Size([1, 1, 400, 400])
[loftr_wrapper.py] net forward
[loftr_wrapper.py] mconf, 0.20117433369159698 0.8017088770866394
[loftr_wrapper.py] pair_ids (104,)
[loftr_wrapper.py] corres: (104, 5)
[loftr_wrapper.py] image0: torch.Size([1, 1, 400, 400])
[loftr_wrapper.py] net forward
[loftr_wrapper.py] mconf, 0.2017950415611267 0.7308101058006287
[loftr_wrapper.py] pair_ids (74,)
[loftr_wrapper.py] corres: (74, 5)
[loftr_wrapper.py] image0: torch.Size([1, 1, 400, 400])
[loftr_wrapper.py] net forward
[loftr_wrapper.py] mconf, 0.2026718109846115 0.7609803676605225
[loftr_wrapper.py] pair_ids (81,)
[loftr_wrapper.py] corres: (81, 5)
[loftr_wrapper.py] image0: torch.Size([1, 1, 400, 400])
[loftr_wrapper.py] net forward
[loftr_wrapper.py] mconf, 0.2017647624015808 0.7979989647865295
[loftr_wrapper.py] pair_ids (53,)
[loftr_wrapper.py] corres: (53, 5)
[loftr_wrapper.py] image0: torch.Size([1, 1, 400, 400])
[loftr_wrapper.py] net forward
[loftr_wrapper.py] mconf, 0.20062723755836487 0.755851149559021
[loftr_wrapper.py] pair_ids (72,)
[loftr_wrapper.py] corres: (72, 5)
[loftr_wrapper.py] image0: torch.Size([1, 1, 400, 400])
[loftr_wrapper.py] net forward
[loftr_wrapper.py] mconf, 0.20047461986541748 0.7117253541946411
[loftr_wrapper.py] pair_ids (44,)
[loftr_wrapper.py] corres: (44, 5)
[loftr_wrapper.py] image0: torch.Size([1, 1, 400, 400])
[loftr_wrapper.py] net forward
[loftr_wrapper.py] mconf, 0.20229750871658325 0.7066386342048645
[loftr_wrapper.py] pair_ids (47,)
[loftr_wrapper.py] corres: (47, 5)
[loftr_wrapper.py] image0: torch.Size([1, 1, 400, 400])
[loftr_wrapper.py] net forward
[loftr_wrapper.py] mconf, 0.204458549618721 0.9364748001098633
[loftr_wrapper.py] pair_ids (116,)
[loftr_wrapper.py] corres: (116, 5)
[loftr_wrapper.py] image0: torch.Size([1, 1, 400, 400])
[loftr_wrapper.py] net forward
[loftr_wrapper.py] mconf, 0.2008230984210968 0.8645063638687134
[loftr_wrapper.py] pair_ids (142,)
[loftr_wrapper.py] corres: (142, 5)
[loftr_wrapper.py] image0: torch.Size([1, 1, 400, 400])
[loftr_wrapper.py] net forward
[loftr_wrapper.py] mconf, 0.20058175921440125 0.5916652083396912
[loftr_wrapper.py] pair_ids (40,)
[loftr_wrapper.py] corres: (40, 5)
[loftr_wrapper.py] image0: torch.Size([1, 1, 400, 400])
[loftr_wrapper.py] net forward
[loftr_wrapper.py] mconf, 0.20557869970798492 0.7938726544380188
[loftr_wrapper.py] pair_ids (68,)
[loftr_wrapper.py] corres: (68, 5)
[loftr_wrapper.py] image0: torch.Size([1, 1, 400, 400])
[loftr_wrapper.py] net forward
[loftr_wrapper.py] mconf, 0.20091742277145386 0.8415718674659729
[loftr_wrapper.py] pair_ids (78,)
[loftr_wrapper.py] corres: (78, 5)
[loftr_wrapper.py] image0: torch.Size([1, 1, 400, 400])
[loftr_wrapper.py] net forward
[loftr_wrapper.py] mconf, 0.20155079662799835 0.4601669907569885
[loftr_wrapper.py] pair_ids (46,)
[loftr_wrapper.py] corres: (46, 5)
[loftr_wrapper.py] image0: torch.Size([1, 1, 400, 400])
[loftr_wrapper.py] net forward
[loftr_wrapper.py] mconf, 0.20155897736549377 0.7825821042060852
[loftr_wrapper.py] pair_ids (46,)
[loftr_wrapper.py] corres: (46, 5)
[loftr_wrapper.py] image0: torch.Size([1, 1, 400, 400])
[loftr_wrapper.py] net forward
[loftr_wrapper.py] mconf, 0.20005081593990326 0.9983788132667542
[loftr_wrapper.py] pair_ids (212,)
[loftr_wrapper.py] corres: (212, 5)
[loftr_wrapper.py] image0: torch.Size([1, 1, 400, 400])
[loftr_wrapper.py] net forward
[loftr_wrapper.py] mconf, 0.20126478374004364 0.6842027306556702
[loftr_wrapper.py] pair_ids (60,)
[loftr_wrapper.py] corres: (60, 5)
[loftr_wrapper.py] image0: torch.Size([1, 1, 400, 400])
[loftr_wrapper.py] net forward
[loftr_wrapper.py] mconf, 0.20215892791748047 0.9893653988838196
[loftr_wrapper.py] pair_ids (226,)
[loftr_wrapper.py] corres: (226, 5)
[loftr_wrapper.py] image0: torch.Size([1, 1, 400, 400])
[loftr_wrapper.py] net forward
[loftr_wrapper.py] mconf, 0.20213213562965393 0.6839756369590759
[loftr_wrapper.py] pair_ids (75,)
[loftr_wrapper.py] corres: (75, 5)
[loftr_wrapper.py] image0: torch.Size([1, 1, 400, 400])
[loftr_wrapper.py] net forward
[loftr_wrapper.py] mconf, 0.2018262892961502 0.9885573387145996
[loftr_wrapper.py] pair_ids (226,)
[loftr_wrapper.py] corres: (226, 5)
[loftr_wrapper.py] image0: torch.Size([1, 1, 400, 400])
[loftr_wrapper.py] net forward
[loftr_wrapper.py] mconf, 0.20081709325313568 0.7493391633033752
[loftr_wrapper.py] pair_ids (72,)
[loftr_wrapper.py] corres: (72, 5)
[loftr_wrapper.py] image0: torch.Size([1, 1, 400, 400])
[loftr_wrapper.py] net forward
[loftr_wrapper.py] mconf, 0.20774812996387482 0.7616410851478577
[loftr_wrapper.py] pair_ids (67,)
[loftr_wrapper.py] corres: (67, 5)
[loftr_wrapper.py] image0: torch.Size([1, 1, 400, 400])
[loftr_wrapper.py] net forward
[loftr_wrapper.py] mconf, 0.2085210680961609 0.6856902837753296
[loftr_wrapper.py] pair_ids (68,)
[loftr_wrapper.py] corres: (68, 5)
[loftr_wrapper.py] image0: torch.Size([1, 1, 400, 400])
[loftr_wrapper.py] net forward
[loftr_wrapper.py] mconf, 0.20161493122577667 0.7105386257171631
[loftr_wrapper.py] pair_ids (86,)
[loftr_wrapper.py] corres: (86, 5)
[loftr_wrapper.py] image0: torch.Size([1, 1, 400, 400])
[loftr_wrapper.py] net forward
[loftr_wrapper.py] mconf, 0.20030362904071808 0.8363553881645203
[loftr_wrapper.py] pair_ids (64,)
[loftr_wrapper.py] corres: (64, 5)
[loftr_wrapper.py] image0: torch.Size([1, 1, 400, 400])
[loftr_wrapper.py] net forward
[loftr_wrapper.py] mconf, 0.20100867748260498 0.6340382099151611
[loftr_wrapper.py] pair_ids (52,)
[loftr_wrapper.py] corres: (52, 5)
[loftr_wrapper.py] image0: torch.Size([1, 1, 400, 400])
[loftr_wrapper.py] net forward
[loftr_wrapper.py] mconf, 0.2011873871088028 0.8920953273773193
[loftr_wrapper.py] pair_ids (65,)
[loftr_wrapper.py] corres: (65, 5)
[loftr_wrapper.py] image0: torch.Size([1, 1, 400, 400])
[loftr_wrapper.py] net forward
[loftr_wrapper.py] mconf, 0.2026691436767578 0.9774335622787476
[loftr_wrapper.py] pair_ids (257,)
[loftr_wrapper.py] corres: (257, 5)
[loftr_wrapper.py] image0: torch.Size([1, 1, 400, 400])
[loftr_wrapper.py] net forward
[loftr_wrapper.py] mconf, 0.20018111169338226 0.900753378868103
[loftr_wrapper.py] pair_ids (101,)
[loftr_wrapper.py] corres: (101, 5)
[loftr_wrapper.py] image0: torch.Size([1, 1, 400, 400])
[loftr_wrapper.py] net forward
[loftr_wrapper.py] mconf, 0.2001541256904602 0.632479190826416
[loftr_wrapper.py] pair_ids (56,)
[loftr_wrapper.py] corres: (56, 5)
[loftr_wrapper.py] image0: torch.Size([1, 1, 400, 400])
[loftr_wrapper.py] net forward
[loftr_wrapper.py] mconf, 0.20025375485420227 0.6084620952606201
[loftr_wrapper.py] pair_ids (66,)
[loftr_wrapper.py] corres: (66, 5)
[loftr_wrapper.py] image0: torch.Size([1, 1, 400, 400])
[loftr_wrapper.py] net forward
[loftr_wrapper.py] mconf, 0.2004442811012268 0.8305152058601379
[loftr_wrapper.py] pair_ids (96,)
[loftr_wrapper.py] corres: (96, 5)
[loftr_wrapper.py] image0: torch.Size([1, 1, 400, 400])
[loftr_wrapper.py] net forward
[loftr_wrapper.py] mconf, 0.20048722624778748 0.75630784034729
[loftr_wrapper.py] pair_ids (64,)
[loftr_wrapper.py] corres: (64, 5)
[loftr_wrapper.py] image0: torch.Size([1, 1, 400, 400])
[loftr_wrapper.py] net forward
[loftr_wrapper.py] mconf, 0.20027579367160797 0.9919232726097107
[loftr_wrapper.py] pair_ids (308,)
[loftr_wrapper.py] corres: (308, 5)
[loftr_wrapper.py] image0: torch.Size([1, 1, 400, 400])
[loftr_wrapper.py] net forward
[loftr_wrapper.py] mconf, 0.20062650740146637 0.8304226398468018
[loftr_wrapper.py] pair_ids (98,)
[loftr_wrapper.py] corres: (98, 5)
[loftr_wrapper.py] image0: torch.Size([1, 1, 400, 400])
[loftr_wrapper.py] net forward
[loftr_wrapper.py] mconf, 0.20191696286201477 0.9915997982025146
[loftr_wrapper.py] pair_ids (249,)
[loftr_wrapper.py] corres: (249, 5)
[loftr_wrapper.py] image0: torch.Size([1, 1, 400, 400])
[loftr_wrapper.py] net forward
[loftr_wrapper.py] mconf, 0.20115627348423004 0.6874696612358093
[loftr_wrapper.py] pair_ids (63,)
[loftr_wrapper.py] corres: (63, 5)
[loftr_wrapper.py] image0: torch.Size([1, 1, 400, 400])
[loftr_wrapper.py] net forward
[loftr_wrapper.py] mconf, 0.20001231133937836 0.9872334003448486
[loftr_wrapper.py] pair_ids (288,)
[loftr_wrapper.py] corres: (288, 5)
[loftr_wrapper.py] image0: torch.Size([1, 1, 400, 400])
[loftr_wrapper.py] net forward
[loftr_wrapper.py] mconf, 0.2020748257637024 0.753167450428009
[loftr_wrapper.py] pair_ids (70,)
[loftr_wrapper.py] corres: (70, 5)
[loftr_wrapper.py] image0: torch.Size([1, 1, 400, 400])
[loftr_wrapper.py] net forward
[loftr_wrapper.py] mconf, 0.2015460878610611 0.9726939797401428
[loftr_wrapper.py] pair_ids (198,)
[loftr_wrapper.py] corres: (198, 5)
[loftr_wrapper.py] image0: torch.Size([1, 1, 400, 400])
[loftr_wrapper.py] net forward
[loftr_wrapper.py] mconf, 0.20095475018024445 0.7196947336196899
[loftr_wrapper.py] pair_ids (56,)
[loftr_wrapper.py] corres: (56, 5)
[loftr_wrapper.py] image0: torch.Size([1, 1, 400, 400])
[loftr_wrapper.py] net forward
[loftr_wrapper.py] mconf, 0.20009134709835052 0.8762499690055847
[loftr_wrapper.py] pair_ids (90,)
[loftr_wrapper.py] corres: (90, 5)
[loftr_wrapper.py] image0: torch.Size([1, 1, 400, 400])
[loftr_wrapper.py] net forward
[loftr_wrapper.py] mconf, 0.2042483687400818 0.6805946826934814
[loftr_wrapper.py] pair_ids (33,)
[loftr_wrapper.py] corres: (33, 5)
[loftr_wrapper.py] image0: torch.Size([1, 1, 400, 400])
[loftr_wrapper.py] net forward
[loftr_wrapper.py] mconf, 0.20231400430202484 0.9766734838485718
[loftr_wrapper.py] pair_ids (115,)
[loftr_wrapper.py] corres: (115, 5)
[loftr_wrapper.py] image0: torch.Size([1, 1, 400, 400])
[loftr_wrapper.py] net forward
[loftr_wrapper.py] mconf, 0.2075347751379013 0.732064425945282
[loftr_wrapper.py] pair_ids (72,)
[loftr_wrapper.py] corres: (72, 5)
[loftr_wrapper.py] image0: torch.Size([1, 1, 400, 400])
[loftr_wrapper.py] net forward
[loftr_wrapper.py] mconf, 0.20034761726856232 0.9896149039268494
[loftr_wrapper.py] pair_ids (218,)
[loftr_wrapper.py] corres: (218, 5)
[loftr_wrapper.py] image0: torch.Size([1, 1, 400, 400])
[loftr_wrapper.py] net forward
[loftr_wrapper.py] mconf, 0.2017454355955124 0.7843009829521179
[loftr_wrapper.py] pair_ids (67,)
[loftr_wrapper.py] corres: (67, 5)
[loftr_wrapper.py] image0: torch.Size([1, 1, 400, 400])
[loftr_wrapper.py] net forward
[loftr_wrapper.py] mconf, 0.20246747136116028 0.5642186999320984
[loftr_wrapper.py] pair_ids (76,)
[loftr_wrapper.py] corres: (76, 5)
[loftr_wrapper.py] image0: torch.Size([1, 1, 400, 400])
[loftr_wrapper.py] net forward
[loftr_wrapper.py] mconf, 0.20010101795196533 0.6645612716674805
[loftr_wrapper.py] pair_ids (78,)
[loftr_wrapper.py] corres: (78, 5)
[loftr_wrapper.py] image0: torch.Size([1, 1, 400, 400])
[loftr_wrapper.py] net forward
[loftr_wrapper.py] mconf, 0.2022327035665512 0.7485242486000061
[loftr_wrapper.py] pair_ids (104,)
[loftr_wrapper.py] corres: (104, 5)
[loftr_wrapper.py] image0: torch.Size([1, 1, 400, 400])
[loftr_wrapper.py] net forward
[loftr_wrapper.py] mconf, 0.20080633461475372 0.7697489857673645
[loftr_wrapper.py] pair_ids (93,)
[loftr_wrapper.py] corres: (93, 5)
[loftr_wrapper.py] image0: torch.Size([1, 1, 400, 400])
[loftr_wrapper.py] net forward
[loftr_wrapper.py] mconf, 0.2013552486896515 0.6959812045097351
[loftr_wrapper.py] pair_ids (65,)
[loftr_wrapper.py] corres: (65, 5)
[loftr_wrapper.py] image0: torch.Size([1, 1, 400, 400])
[loftr_wrapper.py] net forward
[loftr_wrapper.py] mconf, 0.20171761512756348 0.6204132437705994
[loftr_wrapper.py] pair_ids (67,)
[loftr_wrapper.py] corres: (67, 5)
[loftr_wrapper.py] image0: torch.Size([1, 1, 400, 400])
[loftr_wrapper.py] net forward
[loftr_wrapper.py] mconf, 0.20020876824855804 0.5589834451675415
[loftr_wrapper.py] pair_ids (54,)
[loftr_wrapper.py] corres: (54, 5)
[loftr_wrapper.py] image0: torch.Size([1, 1, 400, 400])
[loftr_wrapper.py] net forward
[loftr_wrapper.py] mconf, 0.20094166696071625 0.6431570053100586
[loftr_wrapper.py] pair_ids (64,)
[loftr_wrapper.py] corres: (64, 5)
[loftr_wrapper.py] image0: torch.Size([1, 1, 400, 400])
[loftr_wrapper.py] net forward
[loftr_wrapper.py] mconf, 0.20099127292633057 0.7898540496826172
[loftr_wrapper.py] pair_ids (33,)
[loftr_wrapper.py] corres: (33, 5)
[loftr_wrapper.py] image0: torch.Size([1, 1, 400, 400])
[loftr_wrapper.py] net forward
[loftr_wrapper.py] mconf, 0.20062360167503357 0.9841758608818054
[loftr_wrapper.py] pair_ids (186,)
[loftr_wrapper.py] corres: (186, 5)
[loftr_wrapper.py] image0: torch.Size([1, 1, 400, 400])
[loftr_wrapper.py] net forward
[loftr_wrapper.py] mconf, 0.2008548378944397 0.9759830236434937
[loftr_wrapper.py] pair_ids (91,)
[loftr_wrapper.py] corres: (91, 5)
[loftr_wrapper.py] image0: torch.Size([1, 1, 400, 400])
[loftr_wrapper.py] net forward
[loftr_wrapper.py] mconf, 0.20081377029418945 0.610766589641571
[loftr_wrapper.py] pair_ids (49,)
[loftr_wrapper.py] corres: (49, 5)
[loftr_wrapper.py] image0: torch.Size([1, 1, 400, 400])
[loftr_wrapper.py] net forward
[loftr_wrapper.py] mconf, 0.20008902251720428 0.7792719006538391
[loftr_wrapper.py] pair_ids (63,)
[loftr_wrapper.py] corres: (63, 5)
[loftr_wrapper.py] image0: torch.Size([1, 1, 400, 400])
[loftr_wrapper.py] net forward
[loftr_wrapper.py] mconf, 0.2013433426618576 0.9831811785697937
[loftr_wrapper.py] pair_ids (200,)
[loftr_wrapper.py] corres: (200, 5)
[loftr_wrapper.py] image0: torch.Size([1, 1, 400, 400])
[loftr_wrapper.py] net forward
[loftr_wrapper.py] mconf, 0.20113524794578552 0.5997031927108765
[loftr_wrapper.py] pair_ids (59,)
[loftr_wrapper.py] corres: (59, 5)
[loftr_wrapper.py] image0: torch.Size([1, 1, 400, 400])
[loftr_wrapper.py] net forward
[loftr_wrapper.py] mconf, 0.20033207535743713 0.6717796921730042
[loftr_wrapper.py] pair_ids (49,)
[loftr_wrapper.py] corres: (49, 5)
[loftr_wrapper.py] image0: torch.Size([1, 1, 400, 400])
[loftr_wrapper.py] net forward
[loftr_wrapper.py] mconf, 0.20373734831809998 0.6178209781646729
[loftr_wrapper.py] pair_ids (64,)
[loftr_wrapper.py] corres: (64, 5)
[loftr_wrapper.py] image0: torch.Size([1, 1, 400, 400])
[loftr_wrapper.py] net forward
[loftr_wrapper.py] mconf, 0.20186610519886017 0.49843838810920715
[loftr_wrapper.py] pair_ids (57,)
[loftr_wrapper.py] corres: (57, 5)
[loftr_wrapper.py] image0: torch.Size([1, 1, 400, 400])
[loftr_wrapper.py] net forward
[loftr_wrapper.py] mconf, 0.20051227509975433 0.9917380809783936
[loftr_wrapper.py] pair_ids (207,)
[loftr_wrapper.py] corres: (207, 5)
[loftr_wrapper.py] image0: torch.Size([1, 1, 400, 400])
[loftr_wrapper.py] net forward
[loftr_wrapper.py] mconf, 0.20012149214744568 0.9969246983528137
[loftr_wrapper.py] pair_ids (245,)
[loftr_wrapper.py] corres: (245, 5)
[loftr_wrapper.py] image0: torch.Size([1, 1, 400, 400])
[loftr_wrapper.py] net forward
[loftr_wrapper.py] mconf, 0.20048658549785614 0.7326036691665649
[loftr_wrapper.py] pair_ids (55,)
[loftr_wrapper.py] corres: (55, 5)
[loftr_wrapper.py] image0: torch.Size([1, 1, 400, 400])
[loftr_wrapper.py] net forward
[loftr_wrapper.py] mconf, 0.2037411481142044 0.6555126309394836
[loftr_wrapper.py] pair_ids (51,)
[loftr_wrapper.py] corres: (51, 5)
[loftr_wrapper.py] image0: torch.Size([1, 1, 400, 400])
[loftr_wrapper.py] net forward
[loftr_wrapper.py] mconf, 0.20054182410240173 0.8802310824394226
[loftr_wrapper.py] pair_ids (64,)
[loftr_wrapper.py] corres: (64, 5)
[loftr_wrapper.py] image0: torch.Size([1, 1, 400, 400])
[loftr_wrapper.py] net forward
[loftr_wrapper.py] mconf, 0.20036715269088745 0.9721581339836121
[loftr_wrapper.py] pair_ids (97,)
[loftr_wrapper.py] corres: (97, 5)
[loftr_wrapper.py] image0: torch.Size([1, 1, 400, 400])
[loftr_wrapper.py] net forward
[loftr_wrapper.py] mconf, 0.20051798224449158 0.6074374318122864
[loftr_wrapper.py] pair_ids (73,)
[loftr_wrapper.py] corres: (73, 5)
[loftr_wrapper.py] image0: torch.Size([1, 1, 400, 400])
[loftr_wrapper.py] net forward
[loftr_wrapper.py] mconf, 0.20009146630764008 0.746781051158905
[loftr_wrapper.py] pair_ids (64,)
[loftr_wrapper.py] corres: (64, 5)
[loftr_wrapper.py] image0: torch.Size([1, 1, 400, 400])
[loftr_wrapper.py] net forward
[loftr_wrapper.py] mconf, 0.20217755436897278 0.9052520394325256
[loftr_wrapper.py] pair_ids (91,)
[loftr_wrapper.py] corres: (91, 5)
[loftr_wrapper.py] image0: torch.Size([1, 1, 400, 400])
[loftr_wrapper.py] net forward
[loftr_wrapper.py] mconf, 0.20005591213703156 0.9929001927375793
[loftr_wrapper.py] pair_ids (199,)
[loftr_wrapper.py] corres: (199, 5)
[loftr_wrapper.py] image0: torch.Size([1, 1, 400, 400])
[loftr_wrapper.py] net forward
[loftr_wrapper.py] mconf, 0.20125891268253326 0.9979353547096252
[loftr_wrapper.py] pair_ids (194,)
[loftr_wrapper.py] corres: (194, 5)
[loftr_wrapper.py] image0: torch.Size([1, 1, 400, 400])
[loftr_wrapper.py] net forward
[loftr_wrapper.py] mconf, 0.2018314003944397 0.9548630118370056
[loftr_wrapper.py] pair_ids (233,)
[loftr_wrapper.py] corres: (233, 5)
[loftr_wrapper.py] image0: torch.Size([1, 1, 400, 400])
[loftr_wrapper.py] net forward
[loftr_wrapper.py] mconf, 0.20881041884422302 0.7945388555526733
[loftr_wrapper.py] pair_ids (44,)
[loftr_wrapper.py] corres: (44, 5)
[loftr_wrapper.py] image0: torch.Size([1, 1, 400, 400])
[loftr_wrapper.py] net forward
[loftr_wrapper.py] mconf, 0.2016761600971222 0.6162800788879395
[loftr_wrapper.py] pair_ids (62,)
[loftr_wrapper.py] corres: (62, 5)
[loftr_wrapper.py] image0: torch.Size([1, 1, 400, 400])
[loftr_wrapper.py] net forward
[loftr_wrapper.py] mconf, 0.20433640480041504 0.9891664981842041
[loftr_wrapper.py] pair_ids (88,)
[loftr_wrapper.py] corres: (88, 5)
[loftr_wrapper.py] image0: torch.Size([1, 1, 400, 400])
[loftr_wrapper.py] net forward
[loftr_wrapper.py] mconf, 0.20036882162094116 0.6757637858390808
[loftr_wrapper.py] pair_ids (64,)
[loftr_wrapper.py] corres: (64, 5)
[loftr_wrapper.py] image0: torch.Size([1, 1, 400, 400])
[loftr_wrapper.py] net forward
[loftr_wrapper.py] mconf, 0.20276868343353271 0.9988934397697449
[loftr_wrapper.py] pair_ids (124,)
[loftr_wrapper.py] corres: (124, 5)
[loftr_wrapper.py] image0: torch.Size([1, 1, 400, 400])
[loftr_wrapper.py] net forward
[loftr_wrapper.py] mconf, 0.20519153773784637 0.72191321849823
[loftr_wrapper.py] pair_ids (47,)
[loftr_wrapper.py] corres: (47, 5)
[loftr_wrapper.py] image0: torch.Size([1, 1, 400, 400])
[loftr_wrapper.py] net forward
[loftr_wrapper.py] mconf, 0.2027353048324585 0.9978029131889343
[loftr_wrapper.py] pair_ids (237,)
[loftr_wrapper.py] corres: (237, 5)
[loftr_wrapper.py] image0: torch.Size([1, 1, 400, 400])
[loftr_wrapper.py] net forward
[loftr_wrapper.py] mconf, 0.20298978686332703 0.9457431435585022
[loftr_wrapper.py] pair_ids (81,)
[loftr_wrapper.py] corres: (81, 5)
[loftr_wrapper.py] image0: torch.Size([1, 1, 400, 400])
[loftr_wrapper.py] net forward
[loftr_wrapper.py] mconf, 0.20245471596717834 0.7898713946342468
[loftr_wrapper.py] pair_ids (60,)
[loftr_wrapper.py] corres: (60, 5)
[loftr_wrapper.py] image0: torch.Size([1, 1, 400, 400])
[loftr_wrapper.py] net forward
[loftr_wrapper.py] mconf, 0.20059573650360107 0.470416784286499
[loftr_wrapper.py] pair_ids (43,)
[loftr_wrapper.py] corres: (43, 5)
[loftr_wrapper.py] image0: torch.Size([1, 1, 400, 400])
[loftr_wrapper.py] net forward
[loftr_wrapper.py] mconf, 0.2003890722990036 0.7356712818145752
[loftr_wrapper.py] pair_ids (108,)
[loftr_wrapper.py] corres: (108, 5)
[loftr_wrapper.py] image0: torch.Size([1, 1, 400, 400])
[loftr_wrapper.py] net forward
[loftr_wrapper.py] mconf, 0.2003408819437027 0.6690797209739685
[loftr_wrapper.py] pair_ids (52,)
[loftr_wrapper.py] corres: (52, 5)
[loftr_wrapper.py] image0: torch.Size([1, 1, 400, 400])
[loftr_wrapper.py] net forward
[loftr_wrapper.py] mconf, 0.20001116394996643 0.9982553720474243
[loftr_wrapper.py] pair_ids (170,)
[loftr_wrapper.py] corres: (170, 5)
[loftr_wrapper.py] image0: torch.Size([1, 1, 400, 400])
[loftr_wrapper.py] net forward
[loftr_wrapper.py] mconf, 0.20302335917949677 0.9765373468399048
[loftr_wrapper.py] pair_ids (214,)
[loftr_wrapper.py] corres: (214, 5)
[loftr_wrapper.py] image0: torch.Size([1, 1, 400, 400])
[loftr_wrapper.py] net forward
[loftr_wrapper.py] mconf, 0.20346985757350922 0.6024755239486694
[loftr_wrapper.py] pair_ids (49,)
[loftr_wrapper.py] corres: (49, 5)
[loftr_wrapper.py] image0: torch.Size([1, 1, 400, 400])
[loftr_wrapper.py] net forward
[loftr_wrapper.py] mconf, 0.20032183825969696 0.8845349550247192
[loftr_wrapper.py] pair_ids (64,)
[loftr_wrapper.py] corres: (64, 5)
[loftr_wrapper.py] image0: torch.Size([1, 1, 400, 400])
[loftr_wrapper.py] net forward
[loftr_wrapper.py] mconf, 0.20572184026241302 0.6398887634277344
[loftr_wrapper.py] pair_ids (52,)
[loftr_wrapper.py] corres: (52, 5)
[loftr_wrapper.py] image0: torch.Size([1, 1, 400, 400])
[loftr_wrapper.py] net forward
[loftr_wrapper.py] mconf, 0.20151059329509735 0.8346576690673828
[loftr_wrapper.py] pair_ids (70,)
[loftr_wrapper.py] corres: (70, 5)
[loftr_wrapper.py] image0: torch.Size([1, 1, 400, 400])
[loftr_wrapper.py] net forward
[loftr_wrapper.py] mconf, 0.200625941157341 0.7758612036705017
[loftr_wrapper.py] pair_ids (52,)
[loftr_wrapper.py] corres: (52, 5)
[loftr_wrapper.py] image0: torch.Size([1, 1, 400, 400])
[loftr_wrapper.py] net forward
[loftr_wrapper.py] mconf, 0.20334988832473755 0.9600289463996887
[loftr_wrapper.py] pair_ids (45,)
[loftr_wrapper.py] corres: (45, 5)
[loftr_wrapper.py] image0: torch.Size([1, 1, 400, 400])
[loftr_wrapper.py] net forward
[loftr_wrapper.py] mconf, 0.20040477812290192 0.987241268157959
[loftr_wrapper.py] pair_ids (244,)
[loftr_wrapper.py] corres: (244, 5)
[loftr_wrapper.py] image0: torch.Size([1, 1, 400, 400])
[loftr_wrapper.py] net forward
[loftr_wrapper.py] mconf, 0.20221605896949768 0.9965918660163879
[loftr_wrapper.py] pair_ids (160,)
[loftr_wrapper.py] corres: (160, 5)
[loftr_wrapper.py] image0: torch.Size([1, 1, 400, 400])
[loftr_wrapper.py] net forward
[loftr_wrapper.py] mconf, 0.20123964548110962 0.9928392171859741
[loftr_wrapper.py] pair_ids (273,)
[loftr_wrapper.py] corres: (273, 5)
[loftr_wrapper.py] image0: torch.Size([1, 1, 400, 400])
[loftr_wrapper.py] net forward
[loftr_wrapper.py] mconf, 0.20023052394390106 0.9989151954650879
[loftr_wrapper.py] pair_ids (205,)
[loftr_wrapper.py] corres: (205, 5)
[loftr_wrapper.py] image0: torch.Size([1, 1, 400, 400])
[loftr_wrapper.py] net forward
[loftr_wrapper.py] mconf, 0.2018182873725891 0.929008960723877
[loftr_wrapper.py] pair_ids (60,)
[loftr_wrapper.py] corres: (60, 5)
[loftr_wrapper.py] image0: torch.Size([1, 1, 400, 400])
[loftr_wrapper.py] net forward
[loftr_wrapper.py] mconf, 0.20208385586738586 0.6367295980453491
[loftr_wrapper.py] pair_ids (62,)
[loftr_wrapper.py] corres: (62, 5)
[loftr_wrapper.py] image0: torch.Size([1, 1, 400, 400])
[loftr_wrapper.py] net forward
[loftr_wrapper.py] mconf, 0.20004738867282867 0.996975839138031
[loftr_wrapper.py] pair_ids (260,)
[loftr_wrapper.py] corres: (260, 5)
[loftr_wrapper.py] image0: torch.Size([1, 1, 400, 400])
[loftr_wrapper.py] net forward
[loftr_wrapper.py] mconf, 0.20035332441329956 0.9928664565086365
[loftr_wrapper.py] pair_ids (251,)
[loftr_wrapper.py] corres: (251, 5)
[loftr_wrapper.py] image0: torch.Size([1, 1, 400, 400])
[loftr_wrapper.py] net forward
[loftr_wrapper.py] mconf, 0.20161819458007812 0.7081562280654907
[loftr_wrapper.py] pair_ids (65,)
[loftr_wrapper.py] corres: (65, 5)
[loftr_wrapper.py] image0: torch.Size([1, 1, 400, 400])
[loftr_wrapper.py] net forward
[loftr_wrapper.py] mconf, 0.20112115144729614 0.9987450838088989
[loftr_wrapper.py] pair_ids (260,)
[loftr_wrapper.py] corres: (260, 5)
[loftr_wrapper.py] image0: torch.Size([1, 1, 400, 400])
[loftr_wrapper.py] net forward
[loftr_wrapper.py] mconf, 0.20016689598560333 0.5107392072677612
[loftr_wrapper.py] pair_ids (49,)
[loftr_wrapper.py] corres: (49, 5)
[loftr_wrapper.py] image0: torch.Size([1, 1, 400, 400])
[loftr_wrapper.py] net forward
[loftr_wrapper.py] mconf, 0.20173124969005585 0.709509015083313
[loftr_wrapper.py] pair_ids (99,)
[loftr_wrapper.py] corres: (99, 5)
[loftr_wrapper.py] image0: torch.Size([1, 1, 400, 400])
[loftr_wrapper.py] net forward
[loftr_wrapper.py] mconf, 0.20025907456874847 0.9765017628669739
[loftr_wrapper.py] pair_ids (198,)
[loftr_wrapper.py] corres: (198, 5)
[loftr_wrapper.py] image0: torch.Size([1, 1, 400, 400])
[loftr_wrapper.py] net forward
[loftr_wrapper.py] mconf, 0.20181092619895935 0.7423096895217896
[loftr_wrapper.py] pair_ids (72,)
[loftr_wrapper.py] corres: (72, 5)
AP12 done 300 274s
[probe] GT rotations orthonormalized (max element change 4.09e-08)
MPM10 pairs 360 {'[0,15)': 1128, '[15,30)': 2006, '[30,60)': 5401, '[60,90)': 6399, '[90,135)': 9045, '[135,180]': 3987}
[loftr_wrapper.py] image0: torch.Size([1, 1, 400, 400])
[loftr_wrapper.py] net forward
[loftr_wrapper.py] mconf, 0.20001161098480225 0.9938651323318481
[loftr_wrapper.py] pair_ids (906,)
[loftr_wrapper.py] corres: (906, 5)
[loftr_wrapper.py] image0: torch.Size([1, 1, 400, 400])
[loftr_wrapper.py] net forward
[loftr_wrapper.py] mconf, 0.20001474022865295 0.9583809971809387
[loftr_wrapper.py] pair_ids (1044,)
[loftr_wrapper.py] corres: (1044, 5)
[loftr_wrapper.py] image0: torch.Size([1, 1, 400, 400])
[loftr_wrapper.py] net forward
[loftr_wrapper.py] mconf, 0.20155715942382812 0.9016265869140625
[loftr_wrapper.py] pair_ids (246,)
[loftr_wrapper.py] corres: (246, 5)
[loftr_wrapper.py] image0: torch.Size([1, 1, 400, 400])
[loftr_wrapper.py] net forward
[loftr_wrapper.py] mconf, 0.20044992864131927 0.9884701371192932
[loftr_wrapper.py] pair_ids (343,)
[loftr_wrapper.py] corres: (343, 5)
[loftr_wrapper.py] image0: torch.Size([1, 1, 400, 400])
[loftr_wrapper.py] net forward
[loftr_wrapper.py] mconf, 0.20032654702663422 0.9910696148872375
[loftr_wrapper.py] pair_ids (450,)
[loftr_wrapper.py] corres: (450, 5)
[loftr_wrapper.py] image0: torch.Size([1, 1, 400, 400])
[loftr_wrapper.py] net forward
[loftr_wrapper.py] mconf, 0.20014752447605133 0.9809156656265259
[loftr_wrapper.py] pair_ids (803,)
[loftr_wrapper.py] corres: (803, 5)
[loftr_wrapper.py] image0: torch.Size([1, 1, 400, 400])
[loftr_wrapper.py] net forward
[loftr_wrapper.py] mconf, 0.2050732672214508 0.7568573951721191
[loftr_wrapper.py] pair_ids (97,)
[loftr_wrapper.py] corres: (97, 5)
[loftr_wrapper.py] image0: torch.Size([1, 1, 400, 400])
[loftr_wrapper.py] net forward
[loftr_wrapper.py] mconf, 0.201120525598526 0.8859606981277466
[loftr_wrapper.py] pair_ids (262,)
[loftr_wrapper.py] corres: (262, 5)
[loftr_wrapper.py] image0: torch.Size([1, 1, 400, 400])
[loftr_wrapper.py] net forward
[loftr_wrapper.py] mconf, 0.20027698576450348 0.9477505087852478
[loftr_wrapper.py] pair_ids (304,)
[loftr_wrapper.py] corres: (304, 5)
[loftr_wrapper.py] image0: torch.Size([1, 1, 400, 400])
[loftr_wrapper.py] net forward
[loftr_wrapper.py] mconf, 0.20015732944011688 0.9882550239562988
[loftr_wrapper.py] pair_ids (378,)
[loftr_wrapper.py] corres: (378, 5)
[loftr_wrapper.py] image0: torch.Size([1, 1, 400, 400])
[loftr_wrapper.py] net forward
[loftr_wrapper.py] mconf, 0.20093491673469543 0.9813126921653748
[loftr_wrapper.py] pair_ids (638,)
[loftr_wrapper.py] corres: (638, 5)
[loftr_wrapper.py] image0: torch.Size([1, 1, 400, 400])
[loftr_wrapper.py] net forward
[loftr_wrapper.py] mconf, 0.20069602131843567 0.9894310235977173
[loftr_wrapper.py] pair_ids (1195,)
[loftr_wrapper.py] corres: (1195, 5)
[loftr_wrapper.py] image0: torch.Size([1, 1, 400, 400])
[loftr_wrapper.py] net forward
[loftr_wrapper.py] mconf, 0.20076222717761993 0.9969772696495056
[loftr_wrapper.py] pair_ids (1097,)
[loftr_wrapper.py] corres: (1097, 5)
[loftr_wrapper.py] image0: torch.Size([1, 1, 400, 400])
[loftr_wrapper.py] net forward
[loftr_wrapper.py] mconf, 0.2003634124994278 0.9745718836784363
[loftr_wrapper.py] pair_ids (557,)
[loftr_wrapper.py] corres: (557, 5)
[loftr_wrapper.py] image0: torch.Size([1, 1, 400, 400])
[loftr_wrapper.py] net forward
[loftr_wrapper.py] mconf, 0.20055754482746124 0.9812026619911194
[loftr_wrapper.py] pair_ids (762,)
[loftr_wrapper.py] corres: (762, 5)
[loftr_wrapper.py] image0: torch.Size([1, 1, 400, 400])
[loftr_wrapper.py] net forward
[loftr_wrapper.py] mconf, 0.20012135803699493 0.9745204448699951
[loftr_wrapper.py] pair_ids (759,)
[loftr_wrapper.py] corres: (759, 5)
[loftr_wrapper.py] image0: torch.Size([1, 1, 400, 400])
[loftr_wrapper.py] net forward
[loftr_wrapper.py] mconf, 0.20074234902858734 0.983055591583252
[loftr_wrapper.py] pair_ids (265,)
[loftr_wrapper.py] corres: (265, 5)
[loftr_wrapper.py] image0: torch.Size([1, 1, 400, 400])
[loftr_wrapper.py] net forward
[loftr_wrapper.py] mconf, 0.20045611262321472 0.9789527058601379
[loftr_wrapper.py] pair_ids (462,)
[loftr_wrapper.py] corres: (462, 5)
[loftr_wrapper.py] image0: torch.Size([1, 1, 400, 400])
[loftr_wrapper.py] net forward
[loftr_wrapper.py] mconf, 0.2005627155303955 0.9974244236946106
[loftr_wrapper.py] pair_ids (1275,)
[loftr_wrapper.py] corres: (1275, 5)
[loftr_wrapper.py] image0: torch.Size([1, 1, 400, 400])
[loftr_wrapper.py] net forward
[loftr_wrapper.py] mconf, 0.20067419111728668 0.929368257522583
[loftr_wrapper.py] pair_ids (145,)
[loftr_wrapper.py] corres: (145, 5)
[loftr_wrapper.py] image0: torch.Size([1, 1, 400, 400])
[loftr_wrapper.py] net forward
[loftr_wrapper.py] mconf, 0.20110481977462769 0.9242109656333923
[loftr_wrapper.py] pair_ids (424,)
[loftr_wrapper.py] corres: (424, 5)
[loftr_wrapper.py] image0: torch.Size([1, 1, 400, 400])
[loftr_wrapper.py] net forward
[loftr_wrapper.py] mconf, 0.20009556412696838 0.9660946130752563
[loftr_wrapper.py] pair_ids (455,)
[loftr_wrapper.py] corres: (455, 5)
[loftr_wrapper.py] image0: torch.Size([1, 1, 400, 400])
[loftr_wrapper.py] net forward
[loftr_wrapper.py] mconf, 0.20041872560977936 0.7166421413421631
[loftr_wrapper.py] pair_ids (68,)
[loftr_wrapper.py] corres: (68, 5)
[loftr_wrapper.py] image0: torch.Size([1, 1, 400, 400])
[loftr_wrapper.py] net forward
[loftr_wrapper.py] mconf, 0.20027674734592438 0.8835961222648621
[loftr_wrapper.py] pair_ids (128,)
[loftr_wrapper.py] corres: (128, 5)
[loftr_wrapper.py] image0: torch.Size([1, 1, 400, 400])
[loftr_wrapper.py] net forward
[loftr_wrapper.py] mconf, 0.2001754641532898 0.9938563108444214
[loftr_wrapper.py] pair_ids (1344,)
[loftr_wrapper.py] corres: (1344, 5)
[loftr_wrapper.py] image0: torch.Size([1, 1, 400, 400])
[loftr_wrapper.py] net forward
[loftr_wrapper.py] mconf, 0.20069491863250732 0.9879381060600281
[loftr_wrapper.py] pair_ids (272,)
[loftr_wrapper.py] corres: (272, 5)
[loftr_wrapper.py] image0: torch.Size([1, 1, 400, 400])
[loftr_wrapper.py] net forward
[loftr_wrapper.py] mconf, 0.20098631083965302 0.9955121874809265
[loftr_wrapper.py] pair_ids (718,)
[loftr_wrapper.py] corres: (718, 5)
[loftr_wrapper.py] image0: torch.Size([1, 1, 400, 400])
[loftr_wrapper.py] net forward
[loftr_wrapper.py] mconf, 0.20004123449325562 0.9029345512390137
[loftr_wrapper.py] pair_ids (98,)
[loftr_wrapper.py] corres: (98, 5)
[loftr_wrapper.py] image0: torch.Size([1, 1, 400, 400])
[loftr_wrapper.py] net forward
[loftr_wrapper.py] mconf, 0.20297664403915405 0.7669967412948608
[loftr_wrapper.py] pair_ids (87,)
[loftr_wrapper.py] corres: (87, 5)
[loftr_wrapper.py] image0: torch.Size([1, 1, 400, 400])
[loftr_wrapper.py] net forward
[loftr_wrapper.py] mconf, 0.2031325101852417 0.8870012164115906
[loftr_wrapper.py] pair_ids (140,)
[loftr_wrapper.py] corres: (140, 5)
[loftr_wrapper.py] image0: torch.Size([1, 1, 400, 400])
[loftr_wrapper.py] net forward
[loftr_wrapper.py] mconf, 0.20012584328651428 0.9986903071403503
[loftr_wrapper.py] pair_ids (1324,)
[loftr_wrapper.py] corres: (1324, 5)
[loftr_wrapper.py] image0: torch.Size([1, 1, 400, 400])
[loftr_wrapper.py] net forward
[loftr_wrapper.py] mconf, 0.20036354660987854 0.8871277570724487
[loftr_wrapper.py] pair_ids (89,)
[loftr_wrapper.py] corres: (89, 5)
[loftr_wrapper.py] image0: torch.Size([1, 1, 400, 400])
[loftr_wrapper.py] net forward
[loftr_wrapper.py] mconf, 0.20057418942451477 0.9890246391296387
[loftr_wrapper.py] pair_ids (1006,)
[loftr_wrapper.py] corres: (1006, 5)
[loftr_wrapper.py] image0: torch.Size([1, 1, 400, 400])
[loftr_wrapper.py] net forward
[loftr_wrapper.py] mconf, 0.2001839280128479 0.9839200377464294
[loftr_wrapper.py] pair_ids (1016,)
[loftr_wrapper.py] corres: (1016, 5)
[loftr_wrapper.py] image0: torch.Size([1, 1, 400, 400])
[loftr_wrapper.py] net forward
[loftr_wrapper.py] mconf, 0.20012368261814117 0.9765008687973022
[loftr_wrapper.py] pair_ids (630,)
[loftr_wrapper.py] corres: (630, 5)
[loftr_wrapper.py] image0: torch.Size([1, 1, 400, 400])
[loftr_wrapper.py] net forward
[loftr_wrapper.py] mconf, 0.20015254616737366 0.9825435280799866
[loftr_wrapper.py] pair_ids (1034,)
[loftr_wrapper.py] corres: (1034, 5)
[loftr_wrapper.py] image0: torch.Size([1, 1, 400, 400])
[loftr_wrapper.py] net forward
[loftr_wrapper.py] mconf, 0.20177830755710602 0.9398218393325806
[loftr_wrapper.py] pair_ids (215,)
[loftr_wrapper.py] corres: (215, 5)
[loftr_wrapper.py] image0: torch.Size([1, 1, 400, 400])
[loftr_wrapper.py] net forward
[loftr_wrapper.py] mconf, 0.20002791285514832 0.9747639298439026
[loftr_wrapper.py] pair_ids (1042,)
[loftr_wrapper.py] corres: (1042, 5)
[loftr_wrapper.py] image0: torch.Size([1, 1, 400, 400])
[loftr_wrapper.py] net forward
[loftr_wrapper.py] mconf, 0.20143042504787445 0.958531379699707
[loftr_wrapper.py] pair_ids (473,)
[loftr_wrapper.py] corres: (473, 5)
[loftr_wrapper.py] image0: torch.Size([1, 1, 400, 400])
[loftr_wrapper.py] net forward
[loftr_wrapper.py] mconf, 0.20006322860717773 0.9888275265693665
[loftr_wrapper.py] pair_ids (630,)
[loftr_wrapper.py] corres: (630, 5)
[loftr_wrapper.py] image0: torch.Size([1, 1, 400, 400])
[loftr_wrapper.py] net forward
[loftr_wrapper.py] mconf, 0.2024192065000534 0.9351800680160522
[loftr_wrapper.py] pair_ids (149,)
[loftr_wrapper.py] corres: (149, 5)
[loftr_wrapper.py] image0: torch.Size([1, 1, 400, 400])
[loftr_wrapper.py] net forward
[loftr_wrapper.py] mconf, 0.20013956725597382 0.9946982860565186
[loftr_wrapper.py] pair_ids (1046,)
[loftr_wrapper.py] corres: (1046, 5)
[loftr_wrapper.py] image0: torch.Size([1, 1, 400, 400])
[loftr_wrapper.py] net forward
[loftr_wrapper.py] mconf, 0.20005449652671814 0.9968339800834656
[loftr_wrapper.py] pair_ids (511,)
[loftr_wrapper.py] corres: (511, 5)
[loftr_wrapper.py] image0: torch.Size([1, 1, 400, 400])
[loftr_wrapper.py] net forward
[loftr_wrapper.py] mconf, 0.2009703665971756 0.9950441718101501
[loftr_wrapper.py] pair_ids (1065,)
[loftr_wrapper.py] corres: (1065, 5)
[loftr_wrapper.py] image0: torch.Size([1, 1, 400, 400])
[loftr_wrapper.py] net forward
[loftr_wrapper.py] mconf, 0.20011429488658905 0.7034194469451904
[loftr_wrapper.py] pair_ids (71,)
[loftr_wrapper.py] corres: (71, 5)
[loftr_wrapper.py] image0: torch.Size([1, 1, 400, 400])
[loftr_wrapper.py] net forward
[loftr_wrapper.py] mconf, 0.20335571467876434 0.704806387424469
[loftr_wrapper.py] pair_ids (61,)
[loftr_wrapper.py] corres: (61, 5)
[loftr_wrapper.py] image0: torch.Size([1, 1, 400, 400])
[loftr_wrapper.py] net forward
[loftr_wrapper.py] mconf, 0.20035810768604279 0.9911624789237976
[loftr_wrapper.py] pair_ids (745,)
[loftr_wrapper.py] corres: (745, 5)
[loftr_wrapper.py] image0: torch.Size([1, 1, 400, 400])
[loftr_wrapper.py] net forward
[loftr_wrapper.py] mconf, 0.2001315951347351 0.9910478591918945
[loftr_wrapper.py] pair_ids (1126,)
[loftr_wrapper.py] corres: (1126, 5)
[loftr_wrapper.py] image0: torch.Size([1, 1, 400, 400])
[loftr_wrapper.py] net forward
[loftr_wrapper.py] mconf, 0.20010024309158325 0.9626969695091248
[loftr_wrapper.py] pair_ids (296,)
[loftr_wrapper.py] corres: (296, 5)
[loftr_wrapper.py] image0: torch.Size([1, 1, 400, 400])
[loftr_wrapper.py] net forward
[loftr_wrapper.py] mconf, 0.20005005598068237 0.9987849593162537
[loftr_wrapper.py] pair_ids (1325,)
[loftr_wrapper.py] corres: (1325, 5)
[loftr_wrapper.py] image0: torch.Size([1, 1, 400, 400])
[loftr_wrapper.py] net forward
[loftr_wrapper.py] mconf, 0.20146924257278442 0.9143461585044861
[loftr_wrapper.py] pair_ids (92,)
[loftr_wrapper.py] corres: (92, 5)
[loftr_wrapper.py] image0: torch.Size([1, 1, 400, 400])
[loftr_wrapper.py] net forward
[loftr_wrapper.py] mconf, 0.20030905306339264 0.9829596281051636
[loftr_wrapper.py] pair_ids (616,)
[loftr_wrapper.py] corres: (616, 5)
[loftr_wrapper.py] image0: torch.Size([1, 1, 400, 400])
[loftr_wrapper.py] net forward
[loftr_wrapper.py] mconf, 0.20037290453910828 0.996423065662384
[loftr_wrapper.py] pair_ids (1150,)
[loftr_wrapper.py] corres: (1150, 5)
[loftr_wrapper.py] image0: torch.Size([1, 1, 400, 400])
[loftr_wrapper.py] net forward
[loftr_wrapper.py] mconf, 0.20016713440418243 0.986903965473175
[loftr_wrapper.py] pair_ids (467,)
[loftr_wrapper.py] corres: (467, 5)
[loftr_wrapper.py] image0: torch.Size([1, 1, 400, 400])
[loftr_wrapper.py] net forward
[loftr_wrapper.py] mconf, 0.20043696463108063 0.994274377822876
[loftr_wrapper.py] pair_ids (1044,)
[loftr_wrapper.py] corres: (1044, 5)
[loftr_wrapper.py] image0: torch.Size([1, 1, 400, 400])
[loftr_wrapper.py] net forward
[loftr_wrapper.py] mconf, 0.2001088410615921 0.9386325478553772
[loftr_wrapper.py] pair_ids (190,)
[loftr_wrapper.py] corres: (190, 5)
[loftr_wrapper.py] image0: torch.Size([1, 1, 400, 400])
[loftr_wrapper.py] net forward
[loftr_wrapper.py] mconf, 0.20006224513053894 0.9954086542129517
[loftr_wrapper.py] pair_ids (757,)
[loftr_wrapper.py] corres: (757, 5)
[loftr_wrapper.py] image0: torch.Size([1, 1, 400, 400])
[loftr_wrapper.py] net forward
[loftr_wrapper.py] mconf, 0.20056651532649994 0.689914882183075
[loftr_wrapper.py] pair_ids (105,)
[loftr_wrapper.py] corres: (105, 5)
[loftr_wrapper.py] image0: torch.Size([1, 1, 400, 400])
[loftr_wrapper.py] net forward
[loftr_wrapper.py] mconf, 0.20002779364585876 0.992738664150238
[loftr_wrapper.py] pair_ids (302,)
[loftr_wrapper.py] corres: (302, 5)
[loftr_wrapper.py] image0: torch.Size([1, 1, 400, 400])
[loftr_wrapper.py] net forward
[loftr_wrapper.py] mconf, 0.20037753880023956 0.9862679243087769
[loftr_wrapper.py] pair_ids (185,)
[loftr_wrapper.py] corres: (185, 5)
[loftr_wrapper.py] image0: torch.Size([1, 1, 400, 400])
[loftr_wrapper.py] net forward
[loftr_wrapper.py] mconf, 0.20118758082389832 0.8704739212989807
[loftr_wrapper.py] pair_ids (253,)
[loftr_wrapper.py] corres: (253, 5)
[loftr_wrapper.py] image0: torch.Size([1, 1, 400, 400])
[loftr_wrapper.py] net forward
[loftr_wrapper.py] mconf, 0.2014325112104416 0.9796513319015503
[loftr_wrapper.py] pair_ids (168,)
[loftr_wrapper.py] corres: (168, 5)
[loftr_wrapper.py] image0: torch.Size([1, 1, 400, 400])
[loftr_wrapper.py] net forward
[loftr_wrapper.py] mconf, 0.2001378983259201 0.9333701133728027
[loftr_wrapper.py] pair_ids (406,)
[loftr_wrapper.py] corres: (406, 5)
[loftr_wrapper.py] image0: torch.Size([1, 1, 400, 400])
[loftr_wrapper.py] net forward
[loftr_wrapper.py] mconf, 0.20100361108779907 0.9519022107124329
[loftr_wrapper.py] pair_ids (318,)
[loftr_wrapper.py] corres: (318, 5)
[loftr_wrapper.py] image0: torch.Size([1, 1, 400, 400])
[loftr_wrapper.py] net forward
[loftr_wrapper.py] mconf, 0.20087556540966034 0.9769818186759949
[loftr_wrapper.py] pair_ids (761,)
[loftr_wrapper.py] corres: (761, 5)
[loftr_wrapper.py] image0: torch.Size([1, 1, 400, 400])
[loftr_wrapper.py] net forward
[loftr_wrapper.py] mconf, 0.20309296250343323 0.697621762752533
[loftr_wrapper.py] pair_ids (71,)
[loftr_wrapper.py] corres: (71, 5)
[loftr_wrapper.py] image0: torch.Size([1, 1, 400, 400])
[loftr_wrapper.py] net forward
[loftr_wrapper.py] mconf, 0.20031149685382843 0.9306280016899109
[loftr_wrapper.py] pair_ids (462,)
[loftr_wrapper.py] corres: (462, 5)
[loftr_wrapper.py] image0: torch.Size([1, 1, 400, 400])
[loftr_wrapper.py] net forward
[loftr_wrapper.py] mconf, 0.20003606379032135 0.8773007392883301
[loftr_wrapper.py] pair_ids (158,)
[loftr_wrapper.py] corres: (158, 5)
[loftr_wrapper.py] image0: torch.Size([1, 1, 400, 400])
[loftr_wrapper.py] net forward
[loftr_wrapper.py] mconf, 0.20007582008838654 0.9580792188644409
[loftr_wrapper.py] pair_ids (558,)
[loftr_wrapper.py] corres: (558, 5)
[loftr_wrapper.py] image0: torch.Size([1, 1, 400, 400])
[loftr_wrapper.py] net forward
[loftr_wrapper.py] mconf, 0.20148810744285583 0.9164947867393494
[loftr_wrapper.py] pair_ids (333,)
[loftr_wrapper.py] corres: (333, 5)
[loftr_wrapper.py] image0: torch.Size([1, 1, 400, 400])
[loftr_wrapper.py] net forward
[loftr_wrapper.py] mconf, 0.20006270706653595 0.919172465801239
[loftr_wrapper.py] pair_ids (134,)
[loftr_wrapper.py] corres: (134, 5)
[loftr_wrapper.py] image0: torch.Size([1, 1, 400, 400])
[loftr_wrapper.py] net forward
[loftr_wrapper.py] mconf, 0.20119912922382355 0.9171765446662903
[loftr_wrapper.py] pair_ids (99,)
[loftr_wrapper.py] corres: (99, 5)
[loftr_wrapper.py] image0: torch.Size([1, 1, 400, 400])
[loftr_wrapper.py] net forward
[loftr_wrapper.py] mconf, 0.20005851984024048 0.7332525849342346
[loftr_wrapper.py] pair_ids (129,)
[loftr_wrapper.py] corres: (129, 5)
[loftr_wrapper.py] image0: torch.Size([1, 1, 400, 400])
[loftr_wrapper.py] net forward
[loftr_wrapper.py] mconf, 0.2005680352449417 0.9706742763519287
[loftr_wrapper.py] pair_ids (187,)
[loftr_wrapper.py] corres: (187, 5)
[loftr_wrapper.py] image0: torch.Size([1, 1, 400, 400])
[loftr_wrapper.py] net forward
[loftr_wrapper.py] mconf, 0.20139695703983307 0.9752328395843506
[loftr_wrapper.py] pair_ids (122,)
[loftr_wrapper.py] corres: (122, 5)
[loftr_wrapper.py] image0: torch.Size([1, 1, 400, 400])
[loftr_wrapper.py] net forward
[loftr_wrapper.py] mconf, 0.20455078780651093 0.8835911750793457
[loftr_wrapper.py] pair_ids (110,)
[loftr_wrapper.py] corres: (110, 5)
[loftr_wrapper.py] image0: torch.Size([1, 1, 400, 400])
[loftr_wrapper.py] net forward
[loftr_wrapper.py] mconf, 0.20019859075546265 0.7557049989700317
[loftr_wrapper.py] pair_ids (94,)
[loftr_wrapper.py] corres: (94, 5)
[loftr_wrapper.py] image0: torch.Size([1, 1, 400, 400])
[loftr_wrapper.py] net forward
[loftr_wrapper.py] mconf, 0.2002355307340622 0.9589055180549622
[loftr_wrapper.py] pair_ids (228,)
[loftr_wrapper.py] corres: (228, 5)
[loftr_wrapper.py] image0: torch.Size([1, 1, 400, 400])
[loftr_wrapper.py] net forward
[loftr_wrapper.py] mconf, 0.20130689442157745 0.6847975254058838
[loftr_wrapper.py] pair_ids (96,)
[loftr_wrapper.py] corres: (96, 5)
[loftr_wrapper.py] image0: torch.Size([1, 1, 400, 400])
[loftr_wrapper.py] net forward
[loftr_wrapper.py] mconf, 0.20146945118904114 0.7291854619979858
[loftr_wrapper.py] pair_ids (69,)
[loftr_wrapper.py] corres: (69, 5)
[loftr_wrapper.py] image0: torch.Size([1, 1, 400, 400])
[loftr_wrapper.py] net forward
[loftr_wrapper.py] mconf, 0.20271915197372437 0.8142013549804688
[loftr_wrapper.py] pair_ids (82,)
[loftr_wrapper.py] corres: (82, 5)
[loftr_wrapper.py] image0: torch.Size([1, 1, 400, 400])
[loftr_wrapper.py] net forward
[loftr_wrapper.py] mconf, 0.200460746884346 0.7804327607154846
[loftr_wrapper.py] pair_ids (98,)
[loftr_wrapper.py] corres: (98, 5)
[loftr_wrapper.py] image0: torch.Size([1, 1, 400, 400])
[loftr_wrapper.py] net forward
[loftr_wrapper.py] mconf, 0.2003026306629181 0.9667861461639404
[loftr_wrapper.py] pair_ids (508,)
[loftr_wrapper.py] corres: (508, 5)
[loftr_wrapper.py] image0: torch.Size([1, 1, 400, 400])
[loftr_wrapper.py] net forward
[loftr_wrapper.py] mconf, 0.20159655809402466 0.8604289293289185
[loftr_wrapper.py] pair_ids (112,)
[loftr_wrapper.py] corres: (112, 5)
[loftr_wrapper.py] image0: torch.Size([1, 1, 400, 400])
[loftr_wrapper.py] net forward
[loftr_wrapper.py] mconf, 0.20065422356128693 0.7474015951156616
[loftr_wrapper.py] pair_ids (101,)
[loftr_wrapper.py] corres: (101, 5)
[loftr_wrapper.py] image0: torch.Size([1, 1, 400, 400])
[loftr_wrapper.py] net forward
[loftr_wrapper.py] mconf, 0.20180705189704895 0.977400004863739
[loftr_wrapper.py] pair_ids (487,)
[loftr_wrapper.py] corres: (487, 5)
[loftr_wrapper.py] image0: torch.Size([1, 1, 400, 400])
[loftr_wrapper.py] net forward
[loftr_wrapper.py] mconf, 0.2020377814769745 0.9177113175392151
[loftr_wrapper.py] pair_ids (177,)
[loftr_wrapper.py] corres: (177, 5)
[loftr_wrapper.py] image0: torch.Size([1, 1, 400, 400])
[loftr_wrapper.py] net forward
[loftr_wrapper.py] mconf, 0.20013990998268127 0.9684235453605652
[loftr_wrapper.py] pair_ids (425,)
[loftr_wrapper.py] corres: (425, 5)
[loftr_wrapper.py] image0: torch.Size([1, 1, 400, 400])
[loftr_wrapper.py] net forward
[loftr_wrapper.py] mconf, 0.200735941529274 0.6039183735847473
[loftr_wrapper.py] pair_ids (92,)
[loftr_wrapper.py] corres: (92, 5)
[loftr_wrapper.py] image0: torch.Size([1, 1, 400, 400])
[loftr_wrapper.py] net forward
[loftr_wrapper.py] mconf, 0.20070654153823853 0.9759879112243652
[loftr_wrapper.py] pair_ids (225,)
[loftr_wrapper.py] corres: (225, 5)
[loftr_wrapper.py] image0: torch.Size([1, 1, 400, 400])
[loftr_wrapper.py] net forward
[loftr_wrapper.py] mconf, 0.20029813051223755 0.9569137692451477
[loftr_wrapper.py] pair_ids (263,)
[loftr_wrapper.py] corres: (263, 5)
[loftr_wrapper.py] image0: torch.Size([1, 1, 400, 400])
[loftr_wrapper.py] net forward
[loftr_wrapper.py] mconf, 0.20043125748634338 0.9138312339782715
[loftr_wrapper.py] pair_ids (367,)
[loftr_wrapper.py] corres: (367, 5)
[loftr_wrapper.py] image0: torch.Size([1, 1, 400, 400])
[loftr_wrapper.py] net forward
[loftr_wrapper.py] mconf, 0.20031146705150604 0.7103504538536072
[loftr_wrapper.py] pair_ids (111,)
[loftr_wrapper.py] corres: (111, 5)
[loftr_wrapper.py] image0: torch.Size([1, 1, 400, 400])
[loftr_wrapper.py] net forward
[loftr_wrapper.py] mconf, 0.2012706995010376 0.9260748028755188
[loftr_wrapper.py] pair_ids (254,)
[loftr_wrapper.py] corres: (254, 5)
[loftr_wrapper.py] image0: torch.Size([1, 1, 400, 400])
[loftr_wrapper.py] net forward
[loftr_wrapper.py] mconf, 0.20201511681079865 0.6518352627754211
[loftr_wrapper.py] pair_ids (90,)
[loftr_wrapper.py] corres: (90, 5)
[loftr_wrapper.py] image0: torch.Size([1, 1, 400, 400])
[loftr_wrapper.py] net forward
[loftr_wrapper.py] mconf, 0.2000960409641266 0.9046955704689026
[loftr_wrapper.py] pair_ids (168,)
[loftr_wrapper.py] corres: (168, 5)
[loftr_wrapper.py] image0: torch.Size([1, 1, 400, 400])
[loftr_wrapper.py] net forward
[loftr_wrapper.py] mconf, 0.20240606367588043 0.8078303337097168
[loftr_wrapper.py] pair_ids (73,)
[loftr_wrapper.py] corres: (73, 5)
[loftr_wrapper.py] image0: torch.Size([1, 1, 400, 400])
[loftr_wrapper.py] net forward
[loftr_wrapper.py] mconf, 0.20038816332817078 0.8477621078491211
[loftr_wrapper.py] pair_ids (274,)
[loftr_wrapper.py] corres: (274, 5)
[loftr_wrapper.py] image0: torch.Size([1, 1, 400, 400])
[loftr_wrapper.py] net forward
[loftr_wrapper.py] mconf, 0.2001177817583084 0.9860725998878479
[loftr_wrapper.py] pair_ids (681,)
[loftr_wrapper.py] corres: (681, 5)
[loftr_wrapper.py] image0: torch.Size([1, 1, 400, 400])
[loftr_wrapper.py] net forward
[loftr_wrapper.py] mconf, 0.20127758383750916 0.9848300218582153
[loftr_wrapper.py] pair_ids (368,)
[loftr_wrapper.py] corres: (368, 5)
[loftr_wrapper.py] image0: torch.Size([1, 1, 400, 400])
[loftr_wrapper.py] net forward
[loftr_wrapper.py] mconf, 0.20118939876556396 0.9793012738227844
[loftr_wrapper.py] pair_ids (103,)
[loftr_wrapper.py] corres: (103, 5)
[loftr_wrapper.py] image0: torch.Size([1, 1, 400, 400])
[loftr_wrapper.py] net forward
[loftr_wrapper.py] mconf, 0.20182104408740997 0.8077866435050964
[loftr_wrapper.py] pair_ids (94,)
[loftr_wrapper.py] corres: (94, 5)
[loftr_wrapper.py] image0: torch.Size([1, 1, 400, 400])
[loftr_wrapper.py] net forward
[loftr_wrapper.py] mconf, 0.2012581080198288 0.716232180595398
[loftr_wrapper.py] pair_ids (74,)
[loftr_wrapper.py] corres: (74, 5)
[loftr_wrapper.py] image0: torch.Size([1, 1, 400, 400])
[loftr_wrapper.py] net forward
[loftr_wrapper.py] mconf, 0.20020705461502075 0.8488211631774902
[loftr_wrapper.py] pair_ids (104,)
[loftr_wrapper.py] corres: (104, 5)
[loftr_wrapper.py] image0: torch.Size([1, 1, 400, 400])
[loftr_wrapper.py] net forward
[loftr_wrapper.py] mconf, 0.20024597644805908 0.7321376800537109
[loftr_wrapper.py] pair_ids (168,)
[loftr_wrapper.py] corres: (168, 5)
[loftr_wrapper.py] image0: torch.Size([1, 1, 400, 400])
[loftr_wrapper.py] net forward
[loftr_wrapper.py] mconf, 0.20161870121955872 0.9627372622489929
[loftr_wrapper.py] pair_ids (210,)
[loftr_wrapper.py] corres: (210, 5)
[loftr_wrapper.py] image0: torch.Size([1, 1, 400, 400])
[loftr_wrapper.py] net forward
[loftr_wrapper.py] mconf, 0.20182780921459198 0.8997624516487122
[loftr_wrapper.py] pair_ids (102,)
[loftr_wrapper.py] corres: (102, 5)
[loftr_wrapper.py] image0: torch.Size([1, 1, 400, 400])
[loftr_wrapper.py] net forward
[loftr_wrapper.py] mconf, 0.20028363168239594 0.9190449714660645
[loftr_wrapper.py] pair_ids (461,)
[loftr_wrapper.py] corres: (461, 5)
[loftr_wrapper.py] image0: torch.Size([1, 1, 400, 400])
[loftr_wrapper.py] net forward
[loftr_wrapper.py] mconf, 0.20008322596549988 0.9594605565071106
[loftr_wrapper.py] pair_ids (254,)
[loftr_wrapper.py] corres: (254, 5)
[loftr_wrapper.py] image0: torch.Size([1, 1, 400, 400])
[loftr_wrapper.py] net forward
[loftr_wrapper.py] mconf, 0.2013939470052719 0.9721977114677429
[loftr_wrapper.py] pair_ids (562,)
[loftr_wrapper.py] corres: (562, 5)
[loftr_wrapper.py] image0: torch.Size([1, 1, 400, 400])
[loftr_wrapper.py] net forward
[loftr_wrapper.py] mconf, 0.20120033621788025 0.9899818897247314
[loftr_wrapper.py] pair_ids (341,)
[loftr_wrapper.py] corres: (341, 5)
[loftr_wrapper.py] image0: torch.Size([1, 1, 400, 400])
[loftr_wrapper.py] net forward
[loftr_wrapper.py] mconf, 0.20176853239536285 0.8922653794288635
[loftr_wrapper.py] pair_ids (293,)
[loftr_wrapper.py] corres: (293, 5)
[loftr_wrapper.py] image0: torch.Size([1, 1, 400, 400])
[loftr_wrapper.py] net forward
[loftr_wrapper.py] mconf, 0.2022773027420044 0.8357420563697815
[loftr_wrapper.py] pair_ids (292,)
[loftr_wrapper.py] corres: (292, 5)
[loftr_wrapper.py] image0: torch.Size([1, 1, 400, 400])
[loftr_wrapper.py] net forward
[loftr_wrapper.py] mconf, 0.20510484278202057 0.6718478798866272
[loftr_wrapper.py] pair_ids (85,)
[loftr_wrapper.py] corres: (85, 5)
[loftr_wrapper.py] image0: torch.Size([1, 1, 400, 400])
[loftr_wrapper.py] net forward
[loftr_wrapper.py] mconf, 0.20013006031513214 0.9719669222831726
[loftr_wrapper.py] pair_ids (486,)
[loftr_wrapper.py] corres: (486, 5)
[loftr_wrapper.py] image0: torch.Size([1, 1, 400, 400])
[loftr_wrapper.py] net forward
[loftr_wrapper.py] mconf, 0.20382654666900635 0.736577570438385
[loftr_wrapper.py] pair_ids (86,)
[loftr_wrapper.py] corres: (86, 5)
[loftr_wrapper.py] image0: torch.Size([1, 1, 400, 400])
[loftr_wrapper.py] net forward
[loftr_wrapper.py] mconf, 0.2016025185585022 0.9785064458847046
[loftr_wrapper.py] pair_ids (365,)
[loftr_wrapper.py] corres: (365, 5)
[loftr_wrapper.py] image0: torch.Size([1, 1, 400, 400])
[loftr_wrapper.py] net forward
[loftr_wrapper.py] mconf, 0.20157980918884277 0.8425914645195007
[loftr_wrapper.py] pair_ids (87,)
[loftr_wrapper.py] corres: (87, 5)
[loftr_wrapper.py] image0: torch.Size([1, 1, 400, 400])
[loftr_wrapper.py] net forward
[loftr_wrapper.py] mconf, 0.20159387588500977 0.7311305999755859
[loftr_wrapper.py] pair_ids (101,)
[loftr_wrapper.py] corres: (101, 5)
[loftr_wrapper.py] image0: torch.Size([1, 1, 400, 400])
[loftr_wrapper.py] net forward
[loftr_wrapper.py] mconf, 0.20029085874557495 0.9078708291053772
[loftr_wrapper.py] pair_ids (115,)
[loftr_wrapper.py] corres: (115, 5)
[loftr_wrapper.py] image0: torch.Size([1, 1, 400, 400])
[loftr_wrapper.py] net forward
[loftr_wrapper.py] mconf, 0.20053479075431824 0.5594897270202637
[loftr_wrapper.py] pair_ids (72,)
[loftr_wrapper.py] corres: (72, 5)
[loftr_wrapper.py] image0: torch.Size([1, 1, 400, 400])
[loftr_wrapper.py] net forward
[loftr_wrapper.py] mconf, 0.20013952255249023 0.8570883870124817
[loftr_wrapper.py] pair_ids (83,)
[loftr_wrapper.py] corres: (83, 5)
[loftr_wrapper.py] image0: torch.Size([1, 1, 400, 400])
[loftr_wrapper.py] net forward
[loftr_wrapper.py] mconf, 0.20609377324581146 0.8022283911705017
[loftr_wrapper.py] pair_ids (88,)
[loftr_wrapper.py] corres: (88, 5)
[loftr_wrapper.py] image0: torch.Size([1, 1, 400, 400])
[loftr_wrapper.py] net forward
[loftr_wrapper.py] mconf, 0.2008901983499527 0.7606982588768005
[loftr_wrapper.py] pair_ids (98,)
[loftr_wrapper.py] corres: (98, 5)
[loftr_wrapper.py] image0: torch.Size([1, 1, 400, 400])
[loftr_wrapper.py] net forward
[loftr_wrapper.py] mconf, 0.20029838383197784 0.7266010642051697
[loftr_wrapper.py] pair_ids (87,)
[loftr_wrapper.py] corres: (87, 5)
[loftr_wrapper.py] image0: torch.Size([1, 1, 400, 400])
[loftr_wrapper.py] net forward
[loftr_wrapper.py] mconf, 0.20393969118595123 0.9452964067459106
[loftr_wrapper.py] pair_ids (233,)
[loftr_wrapper.py] corres: (233, 5)
[loftr_wrapper.py] image0: torch.Size([1, 1, 400, 400])
[loftr_wrapper.py] net forward
[loftr_wrapper.py] mconf, 0.20054681599140167 0.7515169382095337
[loftr_wrapper.py] pair_ids (160,)
[loftr_wrapper.py] corres: (160, 5)
[loftr_wrapper.py] image0: torch.Size([1, 1, 400, 400])
[loftr_wrapper.py] net forward
[loftr_wrapper.py] mconf, 0.20149004459381104 0.8618654608726501
[loftr_wrapper.py] pair_ids (72,)
[loftr_wrapper.py] corres: (72, 5)
[loftr_wrapper.py] image0: torch.Size([1, 1, 400, 400])
[loftr_wrapper.py] net forward
[loftr_wrapper.py] mconf, 0.20021089911460876 0.7620313167572021
[loftr_wrapper.py] pair_ids (71,)
[loftr_wrapper.py] corres: (71, 5)
[loftr_wrapper.py] image0: torch.Size([1, 1, 400, 400])
[loftr_wrapper.py] net forward
[loftr_wrapper.py] mconf, 0.20562787353992462 0.7711292505264282
[loftr_wrapper.py] pair_ids (72,)
[loftr_wrapper.py] corres: (72, 5)
[loftr_wrapper.py] image0: torch.Size([1, 1, 400, 400])
[loftr_wrapper.py] net forward
[loftr_wrapper.py] mconf, 0.20309078693389893 0.6605783104896545
[loftr_wrapper.py] pair_ids (89,)
[loftr_wrapper.py] corres: (89, 5)
[loftr_wrapper.py] image0: torch.Size([1, 1, 400, 400])
[loftr_wrapper.py] net forward
[loftr_wrapper.py] mconf, 0.2000361531972885 0.8435357213020325
[loftr_wrapper.py] pair_ids (95,)
[loftr_wrapper.py] corres: (95, 5)
[loftr_wrapper.py] image0: torch.Size([1, 1, 400, 400])
[loftr_wrapper.py] net forward
[loftr_wrapper.py] mconf, 0.20164556801319122 0.7549360990524292
[loftr_wrapper.py] pair_ids (67,)
[loftr_wrapper.py] corres: (67, 5)
[loftr_wrapper.py] image0: torch.Size([1, 1, 400, 400])
[loftr_wrapper.py] net forward
[loftr_wrapper.py] mconf, 0.20058216154575348 0.6913041472434998
[loftr_wrapper.py] pair_ids (85,)
[loftr_wrapper.py] corres: (85, 5)
[loftr_wrapper.py] image0: torch.Size([1, 1, 400, 400])
[loftr_wrapper.py] net forward
[loftr_wrapper.py] mconf, 0.20075982809066772 0.8558215498924255
[loftr_wrapper.py] pair_ids (79,)
[loftr_wrapper.py] corres: (79, 5)
[loftr_wrapper.py] image0: torch.Size([1, 1, 400, 400])
[loftr_wrapper.py] net forward
[loftr_wrapper.py] mconf, 0.20254573225975037 0.784963071346283
[loftr_wrapper.py] pair_ids (100,)
[loftr_wrapper.py] corres: (100, 5)
[loftr_wrapper.py] image0: torch.Size([1, 1, 400, 400])
[loftr_wrapper.py] net forward
[loftr_wrapper.py] mconf, 0.20011548697948456 0.6939260363578796
[loftr_wrapper.py] pair_ids (78,)
[loftr_wrapper.py] corres: (78, 5)
[loftr_wrapper.py] image0: torch.Size([1, 1, 400, 400])
[loftr_wrapper.py] net forward
[loftr_wrapper.py] mconf, 0.20132805407047272 0.9518805742263794
[loftr_wrapper.py] pair_ids (160,)
[loftr_wrapper.py] corres: (160, 5)
[loftr_wrapper.py] image0: torch.Size([1, 1, 400, 400])
[loftr_wrapper.py] net forward
[loftr_wrapper.py] mconf, 0.201510488986969 0.8967073559761047
[loftr_wrapper.py] pair_ids (117,)
[loftr_wrapper.py] corres: (117, 5)
[loftr_wrapper.py] image0: torch.Size([1, 1, 400, 400])
[loftr_wrapper.py] net forward
[loftr_wrapper.py] mconf, 0.2000749409198761 0.9353679418563843
[loftr_wrapper.py] pair_ids (164,)
[loftr_wrapper.py] corres: (164, 5)
[loftr_wrapper.py] image0: torch.Size([1, 1, 400, 400])
[loftr_wrapper.py] net forward
[loftr_wrapper.py] mconf, 0.2023012638092041 0.7889546155929565
[loftr_wrapper.py] pair_ids (65,)
[loftr_wrapper.py] corres: (65, 5)
[loftr_wrapper.py] image0: torch.Size([1, 1, 400, 400])
[loftr_wrapper.py] net forward
[loftr_wrapper.py] mconf, 0.20018821954727173 0.7915282845497131
[loftr_wrapper.py] pair_ids (101,)
[loftr_wrapper.py] corres: (101, 5)
[loftr_wrapper.py] image0: torch.Size([1, 1, 400, 400])
[loftr_wrapper.py] net forward
[loftr_wrapper.py] mconf, 0.20248229801654816 0.9080785512924194
[loftr_wrapper.py] pair_ids (219,)
[loftr_wrapper.py] corres: (219, 5)
[loftr_wrapper.py] image0: torch.Size([1, 1, 400, 400])
[loftr_wrapper.py] net forward
[loftr_wrapper.py] mconf, 0.20008909702301025 0.8439773917198181
[loftr_wrapper.py] pair_ids (111,)
[loftr_wrapper.py] corres: (111, 5)
[loftr_wrapper.py] image0: torch.Size([1, 1, 400, 400])
[loftr_wrapper.py] net forward
[loftr_wrapper.py] mconf, 0.2024722844362259 0.7835015654563904
[loftr_wrapper.py] pair_ids (69,)
[loftr_wrapper.py] corres: (69, 5)
[loftr_wrapper.py] image0: torch.Size([1, 1, 400, 400])
[loftr_wrapper.py] net forward
[loftr_wrapper.py] mconf, 0.20434604585170746 0.7647585272789001
[loftr_wrapper.py] pair_ids (61,)
[loftr_wrapper.py] corres: (61, 5)
[loftr_wrapper.py] image0: torch.Size([1, 1, 400, 400])
[loftr_wrapper.py] net forward
[loftr_wrapper.py] mconf, 0.200103759765625 0.9348739385604858
[loftr_wrapper.py] pair_ids (166,)
[loftr_wrapper.py] corres: (166, 5)
[loftr_wrapper.py] image0: torch.Size([1, 1, 400, 400])
[loftr_wrapper.py] net forward
[loftr_wrapper.py] mconf, 0.20009861886501312 0.7809867262840271
[loftr_wrapper.py] pair_ids (105,)
[loftr_wrapper.py] corres: (105, 5)
[loftr_wrapper.py] image0: torch.Size([1, 1, 400, 400])
[loftr_wrapper.py] net forward
[loftr_wrapper.py] mconf, 0.20067031681537628 0.9479732513427734
[loftr_wrapper.py] pair_ids (198,)
[loftr_wrapper.py] corres: (198, 5)
[loftr_wrapper.py] image0: torch.Size([1, 1, 400, 400])
[loftr_wrapper.py] net forward
[loftr_wrapper.py] mconf, 0.20029854774475098 0.9770939946174622
[loftr_wrapper.py] pair_ids (348,)
[loftr_wrapper.py] corres: (348, 5)
[loftr_wrapper.py] image0: torch.Size([1, 1, 400, 400])
[loftr_wrapper.py] net forward
[loftr_wrapper.py] mconf, 0.20129378139972687 0.8907517194747925
[loftr_wrapper.py] pair_ids (160,)
[loftr_wrapper.py] corres: (160, 5)
[loftr_wrapper.py] image0: torch.Size([1, 1, 400, 400])
[loftr_wrapper.py] net forward
[loftr_wrapper.py] mconf, 0.200141042470932 0.8601382970809937
[loftr_wrapper.py] pair_ids (161,)
[loftr_wrapper.py] corres: (161, 5)
[loftr_wrapper.py] image0: torch.Size([1, 1, 400, 400])
[loftr_wrapper.py] net forward
[loftr_wrapper.py] mconf, 0.20070886611938477 0.756779670715332
[loftr_wrapper.py] pair_ids (106,)
[loftr_wrapper.py] corres: (106, 5)
[loftr_wrapper.py] image0: torch.Size([1, 1, 400, 400])
[loftr_wrapper.py] net forward
[loftr_wrapper.py] mconf, 0.20002859830856323 0.6796731352806091
[loftr_wrapper.py] pair_ids (48,)
[loftr_wrapper.py] corres: (48, 5)
[loftr_wrapper.py] image0: torch.Size([1, 1, 400, 400])
[loftr_wrapper.py] net forward
[loftr_wrapper.py] mconf, 0.20486104488372803 0.7624664306640625
[loftr_wrapper.py] pair_ids (69,)
[loftr_wrapper.py] corres: (69, 5)
[loftr_wrapper.py] image0: torch.Size([1, 1, 400, 400])
[loftr_wrapper.py] net forward
[loftr_wrapper.py] mconf, 0.2031097710132599 0.7558316588401794
[loftr_wrapper.py] pair_ids (82,)
[loftr_wrapper.py] corres: (82, 5)
[loftr_wrapper.py] image0: torch.Size([1, 1, 400, 400])
[loftr_wrapper.py] net forward
[loftr_wrapper.py] mconf, 0.2023463249206543 0.5861652493476868
[loftr_wrapper.py] pair_ids (78,)
[loftr_wrapper.py] corres: (78, 5)
[loftr_wrapper.py] image0: torch.Size([1, 1, 400, 400])
[loftr_wrapper.py] net forward
[loftr_wrapper.py] mconf, 0.2006431668996811 0.9063082933425903
[loftr_wrapper.py] pair_ids (144,)
[loftr_wrapper.py] corres: (144, 5)
[loftr_wrapper.py] image0: torch.Size([1, 1, 400, 400])
[loftr_wrapper.py] net forward
[loftr_wrapper.py] mconf, 0.2022109478712082 0.80047208070755
[loftr_wrapper.py] pair_ids (98,)
[loftr_wrapper.py] corres: (98, 5)
[loftr_wrapper.py] image0: torch.Size([1, 1, 400, 400])
[loftr_wrapper.py] net forward
[loftr_wrapper.py] mconf, 0.2000119984149933 0.9249256253242493
[loftr_wrapper.py] pair_ids (149,)
[loftr_wrapper.py] corres: (149, 5)
[loftr_wrapper.py] image0: torch.Size([1, 1, 400, 400])
[loftr_wrapper.py] net forward
[loftr_wrapper.py] mconf, 0.20095065236091614 0.8027892112731934
[loftr_wrapper.py] pair_ids (126,)
[loftr_wrapper.py] corres: (126, 5)
[loftr_wrapper.py] image0: torch.Size([1, 1, 400, 400])
[loftr_wrapper.py] net forward
[loftr_wrapper.py] mconf, 0.20149384438991547 0.9930703043937683
[loftr_wrapper.py] pair_ids (314,)
[loftr_wrapper.py] corres: (314, 5)
[loftr_wrapper.py] image0: torch.Size([1, 1, 400, 400])
[loftr_wrapper.py] net forward
[loftr_wrapper.py] mconf, 0.2002309113740921 0.5822134613990784
[loftr_wrapper.py] pair_ids (70,)
[loftr_wrapper.py] corres: (70, 5)
[loftr_wrapper.py] image0: torch.Size([1, 1, 400, 400])
[loftr_wrapper.py] net forward
[loftr_wrapper.py] mconf, 0.20030449330806732 0.9300345182418823
[loftr_wrapper.py] pair_ids (122,)
[loftr_wrapper.py] corres: (122, 5)
[loftr_wrapper.py] image0: torch.Size([1, 1, 400, 400])
[loftr_wrapper.py] net forward
[loftr_wrapper.py] mconf, 0.20028604567050934 0.6816811561584473
[loftr_wrapper.py] pair_ids (71,)
[loftr_wrapper.py] corres: (71, 5)
[loftr_wrapper.py] image0: torch.Size([1, 1, 400, 400])
[loftr_wrapper.py] net forward
[loftr_wrapper.py] mconf, 0.20305849611759186 0.9073038697242737
[loftr_wrapper.py] pair_ids (70,)
[loftr_wrapper.py] corres: (70, 5)
[loftr_wrapper.py] image0: torch.Size([1, 1, 400, 400])
[loftr_wrapper.py] net forward
[loftr_wrapper.py] mconf, 0.20269769430160522 0.7063129544258118
[loftr_wrapper.py] pair_ids (82,)
[loftr_wrapper.py] corres: (82, 5)
[loftr_wrapper.py] image0: torch.Size([1, 1, 400, 400])
[loftr_wrapper.py] net forward
[loftr_wrapper.py] mconf, 0.20029573142528534 0.9466102123260498
[loftr_wrapper.py] pair_ids (170,)
[loftr_wrapper.py] corres: (170, 5)
[loftr_wrapper.py] image0: torch.Size([1, 1, 400, 400])
[loftr_wrapper.py] net forward
[loftr_wrapper.py] mconf, 0.20006217062473297 0.7554908990859985
[loftr_wrapper.py] pair_ids (72,)
[loftr_wrapper.py] corres: (72, 5)
[loftr_wrapper.py] image0: torch.Size([1, 1, 400, 400])
[loftr_wrapper.py] net forward
[loftr_wrapper.py] mconf, 0.20371638238430023 0.6837449073791504
[loftr_wrapper.py] pair_ids (47,)
[loftr_wrapper.py] corres: (47, 5)
[loftr_wrapper.py] image0: torch.Size([1, 1, 400, 400])
[loftr_wrapper.py] net forward
[loftr_wrapper.py] mconf, 0.20225071907043457 0.9305441975593567
[loftr_wrapper.py] pair_ids (105,)
[loftr_wrapper.py] corres: (105, 5)
[loftr_wrapper.py] image0: torch.Size([1, 1, 400, 400])
[loftr_wrapper.py] net forward
[loftr_wrapper.py] mconf, 0.20095518231391907 0.7695875763893127
[loftr_wrapper.py] pair_ids (75,)
[loftr_wrapper.py] corres: (75, 5)
[loftr_wrapper.py] image0: torch.Size([1, 1, 400, 400])
[loftr_wrapper.py] net forward
[loftr_wrapper.py] mconf, 0.20055647194385529 0.7755141854286194
[loftr_wrapper.py] pair_ids (116,)
[loftr_wrapper.py] corres: (116, 5)
[loftr_wrapper.py] image0: torch.Size([1, 1, 400, 400])
[loftr_wrapper.py] net forward
[loftr_wrapper.py] mconf, 0.20065760612487793 0.6669383645057678
[loftr_wrapper.py] pair_ids (78,)
[loftr_wrapper.py] corres: (78, 5)
[loftr_wrapper.py] image0: torch.Size([1, 1, 400, 400])
[loftr_wrapper.py] net forward
[loftr_wrapper.py] mconf, 0.20018130540847778 0.8023176193237305
[loftr_wrapper.py] pair_ids (115,)
[loftr_wrapper.py] corres: (115, 5)
[loftr_wrapper.py] image0: torch.Size([1, 1, 400, 400])
[loftr_wrapper.py] net forward
[loftr_wrapper.py] mconf, 0.2008594274520874 0.9409520626068115
[loftr_wrapper.py] pair_ids (139,)
[loftr_wrapper.py] corres: (139, 5)
[loftr_wrapper.py] image0: torch.Size([1, 1, 400, 400])
[loftr_wrapper.py] net forward
[loftr_wrapper.py] mconf, 0.20000433921813965 0.6809481382369995
[loftr_wrapper.py] pair_ids (84,)
[loftr_wrapper.py] corres: (84, 5)
[loftr_wrapper.py] image0: torch.Size([1, 1, 400, 400])
[loftr_wrapper.py] net forward
[loftr_wrapper.py] mconf, 0.20251508057117462 0.8002207279205322
[loftr_wrapper.py] pair_ids (93,)
[loftr_wrapper.py] corres: (93, 5)
[loftr_wrapper.py] image0: torch.Size([1, 1, 400, 400])
[loftr_wrapper.py] net forward
[loftr_wrapper.py] mconf, 0.20097747445106506 0.7592406272888184
[loftr_wrapper.py] pair_ids (83,)
[loftr_wrapper.py] corres: (83, 5)
[loftr_wrapper.py] image0: torch.Size([1, 1, 400, 400])
[loftr_wrapper.py] net forward
[loftr_wrapper.py] mconf, 0.20105354487895966 0.8772308230400085
[loftr_wrapper.py] pair_ids (155,)
[loftr_wrapper.py] corres: (155, 5)
[loftr_wrapper.py] image0: torch.Size([1, 1, 400, 400])
[loftr_wrapper.py] net forward
[loftr_wrapper.py] mconf, 0.20335277915000916 0.7272353172302246
[loftr_wrapper.py] pair_ids (98,)
[loftr_wrapper.py] corres: (98, 5)
[loftr_wrapper.py] image0: torch.Size([1, 1, 400, 400])
[loftr_wrapper.py] net forward
[loftr_wrapper.py] mconf, 0.21074502170085907 0.8357610106468201
[loftr_wrapper.py] pair_ids (67,)
[loftr_wrapper.py] corres: (67, 5)
[loftr_wrapper.py] image0: torch.Size([1, 1, 400, 400])
[loftr_wrapper.py] net forward
[loftr_wrapper.py] mconf, 0.2005815953016281 0.8123947381973267
[loftr_wrapper.py] pair_ids (55,)
[loftr_wrapper.py] corres: (55, 5)
[loftr_wrapper.py] image0: torch.Size([1, 1, 400, 400])
[loftr_wrapper.py] net forward
[loftr_wrapper.py] mconf, 0.20068220794200897 0.675642728805542
[loftr_wrapper.py] pair_ids (64,)
[loftr_wrapper.py] corres: (64, 5)
[loftr_wrapper.py] image0: torch.Size([1, 1, 400, 400])
[loftr_wrapper.py] net forward
[loftr_wrapper.py] mconf, 0.20028075575828552 0.9090001583099365
[loftr_wrapper.py] pair_ids (90,)
[loftr_wrapper.py] corres: (90, 5)
[loftr_wrapper.py] image0: torch.Size([1, 1, 400, 400])
[loftr_wrapper.py] net forward
[loftr_wrapper.py] mconf, 0.20244842767715454 0.9176115393638611
[loftr_wrapper.py] pair_ids (179,)
[loftr_wrapper.py] corres: (179, 5)
[loftr_wrapper.py] image0: torch.Size([1, 1, 400, 400])
[loftr_wrapper.py] net forward
[loftr_wrapper.py] mconf, 0.20204977691173553 0.8360839486122131
[loftr_wrapper.py] pair_ids (75,)
[loftr_wrapper.py] corres: (75, 5)
[loftr_wrapper.py] image0: torch.Size([1, 1, 400, 400])
[loftr_wrapper.py] net forward
[loftr_wrapper.py] mconf, 0.20207056403160095 0.7081475257873535
[loftr_wrapper.py] pair_ids (94,)
[loftr_wrapper.py] corres: (94, 5)
[loftr_wrapper.py] image0: torch.Size([1, 1, 400, 400])
[loftr_wrapper.py] net forward
[loftr_wrapper.py] mconf, 0.2011682540178299 0.7769647240638733
[loftr_wrapper.py] pair_ids (80,)
[loftr_wrapper.py] corres: (80, 5)
[loftr_wrapper.py] image0: torch.Size([1, 1, 400, 400])
[loftr_wrapper.py] net forward
[loftr_wrapper.py] mconf, 0.20021294057369232 0.8584771752357483
[loftr_wrapper.py] pair_ids (134,)
[loftr_wrapper.py] corres: (134, 5)
[loftr_wrapper.py] image0: torch.Size([1, 1, 400, 400])
[loftr_wrapper.py] net forward
[loftr_wrapper.py] mconf, 0.20004825294017792 0.6722196340560913
[loftr_wrapper.py] pair_ids (66,)
[loftr_wrapper.py] corres: (66, 5)
[loftr_wrapper.py] image0: torch.Size([1, 1, 400, 400])
[loftr_wrapper.py] net forward
[loftr_wrapper.py] mconf, 0.2014819234609604 0.7287030220031738
[loftr_wrapper.py] pair_ids (82,)
[loftr_wrapper.py] corres: (82, 5)
[loftr_wrapper.py] image0: torch.Size([1, 1, 400, 400])
[loftr_wrapper.py] net forward
[loftr_wrapper.py] mconf, 0.200108140707016 0.7098556160926819
[loftr_wrapper.py] pair_ids (114,)
[loftr_wrapper.py] corres: (114, 5)
[loftr_wrapper.py] image0: torch.Size([1, 1, 400, 400])
[loftr_wrapper.py] net forward
[loftr_wrapper.py] mconf, 0.20113596320152283 0.9721779823303223
[loftr_wrapper.py] pair_ids (190,)
[loftr_wrapper.py] corres: (190, 5)
[loftr_wrapper.py] image0: torch.Size([1, 1, 400, 400])
[loftr_wrapper.py] net forward
[loftr_wrapper.py] mconf, 0.2000034749507904 0.841706395149231
[loftr_wrapper.py] pair_ids (76,)
[loftr_wrapper.py] corres: (76, 5)
[loftr_wrapper.py] image0: torch.Size([1, 1, 400, 400])
[loftr_wrapper.py] net forward
[loftr_wrapper.py] mconf, 0.20026183128356934 0.8228862881660461
[loftr_wrapper.py] pair_ids (59,)
[loftr_wrapper.py] corres: (59, 5)
[loftr_wrapper.py] image0: torch.Size([1, 1, 400, 400])
[loftr_wrapper.py] net forward
[loftr_wrapper.py] mconf, 0.20024749636650085 0.7763788104057312
[loftr_wrapper.py] pair_ids (81,)
[loftr_wrapper.py] corres: (81, 5)
[loftr_wrapper.py] image0: torch.Size([1, 1, 400, 400])
[loftr_wrapper.py] net forward
[loftr_wrapper.py] mconf, 0.2001023292541504 0.8654332160949707
[loftr_wrapper.py] pair_ids (80,)
[loftr_wrapper.py] corres: (80, 5)
[loftr_wrapper.py] image0: torch.Size([1, 1, 400, 400])
[loftr_wrapper.py] net forward
[loftr_wrapper.py] mconf, 0.20025703310966492 0.6799232363700867
[loftr_wrapper.py] pair_ids (88,)
[loftr_wrapper.py] corres: (88, 5)
[loftr_wrapper.py] image0: torch.Size([1, 1, 400, 400])
[loftr_wrapper.py] net forward
[loftr_wrapper.py] mconf, 0.20008833706378937 0.7568880319595337
[loftr_wrapper.py] pair_ids (49,)
[loftr_wrapper.py] corres: (49, 5)
[loftr_wrapper.py] image0: torch.Size([1, 1, 400, 400])
[loftr_wrapper.py] net forward
[loftr_wrapper.py] mconf, 0.2037418782711029 0.7134807705879211
[loftr_wrapper.py] pair_ids (82,)
[loftr_wrapper.py] corres: (82, 5)
[loftr_wrapper.py] image0: torch.Size([1, 1, 400, 400])
[loftr_wrapper.py] net forward
[loftr_wrapper.py] mconf, 0.201032817363739 0.7993736267089844
[loftr_wrapper.py] pair_ids (94,)
[loftr_wrapper.py] corres: (94, 5)
[loftr_wrapper.py] image0: torch.Size([1, 1, 400, 400])
[loftr_wrapper.py] net forward
[loftr_wrapper.py] mconf, 0.2002532035112381 0.7591993808746338
[loftr_wrapper.py] pair_ids (150,)
[loftr_wrapper.py] corres: (150, 5)
[loftr_wrapper.py] image0: torch.Size([1, 1, 400, 400])
[loftr_wrapper.py] net forward
[loftr_wrapper.py] mconf, 0.2014232873916626 0.7072547078132629
[loftr_wrapper.py] pair_ids (62,)
[loftr_wrapper.py] corres: (62, 5)
[loftr_wrapper.py] image0: torch.Size([1, 1, 400, 400])
[loftr_wrapper.py] net forward
[loftr_wrapper.py] mconf, 0.20149116218090057 0.8535301685333252
[loftr_wrapper.py] pair_ids (70,)
[loftr_wrapper.py] corres: (70, 5)
[loftr_wrapper.py] image0: torch.Size([1, 1, 400, 400])
[loftr_wrapper.py] net forward
[loftr_wrapper.py] mconf, 0.20035067200660706 0.8922760486602783
[loftr_wrapper.py] pair_ids (117,)
[loftr_wrapper.py] corres: (117, 5)
[loftr_wrapper.py] image0: torch.Size([1, 1, 400, 400])
[loftr_wrapper.py] net forward
[loftr_wrapper.py] mconf, 0.20040161907672882 0.8560401201248169
[loftr_wrapper.py] pair_ids (59,)
[loftr_wrapper.py] corres: (59, 5)
[loftr_wrapper.py] image0: torch.Size([1, 1, 400, 400])
[loftr_wrapper.py] net forward
[loftr_wrapper.py] mconf, 0.20240627229213715 0.6832279562950134
[loftr_wrapper.py] pair_ids (66,)
[loftr_wrapper.py] corres: (66, 5)
[loftr_wrapper.py] image0: torch.Size([1, 1, 400, 400])
[loftr_wrapper.py] net forward
[loftr_wrapper.py] mconf, 0.2015143483877182 0.7212268114089966
[loftr_wrapper.py] pair_ids (81,)
[loftr_wrapper.py] corres: (81, 5)
[loftr_wrapper.py] image0: torch.Size([1, 1, 400, 400])
[loftr_wrapper.py] net forward
[loftr_wrapper.py] mconf, 0.2009534388780594 0.9110754132270813
[loftr_wrapper.py] pair_ids (180,)
[loftr_wrapper.py] corres: (180, 5)
[loftr_wrapper.py] image0: torch.Size([1, 1, 400, 400])
[loftr_wrapper.py] net forward
[loftr_wrapper.py] mconf, 0.20027431845664978 0.9134846925735474
[loftr_wrapper.py] pair_ids (160,)
[loftr_wrapper.py] corres: (160, 5)
[loftr_wrapper.py] image0: torch.Size([1, 1, 400, 400])
[loftr_wrapper.py] net forward
[loftr_wrapper.py] mconf, 0.20038264989852905 0.6476345658302307
[loftr_wrapper.py] pair_ids (80,)
[loftr_wrapper.py] corres: (80, 5)
[loftr_wrapper.py] image0: torch.Size([1, 1, 400, 400])
[loftr_wrapper.py] net forward
[loftr_wrapper.py] mconf, 0.20006877183914185 0.7455849051475525
[loftr_wrapper.py] pair_ids (123,)
[loftr_wrapper.py] corres: (123, 5)
[loftr_wrapper.py] image0: torch.Size([1, 1, 400, 400])
[loftr_wrapper.py] net forward
[loftr_wrapper.py] mconf, 0.2000255435705185 0.9843985438346863
[loftr_wrapper.py] pair_ids (138,)
[loftr_wrapper.py] corres: (138, 5)
[loftr_wrapper.py] image0: torch.Size([1, 1, 400, 400])
[loftr_wrapper.py] net forward
[loftr_wrapper.py] mconf, 0.20110733807086945 0.7742394208908081
[loftr_wrapper.py] pair_ids (70,)
[loftr_wrapper.py] corres: (70, 5)
[loftr_wrapper.py] image0: torch.Size([1, 1, 400, 400])
[loftr_wrapper.py] net forward
[loftr_wrapper.py] mconf, 0.2036323845386505 0.782576322555542
[loftr_wrapper.py] pair_ids (97,)
[loftr_wrapper.py] corres: (97, 5)
[loftr_wrapper.py] image0: torch.Size([1, 1, 400, 400])
[loftr_wrapper.py] net forward
[loftr_wrapper.py] mconf, 0.2017684429883957 0.6155484318733215
[loftr_wrapper.py] pair_ids (69,)
[loftr_wrapper.py] corres: (69, 5)
[loftr_wrapper.py] image0: torch.Size([1, 1, 400, 400])
[loftr_wrapper.py] net forward
[loftr_wrapper.py] mconf, 0.20018474757671356 0.7946672439575195
[loftr_wrapper.py] pair_ids (87,)
[loftr_wrapper.py] corres: (87, 5)
[loftr_wrapper.py] image0: torch.Size([1, 1, 400, 400])
[loftr_wrapper.py] net forward
[loftr_wrapper.py] mconf, 0.20065812766551971 0.7667044997215271
[loftr_wrapper.py] pair_ids (92,)
[loftr_wrapper.py] corres: (92, 5)
[loftr_wrapper.py] image0: torch.Size([1, 1, 400, 400])
[loftr_wrapper.py] net forward
[loftr_wrapper.py] mconf, 0.2019345462322235 0.8933396339416504
[loftr_wrapper.py] pair_ids (69,)
[loftr_wrapper.py] corres: (69, 5)
[loftr_wrapper.py] image0: torch.Size([1, 1, 400, 400])
[loftr_wrapper.py] net forward
[loftr_wrapper.py] mconf, 0.2012891173362732 0.8653515577316284
[loftr_wrapper.py] pair_ids (92,)
[loftr_wrapper.py] corres: (92, 5)
[loftr_wrapper.py] image0: torch.Size([1, 1, 400, 400])
[loftr_wrapper.py] net forward
[loftr_wrapper.py] mconf, 0.20012545585632324 0.6510581374168396
[loftr_wrapper.py] pair_ids (89,)
[loftr_wrapper.py] corres: (89, 5)
[loftr_wrapper.py] image0: torch.Size([1, 1, 400, 400])
[loftr_wrapper.py] net forward
[loftr_wrapper.py] mconf, 0.20157921314239502 0.720405101776123
[loftr_wrapper.py] pair_ids (73,)
[loftr_wrapper.py] corres: (73, 5)
[loftr_wrapper.py] image0: torch.Size([1, 1, 400, 400])
[loftr_wrapper.py] net forward
[loftr_wrapper.py] mconf, 0.20050592720508575 0.5898956060409546
[loftr_wrapper.py] pair_ids (90,)
[loftr_wrapper.py] corres: (90, 5)
[loftr_wrapper.py] image0: torch.Size([1, 1, 400, 400])
[loftr_wrapper.py] net forward
[loftr_wrapper.py] mconf, 0.20053815841674805 0.7886127233505249
[loftr_wrapper.py] pair_ids (77,)
[loftr_wrapper.py] corres: (77, 5)
[loftr_wrapper.py] image0: torch.Size([1, 1, 400, 400])
[loftr_wrapper.py] net forward
[loftr_wrapper.py] mconf, 0.20028074085712433 0.6369418501853943
[loftr_wrapper.py] pair_ids (65,)
[loftr_wrapper.py] corres: (65, 5)
[loftr_wrapper.py] image0: torch.Size([1, 1, 400, 400])
[loftr_wrapper.py] net forward
[loftr_wrapper.py] mconf, 0.20326480269432068 0.8494673371315002
[loftr_wrapper.py] pair_ids (131,)
[loftr_wrapper.py] corres: (131, 5)
[loftr_wrapper.py] image0: torch.Size([1, 1, 400, 400])
[loftr_wrapper.py] net forward
[loftr_wrapper.py] mconf, 0.2039305716753006 0.6414046287536621
[loftr_wrapper.py] pair_ids (97,)
[loftr_wrapper.py] corres: (97, 5)
[loftr_wrapper.py] image0: torch.Size([1, 1, 400, 400])
[loftr_wrapper.py] net forward
[loftr_wrapper.py] mconf, 0.2015206664800644 0.7042971253395081
[loftr_wrapper.py] pair_ids (102,)
[loftr_wrapper.py] corres: (102, 5)
[loftr_wrapper.py] image0: torch.Size([1, 1, 400, 400])
[loftr_wrapper.py] net forward
[loftr_wrapper.py] mconf, 0.20078586041927338 0.9525033235549927
[loftr_wrapper.py] pair_ids (200,)
[loftr_wrapper.py] corres: (200, 5)
[loftr_wrapper.py] image0: torch.Size([1, 1, 400, 400])
[loftr_wrapper.py] net forward
[loftr_wrapper.py] mconf, 0.20029610395431519 0.6206480264663696
[loftr_wrapper.py] pair_ids (52,)
[loftr_wrapper.py] corres: (52, 5)
[loftr_wrapper.py] image0: torch.Size([1, 1, 400, 400])
[loftr_wrapper.py] net forward
[loftr_wrapper.py] mconf, 0.20358116924762726 0.8770493865013123
[loftr_wrapper.py] pair_ids (68,)
[loftr_wrapper.py] corres: (68, 5)
[loftr_wrapper.py] image0: torch.Size([1, 1, 400, 400])
[loftr_wrapper.py] net forward
[loftr_wrapper.py] mconf, 0.20056693255901337 0.8864814043045044
[loftr_wrapper.py] pair_ids (121,)
[loftr_wrapper.py] corres: (121, 5)
[loftr_wrapper.py] image0: torch.Size([1, 1, 400, 400])
[loftr_wrapper.py] net forward
[loftr_wrapper.py] mconf, 0.2030385583639145 0.9223979115486145
[loftr_wrapper.py] pair_ids (164,)
[loftr_wrapper.py] corres: (164, 5)
[loftr_wrapper.py] image0: torch.Size([1, 1, 400, 400])
[loftr_wrapper.py] net forward
[loftr_wrapper.py] mconf, 0.2003806084394455 0.8848291039466858
[loftr_wrapper.py] pair_ids (166,)
[loftr_wrapper.py] corres: (166, 5)
[loftr_wrapper.py] image0: torch.Size([1, 1, 400, 400])
[loftr_wrapper.py] net forward
[loftr_wrapper.py] mconf, 0.20004543662071228 0.9354950785636902
[loftr_wrapper.py] pair_ids (139,)
[loftr_wrapper.py] corres: (139, 5)
[loftr_wrapper.py] image0: torch.Size([1, 1, 400, 400])
[loftr_wrapper.py] net forward
[loftr_wrapper.py] mconf, 0.2003430873155594 0.8259597420692444
[loftr_wrapper.py] pair_ids (114,)
[loftr_wrapper.py] corres: (114, 5)
[loftr_wrapper.py] image0: torch.Size([1, 1, 400, 400])
[loftr_wrapper.py] net forward
[loftr_wrapper.py] mconf, 0.20101812481880188 0.5900601148605347
[loftr_wrapper.py] pair_ids (86,)
[loftr_wrapper.py] corres: (86, 5)
[loftr_wrapper.py] image0: torch.Size([1, 1, 400, 400])
[loftr_wrapper.py] net forward
[loftr_wrapper.py] mconf, 0.20032574236392975 0.6995460391044617
[loftr_wrapper.py] pair_ids (113,)
[loftr_wrapper.py] corres: (113, 5)
[loftr_wrapper.py] image0: torch.Size([1, 1, 400, 400])
[loftr_wrapper.py] net forward
[loftr_wrapper.py] mconf, 0.200569748878479 0.5943040251731873
[loftr_wrapper.py] pair_ids (47,)
[loftr_wrapper.py] corres: (47, 5)
[loftr_wrapper.py] image0: torch.Size([1, 1, 400, 400])
[loftr_wrapper.py] net forward
[loftr_wrapper.py] mconf, 0.2015019655227661 0.5883842706680298
[loftr_wrapper.py] pair_ids (49,)
[loftr_wrapper.py] corres: (49, 5)
[loftr_wrapper.py] image0: torch.Size([1, 1, 400, 400])
[loftr_wrapper.py] net forward
[loftr_wrapper.py] mconf, 0.20052312314510345 0.7852230072021484
[loftr_wrapper.py] pair_ids (69,)
[loftr_wrapper.py] corres: (69, 5)
[loftr_wrapper.py] image0: torch.Size([1, 1, 400, 400])
[loftr_wrapper.py] net forward
[loftr_wrapper.py] mconf, 0.20186303555965424 0.6437851190567017
[loftr_wrapper.py] pair_ids (66,)
[loftr_wrapper.py] corres: (66, 5)
[loftr_wrapper.py] image0: torch.Size([1, 1, 400, 400])
[loftr_wrapper.py] net forward
[loftr_wrapper.py] mconf, 0.2023444026708603 0.5896040201187134
[loftr_wrapper.py] pair_ids (55,)
[loftr_wrapper.py] corres: (55, 5)
[loftr_wrapper.py] image0: torch.Size([1, 1, 400, 400])
[loftr_wrapper.py] net forward
[loftr_wrapper.py] mconf, 0.2006877362728119 0.8325763940811157
[loftr_wrapper.py] pair_ids (106,)
[loftr_wrapper.py] corres: (106, 5)
[loftr_wrapper.py] image0: torch.Size([1, 1, 400, 400])
[loftr_wrapper.py] net forward
[loftr_wrapper.py] mconf, 0.20083031058311462 0.9244000911712646
[loftr_wrapper.py] pair_ids (132,)
[loftr_wrapper.py] corres: (132, 5)
[loftr_wrapper.py] image0: torch.Size([1, 1, 400, 400])
[loftr_wrapper.py] net forward
[loftr_wrapper.py] mconf, 0.20211941003799438 0.9853249788284302
[loftr_wrapper.py] pair_ids (197,)
[loftr_wrapper.py] corres: (197, 5)
[loftr_wrapper.py] image0: torch.Size([1, 1, 400, 400])
[loftr_wrapper.py] net forward
[loftr_wrapper.py] mconf, 0.20248280465602875 0.6840793490409851
[loftr_wrapper.py] pair_ids (64,)
[loftr_wrapper.py] corres: (64, 5)
[loftr_wrapper.py] image0: torch.Size([1, 1, 400, 400])
[loftr_wrapper.py] net forward
[loftr_wrapper.py] mconf, 0.20038019120693207 0.687501072883606
[loftr_wrapper.py] pair_ids (90,)
[loftr_wrapper.py] corres: (90, 5)
[loftr_wrapper.py] image0: torch.Size([1, 1, 400, 400])
[loftr_wrapper.py] net forward
[loftr_wrapper.py] mconf, 0.2015441358089447 0.736590564250946
[loftr_wrapper.py] pair_ids (88,)
[loftr_wrapper.py] corres: (88, 5)
[loftr_wrapper.py] image0: torch.Size([1, 1, 400, 400])
[loftr_wrapper.py] net forward
[loftr_wrapper.py] mconf, 0.20188355445861816 0.6610954999923706
[loftr_wrapper.py] pair_ids (79,)
[loftr_wrapper.py] corres: (79, 5)
[loftr_wrapper.py] image0: torch.Size([1, 1, 400, 400])
[loftr_wrapper.py] net forward
[loftr_wrapper.py] mconf, 0.20027771592140198 0.7009260058403015
[loftr_wrapper.py] pair_ids (60,)
[loftr_wrapper.py] corres: (60, 5)
[loftr_wrapper.py] image0: torch.Size([1, 1, 400, 400])
[loftr_wrapper.py] net forward
[loftr_wrapper.py] mconf, 0.20096825063228607 0.7584019303321838
[loftr_wrapper.py] pair_ids (119,)
[loftr_wrapper.py] corres: (119, 5)
[loftr_wrapper.py] image0: torch.Size([1, 1, 400, 400])
[loftr_wrapper.py] net forward
[loftr_wrapper.py] mconf, 0.2099686563014984 0.857517659664154
[loftr_wrapper.py] pair_ids (72,)
[loftr_wrapper.py] corres: (72, 5)
[loftr_wrapper.py] image0: torch.Size([1, 1, 400, 400])
[loftr_wrapper.py] net forward
[loftr_wrapper.py] mconf, 0.20523002743721008 0.9854486584663391
[loftr_wrapper.py] pair_ids (181,)
[loftr_wrapper.py] corres: (181, 5)
[loftr_wrapper.py] image0: torch.Size([1, 1, 400, 400])
[loftr_wrapper.py] net forward
[loftr_wrapper.py] mconf, 0.20059657096862793 0.709708034992218
[loftr_wrapper.py] pair_ids (83,)
[loftr_wrapper.py] corres: (83, 5)
[loftr_wrapper.py] image0: torch.Size([1, 1, 400, 400])
[loftr_wrapper.py] net forward
[loftr_wrapper.py] mconf, 0.2018386870622635 0.7547954320907593
[loftr_wrapper.py] pair_ids (74,)
[loftr_wrapper.py] corres: (74, 5)
[loftr_wrapper.py] image0: torch.Size([1, 1, 400, 400])
[loftr_wrapper.py] net forward
[loftr_wrapper.py] mconf, 0.20000432431697845 0.8219295144081116
[loftr_wrapper.py] pair_ids (74,)
[loftr_wrapper.py] corres: (74, 5)
[loftr_wrapper.py] image0: torch.Size([1, 1, 400, 400])
[loftr_wrapper.py] net forward
[loftr_wrapper.py] mconf, 0.20049116015434265 0.8226392865180969
[loftr_wrapper.py] pair_ids (97,)
[loftr_wrapper.py] corres: (97, 5)
[loftr_wrapper.py] image0: torch.Size([1, 1, 400, 400])
[loftr_wrapper.py] net forward
[loftr_wrapper.py] mconf, 0.20068418979644775 0.8692879676818848
[loftr_wrapper.py] pair_ids (155,)
[loftr_wrapper.py] corres: (155, 5)
[loftr_wrapper.py] image0: torch.Size([1, 1, 400, 400])
[loftr_wrapper.py] net forward
[loftr_wrapper.py] mconf, 0.2003580927848816 0.8282729387283325
[loftr_wrapper.py] pair_ids (125,)
[loftr_wrapper.py] corres: (125, 5)
[loftr_wrapper.py] image0: torch.Size([1, 1, 400, 400])
[loftr_wrapper.py] net forward
[loftr_wrapper.py] mconf, 0.20124714076519012 0.638473391532898
[loftr_wrapper.py] pair_ids (90,)
[loftr_wrapper.py] corres: (90, 5)
[loftr_wrapper.py] image0: torch.Size([1, 1, 400, 400])
[loftr_wrapper.py] net forward
[loftr_wrapper.py] mconf, 0.2003886103630066 0.8766867518424988
[loftr_wrapper.py] pair_ids (123,)
[loftr_wrapper.py] corres: (123, 5)
[loftr_wrapper.py] image0: torch.Size([1, 1, 400, 400])
[loftr_wrapper.py] net forward
[loftr_wrapper.py] mconf, 0.2017369270324707 0.6702730059623718
[loftr_wrapper.py] pair_ids (85,)
[loftr_wrapper.py] corres: (85, 5)
[loftr_wrapper.py] image0: torch.Size([1, 1, 400, 400])
[loftr_wrapper.py] net forward
[loftr_wrapper.py] mconf, 0.2046058028936386 0.8984141945838928
[loftr_wrapper.py] pair_ids (103,)
[loftr_wrapper.py] corres: (103, 5)
[loftr_wrapper.py] image0: torch.Size([1, 1, 400, 400])
[loftr_wrapper.py] net forward
[loftr_wrapper.py] mconf, 0.20002475380897522 0.6919179558753967
[loftr_wrapper.py] pair_ids (77,)
[loftr_wrapper.py] corres: (77, 5)
[loftr_wrapper.py] image0: torch.Size([1, 1, 400, 400])
[loftr_wrapper.py] net forward
[loftr_wrapper.py] mconf, 0.20112542808055878 0.6952852010726929
[loftr_wrapper.py] pair_ids (80,)
[loftr_wrapper.py] corres: (80, 5)
[loftr_wrapper.py] image0: torch.Size([1, 1, 400, 400])
[loftr_wrapper.py] net forward
[loftr_wrapper.py] mconf, 0.20564702153205872 0.6300522685050964
[loftr_wrapper.py] pair_ids (58,)
[loftr_wrapper.py] corres: (58, 5)
[loftr_wrapper.py] image0: torch.Size([1, 1, 400, 400])
[loftr_wrapper.py] net forward
[loftr_wrapper.py] mconf, 0.20294824242591858 0.7086862921714783
[loftr_wrapper.py] pair_ids (76,)
[loftr_wrapper.py] corres: (76, 5)
[loftr_wrapper.py] image0: torch.Size([1, 1, 400, 400])
[loftr_wrapper.py] net forward
[loftr_wrapper.py] mconf, 0.2016213834285736 0.6373211145401001
[loftr_wrapper.py] pair_ids (56,)
[loftr_wrapper.py] corres: (56, 5)
[loftr_wrapper.py] image0: torch.Size([1, 1, 400, 400])
[loftr_wrapper.py] net forward
[loftr_wrapper.py] mconf, 0.2030915766954422 0.6979034543037415
[loftr_wrapper.py] pair_ids (101,)
[loftr_wrapper.py] corres: (101, 5)
[loftr_wrapper.py] image0: torch.Size([1, 1, 400, 400])
[loftr_wrapper.py] net forward
[loftr_wrapper.py] mconf, 0.2014334797859192 0.7319007515907288
[loftr_wrapper.py] pair_ids (61,)
[loftr_wrapper.py] corres: (61, 5)
[loftr_wrapper.py] image0: torch.Size([1, 1, 400, 400])
[loftr_wrapper.py] net forward
[loftr_wrapper.py] mconf, 0.2025676667690277 0.8788779973983765
[loftr_wrapper.py] pair_ids (112,)
[loftr_wrapper.py] corres: (112, 5)
[loftr_wrapper.py] image0: torch.Size([1, 1, 400, 400])
[loftr_wrapper.py] net forward
[loftr_wrapper.py] mconf, 0.20151527225971222 0.9134963750839233
[loftr_wrapper.py] pair_ids (107,)
[loftr_wrapper.py] corres: (107, 5)
[loftr_wrapper.py] image0: torch.Size([1, 1, 400, 400])
[loftr_wrapper.py] net forward
[loftr_wrapper.py] mconf, 0.2011742889881134 0.7575193643569946
[loftr_wrapper.py] pair_ids (58,)
[loftr_wrapper.py] corres: (58, 5)
[loftr_wrapper.py] image0: torch.Size([1, 1, 400, 400])
[loftr_wrapper.py] net forward
[loftr_wrapper.py] mconf, 0.20089948177337646 0.5873628258705139
[loftr_wrapper.py] pair_ids (69,)
[loftr_wrapper.py] corres: (69, 5)
[loftr_wrapper.py] image0: torch.Size([1, 1, 400, 400])
[loftr_wrapper.py] net forward
[loftr_wrapper.py] mconf, 0.2011849731206894 0.683640718460083
[loftr_wrapper.py] pair_ids (88,)
[loftr_wrapper.py] corres: (88, 5)
[loftr_wrapper.py] image0: torch.Size([1, 1, 400, 400])
[loftr_wrapper.py] net forward
[loftr_wrapper.py] mconf, 0.20477643609046936 0.7498169541358948
[loftr_wrapper.py] pair_ids (45,)
[loftr_wrapper.py] corres: (45, 5)
[loftr_wrapper.py] image0: torch.Size([1, 1, 400, 400])
[loftr_wrapper.py] net forward
[loftr_wrapper.py] mconf, 0.20174841582775116 0.7315198183059692
[loftr_wrapper.py] pair_ids (62,)
[loftr_wrapper.py] corres: (62, 5)
[loftr_wrapper.py] image0: torch.Size([1, 1, 400, 400])
[loftr_wrapper.py] net forward
[loftr_wrapper.py] mconf, 0.20298893749713898 0.6980436444282532
[loftr_wrapper.py] pair_ids (55,)
[loftr_wrapper.py] corres: (55, 5)
[loftr_wrapper.py] image0: torch.Size([1, 1, 400, 400])
[loftr_wrapper.py] net forward
[loftr_wrapper.py] mconf, 0.20067495107650757 0.7361659407615662
[loftr_wrapper.py] pair_ids (46,)
[loftr_wrapper.py] corres: (46, 5)
[loftr_wrapper.py] image0: torch.Size([1, 1, 400, 400])
[loftr_wrapper.py] net forward
[loftr_wrapper.py] mconf, 0.20173761248588562 0.620334267616272
[loftr_wrapper.py] pair_ids (64,)
[loftr_wrapper.py] corres: (64, 5)
[loftr_wrapper.py] image0: torch.Size([1, 1, 400, 400])
[loftr_wrapper.py] net forward
[loftr_wrapper.py] mconf, 0.20392322540283203 0.8614650964736938
[loftr_wrapper.py] pair_ids (103,)
[loftr_wrapper.py] corres: (103, 5)
[loftr_wrapper.py] image0: torch.Size([1, 1, 400, 400])
[loftr_wrapper.py] net forward
[loftr_wrapper.py] mconf, 0.20319907367229462 0.6838661432266235
[loftr_wrapper.py] pair_ids (62,)
[loftr_wrapper.py] corres: (62, 5)
[loftr_wrapper.py] image0: torch.Size([1, 1, 400, 400])
[loftr_wrapper.py] net forward
[loftr_wrapper.py] mconf, 0.20148694515228271 0.6793784499168396
[loftr_wrapper.py] pair_ids (101,)
[loftr_wrapper.py] corres: (101, 5)
[loftr_wrapper.py] image0: torch.Size([1, 1, 400, 400])
[loftr_wrapper.py] net forward
[loftr_wrapper.py] mconf, 0.20144400000572205 0.5372604131698608
[loftr_wrapper.py] pair_ids (44,)
[loftr_wrapper.py] corres: (44, 5)
[loftr_wrapper.py] image0: torch.Size([1, 1, 400, 400])
[loftr_wrapper.py] net forward
[loftr_wrapper.py] mconf, 0.20155011117458344 0.7931745648384094
[loftr_wrapper.py] pair_ids (57,)
[loftr_wrapper.py] corres: (57, 5)
[loftr_wrapper.py] image0: torch.Size([1, 1, 400, 400])
[loftr_wrapper.py] net forward
[loftr_wrapper.py] mconf, 0.200095534324646 0.8648703694343567
[loftr_wrapper.py] pair_ids (94,)
[loftr_wrapper.py] corres: (94, 5)
[loftr_wrapper.py] image0: torch.Size([1, 1, 400, 400])
[loftr_wrapper.py] net forward
[loftr_wrapper.py] mconf, 0.20075616240501404 0.7421522736549377
[loftr_wrapper.py] pair_ids (115,)
[loftr_wrapper.py] corres: (115, 5)
[loftr_wrapper.py] image0: torch.Size([1, 1, 400, 400])
[loftr_wrapper.py] net forward
[loftr_wrapper.py] mconf, 0.20037002861499786 0.7484495639801025
[loftr_wrapper.py] pair_ids (104,)
[loftr_wrapper.py] corres: (104, 5)
[loftr_wrapper.py] image0: torch.Size([1, 1, 400, 400])
[loftr_wrapper.py] net forward
[loftr_wrapper.py] mconf, 0.200815811753273 0.6584701538085938
[loftr_wrapper.py] pair_ids (44,)
[loftr_wrapper.py] corres: (44, 5)
[loftr_wrapper.py] image0: torch.Size([1, 1, 400, 400])
[loftr_wrapper.py] net forward
[loftr_wrapper.py] mconf, 0.2020142525434494 0.8869943022727966
[loftr_wrapper.py] pair_ids (77,)
[loftr_wrapper.py] corres: (77, 5)
[loftr_wrapper.py] image0: torch.Size([1, 1, 400, 400])
[loftr_wrapper.py] net forward
[loftr_wrapper.py] mconf, 0.20000775158405304 0.7252647876739502
[loftr_wrapper.py] pair_ids (96,)
[loftr_wrapper.py] corres: (96, 5)
[loftr_wrapper.py] image0: torch.Size([1, 1, 400, 400])
[loftr_wrapper.py] net forward
[loftr_wrapper.py] mconf, 0.20008835196495056 0.693316638469696
[loftr_wrapper.py] pair_ids (77,)
[loftr_wrapper.py] corres: (77, 5)
[loftr_wrapper.py] image0: torch.Size([1, 1, 400, 400])
[loftr_wrapper.py] net forward
[loftr_wrapper.py] mconf, 0.20272238552570343 0.7340574264526367
[loftr_wrapper.py] pair_ids (71,)
[loftr_wrapper.py] corres: (71, 5)
[loftr_wrapper.py] image0: torch.Size([1, 1, 400, 400])
[loftr_wrapper.py] net forward
[loftr_wrapper.py] mconf, 0.2018042802810669 0.8622006773948669
[loftr_wrapper.py] pair_ids (91,)
[loftr_wrapper.py] corres: (91, 5)
[loftr_wrapper.py] image0: torch.Size([1, 1, 400, 400])
[loftr_wrapper.py] net forward
[loftr_wrapper.py] mconf, 0.20037999749183655 0.8347036242485046
[loftr_wrapper.py] pair_ids (72,)
[loftr_wrapper.py] corres: (72, 5)
[loftr_wrapper.py] image0: torch.Size([1, 1, 400, 400])
[loftr_wrapper.py] net forward
[loftr_wrapper.py] mconf, 0.20019778609275818 0.8196501731872559
[loftr_wrapper.py] pair_ids (67,)
[loftr_wrapper.py] corres: (67, 5)
[loftr_wrapper.py] image0: torch.Size([1, 1, 400, 400])
[loftr_wrapper.py] net forward
[loftr_wrapper.py] mconf, 0.2058560699224472 0.5669695138931274
[loftr_wrapper.py] pair_ids (52,)
[loftr_wrapper.py] corres: (52, 5)
[loftr_wrapper.py] image0: torch.Size([1, 1, 400, 400])
[loftr_wrapper.py] net forward
[loftr_wrapper.py] mconf, 0.2019052356481552 0.7743456363677979
[loftr_wrapper.py] pair_ids (67,)
[loftr_wrapper.py] corres: (67, 5)
[loftr_wrapper.py] image0: torch.Size([1, 1, 400, 400])
[loftr_wrapper.py] net forward
[loftr_wrapper.py] mconf, 0.20076990127563477 0.8539862632751465
[loftr_wrapper.py] pair_ids (136,)
[loftr_wrapper.py] corres: (136, 5)
[loftr_wrapper.py] image0: torch.Size([1, 1, 400, 400])
[loftr_wrapper.py] net forward
[loftr_wrapper.py] mconf, 0.20012937486171722 0.7374463081359863
[loftr_wrapper.py] pair_ids (107,)
[loftr_wrapper.py] corres: (107, 5)
[loftr_wrapper.py] image0: torch.Size([1, 1, 400, 400])
[loftr_wrapper.py] net forward
[loftr_wrapper.py] mconf, 0.20124876499176025 0.8369086980819702
[loftr_wrapper.py] pair_ids (84,)
[loftr_wrapper.py] corres: (84, 5)
[loftr_wrapper.py] image0: torch.Size([1, 1, 400, 400])
[loftr_wrapper.py] net forward
[loftr_wrapper.py] mconf, 0.20000827312469482 0.7635727524757385
[loftr_wrapper.py] pair_ids (89,)
[loftr_wrapper.py] corres: (89, 5)
[loftr_wrapper.py] image0: torch.Size([1, 1, 400, 400])
[loftr_wrapper.py] net forward
[loftr_wrapper.py] mconf, 0.20024515688419342 0.8040233254432678
[loftr_wrapper.py] pair_ids (75,)
[loftr_wrapper.py] corres: (75, 5)
[loftr_wrapper.py] image0: torch.Size([1, 1, 400, 400])
[loftr_wrapper.py] net forward
[loftr_wrapper.py] mconf, 0.20109592378139496 0.7603358626365662
[loftr_wrapper.py] pair_ids (87,)
[loftr_wrapper.py] corres: (87, 5)
[loftr_wrapper.py] image0: torch.Size([1, 1, 400, 400])
[loftr_wrapper.py] net forward
[loftr_wrapper.py] mconf, 0.20147836208343506 0.8981240391731262
[loftr_wrapper.py] pair_ids (88,)
[loftr_wrapper.py] corres: (88, 5)
[loftr_wrapper.py] image0: torch.Size([1, 1, 400, 400])
[loftr_wrapper.py] net forward
[loftr_wrapper.py] mconf, 0.20252211391925812 0.7026891708374023
[loftr_wrapper.py] pair_ids (64,)
[loftr_wrapper.py] corres: (64, 5)
[loftr_wrapper.py] image0: torch.Size([1, 1, 400, 400])
[loftr_wrapper.py] net forward
[loftr_wrapper.py] mconf, 0.20267142355442047 0.7019056677818298
[loftr_wrapper.py] pair_ids (78,)
[loftr_wrapper.py] corres: (78, 5)
[loftr_wrapper.py] image0: torch.Size([1, 1, 400, 400])
[loftr_wrapper.py] net forward
[loftr_wrapper.py] mconf, 0.2078213393688202 0.7473238110542297
[loftr_wrapper.py] pair_ids (78,)
[loftr_wrapper.py] corres: (78, 5)
[loftr_wrapper.py] image0: torch.Size([1, 1, 400, 400])
[loftr_wrapper.py] net forward
[loftr_wrapper.py] mconf, 0.20034345984458923 0.9060980677604675
[loftr_wrapper.py] pair_ids (152,)
[loftr_wrapper.py] corres: (152, 5)
[loftr_wrapper.py] image0: torch.Size([1, 1, 400, 400])
[loftr_wrapper.py] net forward
[loftr_wrapper.py] mconf, 0.20699550211429596 0.8573138117790222
[loftr_wrapper.py] pair_ids (104,)
[loftr_wrapper.py] corres: (104, 5)
[loftr_wrapper.py] image0: torch.Size([1, 1, 400, 400])
[loftr_wrapper.py] net forward
[loftr_wrapper.py] mconf, 0.20257817208766937 0.8032364249229431
[loftr_wrapper.py] pair_ids (93,)
[loftr_wrapper.py] corres: (93, 5)
[loftr_wrapper.py] image0: torch.Size([1, 1, 400, 400])
[loftr_wrapper.py] net forward
[loftr_wrapper.py] mconf, 0.20241186022758484 0.86488938331604
[loftr_wrapper.py] pair_ids (86,)
[loftr_wrapper.py] corres: (86, 5)
[loftr_wrapper.py] image0: torch.Size([1, 1, 400, 400])
[loftr_wrapper.py] net forward
[loftr_wrapper.py] mconf, 0.20077615976333618 0.6931447386741638
[loftr_wrapper.py] pair_ids (96,)
[loftr_wrapper.py] corres: (96, 5)
[loftr_wrapper.py] image0: torch.Size([1, 1, 400, 400])
[loftr_wrapper.py] net forward
[loftr_wrapper.py] mconf, 0.20114849507808685 0.866823136806488
[loftr_wrapper.py] pair_ids (103,)
[loftr_wrapper.py] corres: (103, 5)
[loftr_wrapper.py] image0: torch.Size([1, 1, 400, 400])
[loftr_wrapper.py] net forward
[loftr_wrapper.py] mconf, 0.20047463476657867 0.8962805867195129
[loftr_wrapper.py] pair_ids (82,)
[loftr_wrapper.py] corres: (82, 5)
[loftr_wrapper.py] image0: torch.Size([1, 1, 400, 400])
[loftr_wrapper.py] net forward
[loftr_wrapper.py] mconf, 0.20245827734470367 0.6468600630760193
[loftr_wrapper.py] pair_ids (73,)
[loftr_wrapper.py] corres: (73, 5)
[loftr_wrapper.py] image0: torch.Size([1, 1, 400, 400])
[loftr_wrapper.py] net forward
[loftr_wrapper.py] mconf, 0.20241577923297882 0.8993740677833557
[loftr_wrapper.py] pair_ids (94,)
[loftr_wrapper.py] corres: (94, 5)
[loftr_wrapper.py] image0: torch.Size([1, 1, 400, 400])
[loftr_wrapper.py] net forward
[loftr_wrapper.py] mconf, 0.2021583616733551 0.9076182842254639
[loftr_wrapper.py] pair_ids (120,)
[loftr_wrapper.py] corres: (120, 5)
[loftr_wrapper.py] image0: torch.Size([1, 1, 400, 400])
[loftr_wrapper.py] net forward
[loftr_wrapper.py] mconf, 0.20019474625587463 0.5861622095108032
[loftr_wrapper.py] pair_ids (52,)
[loftr_wrapper.py] corres: (52, 5)
[loftr_wrapper.py] image0: torch.Size([1, 1, 400, 400])
[loftr_wrapper.py] net forward
[loftr_wrapper.py] mconf, 0.2006712704896927 0.6238687634468079
[loftr_wrapper.py] pair_ids (66,)
[loftr_wrapper.py] corres: (66, 5)
[loftr_wrapper.py] image0: torch.Size([1, 1, 400, 400])
[loftr_wrapper.py] net forward
[loftr_wrapper.py] mconf, 0.2000175267457962 0.8871299028396606
[loftr_wrapper.py] pair_ids (102,)
[loftr_wrapper.py] corres: (102, 5)
[loftr_wrapper.py] image0: torch.Size([1, 1, 400, 400])
[loftr_wrapper.py] net forward
[loftr_wrapper.py] mconf, 0.20050300657749176 0.8874082565307617
[loftr_wrapper.py] pair_ids (92,)
[loftr_wrapper.py] corres: (92, 5)
[loftr_wrapper.py] image0: torch.Size([1, 1, 400, 400])
[loftr_wrapper.py] net forward
[loftr_wrapper.py] mconf, 0.203102707862854 0.6576574444770813
[loftr_wrapper.py] pair_ids (85,)
[loftr_wrapper.py] corres: (85, 5)
[loftr_wrapper.py] image0: torch.Size([1, 1, 400, 400])
[loftr_wrapper.py] net forward
[loftr_wrapper.py] mconf, 0.20038160681724548 0.8513038754463196
[loftr_wrapper.py] pair_ids (112,)
[loftr_wrapper.py] corres: (112, 5)
[loftr_wrapper.py] image0: torch.Size([1, 1, 400, 400])
[loftr_wrapper.py] net forward
[loftr_wrapper.py] mconf, 0.20095019042491913 0.950429379940033
[loftr_wrapper.py] pair_ids (136,)
[loftr_wrapper.py] corres: (136, 5)
[loftr_wrapper.py] image0: torch.Size([1, 1, 400, 400])
[loftr_wrapper.py] net forward
[loftr_wrapper.py] mconf, 0.20296935737133026 0.7644091248512268
[loftr_wrapper.py] pair_ids (62,)
[loftr_wrapper.py] corres: (62, 5)
[loftr_wrapper.py] image0: torch.Size([1, 1, 400, 400])
[loftr_wrapper.py] net forward
[loftr_wrapper.py] mconf, 0.20008492469787598 0.8427528738975525
[loftr_wrapper.py] pair_ids (144,)
[loftr_wrapper.py] corres: (144, 5)
[loftr_wrapper.py] image0: torch.Size([1, 1, 400, 400])
[loftr_wrapper.py] net forward
[loftr_wrapper.py] mconf, 0.20024101436138153 0.8457889556884766
[loftr_wrapper.py] pair_ids (97,)
[loftr_wrapper.py] corres: (97, 5)
[loftr_wrapper.py] image0: torch.Size([1, 1, 400, 400])
[loftr_wrapper.py] net forward
[loftr_wrapper.py] mconf, 0.2012920081615448 0.7960801124572754
[loftr_wrapper.py] pair_ids (78,)
[loftr_wrapper.py] corres: (78, 5)
[loftr_wrapper.py] image0: torch.Size([1, 1, 400, 400])
[loftr_wrapper.py] net forward
[loftr_wrapper.py] mconf, 0.20086956024169922 0.7624116539955139
[loftr_wrapper.py] pair_ids (117,)
[loftr_wrapper.py] corres: (117, 5)
[loftr_wrapper.py] image0: torch.Size([1, 1, 400, 400])
[loftr_wrapper.py] net forward
[loftr_wrapper.py] mconf, 0.20043079555034637 0.6195071935653687
[loftr_wrapper.py] pair_ids (74,)
[loftr_wrapper.py] corres: (74, 5)
[loftr_wrapper.py] image0: torch.Size([1, 1, 400, 400])
[loftr_wrapper.py] net forward
[loftr_wrapper.py] mconf, 0.2015906125307083 0.5288702845573425
[loftr_wrapper.py] pair_ids (61,)
[loftr_wrapper.py] corres: (61, 5)
[loftr_wrapper.py] image0: torch.Size([1, 1, 400, 400])
[loftr_wrapper.py] net forward
[loftr_wrapper.py] mconf, 0.20145283639431 0.7270911931991577
[loftr_wrapper.py] pair_ids (109,)
[loftr_wrapper.py] corres: (109, 5)
[loftr_wrapper.py] image0: torch.Size([1, 1, 400, 400])
[loftr_wrapper.py] net forward
[loftr_wrapper.py] mconf, 0.2055082768201828 0.6307855248451233
[loftr_wrapper.py] pair_ids (55,)
[loftr_wrapper.py] corres: (55, 5)
[loftr_wrapper.py] image0: torch.Size([1, 1, 400, 400])
[loftr_wrapper.py] net forward
[loftr_wrapper.py] mconf, 0.2003229856491089 0.6480940580368042
[loftr_wrapper.py] pair_ids (72,)
[loftr_wrapper.py] corres: (72, 5)
[loftr_wrapper.py] image0: torch.Size([1, 1, 400, 400])
[loftr_wrapper.py] net forward
[loftr_wrapper.py] mconf, 0.20178119838237762 0.9463727474212646
[loftr_wrapper.py] pair_ids (148,)
[loftr_wrapper.py] corres: (148, 5)
[loftr_wrapper.py] image0: torch.Size([1, 1, 400, 400])
[loftr_wrapper.py] net forward
[loftr_wrapper.py] mconf, 0.20356568694114685 0.6843181252479553
[loftr_wrapper.py] pair_ids (70,)
[loftr_wrapper.py] corres: (70, 5)
[loftr_wrapper.py] image0: torch.Size([1, 1, 400, 400])
[loftr_wrapper.py] net forward
[loftr_wrapper.py] mconf, 0.20065444707870483 0.9098297953605652
[loftr_wrapper.py] pair_ids (52,)
[loftr_wrapper.py] corres: (52, 5)
[loftr_wrapper.py] image0: torch.Size([1, 1, 400, 400])
[loftr_wrapper.py] net forward
[loftr_wrapper.py] mconf, 0.20216882228851318 0.8679512739181519
[loftr_wrapper.py] pair_ids (136,)
[loftr_wrapper.py] corres: (136, 5)
[loftr_wrapper.py] image0: torch.Size([1, 1, 400, 400])
[loftr_wrapper.py] net forward
[loftr_wrapper.py] mconf, 0.20153522491455078 0.798997163772583
[loftr_wrapper.py] pair_ids (64,)
[loftr_wrapper.py] corres: (64, 5)
[loftr_wrapper.py] image0: torch.Size([1, 1, 400, 400])
[loftr_wrapper.py] net forward
[loftr_wrapper.py] mconf, 0.2006097286939621 0.8372283577919006
[loftr_wrapper.py] pair_ids (80,)
[loftr_wrapper.py] corres: (80, 5)
[loftr_wrapper.py] image0: torch.Size([1, 1, 400, 400])
[loftr_wrapper.py] net forward
[loftr_wrapper.py] mconf, 0.20172929763793945 0.6960920095443726
[loftr_wrapper.py] pair_ids (71,)
[loftr_wrapper.py] corres: (71, 5)
[loftr_wrapper.py] image0: torch.Size([1, 1, 400, 400])
[loftr_wrapper.py] net forward
[loftr_wrapper.py] mconf, 0.20219765603542328 0.8030445575714111
[loftr_wrapper.py] pair_ids (92,)
[loftr_wrapper.py] corres: (92, 5)
[loftr_wrapper.py] image0: torch.Size([1, 1, 400, 400])
[loftr_wrapper.py] net forward
[loftr_wrapper.py] mconf, 0.2005874216556549 0.84166419506073
[loftr_wrapper.py] pair_ids (85,)
[loftr_wrapper.py] corres: (85, 5)
[loftr_wrapper.py] image0: torch.Size([1, 1, 400, 400])
[loftr_wrapper.py] net forward
[loftr_wrapper.py] mconf, 0.20433230698108673 0.8384360671043396
[loftr_wrapper.py] pair_ids (59,)
[loftr_wrapper.py] corres: (59, 5)
[loftr_wrapper.py] image0: torch.Size([1, 1, 400, 400])
[loftr_wrapper.py] net forward
[loftr_wrapper.py] mconf, 0.20415166020393372 0.7464699745178223
[loftr_wrapper.py] pair_ids (79,)
[loftr_wrapper.py] corres: (79, 5)
[loftr_wrapper.py] image0: torch.Size([1, 1, 400, 400])
[loftr_wrapper.py] net forward
[loftr_wrapper.py] mconf, 0.20236101746559143 0.73159259557724
[loftr_wrapper.py] pair_ids (69,)
[loftr_wrapper.py] corres: (69, 5)
[loftr_wrapper.py] image0: torch.Size([1, 1, 400, 400])
[loftr_wrapper.py] net forward
[loftr_wrapper.py] mconf, 0.20058941841125488 0.8444464802742004
[loftr_wrapper.py] pair_ids (101,)
[loftr_wrapper.py] corres: (101, 5)
[loftr_wrapper.py] image0: torch.Size([1, 1, 400, 400])
[loftr_wrapper.py] net forward
[loftr_wrapper.py] mconf, 0.2002497762441635 0.7108309864997864
[loftr_wrapper.py] pair_ids (74,)
[loftr_wrapper.py] corres: (74, 5)
[loftr_wrapper.py] image0: torch.Size([1, 1, 400, 400])
[loftr_wrapper.py] net forward
[loftr_wrapper.py] mconf, 0.20084691047668457 0.8661348223686218
[loftr_wrapper.py] pair_ids (90,)
[loftr_wrapper.py] corres: (90, 5)
[loftr_wrapper.py] image0: torch.Size([1, 1, 400, 400])
[loftr_wrapper.py] net forward
[loftr_wrapper.py] mconf, 0.20305010676383972 0.8616092801094055
[loftr_wrapper.py] pair_ids (87,)
[loftr_wrapper.py] corres: (87, 5)
[loftr_wrapper.py] image0: torch.Size([1, 1, 400, 400])
[loftr_wrapper.py] net forward
[loftr_wrapper.py] mconf, 0.20260931551456451 0.9262378811836243
[loftr_wrapper.py] pair_ids (100,)
[loftr_wrapper.py] corres: (100, 5)
[loftr_wrapper.py] image0: torch.Size([1, 1, 400, 400])
[loftr_wrapper.py] net forward
[loftr_wrapper.py] mconf, 0.20384836196899414 0.8577127456665039
[loftr_wrapper.py] pair_ids (92,)
[loftr_wrapper.py] corres: (92, 5)
[loftr_wrapper.py] image0: torch.Size([1, 1, 400, 400])
[loftr_wrapper.py] net forward
[loftr_wrapper.py] mconf, 0.20085789263248444 0.9328479766845703
[loftr_wrapper.py] pair_ids (239,)
[loftr_wrapper.py] corres: (239, 5)
[loftr_wrapper.py] image0: torch.Size([1, 1, 400, 400])
[loftr_wrapper.py] net forward
[loftr_wrapper.py] mconf, 0.2000771164894104 0.816130518913269
[loftr_wrapper.py] pair_ids (92,)
[loftr_wrapper.py] corres: (92, 5)
[loftr_wrapper.py] image0: torch.Size([1, 1, 400, 400])
[loftr_wrapper.py] net forward
[loftr_wrapper.py] mconf, 0.20483452081680298 0.7164806127548218
[loftr_wrapper.py] pair_ids (67,)
[loftr_wrapper.py] corres: (67, 5)
[loftr_wrapper.py] image0: torch.Size([1, 1, 400, 400])
[loftr_wrapper.py] net forward
[loftr_wrapper.py] mconf, 0.2006409466266632 0.8111938238143921
[loftr_wrapper.py] pair_ids (81,)
[loftr_wrapper.py] corres: (81, 5)
[loftr_wrapper.py] image0: torch.Size([1, 1, 400, 400])
[loftr_wrapper.py] net forward
[loftr_wrapper.py] mconf, 0.2002529501914978 0.9046595096588135
[loftr_wrapper.py] pair_ids (108,)
[loftr_wrapper.py] corres: (108, 5)
MPM10 done 660 611s
[probe] GT rotations orthonormalized (max element change 3.99e-08)
MPM12 pairs 360 {'[0,15)': 2145, '[15,30)': 4023, '[30,60)': 8923, '[60,90)': 7124, '[90,135)': 3611, '[135,180]': 280}
[loftr_wrapper.py] image0: torch.Size([1, 1, 400, 400])
[loftr_wrapper.py] net forward
[loftr_wrapper.py] mconf, 0.20080406963825226 0.996555745601654
[loftr_wrapper.py] pair_ids (867,)
[loftr_wrapper.py] corres: (867, 5)
[loftr_wrapper.py] image0: torch.Size([1, 1, 400, 400])
[loftr_wrapper.py] net forward
[loftr_wrapper.py] mconf, 0.20149056613445282 0.9974792003631592
[loftr_wrapper.py] pair_ids (1141,)
[loftr_wrapper.py] corres: (1141, 5)
[loftr_wrapper.py] image0: torch.Size([1, 1, 400, 400])
[loftr_wrapper.py] net forward
[loftr_wrapper.py] mconf, 0.20036491751670837 0.9990242719650269
[loftr_wrapper.py] pair_ids (1328,)
[loftr_wrapper.py] corres: (1328, 5)
[loftr_wrapper.py] image0: torch.Size([1, 1, 400, 400])
[loftr_wrapper.py] net forward
[loftr_wrapper.py] mconf, 0.20101968944072723 0.9818082451820374
[loftr_wrapper.py] pair_ids (286,)
[loftr_wrapper.py] corres: (286, 5)
[loftr_wrapper.py] image0: torch.Size([1, 1, 400, 400])
[loftr_wrapper.py] net forward
[loftr_wrapper.py] mconf, 0.20031270384788513 0.9277086853981018
[loftr_wrapper.py] pair_ids (190,)
[loftr_wrapper.py] corres: (190, 5)
[loftr_wrapper.py] image0: torch.Size([1, 1, 400, 400])
[loftr_wrapper.py] net forward
[loftr_wrapper.py] mconf, 0.20214374363422394 0.9909349083900452
[loftr_wrapper.py] pair_ids (736,)
[loftr_wrapper.py] corres: (736, 5)
[loftr_wrapper.py] image0: torch.Size([1, 1, 400, 400])
[loftr_wrapper.py] net forward
[loftr_wrapper.py] mconf, 0.20251452922821045 0.9899543523788452
[loftr_wrapper.py] pair_ids (708,)
[loftr_wrapper.py] corres: (708, 5)
[loftr_wrapper.py] image0: torch.Size([1, 1, 400, 400])
[loftr_wrapper.py] net forward
[loftr_wrapper.py] mconf, 0.20011304318904877 0.9575271606445312
[loftr_wrapper.py] pair_ids (286,)
[loftr_wrapper.py] corres: (286, 5)
[loftr_wrapper.py] image0: torch.Size([1, 1, 400, 400])
[loftr_wrapper.py] net forward
[loftr_wrapper.py] mconf, 0.2006596177816391 0.9779834747314453
[loftr_wrapper.py] pair_ids (304,)
[loftr_wrapper.py] corres: (304, 5)
[loftr_wrapper.py] image0: torch.Size([1, 1, 400, 400])
[loftr_wrapper.py] net forward
[loftr_wrapper.py] mconf, 0.2002807855606079 0.9696165323257446
[loftr_wrapper.py] pair_ids (299,)
[loftr_wrapper.py] corres: (299, 5)
[loftr_wrapper.py] image0: torch.Size([1, 1, 400, 400])
[loftr_wrapper.py] net forward
[loftr_wrapper.py] mconf, 0.20018605887889862 0.9824074506759644
[loftr_wrapper.py] pair_ids (440,)
[loftr_wrapper.py] corres: (440, 5)
[loftr_wrapper.py] image0: torch.Size([1, 1, 400, 400])
[loftr_wrapper.py] net forward
[loftr_wrapper.py] mconf, 0.20012310147285461 0.9864468574523926
[loftr_wrapper.py] pair_ids (282,)
[loftr_wrapper.py] corres: (282, 5)
[loftr_wrapper.py] image0: torch.Size([1, 1, 400, 400])
[loftr_wrapper.py] net forward
[loftr_wrapper.py] mconf, 0.20043379068374634 0.9777362942695618
[loftr_wrapper.py] pair_ids (372,)
[loftr_wrapper.py] corres: (372, 5)
[loftr_wrapper.py] image0: torch.Size([1, 1, 400, 400])
[loftr_wrapper.py] net forward
[loftr_wrapper.py] mconf, 0.20112290978431702 0.9919800162315369
[loftr_wrapper.py] pair_ids (419,)
[loftr_wrapper.py] corres: (419, 5)
[loftr_wrapper.py] image0: torch.Size([1, 1, 400, 400])
[loftr_wrapper.py] net forward
[loftr_wrapper.py] mconf, 0.20194537937641144 0.9989352822303772
[loftr_wrapper.py] pair_ids (1027,)
[loftr_wrapper.py] corres: (1027, 5)
[loftr_wrapper.py] image0: torch.Size([1, 1, 400, 400])
[loftr_wrapper.py] net forward
[loftr_wrapper.py] mconf, 0.20042771100997925 0.9915271401405334
[loftr_wrapper.py] pair_ids (1120,)
[loftr_wrapper.py] corres: (1120, 5)
[loftr_wrapper.py] image0: torch.Size([1, 1, 400, 400])
[loftr_wrapper.py] net forward
[loftr_wrapper.py] mconf, 0.20036734640598297 0.9702250957489014
[loftr_wrapper.py] pair_ids (429,)
[loftr_wrapper.py] corres: (429, 5)
[loftr_wrapper.py] image0: torch.Size([1, 1, 400, 400])
[loftr_wrapper.py] net forward
[loftr_wrapper.py] mconf, 0.20116500556468964 0.9889787435531616
[loftr_wrapper.py] pair_ids (640,)
[loftr_wrapper.py] corres: (640, 5)
[loftr_wrapper.py] image0: torch.Size([1, 1, 400, 400])
[loftr_wrapper.py] net forward
[loftr_wrapper.py] mconf, 0.20116285979747772 0.9894711971282959
[loftr_wrapper.py] pair_ids (779,)
[loftr_wrapper.py] corres: (779, 5)
[loftr_wrapper.py] image0: torch.Size([1, 1, 400, 400])
[loftr_wrapper.py] net forward
[loftr_wrapper.py] mconf, 0.20030437409877777 0.916961669921875
[loftr_wrapper.py] pair_ids (205,)
[loftr_wrapper.py] corres: (205, 5)
[loftr_wrapper.py] image0: torch.Size([1, 1, 400, 400])
[loftr_wrapper.py] net forward
[loftr_wrapper.py] mconf, 0.20016787946224213 0.9991514682769775
[loftr_wrapper.py] pair_ids (1153,)
[loftr_wrapper.py] corres: (1153, 5)
[loftr_wrapper.py] image0: torch.Size([1, 1, 400, 400])
[loftr_wrapper.py] net forward
[loftr_wrapper.py] mconf, 0.20028892159461975 0.9976826310157776
[loftr_wrapper.py] pair_ids (1007,)
[loftr_wrapper.py] corres: (1007, 5)
[loftr_wrapper.py] image0: torch.Size([1, 1, 400, 400])
[loftr_wrapper.py] net forward
[loftr_wrapper.py] mconf, 0.20073726773262024 0.9906725883483887
[loftr_wrapper.py] pair_ids (537,)
[loftr_wrapper.py] corres: (537, 5)
[loftr_wrapper.py] image0: torch.Size([1, 1, 400, 400])
[loftr_wrapper.py] net forward
[loftr_wrapper.py] mconf, 0.200413778424263 0.9901803731918335
[loftr_wrapper.py] pair_ids (548,)
[loftr_wrapper.py] corres: (548, 5)
[loftr_wrapper.py] image0: torch.Size([1, 1, 400, 400])
[loftr_wrapper.py] net forward
[loftr_wrapper.py] mconf, 0.20063959062099457 0.987882673740387
[loftr_wrapper.py] pair_ids (468,)
[loftr_wrapper.py] corres: (468, 5)
[loftr_wrapper.py] image0: torch.Size([1, 1, 400, 400])
[loftr_wrapper.py] net forward
[loftr_wrapper.py] mconf, 0.20014606416225433 0.9964213371276855
[loftr_wrapper.py] pair_ids (504,)
[loftr_wrapper.py] corres: (504, 5)
[loftr_wrapper.py] image0: torch.Size([1, 1, 400, 400])
[loftr_wrapper.py] net forward
[loftr_wrapper.py] mconf, 0.20045633614063263 0.9712112545967102
[loftr_wrapper.py] pair_ids (556,)
[loftr_wrapper.py] corres: (556, 5)
[loftr_wrapper.py] image0: torch.Size([1, 1, 400, 400])
[loftr_wrapper.py] net forward
[loftr_wrapper.py] mconf, 0.20004163682460785 0.9858270883560181
[loftr_wrapper.py] pair_ids (623,)
[loftr_wrapper.py] corres: (623, 5)
[loftr_wrapper.py] image0: torch.Size([1, 1, 400, 400])
[loftr_wrapper.py] net forward
[loftr_wrapper.py] mconf, 0.20016147196292877 0.9645088315010071
[loftr_wrapper.py] pair_ids (555,)
[loftr_wrapper.py] corres: (555, 5)
[loftr_wrapper.py] image0: torch.Size([1, 1, 400, 400])
[loftr_wrapper.py] net forward
[loftr_wrapper.py] mconf, 0.20387232303619385 0.9925316572189331
[loftr_wrapper.py] pair_ids (523,)
[loftr_wrapper.py] corres: (523, 5)
[loftr_wrapper.py] image0: torch.Size([1, 1, 400, 400])
[loftr_wrapper.py] net forward
[loftr_wrapper.py] mconf, 0.20188438892364502 0.899703323841095
[loftr_wrapper.py] pair_ids (185,)
[loftr_wrapper.py] corres: (185, 5)
[loftr_wrapper.py] image0: torch.Size([1, 1, 400, 400])
[loftr_wrapper.py] net forward
[loftr_wrapper.py] mconf, 0.20025548338890076 0.9972792863845825
[loftr_wrapper.py] pair_ids (488,)
[loftr_wrapper.py] corres: (488, 5)
[loftr_wrapper.py] image0: torch.Size([1, 1, 400, 400])
[loftr_wrapper.py] net forward
[loftr_wrapper.py] mconf, 0.20001333951950073 0.9891758561134338
[loftr_wrapper.py] pair_ids (604,)
[loftr_wrapper.py] corres: (604, 5)
[loftr_wrapper.py] image0: torch.Size([1, 1, 400, 400])
[loftr_wrapper.py] net forward
[loftr_wrapper.py] mconf, 0.20098863542079926 0.9955423474311829
[loftr_wrapper.py] pair_ids (1185,)
[loftr_wrapper.py] corres: (1185, 5)
[loftr_wrapper.py] image0: torch.Size([1, 1, 400, 400])
[loftr_wrapper.py] net forward
[loftr_wrapper.py] mconf, 0.2020406275987625 0.9947047829627991
[loftr_wrapper.py] pair_ids (662,)
[loftr_wrapper.py] corres: (662, 5)
[loftr_wrapper.py] image0: torch.Size([1, 1, 400, 400])
[loftr_wrapper.py] net forward
[loftr_wrapper.py] mconf, 0.200081467628479 0.9969016313552856
[loftr_wrapper.py] pair_ids (1078,)
[loftr_wrapper.py] corres: (1078, 5)
[loftr_wrapper.py] image0: torch.Size([1, 1, 400, 400])
[loftr_wrapper.py] net forward
[loftr_wrapper.py] mconf, 0.200307235121727 0.9964230060577393
[loftr_wrapper.py] pair_ids (1666,)
[loftr_wrapper.py] corres: (1666, 5)
[loftr_wrapper.py] image0: torch.Size([1, 1, 400, 400])
[loftr_wrapper.py] net forward
[loftr_wrapper.py] mconf, 0.20074379444122314 0.990826427936554
[loftr_wrapper.py] pair_ids (510,)
[loftr_wrapper.py] corres: (510, 5)
[loftr_wrapper.py] image0: torch.Size([1, 1, 400, 400])
[loftr_wrapper.py] net forward
[loftr_wrapper.py] mconf, 0.20007812976837158 0.9989234805107117
[loftr_wrapper.py] pair_ids (1339,)
[loftr_wrapper.py] corres: (1339, 5)
[loftr_wrapper.py] image0: torch.Size([1, 1, 400, 400])
[loftr_wrapper.py] net forward
[loftr_wrapper.py] mconf, 0.20206205546855927 0.8641414046287537
[loftr_wrapper.py] pair_ids (171,)
[loftr_wrapper.py] corres: (171, 5)
[loftr_wrapper.py] image0: torch.Size([1, 1, 400, 400])
[loftr_wrapper.py] net forward
[loftr_wrapper.py] mconf, 0.20271605253219604 0.9869554042816162
[loftr_wrapper.py] pair_ids (396,)
[loftr_wrapper.py] corres: (396, 5)
[loftr_wrapper.py] image0: torch.Size([1, 1, 400, 400])
[loftr_wrapper.py] net forward
[loftr_wrapper.py] mconf, 0.20140552520751953 0.9948249459266663
[loftr_wrapper.py] pair_ids (578,)
[loftr_wrapper.py] corres: (578, 5)
[loftr_wrapper.py] image0: torch.Size([1, 1, 400, 400])
[loftr_wrapper.py] net forward
[loftr_wrapper.py] mconf, 0.20038743317127228 0.9985070824623108
[loftr_wrapper.py] pair_ids (1289,)
[loftr_wrapper.py] corres: (1289, 5)
[loftr_wrapper.py] image0: torch.Size([1, 1, 400, 400])
[loftr_wrapper.py] net forward
[loftr_wrapper.py] mconf, 0.2015884816646576 0.9786575436592102
[loftr_wrapper.py] pair_ids (555,)
[loftr_wrapper.py] corres: (555, 5)
[loftr_wrapper.py] image0: torch.Size([1, 1, 400, 400])
[loftr_wrapper.py] net forward
[loftr_wrapper.py] mconf, 0.20014169812202454 0.9986146092414856
[loftr_wrapper.py] pair_ids (392,)
[loftr_wrapper.py] corres: (392, 5)
[loftr_wrapper.py] image0: torch.Size([1, 1, 400, 400])
[loftr_wrapper.py] net forward
[loftr_wrapper.py] mconf, 0.2001633197069168 0.8892077803611755
[loftr_wrapper.py] pair_ids (239,)
[loftr_wrapper.py] corres: (239, 5)
[loftr_wrapper.py] image0: torch.Size([1, 1, 400, 400])
[loftr_wrapper.py] net forward
[loftr_wrapper.py] mconf, 0.2017240673303604 0.9987965226173401
[loftr_wrapper.py] pair_ids (1318,)
[loftr_wrapper.py] corres: (1318, 5)
[loftr_wrapper.py] image0: torch.Size([1, 1, 400, 400])
[loftr_wrapper.py] net forward
[loftr_wrapper.py] mconf, 0.2004789412021637 0.9930890202522278
[loftr_wrapper.py] pair_ids (597,)
[loftr_wrapper.py] corres: (597, 5)
[loftr_wrapper.py] image0: torch.Size([1, 1, 400, 400])
[loftr_wrapper.py] net forward
[loftr_wrapper.py] mconf, 0.20080351829528809 0.9990618824958801
[loftr_wrapper.py] pair_ids (1528,)
[loftr_wrapper.py] corres: (1528, 5)
[loftr_wrapper.py] image0: torch.Size([1, 1, 400, 400])
[loftr_wrapper.py] net forward
[loftr_wrapper.py] mconf, 0.20035900175571442 0.9980445504188538
[loftr_wrapper.py] pair_ids (1262,)
[loftr_wrapper.py] corres: (1262, 5)
[loftr_wrapper.py] image0: torch.Size([1, 1, 400, 400])
[loftr_wrapper.py] net forward
[loftr_wrapper.py] mconf, 0.20004436373710632 0.858959436416626
[loftr_wrapper.py] pair_ids (90,)
[loftr_wrapper.py] corres: (90, 5)
[loftr_wrapper.py] image0: torch.Size([1, 1, 400, 400])
[loftr_wrapper.py] net forward
[loftr_wrapper.py] mconf, 0.20078743994235992 0.9916286468505859
[loftr_wrapper.py] pair_ids (331,)
[loftr_wrapper.py] corres: (331, 5)
[loftr_wrapper.py] image0: torch.Size([1, 1, 400, 400])
[loftr_wrapper.py] net forward
[loftr_wrapper.py] mconf, 0.2009880095720291 0.9349058866500854
[loftr_wrapper.py] pair_ids (189,)
[loftr_wrapper.py] corres: (189, 5)
[loftr_wrapper.py] image0: torch.Size([1, 1, 400, 400])
[loftr_wrapper.py] net forward
[loftr_wrapper.py] mconf, 0.2052023857831955 0.9747947454452515
[loftr_wrapper.py] pair_ids (198,)
[loftr_wrapper.py] corres: (198, 5)
[loftr_wrapper.py] image0: torch.Size([1, 1, 400, 400])
[loftr_wrapper.py] net forward
[loftr_wrapper.py] mconf, 0.20126625895500183 0.9983842372894287
[loftr_wrapper.py] pair_ids (1407,)
[loftr_wrapper.py] corres: (1407, 5)
[loftr_wrapper.py] image0: torch.Size([1, 1, 400, 400])
[loftr_wrapper.py] net forward
[loftr_wrapper.py] mconf, 0.2016257494688034 0.9961484670639038
[loftr_wrapper.py] pair_ids (814,)
[loftr_wrapper.py] corres: (814, 5)
[loftr_wrapper.py] image0: torch.Size([1, 1, 400, 400])
[loftr_wrapper.py] net forward
[loftr_wrapper.py] mconf, 0.2001349925994873 0.9994861483573914
[loftr_wrapper.py] pair_ids (1351,)
[loftr_wrapper.py] corres: (1351, 5)
[loftr_wrapper.py] image0: torch.Size([1, 1, 400, 400])
[loftr_wrapper.py] net forward
[loftr_wrapper.py] mconf, 0.20025089383125305 0.9857367873191833
[loftr_wrapper.py] pair_ids (721,)
[loftr_wrapper.py] corres: (721, 5)
[loftr_wrapper.py] image0: torch.Size([1, 1, 400, 400])
[loftr_wrapper.py] net forward
[loftr_wrapper.py] mconf, 0.20148460566997528 0.9886175394058228
[loftr_wrapper.py] pair_ids (343,)
[loftr_wrapper.py] corres: (343, 5)
[loftr_wrapper.py] image0: torch.Size([1, 1, 400, 400])
[loftr_wrapper.py] net forward
[loftr_wrapper.py] mconf, 0.20017975568771362 0.9892820715904236
[loftr_wrapper.py] pair_ids (421,)
[loftr_wrapper.py] corres: (421, 5)
[loftr_wrapper.py] image0: torch.Size([1, 1, 400, 400])
[loftr_wrapper.py] net forward
[loftr_wrapper.py] mconf, 0.20061300694942474 0.9859842658042908
[loftr_wrapper.py] pair_ids (511,)
[loftr_wrapper.py] corres: (511, 5)
[loftr_wrapper.py] image0: torch.Size([1, 1, 400, 400])
[loftr_wrapper.py] net forward
[loftr_wrapper.py] mconf, 0.20371003448963165 0.9971908926963806
[loftr_wrapper.py] pair_ids (492,)
[loftr_wrapper.py] corres: (492, 5)
[loftr_wrapper.py] image0: torch.Size([1, 1, 400, 400])
[loftr_wrapper.py] net forward
[loftr_wrapper.py] mconf, 0.20082540810108185 0.9619607329368591
[loftr_wrapper.py] pair_ids (444,)
[loftr_wrapper.py] corres: (444, 5)
[loftr_wrapper.py] image0: torch.Size([1, 1, 400, 400])
[loftr_wrapper.py] net forward
[loftr_wrapper.py] mconf, 0.20111337304115295 0.9828274846076965
[loftr_wrapper.py] pair_ids (339,)
[loftr_wrapper.py] corres: (339, 5)
[loftr_wrapper.py] image0: torch.Size([1, 1, 400, 400])
[loftr_wrapper.py] net forward
[loftr_wrapper.py] mconf, 0.20024511218070984 0.9787032008171082
[loftr_wrapper.py] pair_ids (519,)
[loftr_wrapper.py] corres: (519, 5)
[loftr_wrapper.py] image0: torch.Size([1, 1, 400, 400])
[loftr_wrapper.py] net forward
[loftr_wrapper.py] mconf, 0.20287533104419708 0.9965174198150635
[loftr_wrapper.py] pair_ids (838,)
[loftr_wrapper.py] corres: (838, 5)
[loftr_wrapper.py] image0: torch.Size([1, 1, 400, 400])
[loftr_wrapper.py] net forward
[loftr_wrapper.py] mconf, 0.20099283754825592 0.9825424551963806
[loftr_wrapper.py] pair_ids (444,)
[loftr_wrapper.py] corres: (444, 5)
[loftr_wrapper.py] image0: torch.Size([1, 1, 400, 400])
[loftr_wrapper.py] net forward
[loftr_wrapper.py] mconf, 0.20062053203582764 0.9660274982452393
[loftr_wrapper.py] pair_ids (341,)
[loftr_wrapper.py] corres: (341, 5)
[loftr_wrapper.py] image0: torch.Size([1, 1, 400, 400])
[loftr_wrapper.py] net forward
[loftr_wrapper.py] mconf, 0.2006218433380127 0.9799217581748962
[loftr_wrapper.py] pair_ids (205,)
[loftr_wrapper.py] corres: (205, 5)
[loftr_wrapper.py] image0: torch.Size([1, 1, 400, 400])
[loftr_wrapper.py] net forward
[loftr_wrapper.py] mconf, 0.20101426541805267 0.9149576425552368
[loftr_wrapper.py] pair_ids (142,)
[loftr_wrapper.py] corres: (142, 5)
[loftr_wrapper.py] image0: torch.Size([1, 1, 400, 400])
[loftr_wrapper.py] net forward
[loftr_wrapper.py] mconf, 0.2022404968738556 0.9909961819648743
[loftr_wrapper.py] pair_ids (265,)
[loftr_wrapper.py] corres: (265, 5)
[loftr_wrapper.py] image0: torch.Size([1, 1, 400, 400])
[loftr_wrapper.py] net forward
[loftr_wrapper.py] mconf, 0.20101912319660187 0.9684221744537354
[loftr_wrapper.py] pair_ids (270,)
[loftr_wrapper.py] corres: (270, 5)
[loftr_wrapper.py] image0: torch.Size([1, 1, 400, 400])
[loftr_wrapper.py] net forward
[loftr_wrapper.py] mconf, 0.20052118599414825 0.9439941048622131
[loftr_wrapper.py] pair_ids (385,)
[loftr_wrapper.py] corres: (385, 5)
[loftr_wrapper.py] image0: torch.Size([1, 1, 400, 400])
[loftr_wrapper.py] net forward
[loftr_wrapper.py] mconf, 0.20267698168754578 0.9967097043991089
[loftr_wrapper.py] pair_ids (516,)
[loftr_wrapper.py] corres: (516, 5)
[loftr_wrapper.py] image0: torch.Size([1, 1, 400, 400])
[loftr_wrapper.py] net forward
[loftr_wrapper.py] mconf, 0.20092301070690155 0.9943148493766785
[loftr_wrapper.py] pair_ids (269,)
[loftr_wrapper.py] corres: (269, 5)
[loftr_wrapper.py] image0: torch.Size([1, 1, 400, 400])
[loftr_wrapper.py] net forward
[loftr_wrapper.py] mconf, 0.20444850623607635 0.9964209198951721
[loftr_wrapper.py] pair_ids (569,)
[loftr_wrapper.py] corres: (569, 5)
[loftr_wrapper.py] image0: torch.Size([1, 1, 400, 400])
[loftr_wrapper.py] net forward
[loftr_wrapper.py] mconf, 0.2003910392522812 0.9903542995452881
[loftr_wrapper.py] pair_ids (653,)
[loftr_wrapper.py] corres: (653, 5)
[loftr_wrapper.py] image0: torch.Size([1, 1, 400, 400])
[loftr_wrapper.py] net forward
[loftr_wrapper.py] mconf, 0.200503408908844 0.9937618374824524
[loftr_wrapper.py] pair_ids (693,)
[loftr_wrapper.py] corres: (693, 5)
[loftr_wrapper.py] image0: torch.Size([1, 1, 400, 400])
[loftr_wrapper.py] net forward
[loftr_wrapper.py] mconf, 0.20117215812206268 0.9946982860565186
[loftr_wrapper.py] pair_ids (588,)
[loftr_wrapper.py] corres: (588, 5)
[loftr_wrapper.py] image0: torch.Size([1, 1, 400, 400])
[loftr_wrapper.py] net forward
[loftr_wrapper.py] mconf, 0.20002073049545288 0.9660832285881042
[loftr_wrapper.py] pair_ids (223,)
[loftr_wrapper.py] corres: (223, 5)
[loftr_wrapper.py] image0: torch.Size([1, 1, 400, 400])
[loftr_wrapper.py] net forward
[loftr_wrapper.py] mconf, 0.20009781420230865 0.7821763753890991
[loftr_wrapper.py] pair_ids (89,)
[loftr_wrapper.py] corres: (89, 5)
[loftr_wrapper.py] image0: torch.Size([1, 1, 400, 400])
[loftr_wrapper.py] net forward
[loftr_wrapper.py] mconf, 0.20170916616916656 0.9899109601974487
[loftr_wrapper.py] pair_ids (1040,)
[loftr_wrapper.py] corres: (1040, 5)
[loftr_wrapper.py] image0: torch.Size([1, 1, 400, 400])
[loftr_wrapper.py] net forward
[loftr_wrapper.py] mconf, 0.20008236169815063 0.9673007130622864
[loftr_wrapper.py] pair_ids (202,)
[loftr_wrapper.py] corres: (202, 5)
[loftr_wrapper.py] image0: torch.Size([1, 1, 400, 400])
[loftr_wrapper.py] net forward
[loftr_wrapper.py] mconf, 0.2017136663198471 0.7322685718536377
[loftr_wrapper.py] pair_ids (53,)
[loftr_wrapper.py] corres: (53, 5)
[loftr_wrapper.py] image0: torch.Size([1, 1, 400, 400])
[loftr_wrapper.py] net forward
[loftr_wrapper.py] mconf, 0.20041172206401825 0.9849264621734619
[loftr_wrapper.py] pair_ids (357,)
[loftr_wrapper.py] corres: (357, 5)
[loftr_wrapper.py] image0: torch.Size([1, 1, 400, 400])
[loftr_wrapper.py] net forward
[loftr_wrapper.py] mconf, 0.20058922469615936 0.9636003375053406
[loftr_wrapper.py] pair_ids (236,)
[loftr_wrapper.py] corres: (236, 5)
[loftr_wrapper.py] image0: torch.Size([1, 1, 400, 400])
[loftr_wrapper.py] net forward
[loftr_wrapper.py] mconf, 0.20028406381607056 0.9961901903152466
[loftr_wrapper.py] pair_ids (449,)
[loftr_wrapper.py] corres: (449, 5)
[loftr_wrapper.py] image0: torch.Size([1, 1, 400, 400])
[loftr_wrapper.py] net forward
[loftr_wrapper.py] mconf, 0.20034021139144897 0.9943668842315674
[loftr_wrapper.py] pair_ids (768,)
[loftr_wrapper.py] corres: (768, 5)
[loftr_wrapper.py] image0: torch.Size([1, 1, 400, 400])
[loftr_wrapper.py] net forward
[loftr_wrapper.py] mconf, 0.20027665793895721 0.984388530254364
[loftr_wrapper.py] pair_ids (207,)
[loftr_wrapper.py] corres: (207, 5)
[loftr_wrapper.py] image0: torch.Size([1, 1, 400, 400])
[loftr_wrapper.py] net forward
[loftr_wrapper.py] mconf, 0.20087087154388428 0.9722893834114075
[loftr_wrapper.py] pair_ids (208,)
[loftr_wrapper.py] corres: (208, 5)
[loftr_wrapper.py] image0: torch.Size([1, 1, 400, 400])
[loftr_wrapper.py] net forward
[loftr_wrapper.py] mconf, 0.20109760761260986 0.9963034987449646
[loftr_wrapper.py] pair_ids (263,)
[loftr_wrapper.py] corres: (263, 5)
[loftr_wrapper.py] image0: torch.Size([1, 1, 400, 400])
[loftr_wrapper.py] net forward
[loftr_wrapper.py] mconf, 0.20017361640930176 0.9469112157821655
[loftr_wrapper.py] pair_ids (210,)
[loftr_wrapper.py] corres: (210, 5)
[loftr_wrapper.py] image0: torch.Size([1, 1, 400, 400])
[loftr_wrapper.py] net forward
[loftr_wrapper.py] mconf, 0.20115555822849274 0.994500458240509
[loftr_wrapper.py] pair_ids (436,)
[loftr_wrapper.py] corres: (436, 5)
[loftr_wrapper.py] image0: torch.Size([1, 1, 400, 400])
[loftr_wrapper.py] net forward
[loftr_wrapper.py] mconf, 0.2029297798871994 0.9946586489677429
[loftr_wrapper.py] pair_ids (334,)
[loftr_wrapper.py] corres: (334, 5)
[loftr_wrapper.py] image0: torch.Size([1, 1, 400, 400])
[loftr_wrapper.py] net forward
[loftr_wrapper.py] mconf, 0.20053474605083466 0.9877768158912659
[loftr_wrapper.py] pair_ids (456,)
[loftr_wrapper.py] corres: (456, 5)
[loftr_wrapper.py] image0: torch.Size([1, 1, 400, 400])
[loftr_wrapper.py] net forward
[loftr_wrapper.py] mconf, 0.20275646448135376 0.9902652502059937
[loftr_wrapper.py] pair_ids (282,)
[loftr_wrapper.py] corres: (282, 5)
[loftr_wrapper.py] image0: torch.Size([1, 1, 400, 400])
[loftr_wrapper.py] net forward
[loftr_wrapper.py] mconf, 0.20015361905097961 0.9781244993209839
[loftr_wrapper.py] pair_ids (264,)
[loftr_wrapper.py] corres: (264, 5)
[loftr_wrapper.py] image0: torch.Size([1, 1, 400, 400])
[loftr_wrapper.py] net forward
[loftr_wrapper.py] mconf, 0.2032022476196289 0.989229679107666
[loftr_wrapper.py] pair_ids (243,)
[loftr_wrapper.py] corres: (243, 5)
[loftr_wrapper.py] image0: torch.Size([1, 1, 400, 400])
[loftr_wrapper.py] net forward
[loftr_wrapper.py] mconf, 0.2003302127122879 0.7747359275817871
[loftr_wrapper.py] pair_ids (100,)
[loftr_wrapper.py] corres: (100, 5)
[loftr_wrapper.py] image0: torch.Size([1, 1, 400, 400])
[loftr_wrapper.py] net forward
[loftr_wrapper.py] mconf, 0.2000149041414261 0.9096685647964478
[loftr_wrapper.py] pair_ids (186,)
[loftr_wrapper.py] corres: (186, 5)
[loftr_wrapper.py] image0: torch.Size([1, 1, 400, 400])
[loftr_wrapper.py] net forward
[loftr_wrapper.py] mconf, 0.2024877369403839 0.9832512736320496
[loftr_wrapper.py] pair_ids (183,)
[loftr_wrapper.py] corres: (183, 5)
[loftr_wrapper.py] image0: torch.Size([1, 1, 400, 400])
[loftr_wrapper.py] net forward
[loftr_wrapper.py] mconf, 0.2008734494447708 0.964684247970581
[loftr_wrapper.py] pair_ids (285,)
[loftr_wrapper.py] corres: (285, 5)
[loftr_wrapper.py] image0: torch.Size([1, 1, 400, 400])
[loftr_wrapper.py] net forward
[loftr_wrapper.py] mconf, 0.20074482262134552 0.984968900680542
[loftr_wrapper.py] pair_ids (316,)
[loftr_wrapper.py] corres: (316, 5)
[loftr_wrapper.py] image0: torch.Size([1, 1, 400, 400])
[loftr_wrapper.py] net forward
[loftr_wrapper.py] mconf, 0.2007407695055008 0.9823750257492065
[loftr_wrapper.py] pair_ids (333,)
[loftr_wrapper.py] corres: (333, 5)
[loftr_wrapper.py] image0: torch.Size([1, 1, 400, 400])
[loftr_wrapper.py] net forward
[loftr_wrapper.py] mconf, 0.20108917355537415 0.9765473008155823
[loftr_wrapper.py] pair_ids (361,)
[loftr_wrapper.py] corres: (361, 5)
[loftr_wrapper.py] image0: torch.Size([1, 1, 400, 400])
[loftr_wrapper.py] net forward
[loftr_wrapper.py] mconf, 0.2010674923658371 0.9513431787490845
[loftr_wrapper.py] pair_ids (362,)
[loftr_wrapper.py] corres: (362, 5)
[loftr_wrapper.py] image0: torch.Size([1, 1, 400, 400])
[loftr_wrapper.py] net forward
[loftr_wrapper.py] mconf, 0.20186856389045715 0.9865431785583496
[loftr_wrapper.py] pair_ids (405,)
[loftr_wrapper.py] corres: (405, 5)
[loftr_wrapper.py] image0: torch.Size([1, 1, 400, 400])
[loftr_wrapper.py] net forward
[loftr_wrapper.py] mconf, 0.2009364515542984 0.9007382988929749
[loftr_wrapper.py] pair_ids (169,)
[loftr_wrapper.py] corres: (169, 5)
[loftr_wrapper.py] image0: torch.Size([1, 1, 400, 400])
[loftr_wrapper.py] net forward
[loftr_wrapper.py] mconf, 0.20304439961910248 0.9830747246742249
[loftr_wrapper.py] pair_ids (247,)
[loftr_wrapper.py] corres: (247, 5)
[loftr_wrapper.py] image0: torch.Size([1, 1, 400, 400])
[loftr_wrapper.py] net forward
[loftr_wrapper.py] mconf, 0.20031163096427917 0.9957380890846252
[loftr_wrapper.py] pair_ids (680,)
[loftr_wrapper.py] corres: (680, 5)
[loftr_wrapper.py] image0: torch.Size([1, 1, 400, 400])
[loftr_wrapper.py] net forward
[loftr_wrapper.py] mconf, 0.20192235708236694 0.991120457649231
[loftr_wrapper.py] pair_ids (189,)
[loftr_wrapper.py] corres: (189, 5)
[loftr_wrapper.py] image0: torch.Size([1, 1, 400, 400])
[loftr_wrapper.py] net forward
[loftr_wrapper.py] mconf, 0.2028777152299881 0.9963207840919495
[loftr_wrapper.py] pair_ids (361,)
[loftr_wrapper.py] corres: (361, 5)
[loftr_wrapper.py] image0: torch.Size([1, 1, 400, 400])
[loftr_wrapper.py] net forward
[loftr_wrapper.py] mconf, 0.20034156739711761 0.9660716652870178
[loftr_wrapper.py] pair_ids (351,)
[loftr_wrapper.py] corres: (351, 5)
[loftr_wrapper.py] image0: torch.Size([1, 1, 400, 400])
[loftr_wrapper.py] net forward
[loftr_wrapper.py] mconf, 0.20257115364074707 0.9717227816581726
[loftr_wrapper.py] pair_ids (195,)
[loftr_wrapper.py] corres: (195, 5)
[loftr_wrapper.py] image0: torch.Size([1, 1, 400, 400])
[loftr_wrapper.py] net forward
[loftr_wrapper.py] mconf, 0.20056673884391785 0.9716688394546509
[loftr_wrapper.py] pair_ids (219,)
[loftr_wrapper.py] corres: (219, 5)
[loftr_wrapper.py] image0: torch.Size([1, 1, 400, 400])
[loftr_wrapper.py] net forward
[loftr_wrapper.py] mconf, 0.2007148414850235 0.9802547097206116
[loftr_wrapper.py] pair_ids (285,)
[loftr_wrapper.py] corres: (285, 5)
[loftr_wrapper.py] image0: torch.Size([1, 1, 400, 400])
[loftr_wrapper.py] net forward
[loftr_wrapper.py] mconf, 0.20015843212604523 0.9846494197845459
[loftr_wrapper.py] pair_ids (272,)
[loftr_wrapper.py] corres: (272, 5)
[loftr_wrapper.py] image0: torch.Size([1, 1, 400, 400])
[loftr_wrapper.py] net forward
[loftr_wrapper.py] mconf, 0.20118814706802368 0.9960722923278809
[loftr_wrapper.py] pair_ids (851,)
[loftr_wrapper.py] corres: (851, 5)
[loftr_wrapper.py] image0: torch.Size([1, 1, 400, 400])
[loftr_wrapper.py] net forward
[loftr_wrapper.py] mconf, 0.20118170976638794 0.971895158290863
[loftr_wrapper.py] pair_ids (533,)
[loftr_wrapper.py] corres: (533, 5)
[loftr_wrapper.py] image0: torch.Size([1, 1, 400, 400])
[loftr_wrapper.py] net forward
[loftr_wrapper.py] mconf, 0.20008064806461334 0.97750324010849
[loftr_wrapper.py] pair_ids (375,)
[loftr_wrapper.py] corres: (375, 5)
[loftr_wrapper.py] image0: torch.Size([1, 1, 400, 400])
[loftr_wrapper.py] net forward
[loftr_wrapper.py] mconf, 0.20034250617027283 0.9195469617843628
[loftr_wrapper.py] pair_ids (171,)
[loftr_wrapper.py] corres: (171, 5)
[loftr_wrapper.py] image0: torch.Size([1, 1, 400, 400])
[loftr_wrapper.py] net forward
[loftr_wrapper.py] mconf, 0.20659512281417847 0.8754700422286987
[loftr_wrapper.py] pair_ids (73,)
[loftr_wrapper.py] corres: (73, 5)
[loftr_wrapper.py] image0: torch.Size([1, 1, 400, 400])
[loftr_wrapper.py] net forward
[loftr_wrapper.py] mconf, 0.20018281042575836 0.9202976822853088
[loftr_wrapper.py] pair_ids (211,)
[loftr_wrapper.py] corres: (211, 5)
[loftr_wrapper.py] image0: torch.Size([1, 1, 400, 400])
[loftr_wrapper.py] net forward
[loftr_wrapper.py] mconf, 0.20063535869121552 0.994525671005249
[loftr_wrapper.py] pair_ids (266,)
[loftr_wrapper.py] corres: (266, 5)
[loftr_wrapper.py] image0: torch.Size([1, 1, 400, 400])
[loftr_wrapper.py] net forward
[loftr_wrapper.py] mconf, 0.20024943351745605 0.9875676035881042
[loftr_wrapper.py] pair_ids (245,)
[loftr_wrapper.py] corres: (245, 5)
[loftr_wrapper.py] image0: torch.Size([1, 1, 400, 400])
[loftr_wrapper.py] net forward
[loftr_wrapper.py] mconf, 0.20139414072036743 0.9231865406036377
[loftr_wrapper.py] pair_ids (165,)
[loftr_wrapper.py] corres: (165, 5)
[loftr_wrapper.py] image0: torch.Size([1, 1, 400, 400])
[loftr_wrapper.py] net forward
[loftr_wrapper.py] mconf, 0.20148290693759918 0.6399205327033997
[loftr_wrapper.py] pair_ids (61,)
[loftr_wrapper.py] corres: (61, 5)
[loftr_wrapper.py] image0: torch.Size([1, 1, 400, 400])
[loftr_wrapper.py] net forward
[loftr_wrapper.py] mconf, 0.20170480012893677 0.9991331100463867
[loftr_wrapper.py] pair_ids (173,)
[loftr_wrapper.py] corres: (173, 5)
[loftr_wrapper.py] image0: torch.Size([1, 1, 400, 400])
[loftr_wrapper.py] net forward
[loftr_wrapper.py] mconf, 0.2001672387123108 0.9949015974998474
[loftr_wrapper.py] pair_ids (368,)
[loftr_wrapper.py] corres: (368, 5)
[loftr_wrapper.py] image0: torch.Size([1, 1, 400, 400])
[loftr_wrapper.py] net forward
[loftr_wrapper.py] mconf, 0.20033934712409973 0.9151777029037476
[loftr_wrapper.py] pair_ids (94,)
[loftr_wrapper.py] corres: (94, 5)
[loftr_wrapper.py] image0: torch.Size([1, 1, 400, 400])
[loftr_wrapper.py] net forward
[loftr_wrapper.py] mconf, 0.20026689767837524 0.9924847483634949
[loftr_wrapper.py] pair_ids (499,)
[loftr_wrapper.py] corres: (499, 5)
[loftr_wrapper.py] image0: torch.Size([1, 1, 400, 400])
[loftr_wrapper.py] net forward
[loftr_wrapper.py] mconf, 0.20114870369434357 0.8025016784667969
[loftr_wrapper.py] pair_ids (66,)
[loftr_wrapper.py] corres: (66, 5)
[loftr_wrapper.py] image0: torch.Size([1, 1, 400, 400])
[loftr_wrapper.py] net forward
[loftr_wrapper.py] mconf, 0.2009286880493164 0.9886258244514465
[loftr_wrapper.py] pair_ids (233,)
[loftr_wrapper.py] corres: (233, 5)
[loftr_wrapper.py] image0: torch.Size([1, 1, 400, 400])
[loftr_wrapper.py] net forward
[loftr_wrapper.py] mconf, 0.2000323385000229 0.9978147149085999
[loftr_wrapper.py] pair_ids (351,)
[loftr_wrapper.py] corres: (351, 5)
[loftr_wrapper.py] image0: torch.Size([1, 1, 400, 400])
[loftr_wrapper.py] net forward
[loftr_wrapper.py] mconf, 0.2024531215429306 0.9944387078285217
[loftr_wrapper.py] pair_ids (388,)
[loftr_wrapper.py] corres: (388, 5)
[loftr_wrapper.py] image0: torch.Size([1, 1, 400, 400])
[loftr_wrapper.py] net forward
[loftr_wrapper.py] mconf, 0.20090876519680023 0.9586455821990967
[loftr_wrapper.py] pair_ids (343,)
[loftr_wrapper.py] corres: (343, 5)
[loftr_wrapper.py] image0: torch.Size([1, 1, 400, 400])
[loftr_wrapper.py] net forward
[loftr_wrapper.py] mconf, 0.20037586987018585 0.9641155004501343
[loftr_wrapper.py] pair_ids (352,)
[loftr_wrapper.py] corres: (352, 5)
[loftr_wrapper.py] image0: torch.Size([1, 1, 400, 400])
[loftr_wrapper.py] net forward
[loftr_wrapper.py] mconf, 0.201410710811615 0.9762206673622131
[loftr_wrapper.py] pair_ids (171,)
[loftr_wrapper.py] corres: (171, 5)
[loftr_wrapper.py] image0: torch.Size([1, 1, 400, 400])
[loftr_wrapper.py] net forward
[loftr_wrapper.py] mconf, 0.2013946920633316 0.9194027185440063
[loftr_wrapper.py] pair_ids (68,)
[loftr_wrapper.py] corres: (68, 5)
[loftr_wrapper.py] image0: torch.Size([1, 1, 400, 400])
[loftr_wrapper.py] net forward
[loftr_wrapper.py] mconf, 0.2004028707742691 0.9850616455078125
[loftr_wrapper.py] pair_ids (329,)
[loftr_wrapper.py] corres: (329, 5)
[loftr_wrapper.py] image0: torch.Size([1, 1, 400, 400])
[loftr_wrapper.py] net forward
[loftr_wrapper.py] mconf, 0.20134583115577698 0.8854942321777344
[loftr_wrapper.py] pair_ids (168,)
[loftr_wrapper.py] corres: (168, 5)
[loftr_wrapper.py] image0: torch.Size([1, 1, 400, 400])
[loftr_wrapper.py] net forward
[loftr_wrapper.py] mconf, 0.20066262781620026 0.9839165210723877
[loftr_wrapper.py] pair_ids (368,)
[loftr_wrapper.py] corres: (368, 5)
[loftr_wrapper.py] image0: torch.Size([1, 1, 400, 400])
[loftr_wrapper.py] net forward
[loftr_wrapper.py] mconf, 0.20051395893096924 0.8063526153564453
[loftr_wrapper.py] pair_ids (111,)
[loftr_wrapper.py] corres: (111, 5)
[loftr_wrapper.py] image0: torch.Size([1, 1, 400, 400])
[loftr_wrapper.py] net forward
[loftr_wrapper.py] mconf, 0.20138409733772278 0.9882111549377441
[loftr_wrapper.py] pair_ids (373,)
[loftr_wrapper.py] corres: (373, 5)
[loftr_wrapper.py] image0: torch.Size([1, 1, 400, 400])
[loftr_wrapper.py] net forward
[loftr_wrapper.py] mconf, 0.2016761302947998 0.8637193441390991
[loftr_wrapper.py] pair_ids (115,)
[loftr_wrapper.py] corres: (115, 5)
[loftr_wrapper.py] image0: torch.Size([1, 1, 400, 400])
[loftr_wrapper.py] net forward
[loftr_wrapper.py] mconf, 0.20117934048175812 0.9303572773933411
[loftr_wrapper.py] pair_ids (150,)
[loftr_wrapper.py] corres: (150, 5)
[loftr_wrapper.py] image0: torch.Size([1, 1, 400, 400])
[loftr_wrapper.py] net forward
[loftr_wrapper.py] mconf, 0.20085161924362183 0.6357905268669128
[loftr_wrapper.py] pair_ids (80,)
[loftr_wrapper.py] corres: (80, 5)
[loftr_wrapper.py] image0: torch.Size([1, 1, 400, 400])
[loftr_wrapper.py] net forward
[loftr_wrapper.py] mconf, 0.20062777400016785 0.9880017638206482
[loftr_wrapper.py] pair_ids (226,)
[loftr_wrapper.py] corres: (226, 5)
[loftr_wrapper.py] image0: torch.Size([1, 1, 400, 400])
[loftr_wrapper.py] net forward
[loftr_wrapper.py] mconf, 0.20244483649730682 0.9884966611862183
[loftr_wrapper.py] pair_ids (291,)
[loftr_wrapper.py] corres: (291, 5)
[loftr_wrapper.py] image0: torch.Size([1, 1, 400, 400])
[loftr_wrapper.py] net forward
[loftr_wrapper.py] mconf, 0.20132537186145782 0.9391824007034302
[loftr_wrapper.py] pair_ids (253,)
[loftr_wrapper.py] corres: (253, 5)
[loftr_wrapper.py] image0: torch.Size([1, 1, 400, 400])
[loftr_wrapper.py] net forward
[loftr_wrapper.py] mconf, 0.20018494129180908 0.6373916268348694
[loftr_wrapper.py] pair_ids (68,)
[loftr_wrapper.py] corres: (68, 5)
[loftr_wrapper.py] image0: torch.Size([1, 1, 400, 400])
[loftr_wrapper.py] net forward
[loftr_wrapper.py] mconf, 0.20025880634784698 0.6870169043540955
[loftr_wrapper.py] pair_ids (68,)
[loftr_wrapper.py] corres: (68, 5)
[loftr_wrapper.py] image0: torch.Size([1, 1, 400, 400])
[loftr_wrapper.py] net forward
[loftr_wrapper.py] mconf, 0.20008693635463715 0.9938725829124451
[loftr_wrapper.py] pair_ids (259,)
[loftr_wrapper.py] corres: (259, 5)
[loftr_wrapper.py] image0: torch.Size([1, 1, 400, 400])
[loftr_wrapper.py] net forward
[loftr_wrapper.py] mconf, 0.20034921169281006 0.9619942903518677
[loftr_wrapper.py] pair_ids (328,)
[loftr_wrapper.py] corres: (328, 5)
[loftr_wrapper.py] image0: torch.Size([1, 1, 400, 400])
[loftr_wrapper.py] net forward
[loftr_wrapper.py] mconf, 0.20043297111988068 0.9415702819824219
[loftr_wrapper.py] pair_ids (173,)
[loftr_wrapper.py] corres: (173, 5)
[loftr_wrapper.py] image0: torch.Size([1, 1, 400, 400])
[loftr_wrapper.py] net forward
[loftr_wrapper.py] mconf, 0.20089653134346008 0.9915869832038879
[loftr_wrapper.py] pair_ids (240,)
[loftr_wrapper.py] corres: (240, 5)
[loftr_wrapper.py] image0: torch.Size([1, 1, 400, 400])
[loftr_wrapper.py] net forward
[loftr_wrapper.py] mconf, 0.2002556324005127 0.9868168234825134
[loftr_wrapper.py] pair_ids (308,)
[loftr_wrapper.py] corres: (308, 5)
[loftr_wrapper.py] image0: torch.Size([1, 1, 400, 400])
[loftr_wrapper.py] net forward
[loftr_wrapper.py] mconf, 0.20099477469921112 0.933070719242096
[loftr_wrapper.py] pair_ids (183,)
[loftr_wrapper.py] corres: (183, 5)
[loftr_wrapper.py] image0: torch.Size([1, 1, 400, 400])
[loftr_wrapper.py] net forward
[loftr_wrapper.py] mconf, 0.20159459114074707 0.8724011182785034
[loftr_wrapper.py] pair_ids (171,)
[loftr_wrapper.py] corres: (171, 5)
[loftr_wrapper.py] image0: torch.Size([1, 1, 400, 400])
[loftr_wrapper.py] net forward
[loftr_wrapper.py] mconf, 0.2002222090959549 0.9945361018180847
[loftr_wrapper.py] pair_ids (434,)
[loftr_wrapper.py] corres: (434, 5)
[loftr_wrapper.py] image0: torch.Size([1, 1, 400, 400])
[loftr_wrapper.py] net forward
[loftr_wrapper.py] mconf, 0.20054398477077484 0.9702966809272766
[loftr_wrapper.py] pair_ids (226,)
[loftr_wrapper.py] corres: (226, 5)
[loftr_wrapper.py] image0: torch.Size([1, 1, 400, 400])
[loftr_wrapper.py] net forward
[loftr_wrapper.py] mconf, 0.20175163447856903 0.8567730784416199
[loftr_wrapper.py] pair_ids (82,)
[loftr_wrapper.py] corres: (82, 5)
[loftr_wrapper.py] image0: torch.Size([1, 1, 400, 400])
[loftr_wrapper.py] net forward
[loftr_wrapper.py] mconf, 0.20131564140319824 0.8893405199050903
[loftr_wrapper.py] pair_ids (258,)
[loftr_wrapper.py] corres: (258, 5)
[loftr_wrapper.py] image0: torch.Size([1, 1, 400, 400])
[loftr_wrapper.py] net forward
[loftr_wrapper.py] mconf, 0.20010142028331757 0.9817250370979309
[loftr_wrapper.py] pair_ids (409,)
[loftr_wrapper.py] corres: (409, 5)
[loftr_wrapper.py] image0: torch.Size([1, 1, 400, 400])
[loftr_wrapper.py] net forward
[loftr_wrapper.py] mconf, 0.20006421208381653 0.9974192380905151
[loftr_wrapper.py] pair_ids (287,)
[loftr_wrapper.py] corres: (287, 5)
[loftr_wrapper.py] image0: torch.Size([1, 1, 400, 400])
[loftr_wrapper.py] net forward
[loftr_wrapper.py] mconf, 0.20016667246818542 0.9388839602470398
[loftr_wrapper.py] pair_ids (269,)
[loftr_wrapper.py] corres: (269, 5)
[loftr_wrapper.py] image0: torch.Size([1, 1, 400, 400])
[loftr_wrapper.py] net forward
[loftr_wrapper.py] mconf, 0.2004152536392212 0.9691466093063354
[loftr_wrapper.py] pair_ids (213,)
[loftr_wrapper.py] corres: (213, 5)
[loftr_wrapper.py] image0: torch.Size([1, 1, 400, 400])
[loftr_wrapper.py] net forward
[loftr_wrapper.py] mconf, 0.20022794604301453 0.9442688822746277
[loftr_wrapper.py] pair_ids (216,)
[loftr_wrapper.py] corres: (216, 5)
[loftr_wrapper.py] image0: torch.Size([1, 1, 400, 400])
[loftr_wrapper.py] net forward
[loftr_wrapper.py] mconf, 0.20047873258590698 0.9010394811630249
[loftr_wrapper.py] pair_ids (149,)
[loftr_wrapper.py] corres: (149, 5)
[loftr_wrapper.py] image0: torch.Size([1, 1, 400, 400])
[loftr_wrapper.py] net forward
[loftr_wrapper.py] mconf, 0.20021945238113403 0.8581174612045288
[loftr_wrapper.py] pair_ids (152,)
[loftr_wrapper.py] corres: (152, 5)
[loftr_wrapper.py] image0: torch.Size([1, 1, 400, 400])
[loftr_wrapper.py] net forward
[loftr_wrapper.py] mconf, 0.20083965361118317 0.9472095966339111
[loftr_wrapper.py] pair_ids (363,)
[loftr_wrapper.py] corres: (363, 5)
[loftr_wrapper.py] image0: torch.Size([1, 1, 400, 400])
[loftr_wrapper.py] net forward
[loftr_wrapper.py] mconf, 0.2010631412267685 0.9921555519104004
[loftr_wrapper.py] pair_ids (441,)
[loftr_wrapper.py] corres: (441, 5)
[loftr_wrapper.py] image0: torch.Size([1, 1, 400, 400])
[loftr_wrapper.py] net forward
[loftr_wrapper.py] mconf, 0.2014024257659912 0.9767912030220032
[loftr_wrapper.py] pair_ids (442,)
[loftr_wrapper.py] corres: (442, 5)
[loftr_wrapper.py] image0: torch.Size([1, 1, 400, 400])
[loftr_wrapper.py] net forward
[loftr_wrapper.py] mconf, 0.2001371532678604 0.9793307185173035
[loftr_wrapper.py] pair_ids (203,)
[loftr_wrapper.py] corres: (203, 5)
[loftr_wrapper.py] image0: torch.Size([1, 1, 400, 400])
[loftr_wrapper.py] net forward
[loftr_wrapper.py] mconf, 0.20135121047496796 0.9002297520637512
[loftr_wrapper.py] pair_ids (125,)
[loftr_wrapper.py] corres: (125, 5)
[loftr_wrapper.py] image0: torch.Size([1, 1, 400, 400])
[loftr_wrapper.py] net forward
[loftr_wrapper.py] mconf, 0.20486173033714294 0.954483151435852
[loftr_wrapper.py] pair_ids (158,)
[loftr_wrapper.py] corres: (158, 5)
[loftr_wrapper.py] image0: torch.Size([1, 1, 400, 400])
[loftr_wrapper.py] net forward
[loftr_wrapper.py] mconf, 0.20047695934772491 0.9623230695724487
[loftr_wrapper.py] pair_ids (224,)
[loftr_wrapper.py] corres: (224, 5)
[loftr_wrapper.py] image0: torch.Size([1, 1, 400, 400])
[loftr_wrapper.py] net forward
[loftr_wrapper.py] mconf, 0.20044708251953125 0.9876945614814758
[loftr_wrapper.py] pair_ids (256,)
[loftr_wrapper.py] corres: (256, 5)
[loftr_wrapper.py] image0: torch.Size([1, 1, 400, 400])
[loftr_wrapper.py] net forward
[loftr_wrapper.py] mconf, 0.2006726711988449 0.9901370406150818
[loftr_wrapper.py] pair_ids (198,)
[loftr_wrapper.py] corres: (198, 5)
[loftr_wrapper.py] image0: torch.Size([1, 1, 400, 400])
[loftr_wrapper.py] net forward
[loftr_wrapper.py] mconf, 0.20064698159694672 0.9951612949371338
[loftr_wrapper.py] pair_ids (388,)
[loftr_wrapper.py] corres: (388, 5)
[loftr_wrapper.py] image0: torch.Size([1, 1, 400, 400])
[loftr_wrapper.py] net forward
[loftr_wrapper.py] mconf, 0.20034578442573547 0.8359421491622925
[loftr_wrapper.py] pair_ids (109,)
[loftr_wrapper.py] corres: (109, 5)
[loftr_wrapper.py] image0: torch.Size([1, 1, 400, 400])
[loftr_wrapper.py] net forward
[loftr_wrapper.py] mconf, 0.20114611089229584 0.9570329189300537
[loftr_wrapper.py] pair_ids (106,)
[loftr_wrapper.py] corres: (106, 5)
[loftr_wrapper.py] image0: torch.Size([1, 1, 400, 400])
[loftr_wrapper.py] net forward
[loftr_wrapper.py] mconf, 0.20242415368556976 0.9376246929168701
[loftr_wrapper.py] pair_ids (170,)
[loftr_wrapper.py] corres: (170, 5)
[loftr_wrapper.py] image0: torch.Size([1, 1, 400, 400])
[loftr_wrapper.py] net forward
[loftr_wrapper.py] mconf, 0.20282968878746033 0.6501510143280029
[loftr_wrapper.py] pair_ids (72,)
[loftr_wrapper.py] corres: (72, 5)
[loftr_wrapper.py] image0: torch.Size([1, 1, 400, 400])
[loftr_wrapper.py] net forward
[loftr_wrapper.py] mconf, 0.20303063094615936 0.9622758626937866
[loftr_wrapper.py] pair_ids (194,)
[loftr_wrapper.py] corres: (194, 5)
[loftr_wrapper.py] image0: torch.Size([1, 1, 400, 400])
[loftr_wrapper.py] net forward
[loftr_wrapper.py] mconf, 0.2037268877029419 0.9979971051216125
[loftr_wrapper.py] pair_ids (237,)
[loftr_wrapper.py] corres: (237, 5)
[loftr_wrapper.py] image0: torch.Size([1, 1, 400, 400])
[loftr_wrapper.py] net forward
[loftr_wrapper.py] mconf, 0.20001888275146484 0.9898878931999207
[loftr_wrapper.py] pair_ids (171,)
[loftr_wrapper.py] corres: (171, 5)
[loftr_wrapper.py] image0: torch.Size([1, 1, 400, 400])
[loftr_wrapper.py] net forward
[loftr_wrapper.py] mconf, 0.20024101436138153 0.6290943026542664
[loftr_wrapper.py] pair_ids (83,)
[loftr_wrapper.py] corres: (83, 5)
[loftr_wrapper.py] image0: torch.Size([1, 1, 400, 400])
[loftr_wrapper.py] net forward
[loftr_wrapper.py] mconf, 0.20035725831985474 0.8988401889801025
[loftr_wrapper.py] pair_ids (154,)
[loftr_wrapper.py] corres: (154, 5)
[loftr_wrapper.py] image0: torch.Size([1, 1, 400, 400])
[loftr_wrapper.py] net forward
[loftr_wrapper.py] mconf, 0.200319305062294 0.7280909419059753
[loftr_wrapper.py] pair_ids (61,)
[loftr_wrapper.py] corres: (61, 5)
[loftr_wrapper.py] image0: torch.Size([1, 1, 400, 400])
[loftr_wrapper.py] net forward
[loftr_wrapper.py] mconf, 0.20054343342781067 0.9614052772521973
[loftr_wrapper.py] pair_ids (187,)
[loftr_wrapper.py] corres: (187, 5)
[loftr_wrapper.py] image0: torch.Size([1, 1, 400, 400])
[loftr_wrapper.py] net forward
[loftr_wrapper.py] mconf, 0.20213894546031952 0.9571641087532043
[loftr_wrapper.py] pair_ids (160,)
[loftr_wrapper.py] corres: (160, 5)
[loftr_wrapper.py] image0: torch.Size([1, 1, 400, 400])
[loftr_wrapper.py] net forward
[loftr_wrapper.py] mconf, 0.20116904377937317 0.8642581105232239
[loftr_wrapper.py] pair_ids (137,)
[loftr_wrapper.py] corres: (137, 5)
[loftr_wrapper.py] image0: torch.Size([1, 1, 400, 400])
[loftr_wrapper.py] net forward
[loftr_wrapper.py] mconf, 0.20023365318775177 0.9103908538818359
[loftr_wrapper.py] pair_ids (99,)
[loftr_wrapper.py] corres: (99, 5)
[loftr_wrapper.py] image0: torch.Size([1, 1, 400, 400])
[loftr_wrapper.py] net forward
[loftr_wrapper.py] mconf, 0.2001756876707077 0.7044340372085571
[loftr_wrapper.py] pair_ids (96,)
[loftr_wrapper.py] corres: (96, 5)
[loftr_wrapper.py] image0: torch.Size([1, 1, 400, 400])
[loftr_wrapper.py] net forward
[loftr_wrapper.py] mconf, 0.20063437521457672 0.9781103134155273
[loftr_wrapper.py] pair_ids (170,)
[loftr_wrapper.py] corres: (170, 5)
[loftr_wrapper.py] image0: torch.Size([1, 1, 400, 400])
[loftr_wrapper.py] net forward
[loftr_wrapper.py] mconf, 0.2051558941602707 0.9157339334487915
[loftr_wrapper.py] pair_ids (106,)
[loftr_wrapper.py] corres: (106, 5)
[loftr_wrapper.py] image0: torch.Size([1, 1, 400, 400])
[loftr_wrapper.py] net forward
[loftr_wrapper.py] mconf, 0.20389120280742645 0.7815976142883301
[loftr_wrapper.py] pair_ids (64,)
[loftr_wrapper.py] corres: (64, 5)
[loftr_wrapper.py] image0: torch.Size([1, 1, 400, 400])
[loftr_wrapper.py] net forward
[loftr_wrapper.py] mconf, 0.2004932016134262 0.9820047616958618
[loftr_wrapper.py] pair_ids (239,)
[loftr_wrapper.py] corres: (239, 5)
[loftr_wrapper.py] image0: torch.Size([1, 1, 400, 400])
[loftr_wrapper.py] net forward
[loftr_wrapper.py] mconf, 0.20031261444091797 0.8887637853622437
[loftr_wrapper.py] pair_ids (68,)
[loftr_wrapper.py] corres: (68, 5)
[loftr_wrapper.py] image0: torch.Size([1, 1, 400, 400])
[loftr_wrapper.py] net forward
[loftr_wrapper.py] mconf, 0.20044495165348053 0.7554194927215576
[loftr_wrapper.py] pair_ids (117,)
[loftr_wrapper.py] corres: (117, 5)
[loftr_wrapper.py] image0: torch.Size([1, 1, 400, 400])
[loftr_wrapper.py] net forward
[loftr_wrapper.py] mconf, 0.20323430001735687 0.9749338030815125
[loftr_wrapper.py] pair_ids (311,)
[loftr_wrapper.py] corres: (311, 5)
[loftr_wrapper.py] image0: torch.Size([1, 1, 400, 400])
[loftr_wrapper.py] net forward
[loftr_wrapper.py] mconf, 0.20167693495750427 0.8358170986175537
[loftr_wrapper.py] pair_ids (108,)
[loftr_wrapper.py] corres: (108, 5)
[loftr_wrapper.py] image0: torch.Size([1, 1, 400, 400])
[loftr_wrapper.py] net forward
[loftr_wrapper.py] mconf, 0.20021654665470123 0.6190150380134583
[loftr_wrapper.py] pair_ids (66,)
[loftr_wrapper.py] corres: (66, 5)
[loftr_wrapper.py] image0: torch.Size([1, 1, 400, 400])
[loftr_wrapper.py] net forward
[loftr_wrapper.py] mconf, 0.20046086609363556 0.7822433710098267
[loftr_wrapper.py] pair_ids (97,)
[loftr_wrapper.py] corres: (97, 5)
[loftr_wrapper.py] image0: torch.Size([1, 1, 400, 400])
[loftr_wrapper.py] net forward
[loftr_wrapper.py] mconf, 0.20037266612052917 0.9182615280151367
[loftr_wrapper.py] pair_ids (112,)
[loftr_wrapper.py] corres: (112, 5)
[loftr_wrapper.py] image0: torch.Size([1, 1, 400, 400])
[loftr_wrapper.py] net forward
[loftr_wrapper.py] mconf, 0.20004814863204956 0.6623660922050476
[loftr_wrapper.py] pair_ids (91,)
[loftr_wrapper.py] corres: (91, 5)
[loftr_wrapper.py] image0: torch.Size([1, 1, 400, 400])
[loftr_wrapper.py] net forward
[loftr_wrapper.py] mconf, 0.2001413255929947 0.7611621022224426
[loftr_wrapper.py] pair_ids (164,)
[loftr_wrapper.py] corres: (164, 5)
[loftr_wrapper.py] image0: torch.Size([1, 1, 400, 400])
[loftr_wrapper.py] net forward
[loftr_wrapper.py] mconf, 0.20311930775642395 0.9815460443496704
[loftr_wrapper.py] pair_ids (229,)
[loftr_wrapper.py] corres: (229, 5)
[loftr_wrapper.py] image0: torch.Size([1, 1, 400, 400])
[loftr_wrapper.py] net forward
[loftr_wrapper.py] mconf, 0.20107223093509674 0.97933030128479
[loftr_wrapper.py] pair_ids (120,)
[loftr_wrapper.py] corres: (120, 5)
[loftr_wrapper.py] image0: torch.Size([1, 1, 400, 400])
[loftr_wrapper.py] net forward
[loftr_wrapper.py] mconf, 0.20065973699092865 0.9741652607917786
[loftr_wrapper.py] pair_ids (231,)
[loftr_wrapper.py] corres: (231, 5)
[loftr_wrapper.py] image0: torch.Size([1, 1, 400, 400])
[loftr_wrapper.py] net forward
[loftr_wrapper.py] mconf, 0.2006634622812271 0.9892222285270691
[loftr_wrapper.py] pair_ids (147,)
[loftr_wrapper.py] corres: (147, 5)
[loftr_wrapper.py] image0: torch.Size([1, 1, 400, 400])
[loftr_wrapper.py] net forward
[loftr_wrapper.py] mconf, 0.2004523128271103 0.9941638708114624
[loftr_wrapper.py] pair_ids (281,)
[loftr_wrapper.py] corres: (281, 5)
[loftr_wrapper.py] image0: torch.Size([1, 1, 400, 400])
[loftr_wrapper.py] net forward
[loftr_wrapper.py] mconf, 0.2010020911693573 0.5889860987663269
[loftr_wrapper.py] pair_ids (84,)
[loftr_wrapper.py] corres: (84, 5)
[loftr_wrapper.py] image0: torch.Size([1, 1, 400, 400])
[loftr_wrapper.py] net forward
[loftr_wrapper.py] mconf, 0.20132873952388763 0.9921724200248718
[loftr_wrapper.py] pair_ids (362,)
[loftr_wrapper.py] corres: (362, 5)
[loftr_wrapper.py] image0: torch.Size([1, 1, 400, 400])
[loftr_wrapper.py] net forward
[loftr_wrapper.py] mconf, 0.20019327104091644 0.8020488619804382
[loftr_wrapper.py] pair_ids (78,)
[loftr_wrapper.py] corres: (78, 5)
[loftr_wrapper.py] image0: torch.Size([1, 1, 400, 400])
[loftr_wrapper.py] net forward
[loftr_wrapper.py] mconf, 0.20108740031719208 0.9185608625411987
[loftr_wrapper.py] pair_ids (102,)
[loftr_wrapper.py] corres: (102, 5)
[loftr_wrapper.py] image0: torch.Size([1, 1, 400, 400])
[loftr_wrapper.py] net forward
[loftr_wrapper.py] mconf, 0.20195868611335754 0.5441141128540039
[loftr_wrapper.py] pair_ids (71,)
[loftr_wrapper.py] corres: (71, 5)
[loftr_wrapper.py] image0: torch.Size([1, 1, 400, 400])
[loftr_wrapper.py] net forward
[loftr_wrapper.py] mconf, 0.20227597653865814 0.9901372790336609
[loftr_wrapper.py] pair_ids (228,)
[loftr_wrapper.py] corres: (228, 5)
[loftr_wrapper.py] image0: torch.Size([1, 1, 400, 400])
[loftr_wrapper.py] net forward
[loftr_wrapper.py] mconf, 0.20575323700904846 0.706990659236908
[loftr_wrapper.py] pair_ids (65,)
[loftr_wrapper.py] corres: (65, 5)
[loftr_wrapper.py] image0: torch.Size([1, 1, 400, 400])
[loftr_wrapper.py] net forward
[loftr_wrapper.py] mconf, 0.2001526951789856 0.9117190837860107
[loftr_wrapper.py] pair_ids (105,)
[loftr_wrapper.py] corres: (105, 5)
[loftr_wrapper.py] image0: torch.Size([1, 1, 400, 400])
[loftr_wrapper.py] net forward
[loftr_wrapper.py] mconf, 0.20147958397865295 0.8721058368682861
[loftr_wrapper.py] pair_ids (89,)
[loftr_wrapper.py] corres: (89, 5)
[loftr_wrapper.py] image0: torch.Size([1, 1, 400, 400])
[loftr_wrapper.py] net forward
[loftr_wrapper.py] mconf, 0.20046541094779968 0.99289470911026
[loftr_wrapper.py] pair_ids (186,)
[loftr_wrapper.py] corres: (186, 5)
[loftr_wrapper.py] image0: torch.Size([1, 1, 400, 400])
[loftr_wrapper.py] net forward
[loftr_wrapper.py] mconf, 0.20014223456382751 0.7955567836761475
[loftr_wrapper.py] pair_ids (117,)
[loftr_wrapper.py] corres: (117, 5)
[loftr_wrapper.py] image0: torch.Size([1, 1, 400, 400])
[loftr_wrapper.py] net forward
[loftr_wrapper.py] mconf, 0.2019190937280655 0.7699453830718994
[loftr_wrapper.py] pair_ids (88,)
[loftr_wrapper.py] corres: (88, 5)
[loftr_wrapper.py] image0: torch.Size([1, 1, 400, 400])
[loftr_wrapper.py] net forward
[loftr_wrapper.py] mconf, 0.2018703669309616 0.825718104839325
[loftr_wrapper.py] pair_ids (159,)
[loftr_wrapper.py] corres: (159, 5)
[loftr_wrapper.py] image0: torch.Size([1, 1, 400, 400])
[loftr_wrapper.py] net forward
[loftr_wrapper.py] mconf, 0.20008866488933563 0.6247022747993469
[loftr_wrapper.py] pair_ids (98,)
[loftr_wrapper.py] corres: (98, 5)
[loftr_wrapper.py] image0: torch.Size([1, 1, 400, 400])
[loftr_wrapper.py] net forward
[loftr_wrapper.py] mconf, 0.20282982289791107 0.9087473154067993
[loftr_wrapper.py] pair_ids (99,)
[loftr_wrapper.py] corres: (99, 5)
[loftr_wrapper.py] image0: torch.Size([1, 1, 400, 400])
[loftr_wrapper.py] net forward
[loftr_wrapper.py] mconf, 0.20025934278964996 0.9993281364440918
[loftr_wrapper.py] pair_ids (357,)
[loftr_wrapper.py] corres: (357, 5)
[loftr_wrapper.py] image0: torch.Size([1, 1, 400, 400])
[loftr_wrapper.py] net forward
[loftr_wrapper.py] mconf, 0.20278896391391754 0.895218551158905
[loftr_wrapper.py] pair_ids (92,)
[loftr_wrapper.py] corres: (92, 5)
[loftr_wrapper.py] image0: torch.Size([1, 1, 400, 400])
[loftr_wrapper.py] net forward
[loftr_wrapper.py] mconf, 0.20071883499622345 0.818253755569458
[loftr_wrapper.py] pair_ids (91,)
[loftr_wrapper.py] corres: (91, 5)
[loftr_wrapper.py] image0: torch.Size([1, 1, 400, 400])
[loftr_wrapper.py] net forward
[loftr_wrapper.py] mconf, 0.20052672922611237 0.9519447088241577
[loftr_wrapper.py] pair_ids (98,)
[loftr_wrapper.py] corres: (98, 5)
[loftr_wrapper.py] image0: torch.Size([1, 1, 400, 400])
[loftr_wrapper.py] net forward
[loftr_wrapper.py] mconf, 0.20058977603912354 0.9900391697883606
[loftr_wrapper.py] pair_ids (136,)
[loftr_wrapper.py] corres: (136, 5)
[loftr_wrapper.py] image0: torch.Size([1, 1, 400, 400])
[loftr_wrapper.py] net forward
[loftr_wrapper.py] mconf, 0.20125102996826172 0.7092481851577759
[loftr_wrapper.py] pair_ids (78,)
[loftr_wrapper.py] corres: (78, 5)
[loftr_wrapper.py] image0: torch.Size([1, 1, 400, 400])
[loftr_wrapper.py] net forward
[loftr_wrapper.py] mconf, 0.20012451708316803 0.9222776293754578
[loftr_wrapper.py] pair_ids (82,)
[loftr_wrapper.py] corres: (82, 5)
[loftr_wrapper.py] image0: torch.Size([1, 1, 400, 400])
[loftr_wrapper.py] net forward
[loftr_wrapper.py] mconf, 0.2024277299642563 0.7255104780197144
[loftr_wrapper.py] pair_ids (88,)
[loftr_wrapper.py] corres: (88, 5)
[loftr_wrapper.py] image0: torch.Size([1, 1, 400, 400])
[loftr_wrapper.py] net forward
[loftr_wrapper.py] mconf, 0.20050519704818726 0.9913936257362366
[loftr_wrapper.py] pair_ids (313,)
[loftr_wrapper.py] corres: (313, 5)
[loftr_wrapper.py] image0: torch.Size([1, 1, 400, 400])
[loftr_wrapper.py] net forward
[loftr_wrapper.py] mconf, 0.21202564239501953 0.8380960822105408
[loftr_wrapper.py] pair_ids (72,)
[loftr_wrapper.py] corres: (72, 5)
[loftr_wrapper.py] image0: torch.Size([1, 1, 400, 400])
[loftr_wrapper.py] net forward
[loftr_wrapper.py] mconf, 0.20248840749263763 0.8647921085357666
[loftr_wrapper.py] pair_ids (115,)
[loftr_wrapper.py] corres: (115, 5)
[loftr_wrapper.py] image0: torch.Size([1, 1, 400, 400])
[loftr_wrapper.py] net forward
[loftr_wrapper.py] mconf, 0.20043592154979706 0.8089791536331177
[loftr_wrapper.py] pair_ids (76,)
[loftr_wrapper.py] corres: (76, 5)
[loftr_wrapper.py] image0: torch.Size([1, 1, 400, 400])
[loftr_wrapper.py] net forward
[loftr_wrapper.py] mconf, 0.20200954377651215 0.7856238484382629
[loftr_wrapper.py] pair_ids (107,)
[loftr_wrapper.py] corres: (107, 5)
[loftr_wrapper.py] image0: torch.Size([1, 1, 400, 400])
[loftr_wrapper.py] net forward
[loftr_wrapper.py] mconf, 0.2012297660112381 0.7424641251564026
[loftr_wrapper.py] pair_ids (70,)
[loftr_wrapper.py] corres: (70, 5)
[loftr_wrapper.py] image0: torch.Size([1, 1, 400, 400])
[loftr_wrapper.py] net forward
[loftr_wrapper.py] mconf, 0.20012149214744568 0.8154809474945068
[loftr_wrapper.py] pair_ids (97,)
[loftr_wrapper.py] corres: (97, 5)
[loftr_wrapper.py] image0: torch.Size([1, 1, 400, 400])
[loftr_wrapper.py] net forward
[loftr_wrapper.py] mconf, 0.2004835307598114 0.6226142048835754
[loftr_wrapper.py] pair_ids (58,)
[loftr_wrapper.py] corres: (58, 5)
[loftr_wrapper.py] image0: torch.Size([1, 1, 400, 400])
[loftr_wrapper.py] net forward
[loftr_wrapper.py] mconf, 0.20058542490005493 0.5970897078514099
[loftr_wrapper.py] pair_ids (60,)
[loftr_wrapper.py] corres: (60, 5)
[loftr_wrapper.py] image0: torch.Size([1, 1, 400, 400])
[loftr_wrapper.py] net forward
[loftr_wrapper.py] mconf, 0.20113199949264526 0.9223891496658325
[loftr_wrapper.py] pair_ids (151,)
[loftr_wrapper.py] corres: (151, 5)
[loftr_wrapper.py] image0: torch.Size([1, 1, 400, 400])
[loftr_wrapper.py] net forward
[loftr_wrapper.py] mconf, 0.20124848186969757 0.8741975426673889
[loftr_wrapper.py] pair_ids (70,)
[loftr_wrapper.py] corres: (70, 5)
[loftr_wrapper.py] image0: torch.Size([1, 1, 400, 400])
[loftr_wrapper.py] net forward
[loftr_wrapper.py] mconf, 0.20027022063732147 0.6632632613182068
[loftr_wrapper.py] pair_ids (72,)
[loftr_wrapper.py] corres: (72, 5)
[loftr_wrapper.py] image0: torch.Size([1, 1, 400, 400])
[loftr_wrapper.py] net forward
[loftr_wrapper.py] mconf, 0.20034174621105194 0.8746099472045898
[loftr_wrapper.py] pair_ids (70,)
[loftr_wrapper.py] corres: (70, 5)
[loftr_wrapper.py] image0: torch.Size([1, 1, 400, 400])
[loftr_wrapper.py] net forward
[loftr_wrapper.py] mconf, 0.2021992951631546 0.9767509698867798
[loftr_wrapper.py] pair_ids (105,)
[loftr_wrapper.py] corres: (105, 5)
[loftr_wrapper.py] image0: torch.Size([1, 1, 400, 400])
[loftr_wrapper.py] net forward
[loftr_wrapper.py] mconf, 0.20152011513710022 0.8765457272529602
[loftr_wrapper.py] pair_ids (65,)
[loftr_wrapper.py] corres: (65, 5)
[loftr_wrapper.py] image0: torch.Size([1, 1, 400, 400])
[loftr_wrapper.py] net forward
[loftr_wrapper.py] mconf, 0.20237183570861816 0.9265616536140442
[loftr_wrapper.py] pair_ids (113,)
[loftr_wrapper.py] corres: (113, 5)
[loftr_wrapper.py] image0: torch.Size([1, 1, 400, 400])
[loftr_wrapper.py] net forward
[loftr_wrapper.py] mconf, 0.20409232378005981 0.8979800939559937
[loftr_wrapper.py] pair_ids (73,)
[loftr_wrapper.py] corres: (73, 5)
[loftr_wrapper.py] image0: torch.Size([1, 1, 400, 400])
[loftr_wrapper.py] net forward
[loftr_wrapper.py] mconf, 0.20120735466480255 0.7557112574577332
[loftr_wrapper.py] pair_ids (90,)
[loftr_wrapper.py] corres: (90, 5)
[loftr_wrapper.py] image0: torch.Size([1, 1, 400, 400])
[loftr_wrapper.py] net forward
[loftr_wrapper.py] mconf, 0.20022499561309814 0.7058184146881104
[loftr_wrapper.py] pair_ids (72,)
[loftr_wrapper.py] corres: (72, 5)
[loftr_wrapper.py] image0: torch.Size([1, 1, 400, 400])
[loftr_wrapper.py] net forward
[loftr_wrapper.py] mconf, 0.2009122669696808 0.7576563358306885
[loftr_wrapper.py] pair_ids (149,)
[loftr_wrapper.py] corres: (149, 5)
[loftr_wrapper.py] image0: torch.Size([1, 1, 400, 400])
[loftr_wrapper.py] net forward
[loftr_wrapper.py] mconf, 0.20227770507335663 0.6453368067741394
[loftr_wrapper.py] pair_ids (56,)
[loftr_wrapper.py] corres: (56, 5)
[loftr_wrapper.py] image0: torch.Size([1, 1, 400, 400])
[loftr_wrapper.py] net forward
[loftr_wrapper.py] mconf, 0.2015489935874939 0.8069572448730469
[loftr_wrapper.py] pair_ids (91,)
[loftr_wrapper.py] corres: (91, 5)
[loftr_wrapper.py] image0: torch.Size([1, 1, 400, 400])
[loftr_wrapper.py] net forward
[loftr_wrapper.py] mconf, 0.20059585571289062 0.8926962018013
[loftr_wrapper.py] pair_ids (153,)
[loftr_wrapper.py] corres: (153, 5)
[loftr_wrapper.py] image0: torch.Size([1, 1, 400, 400])
[loftr_wrapper.py] net forward
[loftr_wrapper.py] mconf, 0.2010965496301651 0.790854811668396
[loftr_wrapper.py] pair_ids (73,)
[loftr_wrapper.py] corres: (73, 5)
[loftr_wrapper.py] image0: torch.Size([1, 1, 400, 400])
[loftr_wrapper.py] net forward
[loftr_wrapper.py] mconf, 0.2065459042787552 0.805053174495697
[loftr_wrapper.py] pair_ids (79,)
[loftr_wrapper.py] corres: (79, 5)
[loftr_wrapper.py] image0: torch.Size([1, 1, 400, 400])
[loftr_wrapper.py] net forward
[loftr_wrapper.py] mconf, 0.20075541734695435 0.7311202883720398
[loftr_wrapper.py] pair_ids (99,)
[loftr_wrapper.py] corres: (99, 5)
[loftr_wrapper.py] image0: torch.Size([1, 1, 400, 400])
[loftr_wrapper.py] net forward
[loftr_wrapper.py] mconf, 0.20112000405788422 0.7084744572639465
[loftr_wrapper.py] pair_ids (62,)
[loftr_wrapper.py] corres: (62, 5)
[loftr_wrapper.py] image0: torch.Size([1, 1, 400, 400])
[loftr_wrapper.py] net forward
[loftr_wrapper.py] mconf, 0.20051686465740204 0.8431148529052734
[loftr_wrapper.py] pair_ids (86,)
[loftr_wrapper.py] corres: (86, 5)
[loftr_wrapper.py] image0: torch.Size([1, 1, 400, 400])
[loftr_wrapper.py] net forward
[loftr_wrapper.py] mconf, 0.20043841004371643 0.8938250541687012
[loftr_wrapper.py] pair_ids (128,)
[loftr_wrapper.py] corres: (128, 5)
[loftr_wrapper.py] image0: torch.Size([1, 1, 400, 400])
[loftr_wrapper.py] net forward
[loftr_wrapper.py] mconf, 0.2000456303358078 0.7903717160224915
[loftr_wrapper.py] pair_ids (62,)
[loftr_wrapper.py] corres: (62, 5)
[loftr_wrapper.py] image0: torch.Size([1, 1, 400, 400])
[loftr_wrapper.py] net forward
[loftr_wrapper.py] mconf, 0.2060331404209137 0.6369660496711731
[loftr_wrapper.py] pair_ids (76,)
[loftr_wrapper.py] corres: (76, 5)
[loftr_wrapper.py] image0: torch.Size([1, 1, 400, 400])
[loftr_wrapper.py] net forward
[loftr_wrapper.py] mconf, 0.20090383291244507 0.9331719875335693
[loftr_wrapper.py] pair_ids (52,)
[loftr_wrapper.py] corres: (52, 5)
[loftr_wrapper.py] image0: torch.Size([1, 1, 400, 400])
[loftr_wrapper.py] net forward
[loftr_wrapper.py] mconf, 0.20104210078716278 0.8631832003593445
[loftr_wrapper.py] pair_ids (70,)
[loftr_wrapper.py] corres: (70, 5)
[loftr_wrapper.py] image0: torch.Size([1, 1, 400, 400])
[loftr_wrapper.py] net forward
[loftr_wrapper.py] mconf, 0.2000129073858261 0.9790586233139038
[loftr_wrapper.py] pair_ids (208,)
[loftr_wrapper.py] corres: (208, 5)
[loftr_wrapper.py] image0: torch.Size([1, 1, 400, 400])
[loftr_wrapper.py] net forward
[loftr_wrapper.py] mconf, 0.20115052163600922 0.6068158745765686
[loftr_wrapper.py] pair_ids (61,)
[loftr_wrapper.py] corres: (61, 5)
[loftr_wrapper.py] image0: torch.Size([1, 1, 400, 400])
[loftr_wrapper.py] net forward
[loftr_wrapper.py] mconf, 0.2014855146408081 0.9687864184379578
[loftr_wrapper.py] pair_ids (114,)
[loftr_wrapper.py] corres: (114, 5)
[loftr_wrapper.py] image0: torch.Size([1, 1, 400, 400])
[loftr_wrapper.py] net forward
[loftr_wrapper.py] mconf, 0.20486123859882355 0.671766459941864
[loftr_wrapper.py] pair_ids (87,)
[loftr_wrapper.py] corres: (87, 5)
[loftr_wrapper.py] image0: torch.Size([1, 1, 400, 400])
[loftr_wrapper.py] net forward
[loftr_wrapper.py] mconf, 0.20127086341381073 0.761124849319458
[loftr_wrapper.py] pair_ids (92,)
[loftr_wrapper.py] corres: (92, 5)
[loftr_wrapper.py] image0: torch.Size([1, 1, 400, 400])
[loftr_wrapper.py] net forward
[loftr_wrapper.py] mconf, 0.20195835828781128 0.7646631598472595
[loftr_wrapper.py] pair_ids (78,)
[loftr_wrapper.py] corres: (78, 5)
[loftr_wrapper.py] image0: torch.Size([1, 1, 400, 400])
[loftr_wrapper.py] net forward
[loftr_wrapper.py] mconf, 0.20057561993598938 0.866554856300354
[loftr_wrapper.py] pair_ids (80,)
[loftr_wrapper.py] corres: (80, 5)
[loftr_wrapper.py] image0: torch.Size([1, 1, 400, 400])
[loftr_wrapper.py] net forward
[loftr_wrapper.py] mconf, 0.20153672993183136 0.9323256015777588
[loftr_wrapper.py] pair_ids (157,)
[loftr_wrapper.py] corres: (157, 5)
[loftr_wrapper.py] image0: torch.Size([1, 1, 400, 400])
[loftr_wrapper.py] net forward
[loftr_wrapper.py] mconf, 0.21858863532543182 0.6384209990501404
[loftr_wrapper.py] pair_ids (37,)
[loftr_wrapper.py] corres: (37, 5)
[loftr_wrapper.py] image0: torch.Size([1, 1, 400, 400])
[loftr_wrapper.py] net forward
[loftr_wrapper.py] mconf, 0.20141062140464783 0.9792118668556213
[loftr_wrapper.py] pair_ids (116,)
[loftr_wrapper.py] corres: (116, 5)
[loftr_wrapper.py] image0: torch.Size([1, 1, 400, 400])
[loftr_wrapper.py] net forward
[loftr_wrapper.py] mconf, 0.2003365457057953 0.8504180908203125
[loftr_wrapper.py] pair_ids (143,)
[loftr_wrapper.py] corres: (143, 5)
[loftr_wrapper.py] image0: torch.Size([1, 1, 400, 400])
[loftr_wrapper.py] net forward
[loftr_wrapper.py] mconf, 0.20344123244285583 0.8178524971008301
[loftr_wrapper.py] pair_ids (69,)
[loftr_wrapper.py] corres: (69, 5)
[loftr_wrapper.py] image0: torch.Size([1, 1, 400, 400])
[loftr_wrapper.py] net forward
[loftr_wrapper.py] mconf, 0.20196524262428284 0.9484604597091675
[loftr_wrapper.py] pair_ids (134,)
[loftr_wrapper.py] corres: (134, 5)
[loftr_wrapper.py] image0: torch.Size([1, 1, 400, 400])
[loftr_wrapper.py] net forward
[loftr_wrapper.py] mconf, 0.20397116243839264 0.7290248870849609
[loftr_wrapper.py] pair_ids (120,)
[loftr_wrapper.py] corres: (120, 5)
[loftr_wrapper.py] image0: torch.Size([1, 1, 400, 400])
[loftr_wrapper.py] net forward
[loftr_wrapper.py] mconf, 0.20208874344825745 0.6416872143745422
[loftr_wrapper.py] pair_ids (63,)
[loftr_wrapper.py] corres: (63, 5)
[loftr_wrapper.py] image0: torch.Size([1, 1, 400, 400])
[loftr_wrapper.py] net forward
[loftr_wrapper.py] mconf, 0.20014292001724243 0.8712044358253479
[loftr_wrapper.py] pair_ids (81,)
[loftr_wrapper.py] corres: (81, 5)
[loftr_wrapper.py] image0: torch.Size([1, 1, 400, 400])
[loftr_wrapper.py] net forward
[loftr_wrapper.py] mconf, 0.2021988332271576 0.6664517521858215
[loftr_wrapper.py] pair_ids (82,)
[loftr_wrapper.py] corres: (82, 5)
[loftr_wrapper.py] image0: torch.Size([1, 1, 400, 400])
[loftr_wrapper.py] net forward
[loftr_wrapper.py] mconf, 0.200604647397995 0.652984082698822
[loftr_wrapper.py] pair_ids (92,)
[loftr_wrapper.py] corres: (92, 5)
[loftr_wrapper.py] image0: torch.Size([1, 1, 400, 400])
[loftr_wrapper.py] net forward
[loftr_wrapper.py] mconf, 0.20220713317394257 0.8622999787330627
[loftr_wrapper.py] pair_ids (66,)
[loftr_wrapper.py] corres: (66, 5)
[loftr_wrapper.py] image0: torch.Size([1, 1, 400, 400])
[loftr_wrapper.py] net forward
[loftr_wrapper.py] mconf, 0.20026962459087372 0.9452646970748901
[loftr_wrapper.py] pair_ids (129,)
[loftr_wrapper.py] corres: (129, 5)
[loftr_wrapper.py] image0: torch.Size([1, 1, 400, 400])
[loftr_wrapper.py] net forward
[loftr_wrapper.py] mconf, 0.20025736093521118 0.9143040776252747
[loftr_wrapper.py] pair_ids (63,)
[loftr_wrapper.py] corres: (63, 5)
[loftr_wrapper.py] image0: torch.Size([1, 1, 400, 400])
[loftr_wrapper.py] net forward
[loftr_wrapper.py] mconf, 0.20068030059337616 0.6424366235733032
[loftr_wrapper.py] pair_ids (95,)
[loftr_wrapper.py] corres: (95, 5)
[loftr_wrapper.py] image0: torch.Size([1, 1, 400, 400])
[loftr_wrapper.py] net forward
[loftr_wrapper.py] mconf, 0.20058925449848175 0.9586173295974731
[loftr_wrapper.py] pair_ids (147,)
[loftr_wrapper.py] corres: (147, 5)
[loftr_wrapper.py] image0: torch.Size([1, 1, 400, 400])
[loftr_wrapper.py] net forward
[loftr_wrapper.py] mconf, 0.2017936408519745 0.6404353976249695
[loftr_wrapper.py] pair_ids (55,)
[loftr_wrapper.py] corres: (55, 5)
[loftr_wrapper.py] image0: torch.Size([1, 1, 400, 400])
[loftr_wrapper.py] net forward
[loftr_wrapper.py] mconf, 0.20057129859924316 0.7174568176269531
[loftr_wrapper.py] pair_ids (51,)
[loftr_wrapper.py] corres: (51, 5)
[loftr_wrapper.py] image0: torch.Size([1, 1, 400, 400])
[loftr_wrapper.py] net forward
[loftr_wrapper.py] mconf, 0.2078663408756256 0.7479832172393799
[loftr_wrapper.py] pair_ids (75,)
[loftr_wrapper.py] corres: (75, 5)
[loftr_wrapper.py] image0: torch.Size([1, 1, 400, 400])
[loftr_wrapper.py] net forward
[loftr_wrapper.py] mconf, 0.200984388589859 0.8596676588058472
[loftr_wrapper.py] pair_ids (151,)
[loftr_wrapper.py] corres: (151, 5)
[loftr_wrapper.py] image0: torch.Size([1, 1, 400, 400])
[loftr_wrapper.py] net forward
[loftr_wrapper.py] mconf, 0.20304076373577118 0.7219652533531189
[loftr_wrapper.py] pair_ids (63,)
[loftr_wrapper.py] corres: (63, 5)
[loftr_wrapper.py] image0: torch.Size([1, 1, 400, 400])
[loftr_wrapper.py] net forward
[loftr_wrapper.py] mconf, 0.20019592344760895 0.7119957208633423
[loftr_wrapper.py] pair_ids (55,)
[loftr_wrapper.py] corres: (55, 5)
[loftr_wrapper.py] image0: torch.Size([1, 1, 400, 400])
[loftr_wrapper.py] net forward
[loftr_wrapper.py] mconf, 0.20006468892097473 0.8783684372901917
[loftr_wrapper.py] pair_ids (82,)
[loftr_wrapper.py] corres: (82, 5)
[loftr_wrapper.py] image0: torch.Size([1, 1, 400, 400])
[loftr_wrapper.py] net forward
[loftr_wrapper.py] mconf, 0.20080195367336273 0.9801235795021057
[loftr_wrapper.py] pair_ids (119,)
[loftr_wrapper.py] corres: (119, 5)
[loftr_wrapper.py] image0: torch.Size([1, 1, 400, 400])
[loftr_wrapper.py] net forward
[loftr_wrapper.py] mconf, 0.20580115914344788 0.7297190427780151
[loftr_wrapper.py] pair_ids (50,)
[loftr_wrapper.py] corres: (50, 5)
[loftr_wrapper.py] image0: torch.Size([1, 1, 400, 400])
[loftr_wrapper.py] net forward
[loftr_wrapper.py] mconf, 0.20162582397460938 0.7164431214332581
[loftr_wrapper.py] pair_ids (85,)
[loftr_wrapper.py] corres: (85, 5)
[loftr_wrapper.py] image0: torch.Size([1, 1, 400, 400])
[loftr_wrapper.py] net forward
[loftr_wrapper.py] mconf, 0.20205168426036835 0.6496857404708862
[loftr_wrapper.py] pair_ids (44,)
[loftr_wrapper.py] corres: (44, 5)
[loftr_wrapper.py] image0: torch.Size([1, 1, 400, 400])
[loftr_wrapper.py] net forward
[loftr_wrapper.py] mconf, 0.20161910355091095 0.7814196348190308
[loftr_wrapper.py] pair_ids (65,)
[loftr_wrapper.py] corres: (65, 5)
[loftr_wrapper.py] image0: torch.Size([1, 1, 400, 400])
[loftr_wrapper.py] net forward
[loftr_wrapper.py] mconf, 0.20157594978809357 0.6337014436721802
[loftr_wrapper.py] pair_ids (76,)
[loftr_wrapper.py] corres: (76, 5)
[loftr_wrapper.py] image0: torch.Size([1, 1, 400, 400])
[loftr_wrapper.py] net forward
[loftr_wrapper.py] mconf, 0.20090295374393463 0.660403311252594
[loftr_wrapper.py] pair_ids (72,)
[loftr_wrapper.py] corres: (72, 5)
[loftr_wrapper.py] image0: torch.Size([1, 1, 400, 400])
[loftr_wrapper.py] net forward
[loftr_wrapper.py] mconf, 0.20029915869235992 0.7282747626304626
[loftr_wrapper.py] pair_ids (58,)
[loftr_wrapper.py] corres: (58, 5)
[loftr_wrapper.py] image0: torch.Size([1, 1, 400, 400])
[loftr_wrapper.py] net forward
[loftr_wrapper.py] mconf, 0.20248231291770935 0.8230091333389282
[loftr_wrapper.py] pair_ids (73,)
[loftr_wrapper.py] corres: (73, 5)
[loftr_wrapper.py] image0: torch.Size([1, 1, 400, 400])
[loftr_wrapper.py] net forward
[loftr_wrapper.py] mconf, 0.20354312658309937 0.6663718819618225
[loftr_wrapper.py] pair_ids (69,)
[loftr_wrapper.py] corres: (69, 5)
[loftr_wrapper.py] image0: torch.Size([1, 1, 400, 400])
[loftr_wrapper.py] net forward
[loftr_wrapper.py] mconf, 0.20129971206188202 0.6715044975280762
[loftr_wrapper.py] pair_ids (56,)
[loftr_wrapper.py] corres: (56, 5)
[loftr_wrapper.py] image0: torch.Size([1, 1, 400, 400])
[loftr_wrapper.py] net forward
[loftr_wrapper.py] mconf, 0.20136025547981262 0.7616945505142212
[loftr_wrapper.py] pair_ids (63,)
[loftr_wrapper.py] corres: (63, 5)
[loftr_wrapper.py] image0: torch.Size([1, 1, 400, 400])
[loftr_wrapper.py] net forward
[loftr_wrapper.py] mconf, 0.20024177432060242 0.8041753172874451
[loftr_wrapper.py] pair_ids (69,)
[loftr_wrapper.py] corres: (69, 5)
[loftr_wrapper.py] image0: torch.Size([1, 1, 400, 400])
[loftr_wrapper.py] net forward
[loftr_wrapper.py] mconf, 0.21070067584514618 0.8055838346481323
[loftr_wrapper.py] pair_ids (49,)
[loftr_wrapper.py] corres: (49, 5)
[loftr_wrapper.py] image0: torch.Size([1, 1, 400, 400])
[loftr_wrapper.py] net forward
[loftr_wrapper.py] mconf, 0.20211908221244812 0.6662284731864929
[loftr_wrapper.py] pair_ids (90,)
[loftr_wrapper.py] corres: (90, 5)
[loftr_wrapper.py] image0: torch.Size([1, 1, 400, 400])
[loftr_wrapper.py] net forward
[loftr_wrapper.py] mconf, 0.2001531571149826 0.741852879524231
[loftr_wrapper.py] pair_ids (48,)
[loftr_wrapper.py] corres: (48, 5)
[loftr_wrapper.py] image0: torch.Size([1, 1, 400, 400])
[loftr_wrapper.py] net forward
[loftr_wrapper.py] mconf, 0.20233657956123352 0.95268315076828
[loftr_wrapper.py] pair_ids (102,)
[loftr_wrapper.py] corres: (102, 5)
[loftr_wrapper.py] image0: torch.Size([1, 1, 400, 400])
[loftr_wrapper.py] net forward
[loftr_wrapper.py] mconf, 0.20060700178146362 0.7059966325759888
[loftr_wrapper.py] pair_ids (114,)
[loftr_wrapper.py] corres: (114, 5)
[loftr_wrapper.py] image0: torch.Size([1, 1, 400, 400])
[loftr_wrapper.py] net forward
[loftr_wrapper.py] mconf, 0.20032529532909393 0.637210488319397
[loftr_wrapper.py] pair_ids (56,)
[loftr_wrapper.py] corres: (56, 5)
[loftr_wrapper.py] image0: torch.Size([1, 1, 400, 400])
[loftr_wrapper.py] net forward
[loftr_wrapper.py] mconf, 0.20145364105701447 0.8038406372070312
[loftr_wrapper.py] pair_ids (63,)
[loftr_wrapper.py] corres: (63, 5)
[loftr_wrapper.py] image0: torch.Size([1, 1, 400, 400])
[loftr_wrapper.py] net forward
[loftr_wrapper.py] mconf, 0.20016884803771973 0.6809008121490479
[loftr_wrapper.py] pair_ids (78,)
[loftr_wrapper.py] corres: (78, 5)
[loftr_wrapper.py] image0: torch.Size([1, 1, 400, 400])
[loftr_wrapper.py] net forward
[loftr_wrapper.py] mconf, 0.20696671307086945 0.7633850574493408
[loftr_wrapper.py] pair_ids (54,)
[loftr_wrapper.py] corres: (54, 5)
[loftr_wrapper.py] image0: torch.Size([1, 1, 400, 400])
[loftr_wrapper.py] net forward
[loftr_wrapper.py] mconf, 0.20076929032802582 0.5913515090942383
[loftr_wrapper.py] pair_ids (53,)
[loftr_wrapper.py] corres: (53, 5)
[loftr_wrapper.py] image0: torch.Size([1, 1, 400, 400])
[loftr_wrapper.py] net forward
[loftr_wrapper.py] mconf, 0.200018048286438 0.6707133054733276
[loftr_wrapper.py] pair_ids (58,)
[loftr_wrapper.py] corres: (58, 5)
[loftr_wrapper.py] image0: torch.Size([1, 1, 400, 400])
[loftr_wrapper.py] net forward
[loftr_wrapper.py] mconf, 0.20147614181041718 0.6877014636993408
[loftr_wrapper.py] pair_ids (32,)
[loftr_wrapper.py] corres: (32, 5)
[loftr_wrapper.py] image0: torch.Size([1, 1, 400, 400])
[loftr_wrapper.py] net forward
[loftr_wrapper.py] mconf, 0.20101232826709747 0.7858381867408752
[loftr_wrapper.py] pair_ids (93,)
[loftr_wrapper.py] corres: (93, 5)
[loftr_wrapper.py] image0: torch.Size([1, 1, 400, 400])
[loftr_wrapper.py] net forward
[loftr_wrapper.py] mconf, 0.20104734599590302 0.8216623067855835
[loftr_wrapper.py] pair_ids (62,)
[loftr_wrapper.py] corres: (62, 5)
[loftr_wrapper.py] image0: torch.Size([1, 1, 400, 400])
[loftr_wrapper.py] net forward
[loftr_wrapper.py] mconf, 0.2018182873725891 0.8642826676368713
[loftr_wrapper.py] pair_ids (75,)
[loftr_wrapper.py] corres: (75, 5)
[loftr_wrapper.py] image0: torch.Size([1, 1, 400, 400])
[loftr_wrapper.py] net forward
[loftr_wrapper.py] mconf, 0.20035995543003082 0.6612453460693359
[loftr_wrapper.py] pair_ids (60,)
[loftr_wrapper.py] corres: (60, 5)
[loftr_wrapper.py] image0: torch.Size([1, 1, 400, 400])
[loftr_wrapper.py] net forward
[loftr_wrapper.py] mconf, 0.20024225115776062 0.5927947163581848
[loftr_wrapper.py] pair_ids (51,)
[loftr_wrapper.py] corres: (51, 5)
[loftr_wrapper.py] image0: torch.Size([1, 1, 400, 400])
[loftr_wrapper.py] net forward
[loftr_wrapper.py] mconf, 0.20032303035259247 0.7539528608322144
[loftr_wrapper.py] pair_ids (76,)
[loftr_wrapper.py] corres: (76, 5)
[loftr_wrapper.py] image0: torch.Size([1, 1, 400, 400])
[loftr_wrapper.py] net forward
[loftr_wrapper.py] mconf, 0.20044690370559692 0.7081729173660278
[loftr_wrapper.py] pair_ids (69,)
[loftr_wrapper.py] corres: (69, 5)
[loftr_wrapper.py] image0: torch.Size([1, 1, 400, 400])
[loftr_wrapper.py] net forward
[loftr_wrapper.py] mconf, 0.2043110877275467 0.695457935333252
[loftr_wrapper.py] pair_ids (51,)
[loftr_wrapper.py] corres: (51, 5)
[loftr_wrapper.py] image0: torch.Size([1, 1, 400, 400])
[loftr_wrapper.py] net forward
[loftr_wrapper.py] mconf, 0.2002418339252472 0.580003023147583
[loftr_wrapper.py] pair_ids (39,)
[loftr_wrapper.py] corres: (39, 5)
[loftr_wrapper.py] image0: torch.Size([1, 1, 400, 400])
[loftr_wrapper.py] net forward
[loftr_wrapper.py] mconf, 0.20837710797786713 0.8334102034568787
[loftr_wrapper.py] pair_ids (67,)
[loftr_wrapper.py] corres: (67, 5)
[loftr_wrapper.py] image0: torch.Size([1, 1, 400, 400])
[loftr_wrapper.py] net forward
[loftr_wrapper.py] mconf, 0.20186366140842438 0.7982441186904907
[loftr_wrapper.py] pair_ids (72,)
[loftr_wrapper.py] corres: (72, 5)
[loftr_wrapper.py] image0: torch.Size([1, 1, 400, 400])
[loftr_wrapper.py] net forward
[loftr_wrapper.py] mconf, 0.200780987739563 0.7113384008407593
[loftr_wrapper.py] pair_ids (64,)
[loftr_wrapper.py] corres: (64, 5)
[loftr_wrapper.py] image0: torch.Size([1, 1, 400, 400])
[loftr_wrapper.py] net forward
[loftr_wrapper.py] mconf, 0.20200414955615997 0.7119598388671875
[loftr_wrapper.py] pair_ids (51,)
[loftr_wrapper.py] corres: (51, 5)
[loftr_wrapper.py] image0: torch.Size([1, 1, 400, 400])
[loftr_wrapper.py] net forward
[loftr_wrapper.py] mconf, 0.20113347470760345 0.7186893820762634
[loftr_wrapper.py] pair_ids (112,)
[loftr_wrapper.py] corres: (112, 5)
[loftr_wrapper.py] image0: torch.Size([1, 1, 400, 400])
[loftr_wrapper.py] net forward
[loftr_wrapper.py] mconf, 0.20458553731441498 0.7446343898773193
[loftr_wrapper.py] pair_ids (97,)
[loftr_wrapper.py] corres: (97, 5)
[loftr_wrapper.py] image0: torch.Size([1, 1, 400, 400])
[loftr_wrapper.py] net forward
[loftr_wrapper.py] mconf, 0.20138557255268097 0.6888522505760193
[loftr_wrapper.py] pair_ids (74,)
[loftr_wrapper.py] corres: (74, 5)
[loftr_wrapper.py] image0: torch.Size([1, 1, 400, 400])
[loftr_wrapper.py] net forward
[loftr_wrapper.py] mconf, 0.20024974644184113 0.7340259552001953
[loftr_wrapper.py] pair_ids (76,)
[loftr_wrapper.py] corres: (76, 5)
[loftr_wrapper.py] image0: torch.Size([1, 1, 400, 400])
[loftr_wrapper.py] net forward
[loftr_wrapper.py] mconf, 0.2018892616033554 0.7003498077392578
[loftr_wrapper.py] pair_ids (65,)
[loftr_wrapper.py] corres: (65, 5)
[loftr_wrapper.py] image0: torch.Size([1, 1, 400, 400])
[loftr_wrapper.py] net forward
[loftr_wrapper.py] mconf, 0.2016519159078598 0.8572645783424377
[loftr_wrapper.py] pair_ids (103,)
[loftr_wrapper.py] corres: (103, 5)
[loftr_wrapper.py] image0: torch.Size([1, 1, 400, 400])
[loftr_wrapper.py] net forward
[loftr_wrapper.py] mconf, 0.20012496411800385 0.5599877834320068
[loftr_wrapper.py] pair_ids (41,)
[loftr_wrapper.py] corres: (41, 5)
[loftr_wrapper.py] image0: torch.Size([1, 1, 400, 400])
[loftr_wrapper.py] net forward
[loftr_wrapper.py] mconf, 0.2019142508506775 0.7784563899040222
[loftr_wrapper.py] pair_ids (35,)
[loftr_wrapper.py] corres: (35, 5)
[loftr_wrapper.py] image0: torch.Size([1, 1, 400, 400])
[loftr_wrapper.py] net forward
[loftr_wrapper.py] mconf, 0.20037530362606049 0.494380921125412
[loftr_wrapper.py] pair_ids (71,)
[loftr_wrapper.py] corres: (71, 5)
[loftr_wrapper.py] image0: torch.Size([1, 1, 400, 400])
[loftr_wrapper.py] net forward
[loftr_wrapper.py] mconf, 0.2027166336774826 0.6328577399253845
[loftr_wrapper.py] pair_ids (67,)
[loftr_wrapper.py] corres: (67, 5)
[loftr_wrapper.py] image0: torch.Size([1, 1, 400, 400])
[loftr_wrapper.py] net forward
[loftr_wrapper.py] mconf, 0.2005748152732849 0.7157179117202759
[loftr_wrapper.py] pair_ids (72,)
[loftr_wrapper.py] corres: (72, 5)
[loftr_wrapper.py] image0: torch.Size([1, 1, 400, 400])
[loftr_wrapper.py] net forward
[loftr_wrapper.py] mconf, 0.20662641525268555 0.6282721161842346
[loftr_wrapper.py] pair_ids (58,)
[loftr_wrapper.py] corres: (58, 5)
[loftr_wrapper.py] image0: torch.Size([1, 1, 400, 400])
[loftr_wrapper.py] net forward
[loftr_wrapper.py] mconf, 0.20018154382705688 0.5631248950958252
[loftr_wrapper.py] pair_ids (33,)
[loftr_wrapper.py] corres: (33, 5)
[loftr_wrapper.py] image0: torch.Size([1, 1, 400, 400])
[loftr_wrapper.py] net forward
[loftr_wrapper.py] mconf, 0.20036940276622772 0.8708828091621399
[loftr_wrapper.py] pair_ids (104,)
[loftr_wrapper.py] corres: (104, 5)
[loftr_wrapper.py] image0: torch.Size([1, 1, 400, 400])
[loftr_wrapper.py] net forward
[loftr_wrapper.py] mconf, 0.20146846771240234 0.8285484313964844
[loftr_wrapper.py] pair_ids (51,)
[loftr_wrapper.py] corres: (51, 5)
[loftr_wrapper.py] image0: torch.Size([1, 1, 400, 400])
[loftr_wrapper.py] net forward
[loftr_wrapper.py] mconf, 0.20052582025527954 0.8334996104240417
[loftr_wrapper.py] pair_ids (88,)
[loftr_wrapper.py] corres: (88, 5)
[loftr_wrapper.py] image0: torch.Size([1, 1, 400, 400])
[loftr_wrapper.py] net forward
[loftr_wrapper.py] mconf, 0.2018168568611145 0.9040261507034302
[loftr_wrapper.py] pair_ids (64,)
[loftr_wrapper.py] corres: (64, 5)
[loftr_wrapper.py] image0: torch.Size([1, 1, 400, 400])
[loftr_wrapper.py] net forward
[loftr_wrapper.py] mconf, 0.20099814236164093 0.9758515357971191
[loftr_wrapper.py] pair_ids (109,)
[loftr_wrapper.py] corres: (109, 5)
[loftr_wrapper.py] image0: torch.Size([1, 1, 400, 400])
[loftr_wrapper.py] net forward
[loftr_wrapper.py] mconf, 0.20131787657737732 0.8046267032623291
[loftr_wrapper.py] pair_ids (91,)
[loftr_wrapper.py] corres: (91, 5)
[loftr_wrapper.py] image0: torch.Size([1, 1, 400, 400])
[loftr_wrapper.py] net forward
[loftr_wrapper.py] mconf, 0.20050780475139618 0.9958447813987732
[loftr_wrapper.py] pair_ids (130,)
[loftr_wrapper.py] corres: (130, 5)
[loftr_wrapper.py] image0: torch.Size([1, 1, 400, 400])
[loftr_wrapper.py] net forward
[loftr_wrapper.py] mconf, 0.20453403890132904 0.6421607136726379
[loftr_wrapper.py] pair_ids (46,)
[loftr_wrapper.py] corres: (46, 5)
[loftr_wrapper.py] image0: torch.Size([1, 1, 400, 400])
[loftr_wrapper.py] net forward
[loftr_wrapper.py] mconf, 0.20504692196846008 0.8532702922821045
[loftr_wrapper.py] pair_ids (65,)
[loftr_wrapper.py] corres: (65, 5)
[loftr_wrapper.py] image0: torch.Size([1, 1, 400, 400])
[loftr_wrapper.py] net forward
[loftr_wrapper.py] mconf, 0.20001903176307678 0.8377866744995117
[loftr_wrapper.py] pair_ids (136,)
[loftr_wrapper.py] corres: (136, 5)
MPM12 done 1020 951s
[probe] GT rotations orthonormalized (max element change 3.81e-08)
SB11 pairs 360 {'[0,15)': 1402, '[15,30)': 2909, '[30,60)': 8347, '[60,90)': 6355, '[90,135)': 4032, '[135,180]': 826}
[loftr_wrapper.py] image0: torch.Size([1, 1, 400, 400])
[loftr_wrapper.py] net forward
[loftr_wrapper.py] mconf, 0.20053406059741974 0.9985389709472656
[loftr_wrapper.py] pair_ids (879,)
[loftr_wrapper.py] corres: (879, 5)
[loftr_wrapper.py] image0: torch.Size([1, 1, 400, 400])
[loftr_wrapper.py] net forward
[loftr_wrapper.py] mconf, 0.20049051940441132 0.979697585105896
[loftr_wrapper.py] pair_ids (493,)
[loftr_wrapper.py] corres: (493, 5)
[loftr_wrapper.py] image0: torch.Size([1, 1, 400, 400])
[loftr_wrapper.py] net forward
[loftr_wrapper.py] mconf, 0.2004019320011139 0.9991286993026733
[loftr_wrapper.py] pair_ids (710,)
[loftr_wrapper.py] corres: (710, 5)
[loftr_wrapper.py] image0: torch.Size([1, 1, 400, 400])
[loftr_wrapper.py] net forward
[loftr_wrapper.py] mconf, 0.20097027719020844 0.9993876814842224
[loftr_wrapper.py] pair_ids (1344,)
[loftr_wrapper.py] corres: (1344, 5)
[loftr_wrapper.py] image0: torch.Size([1, 1, 400, 400])
[loftr_wrapper.py] net forward
[loftr_wrapper.py] mconf, 0.20048828423023224 0.9996863007545471
[loftr_wrapper.py] pair_ids (1323,)
[loftr_wrapper.py] corres: (1323, 5)
[loftr_wrapper.py] image0: torch.Size([1, 1, 400, 400])
[loftr_wrapper.py] net forward
[loftr_wrapper.py] mconf, 0.20088714361190796 0.9863268136978149
[loftr_wrapper.py] pair_ids (613,)
[loftr_wrapper.py] corres: (613, 5)
[loftr_wrapper.py] image0: torch.Size([1, 1, 400, 400])
[loftr_wrapper.py] net forward
[loftr_wrapper.py] mconf, 0.20351456105709076 0.8043941855430603
[loftr_wrapper.py] pair_ids (72,)
[loftr_wrapper.py] corres: (72, 5)
[loftr_wrapper.py] image0: torch.Size([1, 1, 400, 400])
[loftr_wrapper.py] net forward
[loftr_wrapper.py] mconf, 0.20052284002304077 0.9968288540840149
[loftr_wrapper.py] pair_ids (740,)
[loftr_wrapper.py] corres: (740, 5)
[loftr_wrapper.py] image0: torch.Size([1, 1, 400, 400])
[loftr_wrapper.py] net forward
[loftr_wrapper.py] mconf, 0.20058012008666992 0.998030960559845
[loftr_wrapper.py] pair_ids (389,)
[loftr_wrapper.py] corres: (389, 5)
[loftr_wrapper.py] image0: torch.Size([1, 1, 400, 400])
[loftr_wrapper.py] net forward
[loftr_wrapper.py] mconf, 0.20058704912662506 0.9937015771865845
[loftr_wrapper.py] pair_ids (584,)
[loftr_wrapper.py] corres: (584, 5)
[loftr_wrapper.py] image0: torch.Size([1, 1, 400, 400])
[loftr_wrapper.py] net forward
[loftr_wrapper.py] mconf, 0.20115022361278534 0.9948982000350952
[loftr_wrapper.py] pair_ids (1150,)
[loftr_wrapper.py] corres: (1150, 5)
[loftr_wrapper.py] image0: torch.Size([1, 1, 400, 400])
[loftr_wrapper.py] net forward
[loftr_wrapper.py] mconf, 0.20016145706176758 0.9990219473838806
[loftr_wrapper.py] pair_ids (930,)
[loftr_wrapper.py] corres: (930, 5)
[loftr_wrapper.py] image0: torch.Size([1, 1, 400, 400])
[loftr_wrapper.py] net forward
[loftr_wrapper.py] mconf, 0.20082642138004303 0.8272963166236877
[loftr_wrapper.py] pair_ids (102,)
[loftr_wrapper.py] corres: (102, 5)
[loftr_wrapper.py] image0: torch.Size([1, 1, 400, 400])
[loftr_wrapper.py] net forward
[loftr_wrapper.py] mconf, 0.2011478990316391 0.992824375629425
[loftr_wrapper.py] pair_ids (1129,)
[loftr_wrapper.py] corres: (1129, 5)
[loftr_wrapper.py] image0: torch.Size([1, 1, 400, 400])
[loftr_wrapper.py] net forward
[loftr_wrapper.py] mconf, 0.20013129711151123 0.9490620493888855
[loftr_wrapper.py] pair_ids (537,)
[loftr_wrapper.py] corres: (537, 5)
[loftr_wrapper.py] image0: torch.Size([1, 1, 400, 400])
[loftr_wrapper.py] net forward
[loftr_wrapper.py] mconf, 0.20100617408752441 0.9981991648674011
[loftr_wrapper.py] pair_ids (1386,)
[loftr_wrapper.py] corres: (1386, 5)
[loftr_wrapper.py] image0: torch.Size([1, 1, 400, 400])
[loftr_wrapper.py] net forward
[loftr_wrapper.py] mconf, 0.20017369091510773 0.997860312461853
[loftr_wrapper.py] pair_ids (1399,)
[loftr_wrapper.py] corres: (1399, 5)
[loftr_wrapper.py] image0: torch.Size([1, 1, 400, 400])
[loftr_wrapper.py] net forward
[loftr_wrapper.py] mconf, 0.20019841194152832 0.9811658263206482
[loftr_wrapper.py] pair_ids (855,)
[loftr_wrapper.py] corres: (855, 5)
[loftr_wrapper.py] image0: torch.Size([1, 1, 400, 400])
[loftr_wrapper.py] net forward
[loftr_wrapper.py] mconf, 0.20036214590072632 0.7393778562545776
[loftr_wrapper.py] pair_ids (112,)
[loftr_wrapper.py] corres: (112, 5)
[loftr_wrapper.py] image0: torch.Size([1, 1, 400, 400])
[loftr_wrapper.py] net forward
[loftr_wrapper.py] mconf, 0.20090511441230774 0.997859537601471
[loftr_wrapper.py] pair_ids (693,)
[loftr_wrapper.py] corres: (693, 5)
[loftr_wrapper.py] image0: torch.Size([1, 1, 400, 400])
[loftr_wrapper.py] net forward
[loftr_wrapper.py] mconf, 0.2003178745508194 0.9833788871765137
[loftr_wrapper.py] pair_ids (758,)
[loftr_wrapper.py] corres: (758, 5)
[loftr_wrapper.py] image0: torch.Size([1, 1, 400, 400])
[loftr_wrapper.py] net forward
[loftr_wrapper.py] mconf, 0.20019325613975525 0.985484778881073
[loftr_wrapper.py] pair_ids (587,)
[loftr_wrapper.py] corres: (587, 5)
[loftr_wrapper.py] image0: torch.Size([1, 1, 400, 400])
[loftr_wrapper.py] net forward
[loftr_wrapper.py] mconf, 0.20004108548164368 0.9937313795089722
[loftr_wrapper.py] pair_ids (989,)
[loftr_wrapper.py] corres: (989, 5)
[loftr_wrapper.py] image0: torch.Size([1, 1, 400, 400])
[loftr_wrapper.py] net forward
[loftr_wrapper.py] mconf, 0.20393572747707367 0.9948760867118835
[loftr_wrapper.py] pair_ids (978,)
[loftr_wrapper.py] corres: (978, 5)
[loftr_wrapper.py] image0: torch.Size([1, 1, 400, 400])
[loftr_wrapper.py] net forward
[loftr_wrapper.py] mconf, 0.2002844363451004 0.9967381954193115
[loftr_wrapper.py] pair_ids (1079,)
[loftr_wrapper.py] corres: (1079, 5)
[loftr_wrapper.py] image0: torch.Size([1, 1, 400, 400])
[loftr_wrapper.py] net forward
[loftr_wrapper.py] mconf, 0.20062850415706635 0.9946816563606262
[loftr_wrapper.py] pair_ids (545,)
[loftr_wrapper.py] corres: (545, 5)
[loftr_wrapper.py] image0: torch.Size([1, 1, 400, 400])
[loftr_wrapper.py] net forward
[loftr_wrapper.py] mconf, 0.2012694627046585 0.9494305849075317
[loftr_wrapper.py] pair_ids (88,)
[loftr_wrapper.py] corres: (88, 5)
[loftr_wrapper.py] image0: torch.Size([1, 1, 400, 400])
[loftr_wrapper.py] net forward
[loftr_wrapper.py] mconf, 0.20002423226833344 0.9963008165359497
[loftr_wrapper.py] pair_ids (968,)
[loftr_wrapper.py] corres: (968, 5)
[loftr_wrapper.py] image0: torch.Size([1, 1, 400, 400])
[loftr_wrapper.py] net forward
[loftr_wrapper.py] mconf, 0.20145846903324127 0.9211081862449646
[loftr_wrapper.py] pair_ids (73,)
[loftr_wrapper.py] corres: (73, 5)
[loftr_wrapper.py] image0: torch.Size([1, 1, 400, 400])
[loftr_wrapper.py] net forward
[loftr_wrapper.py] mconf, 0.20046576857566833 0.9943166971206665
[loftr_wrapper.py] pair_ids (1186,)
[loftr_wrapper.py] corres: (1186, 5)
[loftr_wrapper.py] image0: torch.Size([1, 1, 400, 400])
[loftr_wrapper.py] net forward
[loftr_wrapper.py] mconf, 0.20106077194213867 0.9942314624786377
[loftr_wrapper.py] pair_ids (1034,)
[loftr_wrapper.py] corres: (1034, 5)
[loftr_wrapper.py] image0: torch.Size([1, 1, 400, 400])
[loftr_wrapper.py] net forward
[loftr_wrapper.py] mconf, 0.20035317540168762 0.6730661392211914
[loftr_wrapper.py] pair_ids (78,)
[loftr_wrapper.py] corres: (78, 5)
[loftr_wrapper.py] image0: torch.Size([1, 1, 400, 400])
[loftr_wrapper.py] net forward
[loftr_wrapper.py] mconf, 0.20058634877204895 0.9923826456069946
[loftr_wrapper.py] pair_ids (641,)
[loftr_wrapper.py] corres: (641, 5)
[loftr_wrapper.py] image0: torch.Size([1, 1, 400, 400])
[loftr_wrapper.py] net forward
[loftr_wrapper.py] mconf, 0.20079654455184937 0.9892405867576599
[loftr_wrapper.py] pair_ids (522,)
[loftr_wrapper.py] corres: (522, 5)
[loftr_wrapper.py] image0: torch.Size([1, 1, 400, 400])
[loftr_wrapper.py] net forward
[loftr_wrapper.py] mconf, 0.20153534412384033 0.8730152249336243
[loftr_wrapper.py] pair_ids (49,)
[loftr_wrapper.py] corres: (49, 5)
[loftr_wrapper.py] image0: torch.Size([1, 1, 400, 400])
[loftr_wrapper.py] net forward
[loftr_wrapper.py] mconf, 0.20057204365730286 0.9978691935539246
[loftr_wrapper.py] pair_ids (1215,)
[loftr_wrapper.py] corres: (1215, 5)
[loftr_wrapper.py] image0: torch.Size([1, 1, 400, 400])
[loftr_wrapper.py] net forward
[loftr_wrapper.py] mconf, 0.2009105682373047 0.9961496591567993
[loftr_wrapper.py] pair_ids (528,)
[loftr_wrapper.py] corres: (528, 5)
[loftr_wrapper.py] image0: torch.Size([1, 1, 400, 400])
[loftr_wrapper.py] net forward
[loftr_wrapper.py] mconf, 0.2008180171251297 0.9979028105735779
[loftr_wrapper.py] pair_ids (1162,)
[loftr_wrapper.py] corres: (1162, 5)
[loftr_wrapper.py] image0: torch.Size([1, 1, 400, 400])
[loftr_wrapper.py] net forward
[loftr_wrapper.py] mconf, 0.20249998569488525 0.8313407897949219
[loftr_wrapper.py] pair_ids (93,)
[loftr_wrapper.py] corres: (93, 5)
[loftr_wrapper.py] image0: torch.Size([1, 1, 400, 400])
[loftr_wrapper.py] net forward
[loftr_wrapper.py] mconf, 0.20045529305934906 0.9805824756622314
[loftr_wrapper.py] pair_ids (291,)
[loftr_wrapper.py] corres: (291, 5)
[loftr_wrapper.py] image0: torch.Size([1, 1, 400, 400])
[loftr_wrapper.py] net forward
[loftr_wrapper.py] mconf, 0.2005528062582016 0.998167097568512
[loftr_wrapper.py] pair_ids (894,)
[loftr_wrapper.py] corres: (894, 5)
[loftr_wrapper.py] image0: torch.Size([1, 1, 400, 400])
[loftr_wrapper.py] net forward
[loftr_wrapper.py] mconf, 0.2008114755153656 0.9979320764541626
[loftr_wrapper.py] pair_ids (879,)
[loftr_wrapper.py] corres: (879, 5)
[loftr_wrapper.py] image0: torch.Size([1, 1, 400, 400])
[loftr_wrapper.py] net forward
[loftr_wrapper.py] mconf, 0.20197013020515442 0.7391575574874878
[loftr_wrapper.py] pair_ids (100,)
[loftr_wrapper.py] corres: (100, 5)
[loftr_wrapper.py] image0: torch.Size([1, 1, 400, 400])
[loftr_wrapper.py] net forward
[loftr_wrapper.py] mconf, 0.20033672451972961 0.9861315488815308
[loftr_wrapper.py] pair_ids (310,)
[loftr_wrapper.py] corres: (310, 5)
[loftr_wrapper.py] image0: torch.Size([1, 1, 400, 400])
[loftr_wrapper.py] net forward
[loftr_wrapper.py] mconf, 0.20166245102882385 0.9761567711830139
[loftr_wrapper.py] pair_ids (157,)
[loftr_wrapper.py] corres: (157, 5)
[loftr_wrapper.py] image0: torch.Size([1, 1, 400, 400])
[loftr_wrapper.py] net forward
[loftr_wrapper.py] mconf, 0.2003987431526184 0.9949591159820557
[loftr_wrapper.py] pair_ids (1071,)
[loftr_wrapper.py] corres: (1071, 5)
[loftr_wrapper.py] image0: torch.Size([1, 1, 400, 400])
[loftr_wrapper.py] net forward
[loftr_wrapper.py] mconf, 0.2002403885126114 0.8700624108314514
[loftr_wrapper.py] pair_ids (84,)
[loftr_wrapper.py] corres: (84, 5)
[loftr_wrapper.py] image0: torch.Size([1, 1, 400, 400])
[loftr_wrapper.py] net forward
[loftr_wrapper.py] mconf, 0.20214271545410156 0.9989469051361084
[loftr_wrapper.py] pair_ids (762,)
[loftr_wrapper.py] corres: (762, 5)
[loftr_wrapper.py] image0: torch.Size([1, 1, 400, 400])
[loftr_wrapper.py] net forward
[loftr_wrapper.py] mconf, 0.20028719305992126 0.9765673279762268
[loftr_wrapper.py] pair_ids (549,)
[loftr_wrapper.py] corres: (549, 5)
[loftr_wrapper.py] image0: torch.Size([1, 1, 400, 400])
[loftr_wrapper.py] net forward
[loftr_wrapper.py] mconf, 0.20013019442558289 0.8974168300628662
[loftr_wrapper.py] pair_ids (100,)
[loftr_wrapper.py] corres: (100, 5)
[loftr_wrapper.py] image0: torch.Size([1, 1, 400, 400])
[loftr_wrapper.py] net forward
[loftr_wrapper.py] mconf, 0.2005273848772049 0.7282726764678955
[loftr_wrapper.py] pair_ids (137,)
[loftr_wrapper.py] corres: (137, 5)
[loftr_wrapper.py] image0: torch.Size([1, 1, 400, 400])
[loftr_wrapper.py] net forward
[loftr_wrapper.py] mconf, 0.20013165473937988 0.9756525158882141
[loftr_wrapper.py] pair_ids (325,)
[loftr_wrapper.py] corres: (325, 5)
[loftr_wrapper.py] image0: torch.Size([1, 1, 400, 400])
[loftr_wrapper.py] net forward
[loftr_wrapper.py] mconf, 0.20010776817798615 0.9981880187988281
[loftr_wrapper.py] pair_ids (808,)
[loftr_wrapper.py] corres: (808, 5)
[loftr_wrapper.py] image0: torch.Size([1, 1, 400, 400])
[loftr_wrapper.py] net forward
[loftr_wrapper.py] mconf, 0.20011869072914124 0.9914296865463257
[loftr_wrapper.py] pair_ids (1189,)
[loftr_wrapper.py] corres: (1189, 5)
[loftr_wrapper.py] image0: torch.Size([1, 1, 400, 400])
[loftr_wrapper.py] net forward
[loftr_wrapper.py] mconf, 0.2002554088830948 0.9975022673606873
[loftr_wrapper.py] pair_ids (426,)
[loftr_wrapper.py] corres: (426, 5)
[loftr_wrapper.py] image0: torch.Size([1, 1, 400, 400])
[loftr_wrapper.py] net forward
[loftr_wrapper.py] mconf, 0.20003141462802887 0.8773374557495117
[loftr_wrapper.py] pair_ids (100,)
[loftr_wrapper.py] corres: (100, 5)
[loftr_wrapper.py] image0: torch.Size([1, 1, 400, 400])
[loftr_wrapper.py] net forward
[loftr_wrapper.py] mconf, 0.2000451683998108 0.9823878407478333
[loftr_wrapper.py] pair_ids (399,)
[loftr_wrapper.py] corres: (399, 5)
[loftr_wrapper.py] image0: torch.Size([1, 1, 400, 400])
[loftr_wrapper.py] net forward
[loftr_wrapper.py] mconf, 0.2002074271440506 0.9987598061561584
[loftr_wrapper.py] pair_ids (1465,)
[loftr_wrapper.py] corres: (1465, 5)
[loftr_wrapper.py] image0: torch.Size([1, 1, 400, 400])
[loftr_wrapper.py] net forward
[loftr_wrapper.py] mconf, 0.20086374878883362 0.844869077205658
[loftr_wrapper.py] pair_ids (148,)
[loftr_wrapper.py] corres: (148, 5)
[loftr_wrapper.py] image0: torch.Size([1, 1, 400, 400])
[loftr_wrapper.py] net forward
[loftr_wrapper.py] mconf, 0.2007244974374771 0.9971616268157959
[loftr_wrapper.py] pair_ids (1131,)
[loftr_wrapper.py] corres: (1131, 5)
[loftr_wrapper.py] image0: torch.Size([1, 1, 400, 400])
[loftr_wrapper.py] net forward
[loftr_wrapper.py] mconf, 0.2000720500946045 0.9886935353279114
[loftr_wrapper.py] pair_ids (1142,)
[loftr_wrapper.py] corres: (1142, 5)
[loftr_wrapper.py] image0: torch.Size([1, 1, 400, 400])
[loftr_wrapper.py] net forward
[loftr_wrapper.py] mconf, 0.2004976123571396 0.7069070935249329
[loftr_wrapper.py] pair_ids (56,)
[loftr_wrapper.py] corres: (56, 5)
[loftr_wrapper.py] image0: torch.Size([1, 1, 400, 400])
[loftr_wrapper.py] net forward
[loftr_wrapper.py] mconf, 0.2003583163022995 0.7426228523254395
[loftr_wrapper.py] pair_ids (113,)
[loftr_wrapper.py] corres: (113, 5)
[loftr_wrapper.py] image0: torch.Size([1, 1, 400, 400])
[loftr_wrapper.py] net forward
[loftr_wrapper.py] mconf, 0.20004315674304962 0.9901994466781616
[loftr_wrapper.py] pair_ids (416,)
[loftr_wrapper.py] corres: (416, 5)
[loftr_wrapper.py] image0: torch.Size([1, 1, 400, 400])
[loftr_wrapper.py] net forward
[loftr_wrapper.py] mconf, 0.20013058185577393 0.9138153195381165
[loftr_wrapper.py] pair_ids (147,)
[loftr_wrapper.py] corres: (147, 5)
[loftr_wrapper.py] image0: torch.Size([1, 1, 400, 400])
[loftr_wrapper.py] net forward
[loftr_wrapper.py] mconf, 0.20007507503032684 0.85543292760849
[loftr_wrapper.py] pair_ids (106,)
[loftr_wrapper.py] corres: (106, 5)
[loftr_wrapper.py] image0: torch.Size([1, 1, 400, 400])
[loftr_wrapper.py] net forward
[loftr_wrapper.py] mconf, 0.20460861921310425 0.8851537704467773
[loftr_wrapper.py] pair_ids (82,)
[loftr_wrapper.py] corres: (82, 5)
[loftr_wrapper.py] image0: torch.Size([1, 1, 400, 400])
[loftr_wrapper.py] net forward
[loftr_wrapper.py] mconf, 0.2015526443719864 0.9256656765937805
[loftr_wrapper.py] pair_ids (249,)
[loftr_wrapper.py] corres: (249, 5)
[loftr_wrapper.py] image0: torch.Size([1, 1, 400, 400])
[loftr_wrapper.py] net forward
[loftr_wrapper.py] mconf, 0.20036861300468445 0.6951481103897095
[loftr_wrapper.py] pair_ids (89,)
[loftr_wrapper.py] corres: (89, 5)
[loftr_wrapper.py] image0: torch.Size([1, 1, 400, 400])
[loftr_wrapper.py] net forward
[loftr_wrapper.py] mconf, 0.20331382751464844 0.9903650283813477
[loftr_wrapper.py] pair_ids (196,)
[loftr_wrapper.py] corres: (196, 5)
[loftr_wrapper.py] image0: torch.Size([1, 1, 400, 400])
[loftr_wrapper.py] net forward
[loftr_wrapper.py] mconf, 0.20016345381736755 0.8551306128501892
[loftr_wrapper.py] pair_ids (125,)
[loftr_wrapper.py] corres: (125, 5)
[loftr_wrapper.py] image0: torch.Size([1, 1, 400, 400])
[loftr_wrapper.py] net forward
[loftr_wrapper.py] mconf, 0.20111757516860962 0.8902149796485901
[loftr_wrapper.py] pair_ids (101,)
[loftr_wrapper.py] corres: (101, 5)
[loftr_wrapper.py] image0: torch.Size([1, 1, 400, 400])
[loftr_wrapper.py] net forward
[loftr_wrapper.py] mconf, 0.20067036151885986 0.9113067984580994
[loftr_wrapper.py] pair_ids (190,)
[loftr_wrapper.py] corres: (190, 5)
[loftr_wrapper.py] image0: torch.Size([1, 1, 400, 400])
[loftr_wrapper.py] net forward
[loftr_wrapper.py] mconf, 0.20017442107200623 0.9984074831008911
[loftr_wrapper.py] pair_ids (912,)
[loftr_wrapper.py] corres: (912, 5)
[loftr_wrapper.py] image0: torch.Size([1, 1, 400, 400])
[loftr_wrapper.py] net forward
[loftr_wrapper.py] mconf, 0.20050832629203796 0.9236977100372314
[loftr_wrapper.py] pair_ids (220,)
[loftr_wrapper.py] corres: (220, 5)
[loftr_wrapper.py] image0: torch.Size([1, 1, 400, 400])
[loftr_wrapper.py] net forward
[loftr_wrapper.py] mconf, 0.20049461722373962 0.7983911037445068
[loftr_wrapper.py] pair_ids (178,)
[loftr_wrapper.py] corres: (178, 5)
[loftr_wrapper.py] image0: torch.Size([1, 1, 400, 400])
[loftr_wrapper.py] net forward
[loftr_wrapper.py] mconf, 0.20007337629795074 0.8124480843544006
[loftr_wrapper.py] pair_ids (113,)
[loftr_wrapper.py] corres: (113, 5)
[loftr_wrapper.py] image0: torch.Size([1, 1, 400, 400])
[loftr_wrapper.py] net forward
[loftr_wrapper.py] mconf, 0.20033198595046997 0.9901488423347473
[loftr_wrapper.py] pair_ids (273,)
[loftr_wrapper.py] corres: (273, 5)
[loftr_wrapper.py] image0: torch.Size([1, 1, 400, 400])
[loftr_wrapper.py] net forward
[loftr_wrapper.py] mconf, 0.20047320425510406 0.8105458617210388
[loftr_wrapper.py] pair_ids (93,)
[loftr_wrapper.py] corres: (93, 5)
[loftr_wrapper.py] image0: torch.Size([1, 1, 400, 400])
[loftr_wrapper.py] net forward
[loftr_wrapper.py] mconf, 0.20077140629291534 0.9382657408714294
[loftr_wrapper.py] pair_ids (360,)
[loftr_wrapper.py] corres: (360, 5)
[loftr_wrapper.py] image0: torch.Size([1, 1, 400, 400])
[loftr_wrapper.py] net forward
[loftr_wrapper.py] mconf, 0.20232361555099487 0.7576266527175903
[loftr_wrapper.py] pair_ids (148,)
[loftr_wrapper.py] corres: (148, 5)
[loftr_wrapper.py] image0: torch.Size([1, 1, 400, 400])
[loftr_wrapper.py] net forward
[loftr_wrapper.py] mconf, 0.2035660445690155 0.742563784122467
[loftr_wrapper.py] pair_ids (67,)
[loftr_wrapper.py] corres: (67, 5)
[loftr_wrapper.py] image0: torch.Size([1, 1, 400, 400])
[loftr_wrapper.py] net forward
[loftr_wrapper.py] mconf, 0.2010311633348465 0.7864308953285217
[loftr_wrapper.py] pair_ids (142,)
[loftr_wrapper.py] corres: (142, 5)
[loftr_wrapper.py] image0: torch.Size([1, 1, 400, 400])
[loftr_wrapper.py] net forward
[loftr_wrapper.py] mconf, 0.20022039115428925 0.9939541816711426
[loftr_wrapper.py] pair_ids (447,)
[loftr_wrapper.py] corres: (447, 5)
[loftr_wrapper.py] image0: torch.Size([1, 1, 400, 400])
[loftr_wrapper.py] net forward
[loftr_wrapper.py] mconf, 0.20087027549743652 0.9111089110374451
[loftr_wrapper.py] pair_ids (228,)
[loftr_wrapper.py] corres: (228, 5)
[loftr_wrapper.py] image0: torch.Size([1, 1, 400, 400])
[loftr_wrapper.py] net forward
[loftr_wrapper.py] mconf, 0.20044170320034027 0.8688459396362305
[loftr_wrapper.py] pair_ids (87,)
[loftr_wrapper.py] corres: (87, 5)
[loftr_wrapper.py] image0: torch.Size([1, 1, 400, 400])
[loftr_wrapper.py] net forward
[loftr_wrapper.py] mconf, 0.20010806620121002 0.9729334712028503
[loftr_wrapper.py] pair_ids (266,)
[loftr_wrapper.py] corres: (266, 5)
[loftr_wrapper.py] image0: torch.Size([1, 1, 400, 400])
[loftr_wrapper.py] net forward
[loftr_wrapper.py] mconf, 0.20062194764614105 0.9547152519226074
[loftr_wrapper.py] pair_ids (278,)
[loftr_wrapper.py] corres: (278, 5)
[loftr_wrapper.py] image0: torch.Size([1, 1, 400, 400])
[loftr_wrapper.py] net forward
[loftr_wrapper.py] mconf, 0.200044646859169 0.9993516802787781
[loftr_wrapper.py] pair_ids (602,)
[loftr_wrapper.py] corres: (602, 5)
[loftr_wrapper.py] image0: torch.Size([1, 1, 400, 400])
[loftr_wrapper.py] net forward
[loftr_wrapper.py] mconf, 0.2015315443277359 0.7465295791625977
[loftr_wrapper.py] pair_ids (77,)
[loftr_wrapper.py] corres: (77, 5)
[loftr_wrapper.py] image0: torch.Size([1, 1, 400, 400])
[loftr_wrapper.py] net forward
[loftr_wrapper.py] mconf, 0.20050042867660522 0.9794980883598328
[loftr_wrapper.py] pair_ids (344,)
[loftr_wrapper.py] corres: (344, 5)
[loftr_wrapper.py] image0: torch.Size([1, 1, 400, 400])
[loftr_wrapper.py] net forward
[loftr_wrapper.py] mconf, 0.20125652849674225 0.7318902611732483
[loftr_wrapper.py] pair_ids (94,)
[loftr_wrapper.py] corres: (94, 5)
[loftr_wrapper.py] image0: torch.Size([1, 1, 400, 400])
[loftr_wrapper.py] net forward
[loftr_wrapper.py] mconf, 0.20123256742954254 0.9900051951408386
[loftr_wrapper.py] pair_ids (730,)
[loftr_wrapper.py] corres: (730, 5)
[loftr_wrapper.py] image0: torch.Size([1, 1, 400, 400])
[loftr_wrapper.py] net forward
[loftr_wrapper.py] mconf, 0.20097549259662628 0.9580361247062683
[loftr_wrapper.py] pair_ids (235,)
[loftr_wrapper.py] corres: (235, 5)
[loftr_wrapper.py] image0: torch.Size([1, 1, 400, 400])
[loftr_wrapper.py] net forward
[loftr_wrapper.py] mconf, 0.20010358095169067 0.9916424751281738
[loftr_wrapper.py] pair_ids (500,)
[loftr_wrapper.py] corres: (500, 5)
[loftr_wrapper.py] image0: torch.Size([1, 1, 400, 400])
[loftr_wrapper.py] net forward
[loftr_wrapper.py] mconf, 0.20085252821445465 0.8406805396080017
[loftr_wrapper.py] pair_ids (145,)
[loftr_wrapper.py] corres: (145, 5)
[loftr_wrapper.py] image0: torch.Size([1, 1, 400, 400])
[loftr_wrapper.py] net forward
[loftr_wrapper.py] mconf, 0.20073382556438446 0.7288397550582886
[loftr_wrapper.py] pair_ids (92,)
[loftr_wrapper.py] corres: (92, 5)
[loftr_wrapper.py] image0: torch.Size([1, 1, 400, 400])
[loftr_wrapper.py] net forward
[loftr_wrapper.py] mconf, 0.20002911984920502 0.993114173412323
[loftr_wrapper.py] pair_ids (661,)
[loftr_wrapper.py] corres: (661, 5)
[loftr_wrapper.py] image0: torch.Size([1, 1, 400, 400])
[loftr_wrapper.py] net forward
[loftr_wrapper.py] mconf, 0.2003205418586731 0.884035050868988
[loftr_wrapper.py] pair_ids (135,)
[loftr_wrapper.py] corres: (135, 5)
[loftr_wrapper.py] image0: torch.Size([1, 1, 400, 400])
[loftr_wrapper.py] net forward
[loftr_wrapper.py] mconf, 0.20046433806419373 0.9990407228469849
[loftr_wrapper.py] pair_ids (658,)
[loftr_wrapper.py] corres: (658, 5)
[loftr_wrapper.py] image0: torch.Size([1, 1, 400, 400])
[loftr_wrapper.py] net forward
[loftr_wrapper.py] mconf, 0.20200073719024658 0.9985898733139038
[loftr_wrapper.py] pair_ids (853,)
[loftr_wrapper.py] corres: (853, 5)
[loftr_wrapper.py] image0: torch.Size([1, 1, 400, 400])
[loftr_wrapper.py] net forward
[loftr_wrapper.py] mconf, 0.20016102492809296 0.9288275241851807
[loftr_wrapper.py] pair_ids (216,)
[loftr_wrapper.py] corres: (216, 5)
[loftr_wrapper.py] image0: torch.Size([1, 1, 400, 400])
[loftr_wrapper.py] net forward
[loftr_wrapper.py] mconf, 0.20393045246601105 0.7020676732063293
[loftr_wrapper.py] pair_ids (41,)
[loftr_wrapper.py] corres: (41, 5)
[loftr_wrapper.py] image0: torch.Size([1, 1, 400, 400])
[loftr_wrapper.py] net forward
[loftr_wrapper.py] mconf, 0.20113098621368408 0.9982753396034241
[loftr_wrapper.py] pair_ids (298,)
[loftr_wrapper.py] corres: (298, 5)
[loftr_wrapper.py] image0: torch.Size([1, 1, 400, 400])
[loftr_wrapper.py] net forward
[loftr_wrapper.py] mconf, 0.2000306248664856 0.9643380641937256
[loftr_wrapper.py] pair_ids (235,)
[loftr_wrapper.py] corres: (235, 5)
[loftr_wrapper.py] image0: torch.Size([1, 1, 400, 400])
[loftr_wrapper.py] net forward
[loftr_wrapper.py] mconf, 0.20034465193748474 0.8705185055732727
[loftr_wrapper.py] pair_ids (243,)
[loftr_wrapper.py] corres: (243, 5)
[loftr_wrapper.py] image0: torch.Size([1, 1, 400, 400])
[loftr_wrapper.py] net forward
[loftr_wrapper.py] mconf, 0.20024138689041138 0.9603956937789917
[loftr_wrapper.py] pair_ids (467,)
[loftr_wrapper.py] corres: (467, 5)
[loftr_wrapper.py] image0: torch.Size([1, 1, 400, 400])
[loftr_wrapper.py] net forward
[loftr_wrapper.py] mconf, 0.20116204023361206 0.8908810019493103
[loftr_wrapper.py] pair_ids (75,)
[loftr_wrapper.py] corres: (75, 5)
[loftr_wrapper.py] image0: torch.Size([1, 1, 400, 400])
[loftr_wrapper.py] net forward
[loftr_wrapper.py] mconf, 0.2002600133419037 0.9894170165061951
[loftr_wrapper.py] pair_ids (482,)
[loftr_wrapper.py] corres: (482, 5)
[loftr_wrapper.py] image0: torch.Size([1, 1, 400, 400])
[loftr_wrapper.py] net forward
[loftr_wrapper.py] mconf, 0.20046693086624146 0.9969072341918945
[loftr_wrapper.py] pair_ids (405,)
[loftr_wrapper.py] corres: (405, 5)
[loftr_wrapper.py] image0: torch.Size([1, 1, 400, 400])
[loftr_wrapper.py] net forward
[loftr_wrapper.py] mconf, 0.2026364654302597 0.9387871026992798
[loftr_wrapper.py] pair_ids (257,)
[loftr_wrapper.py] corres: (257, 5)
[loftr_wrapper.py] image0: torch.Size([1, 1, 400, 400])
[loftr_wrapper.py] net forward
[loftr_wrapper.py] mconf, 0.20006904006004333 0.9696140885353088
[loftr_wrapper.py] pair_ids (173,)
[loftr_wrapper.py] corres: (173, 5)
[loftr_wrapper.py] image0: torch.Size([1, 1, 400, 400])
[loftr_wrapper.py] net forward
[loftr_wrapper.py] mconf, 0.20020590722560883 0.9974956512451172
[loftr_wrapper.py] pair_ids (621,)
[loftr_wrapper.py] corres: (621, 5)
[loftr_wrapper.py] image0: torch.Size([1, 1, 400, 400])
[loftr_wrapper.py] net forward
[loftr_wrapper.py] mconf, 0.20004944503307343 0.6689748764038086
[loftr_wrapper.py] pair_ids (58,)
[loftr_wrapper.py] corres: (58, 5)
[loftr_wrapper.py] image0: torch.Size([1, 1, 400, 400])
[loftr_wrapper.py] net forward
[loftr_wrapper.py] mconf, 0.20104001462459564 0.9979913234710693
[loftr_wrapper.py] pair_ids (465,)
[loftr_wrapper.py] corres: (465, 5)
[loftr_wrapper.py] image0: torch.Size([1, 1, 400, 400])
[loftr_wrapper.py] net forward
[loftr_wrapper.py] mconf, 0.2001090943813324 0.8509776592254639
[loftr_wrapper.py] pair_ids (141,)
[loftr_wrapper.py] corres: (141, 5)
[loftr_wrapper.py] image0: torch.Size([1, 1, 400, 400])
[loftr_wrapper.py] net forward
[loftr_wrapper.py] mconf, 0.2027158886194229 0.995842456817627
[loftr_wrapper.py] pair_ids (521,)
[loftr_wrapper.py] corres: (521, 5)
[loftr_wrapper.py] image0: torch.Size([1, 1, 400, 400])
[loftr_wrapper.py] net forward
[loftr_wrapper.py] mconf, 0.20082001388072968 0.9893691539764404
[loftr_wrapper.py] pair_ids (476,)
[loftr_wrapper.py] corres: (476, 5)
[loftr_wrapper.py] image0: torch.Size([1, 1, 400, 400])
[loftr_wrapper.py] net forward
[loftr_wrapper.py] mconf, 0.2000039517879486 0.9974490404129028
[loftr_wrapper.py] pair_ids (422,)
[loftr_wrapper.py] corres: (422, 5)
[loftr_wrapper.py] image0: torch.Size([1, 1, 400, 400])
[loftr_wrapper.py] net forward
[loftr_wrapper.py] mconf, 0.20050619542598724 0.9616847634315491
[loftr_wrapper.py] pair_ids (251,)
[loftr_wrapper.py] corres: (251, 5)
[loftr_wrapper.py] image0: torch.Size([1, 1, 400, 400])
[loftr_wrapper.py] net forward
[loftr_wrapper.py] mconf, 0.2005249708890915 0.9766051173210144
[loftr_wrapper.py] pair_ids (286,)
[loftr_wrapper.py] corres: (286, 5)
[loftr_wrapper.py] image0: torch.Size([1, 1, 400, 400])
[loftr_wrapper.py] net forward
[loftr_wrapper.py] mconf, 0.20097379386425018 0.6978508234024048
[loftr_wrapper.py] pair_ids (63,)
[loftr_wrapper.py] corres: (63, 5)
[loftr_wrapper.py] image0: torch.Size([1, 1, 400, 400])
[loftr_wrapper.py] net forward
[loftr_wrapper.py] mconf, 0.20016473531723022 0.874703049659729
[loftr_wrapper.py] pair_ids (203,)
[loftr_wrapper.py] corres: (203, 5)
[loftr_wrapper.py] image0: torch.Size([1, 1, 400, 400])
[loftr_wrapper.py] net forward
[loftr_wrapper.py] mconf, 0.20169810950756073 0.9051269292831421
[loftr_wrapper.py] pair_ids (145,)
[loftr_wrapper.py] corres: (145, 5)
[loftr_wrapper.py] image0: torch.Size([1, 1, 400, 400])
[loftr_wrapper.py] net forward
[loftr_wrapper.py] mconf, 0.20054017007350922 0.753861129283905
[loftr_wrapper.py] pair_ids (65,)
[loftr_wrapper.py] corres: (65, 5)
[loftr_wrapper.py] image0: torch.Size([1, 1, 400, 400])
[loftr_wrapper.py] net forward
[loftr_wrapper.py] mconf, 0.20020370185375214 0.9992389678955078
[loftr_wrapper.py] pair_ids (990,)
[loftr_wrapper.py] corres: (990, 5)
[loftr_wrapper.py] image0: torch.Size([1, 1, 400, 400])
[loftr_wrapper.py] net forward
[loftr_wrapper.py] mconf, 0.2012995481491089 0.994973361492157
[loftr_wrapper.py] pair_ids (554,)
[loftr_wrapper.py] corres: (554, 5)
[loftr_wrapper.py] image0: torch.Size([1, 1, 400, 400])
[loftr_wrapper.py] net forward
[loftr_wrapper.py] mconf, 0.2015460878610611 0.7201602458953857
[loftr_wrapper.py] pair_ids (85,)
[loftr_wrapper.py] corres: (85, 5)
[loftr_wrapper.py] image0: torch.Size([1, 1, 400, 400])
[loftr_wrapper.py] net forward
[loftr_wrapper.py] mconf, 0.2000238001346588 0.756946325302124
[loftr_wrapper.py] pair_ids (98,)
[loftr_wrapper.py] corres: (98, 5)
[loftr_wrapper.py] image0: torch.Size([1, 1, 400, 400])
[loftr_wrapper.py] net forward
[loftr_wrapper.py] mconf, 0.20083633065223694 0.9236412048339844
[loftr_wrapper.py] pair_ids (133,)
[loftr_wrapper.py] corres: (133, 5)
[loftr_wrapper.py] image0: torch.Size([1, 1, 400, 400])
[loftr_wrapper.py] net forward
[loftr_wrapper.py] mconf, 0.20106741786003113 0.7079595327377319
[loftr_wrapper.py] pair_ids (82,)
[loftr_wrapper.py] corres: (82, 5)
[loftr_wrapper.py] image0: torch.Size([1, 1, 400, 400])
[loftr_wrapper.py] net forward
[loftr_wrapper.py] mconf, 0.2006922960281372 0.9320093393325806
[loftr_wrapper.py] pair_ids (130,)
[loftr_wrapper.py] corres: (130, 5)
[loftr_wrapper.py] image0: torch.Size([1, 1, 400, 400])
[loftr_wrapper.py] net forward
[loftr_wrapper.py] mconf, 0.2016037255525589 0.9739802479743958
[loftr_wrapper.py] pair_ids (267,)
[loftr_wrapper.py] corres: (267, 5)
[loftr_wrapper.py] image0: torch.Size([1, 1, 400, 400])
[loftr_wrapper.py] net forward
[loftr_wrapper.py] mconf, 0.20001281797885895 0.8340575098991394
[loftr_wrapper.py] pair_ids (100,)
[loftr_wrapper.py] corres: (100, 5)
[loftr_wrapper.py] image0: torch.Size([1, 1, 400, 400])
[loftr_wrapper.py] net forward
[loftr_wrapper.py] mconf, 0.2006099671125412 0.9200199246406555
[loftr_wrapper.py] pair_ids (149,)
[loftr_wrapper.py] corres: (149, 5)
[loftr_wrapper.py] image0: torch.Size([1, 1, 400, 400])
[loftr_wrapper.py] net forward
[loftr_wrapper.py] mconf, 0.2007683515548706 0.8339369893074036
[loftr_wrapper.py] pair_ids (73,)
[loftr_wrapper.py] corres: (73, 5)
[loftr_wrapper.py] image0: torch.Size([1, 1, 400, 400])
[loftr_wrapper.py] net forward
[loftr_wrapper.py] mconf, 0.20029838383197784 0.9925369620323181
[loftr_wrapper.py] pair_ids (443,)
[loftr_wrapper.py] corres: (443, 5)
[loftr_wrapper.py] image0: torch.Size([1, 1, 400, 400])
[loftr_wrapper.py] net forward
[loftr_wrapper.py] mconf, 0.20004336535930634 0.8411483764648438
[loftr_wrapper.py] pair_ids (146,)
[loftr_wrapper.py] corres: (146, 5)
[loftr_wrapper.py] image0: torch.Size([1, 1, 400, 400])
[loftr_wrapper.py] net forward
[loftr_wrapper.py] mconf, 0.20004411041736603 0.9440546035766602
[loftr_wrapper.py] pair_ids (148,)
[loftr_wrapper.py] corres: (148, 5)
[loftr_wrapper.py] image0: torch.Size([1, 1, 400, 400])
[loftr_wrapper.py] net forward
[loftr_wrapper.py] mconf, 0.20045608282089233 0.8032507300376892
[loftr_wrapper.py] pair_ids (140,)
[loftr_wrapper.py] corres: (140, 5)
[loftr_wrapper.py] image0: torch.Size([1, 1, 400, 400])
[loftr_wrapper.py] net forward
[loftr_wrapper.py] mconf, 0.203643798828125 0.7903996109962463
[loftr_wrapper.py] pair_ids (52,)
[loftr_wrapper.py] corres: (52, 5)
[loftr_wrapper.py] image0: torch.Size([1, 1, 400, 400])
[loftr_wrapper.py] net forward
[loftr_wrapper.py] mconf, 0.20121756196022034 0.7566148638725281
[loftr_wrapper.py] pair_ids (71,)
[loftr_wrapper.py] corres: (71, 5)
[loftr_wrapper.py] image0: torch.Size([1, 1, 400, 400])
[loftr_wrapper.py] net forward
[loftr_wrapper.py] mconf, 0.20036141574382782 0.9190356135368347
[loftr_wrapper.py] pair_ids (266,)
[loftr_wrapper.py] corres: (266, 5)
[loftr_wrapper.py] image0: torch.Size([1, 1, 400, 400])
[loftr_wrapper.py] net forward
[loftr_wrapper.py] mconf, 0.20074787735939026 0.8886479139328003
[loftr_wrapper.py] pair_ids (145,)
[loftr_wrapper.py] corres: (145, 5)
[loftr_wrapper.py] image0: torch.Size([1, 1, 400, 400])
[loftr_wrapper.py] net forward
[loftr_wrapper.py] mconf, 0.20005756616592407 0.995293915271759
[loftr_wrapper.py] pair_ids (489,)
[loftr_wrapper.py] corres: (489, 5)
[loftr_wrapper.py] image0: torch.Size([1, 1, 400, 400])
[loftr_wrapper.py] net forward
[loftr_wrapper.py] mconf, 0.20076243579387665 0.7229940295219421
[loftr_wrapper.py] pair_ids (116,)
[loftr_wrapper.py] corres: (116, 5)
[loftr_wrapper.py] image0: torch.Size([1, 1, 400, 400])
[loftr_wrapper.py] net forward
[loftr_wrapper.py] mconf, 0.202518031001091 0.8741920590400696
[loftr_wrapper.py] pair_ids (60,)
[loftr_wrapper.py] corres: (60, 5)
[loftr_wrapper.py] image0: torch.Size([1, 1, 400, 400])
[loftr_wrapper.py] net forward
[loftr_wrapper.py] mconf, 0.20065627992153168 0.6576189994812012
[loftr_wrapper.py] pair_ids (61,)
[loftr_wrapper.py] corres: (61, 5)
[loftr_wrapper.py] image0: torch.Size([1, 1, 400, 400])
[loftr_wrapper.py] net forward
[loftr_wrapper.py] mconf, 0.20002713799476624 0.8000203967094421
[loftr_wrapper.py] pair_ids (179,)
[loftr_wrapper.py] corres: (179, 5)
[loftr_wrapper.py] image0: torch.Size([1, 1, 400, 400])
[loftr_wrapper.py] net forward
[loftr_wrapper.py] mconf, 0.200137197971344 0.9644343852996826
[loftr_wrapper.py] pair_ids (315,)
[loftr_wrapper.py] corres: (315, 5)
[loftr_wrapper.py] image0: torch.Size([1, 1, 400, 400])
[loftr_wrapper.py] net forward
[loftr_wrapper.py] mconf, 0.20128394663333893 0.9919667840003967
[loftr_wrapper.py] pair_ids (398,)
[loftr_wrapper.py] corres: (398, 5)
[loftr_wrapper.py] image0: torch.Size([1, 1, 400, 400])
[loftr_wrapper.py] net forward
[loftr_wrapper.py] mconf, 0.20350688695907593 0.7087205648422241
[loftr_wrapper.py] pair_ids (101,)
[loftr_wrapper.py] corres: (101, 5)
[loftr_wrapper.py] image0: torch.Size([1, 1, 400, 400])
[loftr_wrapper.py] net forward
[loftr_wrapper.py] mconf, 0.20224300026893616 0.7882075905799866
[loftr_wrapper.py] pair_ids (90,)
[loftr_wrapper.py] corres: (90, 5)
[loftr_wrapper.py] image0: torch.Size([1, 1, 400, 400])
[loftr_wrapper.py] net forward
[loftr_wrapper.py] mconf, 0.20001889765262604 0.9758648872375488
[loftr_wrapper.py] pair_ids (219,)
[loftr_wrapper.py] corres: (219, 5)
[loftr_wrapper.py] image0: torch.Size([1, 1, 400, 400])
[loftr_wrapper.py] net forward
[loftr_wrapper.py] mconf, 0.2002895325422287 0.9673734903335571
[loftr_wrapper.py] pair_ids (226,)
[loftr_wrapper.py] corres: (226, 5)
[loftr_wrapper.py] image0: torch.Size([1, 1, 400, 400])
[loftr_wrapper.py] net forward
[loftr_wrapper.py] mconf, 0.20134304463863373 0.8476271629333496
[loftr_wrapper.py] pair_ids (165,)
[loftr_wrapper.py] corres: (165, 5)
[loftr_wrapper.py] image0: torch.Size([1, 1, 400, 400])
[loftr_wrapper.py] net forward
[loftr_wrapper.py] mconf, 0.2012791484594345 0.9439951777458191
[loftr_wrapper.py] pair_ids (169,)
[loftr_wrapper.py] corres: (169, 5)
[loftr_wrapper.py] image0: torch.Size([1, 1, 400, 400])
[loftr_wrapper.py] net forward
[loftr_wrapper.py] mconf, 0.20276077091693878 0.7134504318237305
[loftr_wrapper.py] pair_ids (86,)
[loftr_wrapper.py] corres: (86, 5)
[loftr_wrapper.py] image0: torch.Size([1, 1, 400, 400])
[loftr_wrapper.py] net forward
[loftr_wrapper.py] mconf, 0.20119346678256989 0.5884754657745361
[loftr_wrapper.py] pair_ids (76,)
[loftr_wrapper.py] corres: (76, 5)
[loftr_wrapper.py] image0: torch.Size([1, 1, 400, 400])
[loftr_wrapper.py] net forward
[loftr_wrapper.py] mconf, 0.2083982229232788 0.6735774278640747
[loftr_wrapper.py] pair_ids (55,)
[loftr_wrapper.py] corres: (55, 5)
[loftr_wrapper.py] image0: torch.Size([1, 1, 400, 400])
[loftr_wrapper.py] net forward
[loftr_wrapper.py] mconf, 0.20453602075576782 0.579346239566803
[loftr_wrapper.py] pair_ids (54,)
[loftr_wrapper.py] corres: (54, 5)
[loftr_wrapper.py] image0: torch.Size([1, 1, 400, 400])
[loftr_wrapper.py] net forward
[loftr_wrapper.py] mconf, 0.20086976885795593 0.9873008131980896
[loftr_wrapper.py] pair_ids (301,)
[loftr_wrapper.py] corres: (301, 5)
[loftr_wrapper.py] image0: torch.Size([1, 1, 400, 400])
[loftr_wrapper.py] net forward
[loftr_wrapper.py] mconf, 0.20060205459594727 0.9955012798309326
[loftr_wrapper.py] pair_ids (540,)
[loftr_wrapper.py] corres: (540, 5)
[loftr_wrapper.py] image0: torch.Size([1, 1, 400, 400])
[loftr_wrapper.py] net forward
[loftr_wrapper.py] mconf, 0.20299403369426727 0.7335652709007263
[loftr_wrapper.py] pair_ids (64,)
[loftr_wrapper.py] corres: (64, 5)
[loftr_wrapper.py] image0: torch.Size([1, 1, 400, 400])
[loftr_wrapper.py] net forward
[loftr_wrapper.py] mconf, 0.2010478377342224 0.6215916872024536
[loftr_wrapper.py] pair_ids (64,)
[loftr_wrapper.py] corres: (64, 5)
[loftr_wrapper.py] image0: torch.Size([1, 1, 400, 400])
[loftr_wrapper.py] net forward
[loftr_wrapper.py] mconf, 0.20186015963554382 0.7596194744110107
[loftr_wrapper.py] pair_ids (122,)
[loftr_wrapper.py] corres: (122, 5)
[loftr_wrapper.py] image0: torch.Size([1, 1, 400, 400])
[loftr_wrapper.py] net forward
[loftr_wrapper.py] mconf, 0.20002435147762299 0.9504356980323792
[loftr_wrapper.py] pair_ids (205,)
[loftr_wrapper.py] corres: (205, 5)
[loftr_wrapper.py] image0: torch.Size([1, 1, 400, 400])
[loftr_wrapper.py] net forward
[loftr_wrapper.py] mconf, 0.2003752887248993 0.9899390935897827
[loftr_wrapper.py] pair_ids (400,)
[loftr_wrapper.py] corres: (400, 5)
[loftr_wrapper.py] image0: torch.Size([1, 1, 400, 400])
[loftr_wrapper.py] net forward
[loftr_wrapper.py] mconf, 0.20107313990592957 0.91883784532547
[loftr_wrapper.py] pair_ids (208,)
[loftr_wrapper.py] corres: (208, 5)
[loftr_wrapper.py] image0: torch.Size([1, 1, 400, 400])
[loftr_wrapper.py] net forward
[loftr_wrapper.py] mconf, 0.20145389437675476 0.6634825468063354
[loftr_wrapper.py] pair_ids (66,)
[loftr_wrapper.py] corres: (66, 5)
[loftr_wrapper.py] image0: torch.Size([1, 1, 400, 400])
[loftr_wrapper.py] net forward
[loftr_wrapper.py] mconf, 0.200640007853508 0.9971650838851929
[loftr_wrapper.py] pair_ids (800,)
[loftr_wrapper.py] corres: (800, 5)
[loftr_wrapper.py] image0: torch.Size([1, 1, 400, 400])
[loftr_wrapper.py] net forward
[loftr_wrapper.py] mconf, 0.20009064674377441 0.6675237417221069
[loftr_wrapper.py] pair_ids (71,)
[loftr_wrapper.py] corres: (71, 5)
[loftr_wrapper.py] image0: torch.Size([1, 1, 400, 400])
[loftr_wrapper.py] net forward
[loftr_wrapper.py] mconf, 0.20105037093162537 0.9883747696876526
[loftr_wrapper.py] pair_ids (230,)
[loftr_wrapper.py] corres: (230, 5)
[loftr_wrapper.py] image0: torch.Size([1, 1, 400, 400])
[loftr_wrapper.py] net forward
[loftr_wrapper.py] mconf, 0.20037375390529633 0.6980102062225342
[loftr_wrapper.py] pair_ids (47,)
[loftr_wrapper.py] corres: (47, 5)
[loftr_wrapper.py] image0: torch.Size([1, 1, 400, 400])
[loftr_wrapper.py] net forward
[loftr_wrapper.py] mconf, 0.20034514367580414 0.9424170255661011
[loftr_wrapper.py] pair_ids (267,)
[loftr_wrapper.py] corres: (267, 5)
[loftr_wrapper.py] image0: torch.Size([1, 1, 400, 400])
[loftr_wrapper.py] net forward
[loftr_wrapper.py] mconf, 0.20044741034507751 0.9676766991615295
[loftr_wrapper.py] pair_ids (212,)
[loftr_wrapper.py] corres: (212, 5)
[loftr_wrapper.py] image0: torch.Size([1, 1, 400, 400])
[loftr_wrapper.py] net forward
[loftr_wrapper.py] mconf, 0.20122085511684418 0.8935608267784119
[loftr_wrapper.py] pair_ids (168,)
[loftr_wrapper.py] corres: (168, 5)
[loftr_wrapper.py] image0: torch.Size([1, 1, 400, 400])
[loftr_wrapper.py] net forward
[loftr_wrapper.py] mconf, 0.20163807272911072 0.9860154986381531
[loftr_wrapper.py] pair_ids (185,)
[loftr_wrapper.py] corres: (185, 5)
[loftr_wrapper.py] image0: torch.Size([1, 1, 400, 400])
[loftr_wrapper.py] net forward
[loftr_wrapper.py] mconf, 0.20294013619422913 0.8405507802963257
[loftr_wrapper.py] pair_ids (77,)
[loftr_wrapper.py] corres: (77, 5)
[loftr_wrapper.py] image0: torch.Size([1, 1, 400, 400])
[loftr_wrapper.py] net forward
[loftr_wrapper.py] mconf, 0.2010721117258072 0.8760759830474854
[loftr_wrapper.py] pair_ids (123,)
[loftr_wrapper.py] corres: (123, 5)
[loftr_wrapper.py] image0: torch.Size([1, 1, 400, 400])
[loftr_wrapper.py] net forward
[loftr_wrapper.py] mconf, 0.20090237259864807 0.6495800614356995
[loftr_wrapper.py] pair_ids (103,)
[loftr_wrapper.py] corres: (103, 5)
[loftr_wrapper.py] image0: torch.Size([1, 1, 400, 400])
[loftr_wrapper.py] net forward
[loftr_wrapper.py] mconf, 0.20986025035381317 0.7573240399360657
[loftr_wrapper.py] pair_ids (83,)
[loftr_wrapper.py] corres: (83, 5)
[loftr_wrapper.py] image0: torch.Size([1, 1, 400, 400])
[loftr_wrapper.py] net forward
[loftr_wrapper.py] mconf, 0.20204630494117737 0.7442376613616943
[loftr_wrapper.py] pair_ids (62,)
[loftr_wrapper.py] corres: (62, 5)
[loftr_wrapper.py] image0: torch.Size([1, 1, 400, 400])
[loftr_wrapper.py] net forward
[loftr_wrapper.py] mconf, 0.20166288316249847 0.6590830087661743
[loftr_wrapper.py] pair_ids (67,)
[loftr_wrapper.py] corres: (67, 5)
[loftr_wrapper.py] image0: torch.Size([1, 1, 400, 400])
[loftr_wrapper.py] net forward
[loftr_wrapper.py] mconf, 0.2031973898410797 0.7969366908073425
[loftr_wrapper.py] pair_ids (72,)
[loftr_wrapper.py] corres: (72, 5)
[loftr_wrapper.py] image0: torch.Size([1, 1, 400, 400])
[loftr_wrapper.py] net forward
[loftr_wrapper.py] mconf, 0.20007279515266418 0.9992814660072327
[loftr_wrapper.py] pair_ids (401,)
[loftr_wrapper.py] corres: (401, 5)
[loftr_wrapper.py] image0: torch.Size([1, 1, 400, 400])
[loftr_wrapper.py] net forward
[loftr_wrapper.py] mconf, 0.20008158683776855 0.7345771789550781
[loftr_wrapper.py] pair_ids (49,)
[loftr_wrapper.py] corres: (49, 5)
[loftr_wrapper.py] image0: torch.Size([1, 1, 400, 400])
[loftr_wrapper.py] net forward
[loftr_wrapper.py] mconf, 0.20069000124931335 0.7578133344650269
[loftr_wrapper.py] pair_ids (87,)
[loftr_wrapper.py] corres: (87, 5)
[loftr_wrapper.py] image0: torch.Size([1, 1, 400, 400])
[loftr_wrapper.py] net forward
[loftr_wrapper.py] mconf, 0.20332668721675873 0.7360277771949768
[loftr_wrapper.py] pair_ids (81,)
[loftr_wrapper.py] corres: (81, 5)
[loftr_wrapper.py] image0: torch.Size([1, 1, 400, 400])
[loftr_wrapper.py] net forward
[loftr_wrapper.py] mconf, 0.2007482498884201 0.7005490064620972
[loftr_wrapper.py] pair_ids (74,)
[loftr_wrapper.py] corres: (74, 5)
[loftr_wrapper.py] image0: torch.Size([1, 1, 400, 400])
[loftr_wrapper.py] net forward
[loftr_wrapper.py] mconf, 0.20183318853378296 0.6598373055458069
[loftr_wrapper.py] pair_ids (55,)
[loftr_wrapper.py] corres: (55, 5)
[loftr_wrapper.py] image0: torch.Size([1, 1, 400, 400])
[loftr_wrapper.py] net forward
[loftr_wrapper.py] mconf, 0.20012030005455017 0.6945282220840454
[loftr_wrapper.py] pair_ids (68,)
[loftr_wrapper.py] corres: (68, 5)
[loftr_wrapper.py] image0: torch.Size([1, 1, 400, 400])
[loftr_wrapper.py] net forward
[loftr_wrapper.py] mconf, 0.20018933713436127 0.888626754283905
[loftr_wrapper.py] pair_ids (130,)
[loftr_wrapper.py] corres: (130, 5)
[loftr_wrapper.py] image0: torch.Size([1, 1, 400, 400])
[loftr_wrapper.py] net forward
[loftr_wrapper.py] mconf, 0.20219199359416962 0.6664254069328308
[loftr_wrapper.py] pair_ids (47,)
[loftr_wrapper.py] corres: (47, 5)
[loftr_wrapper.py] image0: torch.Size([1, 1, 400, 400])
[loftr_wrapper.py] net forward
[loftr_wrapper.py] mconf, 0.20077712833881378 0.8152786493301392
[loftr_wrapper.py] pair_ids (123,)
[loftr_wrapper.py] corres: (123, 5)
[loftr_wrapper.py] image0: torch.Size([1, 1, 400, 400])
[loftr_wrapper.py] net forward
[loftr_wrapper.py] mconf, 0.20161911845207214 0.6260702013969421
[loftr_wrapper.py] pair_ids (51,)
[loftr_wrapper.py] corres: (51, 5)
[loftr_wrapper.py] image0: torch.Size([1, 1, 400, 400])
[loftr_wrapper.py] net forward
[loftr_wrapper.py] mconf, 0.20031704008579254 0.660871148109436
[loftr_wrapper.py] pair_ids (72,)
[loftr_wrapper.py] corres: (72, 5)
[loftr_wrapper.py] image0: torch.Size([1, 1, 400, 400])
[loftr_wrapper.py] net forward
[loftr_wrapper.py] mconf, 0.20082774758338928 0.6302080154418945
[loftr_wrapper.py] pair_ids (64,)
[loftr_wrapper.py] corres: (64, 5)
[loftr_wrapper.py] image0: torch.Size([1, 1, 400, 400])
[loftr_wrapper.py] net forward
[loftr_wrapper.py] mconf, 0.2004818618297577 0.7454601526260376
[loftr_wrapper.py] pair_ids (66,)
[loftr_wrapper.py] corres: (66, 5)
[loftr_wrapper.py] image0: torch.Size([1, 1, 400, 400])
[loftr_wrapper.py] net forward
[loftr_wrapper.py] mconf, 0.20232458412647247 0.9192022085189819
[loftr_wrapper.py] pair_ids (111,)
[loftr_wrapper.py] corres: (111, 5)
[loftr_wrapper.py] image0: torch.Size([1, 1, 400, 400])
[loftr_wrapper.py] net forward
[loftr_wrapper.py] mconf, 0.2009308636188507 0.9494134783744812
[loftr_wrapper.py] pair_ids (158,)
[loftr_wrapper.py] corres: (158, 5)
[loftr_wrapper.py] image0: torch.Size([1, 1, 400, 400])
[loftr_wrapper.py] net forward
[loftr_wrapper.py] mconf, 0.20144423842430115 0.7442923784255981
[loftr_wrapper.py] pair_ids (51,)
[loftr_wrapper.py] corres: (51, 5)
[loftr_wrapper.py] image0: torch.Size([1, 1, 400, 400])
[loftr_wrapper.py] net forward
[loftr_wrapper.py] mconf, 0.20068569481372833 0.9973912835121155
[loftr_wrapper.py] pair_ids (404,)
[loftr_wrapper.py] corres: (404, 5)
[loftr_wrapper.py] image0: torch.Size([1, 1, 400, 400])
[loftr_wrapper.py] net forward
[loftr_wrapper.py] mconf, 0.2001531571149826 0.9890740513801575
[loftr_wrapper.py] pair_ids (237,)
[loftr_wrapper.py] corres: (237, 5)
[loftr_wrapper.py] image0: torch.Size([1, 1, 400, 400])
[loftr_wrapper.py] net forward
[loftr_wrapper.py] mconf, 0.2004574090242386 0.9934567809104919
[loftr_wrapper.py] pair_ids (195,)
[loftr_wrapper.py] corres: (195, 5)
[loftr_wrapper.py] image0: torch.Size([1, 1, 400, 400])
[loftr_wrapper.py] net forward
[loftr_wrapper.py] mconf, 0.20091676712036133 0.9979280233383179
[loftr_wrapper.py] pair_ids (321,)
[loftr_wrapper.py] corres: (321, 5)
[loftr_wrapper.py] image0: torch.Size([1, 1, 400, 400])
[loftr_wrapper.py] net forward
[loftr_wrapper.py] mconf, 0.20239251852035522 0.8390352129936218
[loftr_wrapper.py] pair_ids (87,)
[loftr_wrapper.py] corres: (87, 5)
[loftr_wrapper.py] image0: torch.Size([1, 1, 400, 400])
[loftr_wrapper.py] net forward
[loftr_wrapper.py] mconf, 0.20012474060058594 0.8582524657249451
[loftr_wrapper.py] pair_ids (137,)
[loftr_wrapper.py] corres: (137, 5)
[loftr_wrapper.py] image0: torch.Size([1, 1, 400, 400])
[loftr_wrapper.py] net forward
[loftr_wrapper.py] mconf, 0.20037557184696198 0.988086998462677
[loftr_wrapper.py] pair_ids (261,)
[loftr_wrapper.py] corres: (261, 5)
[loftr_wrapper.py] image0: torch.Size([1, 1, 400, 400])
[loftr_wrapper.py] net forward
[loftr_wrapper.py] mconf, 0.20323777198791504 0.6905803680419922
[loftr_wrapper.py] pair_ids (82,)
[loftr_wrapper.py] corres: (82, 5)
[loftr_wrapper.py] image0: torch.Size([1, 1, 400, 400])
[loftr_wrapper.py] net forward
[loftr_wrapper.py] mconf, 0.20192739367485046 0.7713157534599304
[loftr_wrapper.py] pair_ids (125,)
[loftr_wrapper.py] corres: (125, 5)
[loftr_wrapper.py] image0: torch.Size([1, 1, 400, 400])
[loftr_wrapper.py] net forward
[loftr_wrapper.py] mconf, 0.2016235888004303 0.8480015993118286
[loftr_wrapper.py] pair_ids (85,)
[loftr_wrapper.py] corres: (85, 5)
[loftr_wrapper.py] image0: torch.Size([1, 1, 400, 400])
[loftr_wrapper.py] net forward
[loftr_wrapper.py] mconf, 0.20082449913024902 0.9206121563911438
[loftr_wrapper.py] pair_ids (95,)
[loftr_wrapper.py] corres: (95, 5)
[loftr_wrapper.py] image0: torch.Size([1, 1, 400, 400])
[loftr_wrapper.py] net forward
[loftr_wrapper.py] mconf, 0.20156748592853546 0.7207203507423401
[loftr_wrapper.py] pair_ids (87,)
[loftr_wrapper.py] corres: (87, 5)
[loftr_wrapper.py] image0: torch.Size([1, 1, 400, 400])
[loftr_wrapper.py] net forward
[loftr_wrapper.py] mconf, 0.20047494769096375 0.8109990358352661
[loftr_wrapper.py] pair_ids (105,)
[loftr_wrapper.py] corres: (105, 5)
[loftr_wrapper.py] image0: torch.Size([1, 1, 400, 400])
[loftr_wrapper.py] net forward
[loftr_wrapper.py] mconf, 0.20011089742183685 0.9152012467384338
[loftr_wrapper.py] pair_ids (148,)
[loftr_wrapper.py] corres: (148, 5)
[loftr_wrapper.py] image0: torch.Size([1, 1, 400, 400])
[loftr_wrapper.py] net forward
[loftr_wrapper.py] mconf, 0.200046569108963 0.822821319103241
[loftr_wrapper.py] pair_ids (115,)
[loftr_wrapper.py] corres: (115, 5)
[loftr_wrapper.py] image0: torch.Size([1, 1, 400, 400])
[loftr_wrapper.py] net forward
[loftr_wrapper.py] mconf, 0.2013574242591858 0.6470626592636108
[loftr_wrapper.py] pair_ids (59,)
[loftr_wrapper.py] corres: (59, 5)
[loftr_wrapper.py] image0: torch.Size([1, 1, 400, 400])
[loftr_wrapper.py] net forward
[loftr_wrapper.py] mconf, 0.20094838738441467 0.8238874077796936
[loftr_wrapper.py] pair_ids (97,)
[loftr_wrapper.py] corres: (97, 5)
[loftr_wrapper.py] image0: torch.Size([1, 1, 400, 400])
[loftr_wrapper.py] net forward
[loftr_wrapper.py] mconf, 0.2023652046918869 0.7824384570121765
[loftr_wrapper.py] pair_ids (80,)
[loftr_wrapper.py] corres: (80, 5)
[loftr_wrapper.py] image0: torch.Size([1, 1, 400, 400])
[loftr_wrapper.py] net forward
[loftr_wrapper.py] mconf, 0.20025476813316345 0.875855028629303
[loftr_wrapper.py] pair_ids (126,)
[loftr_wrapper.py] corres: (126, 5)
[loftr_wrapper.py] image0: torch.Size([1, 1, 400, 400])
[loftr_wrapper.py] net forward
[loftr_wrapper.py] mconf, 0.20162270963191986 0.6723417043685913
[loftr_wrapper.py] pair_ids (47,)
[loftr_wrapper.py] corres: (47, 5)
[loftr_wrapper.py] image0: torch.Size([1, 1, 400, 400])
[loftr_wrapper.py] net forward
[loftr_wrapper.py] mconf, 0.20193472504615784 0.8640831708908081
[loftr_wrapper.py] pair_ids (82,)
[loftr_wrapper.py] corres: (82, 5)
[loftr_wrapper.py] image0: torch.Size([1, 1, 400, 400])
[loftr_wrapper.py] net forward
[loftr_wrapper.py] mconf, 0.20064066350460052 0.6875645518302917
[loftr_wrapper.py] pair_ids (72,)
[loftr_wrapper.py] corres: (72, 5)
[loftr_wrapper.py] image0: torch.Size([1, 1, 400, 400])
[loftr_wrapper.py] net forward
[loftr_wrapper.py] mconf, 0.2028597891330719 0.7029074430465698
[loftr_wrapper.py] pair_ids (79,)
[loftr_wrapper.py] corres: (79, 5)
[loftr_wrapper.py] image0: torch.Size([1, 1, 400, 400])
[loftr_wrapper.py] net forward
[loftr_wrapper.py] mconf, 0.20038238167762756 0.9472578763961792
[loftr_wrapper.py] pair_ids (111,)
[loftr_wrapper.py] corres: (111, 5)
[loftr_wrapper.py] image0: torch.Size([1, 1, 400, 400])
[loftr_wrapper.py] net forward
[loftr_wrapper.py] mconf, 0.20135709643363953 0.7544043064117432
[loftr_wrapper.py] pair_ids (77,)
[loftr_wrapper.py] corres: (77, 5)
[loftr_wrapper.py] image0: torch.Size([1, 1, 400, 400])
[loftr_wrapper.py] net forward
[loftr_wrapper.py] mconf, 0.20121604204177856 0.9435473084449768
[loftr_wrapper.py] pair_ids (104,)
[loftr_wrapper.py] corres: (104, 5)
[loftr_wrapper.py] image0: torch.Size([1, 1, 400, 400])
[loftr_wrapper.py] net forward
[loftr_wrapper.py] mconf, 0.20135635137557983 0.8547912836074829
[loftr_wrapper.py] pair_ids (74,)
[loftr_wrapper.py] corres: (74, 5)
[loftr_wrapper.py] image0: torch.Size([1, 1, 400, 400])
[loftr_wrapper.py] net forward
[loftr_wrapper.py] mconf, 0.20466843247413635 0.7997385859489441
[loftr_wrapper.py] pair_ids (75,)
[loftr_wrapper.py] corres: (75, 5)
[loftr_wrapper.py] image0: torch.Size([1, 1, 400, 400])
[loftr_wrapper.py] net forward
[loftr_wrapper.py] mconf, 0.20040689408779144 0.7844405770301819
[loftr_wrapper.py] pair_ids (71,)
[loftr_wrapper.py] corres: (71, 5)
[loftr_wrapper.py] image0: torch.Size([1, 1, 400, 400])
[loftr_wrapper.py] net forward
[loftr_wrapper.py] mconf, 0.20155946910381317 0.6561532616615295
[loftr_wrapper.py] pair_ids (69,)
[loftr_wrapper.py] corres: (69, 5)
[loftr_wrapper.py] image0: torch.Size([1, 1, 400, 400])
[loftr_wrapper.py] net forward
[loftr_wrapper.py] mconf, 0.20103895664215088 0.7735051512718201
[loftr_wrapper.py] pair_ids (80,)
[loftr_wrapper.py] corres: (80, 5)
[loftr_wrapper.py] image0: torch.Size([1, 1, 400, 400])
[loftr_wrapper.py] net forward
[loftr_wrapper.py] mconf, 0.20036466419696808 0.6900908350944519
[loftr_wrapper.py] pair_ids (49,)
[loftr_wrapper.py] corres: (49, 5)
[loftr_wrapper.py] image0: torch.Size([1, 1, 400, 400])
[loftr_wrapper.py] net forward
[loftr_wrapper.py] mconf, 0.20025284588336945 0.9988762140274048
[loftr_wrapper.py] pair_ids (658,)
[loftr_wrapper.py] corres: (658, 5)
[loftr_wrapper.py] image0: torch.Size([1, 1, 400, 400])
[loftr_wrapper.py] net forward
[loftr_wrapper.py] mconf, 0.2010963261127472 0.83076012134552
[loftr_wrapper.py] pair_ids (74,)
[loftr_wrapper.py] corres: (74, 5)
[loftr_wrapper.py] image0: torch.Size([1, 1, 400, 400])
[loftr_wrapper.py] net forward
[loftr_wrapper.py] mconf, 0.20046888291835785 0.6976487040519714
[loftr_wrapper.py] pair_ids (79,)
[loftr_wrapper.py] corres: (79, 5)
[loftr_wrapper.py] image0: torch.Size([1, 1, 400, 400])
[loftr_wrapper.py] net forward
[loftr_wrapper.py] mconf, 0.20072050392627716 0.9987163543701172
[loftr_wrapper.py] pair_ids (275,)
[loftr_wrapper.py] corres: (275, 5)
[loftr_wrapper.py] image0: torch.Size([1, 1, 400, 400])
[loftr_wrapper.py] net forward
[loftr_wrapper.py] mconf, 0.20074878633022308 0.9897034764289856
[loftr_wrapper.py] pair_ids (191,)
[loftr_wrapper.py] corres: (191, 5)
[loftr_wrapper.py] image0: torch.Size([1, 1, 400, 400])
[loftr_wrapper.py] net forward
[loftr_wrapper.py] mconf, 0.2034447193145752 0.763444721698761
[loftr_wrapper.py] pair_ids (72,)
[loftr_wrapper.py] corres: (72, 5)
[loftr_wrapper.py] image0: torch.Size([1, 1, 400, 400])
[loftr_wrapper.py] net forward
[loftr_wrapper.py] mconf, 0.20109052956104279 0.9150964617729187
[loftr_wrapper.py] pair_ids (125,)
[loftr_wrapper.py] corres: (125, 5)
[loftr_wrapper.py] image0: torch.Size([1, 1, 400, 400])
[loftr_wrapper.py] net forward
[loftr_wrapper.py] mconf, 0.2024381160736084 0.7702650427818298
[loftr_wrapper.py] pair_ids (95,)
[loftr_wrapper.py] corres: (95, 5)
[loftr_wrapper.py] image0: torch.Size([1, 1, 400, 400])
[loftr_wrapper.py] net forward
[loftr_wrapper.py] mconf, 0.20021545886993408 0.9239651560783386
[loftr_wrapper.py] pair_ids (91,)
[loftr_wrapper.py] corres: (91, 5)
[loftr_wrapper.py] image0: torch.Size([1, 1, 400, 400])
[loftr_wrapper.py] net forward
[loftr_wrapper.py] mconf, 0.20057925581932068 0.6811774373054504
[loftr_wrapper.py] pair_ids (74,)
[loftr_wrapper.py] corres: (74, 5)
[loftr_wrapper.py] image0: torch.Size([1, 1, 400, 400])
[loftr_wrapper.py] net forward
[loftr_wrapper.py] mconf, 0.20045515894889832 0.8043286204338074
[loftr_wrapper.py] pair_ids (88,)
[loftr_wrapper.py] corres: (88, 5)
[loftr_wrapper.py] image0: torch.Size([1, 1, 400, 400])
[loftr_wrapper.py] net forward
[loftr_wrapper.py] mconf, 0.2002040594816208 0.9946117401123047
[loftr_wrapper.py] pair_ids (364,)
[loftr_wrapper.py] corres: (364, 5)
[loftr_wrapper.py] image0: torch.Size([1, 1, 400, 400])
[loftr_wrapper.py] net forward
[loftr_wrapper.py] mconf, 0.20038902759552002 0.7851980924606323
[loftr_wrapper.py] pair_ids (105,)
[loftr_wrapper.py] corres: (105, 5)
[loftr_wrapper.py] image0: torch.Size([1, 1, 400, 400])
[loftr_wrapper.py] net forward
[loftr_wrapper.py] mconf, 0.2009684294462204 0.6422057151794434
[loftr_wrapper.py] pair_ids (93,)
[loftr_wrapper.py] corres: (93, 5)
[loftr_wrapper.py] image0: torch.Size([1, 1, 400, 400])
[loftr_wrapper.py] net forward
[loftr_wrapper.py] mconf, 0.20351922512054443 0.8219956755638123
[loftr_wrapper.py] pair_ids (77,)
[loftr_wrapper.py] corres: (77, 5)
[loftr_wrapper.py] image0: torch.Size([1, 1, 400, 400])
[loftr_wrapper.py] net forward
[loftr_wrapper.py] mconf, 0.2023678570985794 0.8196910619735718
[loftr_wrapper.py] pair_ids (91,)
[loftr_wrapper.py] corres: (91, 5)
[loftr_wrapper.py] image0: torch.Size([1, 1, 400, 400])
[loftr_wrapper.py] net forward
[loftr_wrapper.py] mconf, 0.20001238584518433 0.9843612909317017
[loftr_wrapper.py] pair_ids (290,)
[loftr_wrapper.py] corres: (290, 5)
[loftr_wrapper.py] image0: torch.Size([1, 1, 400, 400])
[loftr_wrapper.py] net forward
[loftr_wrapper.py] mconf, 0.20080463588237762 0.6852899789810181
[loftr_wrapper.py] pair_ids (71,)
[loftr_wrapper.py] corres: (71, 5)
[loftr_wrapper.py] image0: torch.Size([1, 1, 400, 400])
[loftr_wrapper.py] net forward
[loftr_wrapper.py] mconf, 0.20099033415317535 0.9211171269416809
[loftr_wrapper.py] pair_ids (82,)
[loftr_wrapper.py] corres: (82, 5)
[loftr_wrapper.py] image0: torch.Size([1, 1, 400, 400])
[loftr_wrapper.py] net forward
[loftr_wrapper.py] mconf, 0.20102058351039886 0.7196221947669983
[loftr_wrapper.py] pair_ids (71,)
[loftr_wrapper.py] corres: (71, 5)
[loftr_wrapper.py] image0: torch.Size([1, 1, 400, 400])
[loftr_wrapper.py] net forward
[loftr_wrapper.py] mconf, 0.20035338401794434 0.7157379388809204
[loftr_wrapper.py] pair_ids (72,)
[loftr_wrapper.py] corres: (72, 5)
[loftr_wrapper.py] image0: torch.Size([1, 1, 400, 400])
[loftr_wrapper.py] net forward
[loftr_wrapper.py] mconf, 0.2003181278705597 0.806472659111023
[loftr_wrapper.py] pair_ids (67,)
[loftr_wrapper.py] corres: (67, 5)
[loftr_wrapper.py] image0: torch.Size([1, 1, 400, 400])
[loftr_wrapper.py] net forward
[loftr_wrapper.py] mconf, 0.20228375494480133 0.6253606081008911
[loftr_wrapper.py] pair_ids (34,)
[loftr_wrapper.py] corres: (34, 5)
[loftr_wrapper.py] image0: torch.Size([1, 1, 400, 400])
[loftr_wrapper.py] net forward
[loftr_wrapper.py] mconf, 0.2000640630722046 0.7278209328651428
[loftr_wrapper.py] pair_ids (79,)
[loftr_wrapper.py] corres: (79, 5)
[loftr_wrapper.py] image0: torch.Size([1, 1, 400, 400])
[loftr_wrapper.py] net forward
[loftr_wrapper.py] mconf, 0.20012766122817993 0.749998152256012
[loftr_wrapper.py] pair_ids (106,)
[loftr_wrapper.py] corres: (106, 5)
[loftr_wrapper.py] image0: torch.Size([1, 1, 400, 400])
[loftr_wrapper.py] net forward
[loftr_wrapper.py] mconf, 0.20010536909103394 0.9138275384902954
[loftr_wrapper.py] pair_ids (111,)
[loftr_wrapper.py] corres: (111, 5)
[loftr_wrapper.py] image0: torch.Size([1, 1, 400, 400])
[loftr_wrapper.py] net forward
[loftr_wrapper.py] mconf, 0.20147626101970673 0.6545877456665039
[loftr_wrapper.py] pair_ids (65,)
[loftr_wrapper.py] corres: (65, 5)
[loftr_wrapper.py] image0: torch.Size([1, 1, 400, 400])
[loftr_wrapper.py] net forward
[loftr_wrapper.py] mconf, 0.20004333555698395 0.8150935769081116
[loftr_wrapper.py] pair_ids (56,)
[loftr_wrapper.py] corres: (56, 5)
[loftr_wrapper.py] image0: torch.Size([1, 1, 400, 400])
[loftr_wrapper.py] net forward
[loftr_wrapper.py] mconf, 0.2027340531349182 0.6434256434440613
[loftr_wrapper.py] pair_ids (89,)
[loftr_wrapper.py] corres: (89, 5)
[loftr_wrapper.py] image0: torch.Size([1, 1, 400, 400])
[loftr_wrapper.py] net forward
[loftr_wrapper.py] mconf, 0.2044861912727356 0.8712365627288818
[loftr_wrapper.py] pair_ids (74,)
[loftr_wrapper.py] corres: (74, 5)
[loftr_wrapper.py] image0: torch.Size([1, 1, 400, 400])
[loftr_wrapper.py] net forward
[loftr_wrapper.py] mconf, 0.20008237659931183 0.8874800205230713
[loftr_wrapper.py] pair_ids (83,)
[loftr_wrapper.py] corres: (83, 5)
[loftr_wrapper.py] image0: torch.Size([1, 1, 400, 400])
[loftr_wrapper.py] net forward
[loftr_wrapper.py] mconf, 0.2001807689666748 0.9741324186325073
[loftr_wrapper.py] pair_ids (180,)
[loftr_wrapper.py] corres: (180, 5)
[loftr_wrapper.py] image0: torch.Size([1, 1, 400, 400])
[loftr_wrapper.py] net forward
[loftr_wrapper.py] mconf, 0.20059894025325775 0.815966784954071
[loftr_wrapper.py] pair_ids (46,)
[loftr_wrapper.py] corres: (46, 5)
[loftr_wrapper.py] image0: torch.Size([1, 1, 400, 400])
[loftr_wrapper.py] net forward
[loftr_wrapper.py] mconf, 0.20357000827789307 0.6096838116645813
[loftr_wrapper.py] pair_ids (58,)
[loftr_wrapper.py] corres: (58, 5)
[loftr_wrapper.py] image0: torch.Size([1, 1, 400, 400])
[loftr_wrapper.py] net forward
[loftr_wrapper.py] mconf, 0.20394650101661682 0.6670867800712585
[loftr_wrapper.py] pair_ids (49,)
[loftr_wrapper.py] corres: (49, 5)
[loftr_wrapper.py] image0: torch.Size([1, 1, 400, 400])
[loftr_wrapper.py] net forward
[loftr_wrapper.py] mconf, 0.2034790813922882 0.826234757900238
[loftr_wrapper.py] pair_ids (78,)
[loftr_wrapper.py] corres: (78, 5)
[loftr_wrapper.py] image0: torch.Size([1, 1, 400, 400])
[loftr_wrapper.py] net forward
[loftr_wrapper.py] mconf, 0.20107682049274445 0.917118489742279
[loftr_wrapper.py] pair_ids (82,)
[loftr_wrapper.py] corres: (82, 5)
[loftr_wrapper.py] image0: torch.Size([1, 1, 400, 400])
[loftr_wrapper.py] net forward
[loftr_wrapper.py] mconf, 0.20023910701274872 0.8424279689788818
[loftr_wrapper.py] pair_ids (70,)
[loftr_wrapper.py] corres: (70, 5)
[loftr_wrapper.py] image0: torch.Size([1, 1, 400, 400])
[loftr_wrapper.py] net forward
[loftr_wrapper.py] mconf, 0.20044176280498505 0.7112271785736084
[loftr_wrapper.py] pair_ids (63,)
[loftr_wrapper.py] corres: (63, 5)
[loftr_wrapper.py] image0: torch.Size([1, 1, 400, 400])
[loftr_wrapper.py] net forward
[loftr_wrapper.py] mconf, 0.20095649361610413 0.7258098721504211
[loftr_wrapper.py] pair_ids (73,)
[loftr_wrapper.py] corres: (73, 5)
[loftr_wrapper.py] image0: torch.Size([1, 1, 400, 400])
[loftr_wrapper.py] net forward
[loftr_wrapper.py] mconf, 0.20003291964530945 0.8326371908187866
[loftr_wrapper.py] pair_ids (105,)
[loftr_wrapper.py] corres: (105, 5)
[loftr_wrapper.py] image0: torch.Size([1, 1, 400, 400])
[loftr_wrapper.py] net forward
[loftr_wrapper.py] mconf, 0.20045514404773712 0.7748232483863831
[loftr_wrapper.py] pair_ids (102,)
[loftr_wrapper.py] corres: (102, 5)
[loftr_wrapper.py] image0: torch.Size([1, 1, 400, 400])
[loftr_wrapper.py] net forward
[loftr_wrapper.py] mconf, 0.20036004483699799 0.7525619864463806
[loftr_wrapper.py] pair_ids (114,)
[loftr_wrapper.py] corres: (114, 5)
[loftr_wrapper.py] image0: torch.Size([1, 1, 400, 400])
[loftr_wrapper.py] net forward
[loftr_wrapper.py] mconf, 0.2004500925540924 0.7728849649429321
[loftr_wrapper.py] pair_ids (89,)
[loftr_wrapper.py] corres: (89, 5)
[loftr_wrapper.py] image0: torch.Size([1, 1, 400, 400])
[loftr_wrapper.py] net forward
[loftr_wrapper.py] mconf, 0.20488929748535156 0.971225917339325
[loftr_wrapper.py] pair_ids (106,)
[loftr_wrapper.py] corres: (106, 5)
[loftr_wrapper.py] image0: torch.Size([1, 1, 400, 400])
[loftr_wrapper.py] net forward
[loftr_wrapper.py] mconf, 0.20169779658317566 0.9956685304641724
[loftr_wrapper.py] pair_ids (179,)
[loftr_wrapper.py] corres: (179, 5)
[loftr_wrapper.py] image0: torch.Size([1, 1, 400, 400])
[loftr_wrapper.py] net forward
[loftr_wrapper.py] mconf, 0.20159876346588135 0.9983040690422058
[loftr_wrapper.py] pair_ids (252,)
[loftr_wrapper.py] corres: (252, 5)
[loftr_wrapper.py] image0: torch.Size([1, 1, 400, 400])
[loftr_wrapper.py] net forward
[loftr_wrapper.py] mconf, 0.20154418051242828 0.7764961123466492
[loftr_wrapper.py] pair_ids (103,)
[loftr_wrapper.py] corres: (103, 5)
[loftr_wrapper.py] image0: torch.Size([1, 1, 400, 400])
[loftr_wrapper.py] net forward
[loftr_wrapper.py] mconf, 0.20082400739192963 0.6368409395217896
[loftr_wrapper.py] pair_ids (69,)
[loftr_wrapper.py] corres: (69, 5)
[loftr_wrapper.py] image0: torch.Size([1, 1, 400, 400])
[loftr_wrapper.py] net forward
[loftr_wrapper.py] mconf, 0.20311659574508667 0.7802984714508057
[loftr_wrapper.py] pair_ids (70,)
[loftr_wrapper.py] corres: (70, 5)
[loftr_wrapper.py] image0: torch.Size([1, 1, 400, 400])
[loftr_wrapper.py] net forward
[loftr_wrapper.py] mconf, 0.20233426988124847 0.8180680871009827
[loftr_wrapper.py] pair_ids (70,)
[loftr_wrapper.py] corres: (70, 5)
[loftr_wrapper.py] image0: torch.Size([1, 1, 400, 400])
[loftr_wrapper.py] net forward
[loftr_wrapper.py] mconf, 0.20071978867053986 0.7320910692214966
[loftr_wrapper.py] pair_ids (69,)
[loftr_wrapper.py] corres: (69, 5)
[loftr_wrapper.py] image0: torch.Size([1, 1, 400, 400])
[loftr_wrapper.py] net forward
[loftr_wrapper.py] mconf, 0.20545536279678345 0.7491518259048462
[loftr_wrapper.py] pair_ids (68,)
[loftr_wrapper.py] corres: (68, 5)
[loftr_wrapper.py] image0: torch.Size([1, 1, 400, 400])
[loftr_wrapper.py] net forward
[loftr_wrapper.py] mconf, 0.20151840150356293 0.7922512888908386
[loftr_wrapper.py] pair_ids (100,)
[loftr_wrapper.py] corres: (100, 5)
[loftr_wrapper.py] image0: torch.Size([1, 1, 400, 400])
[loftr_wrapper.py] net forward
[loftr_wrapper.py] mconf, 0.2000737339258194 0.76819908618927
[loftr_wrapper.py] pair_ids (94,)
[loftr_wrapper.py] corres: (94, 5)
[loftr_wrapper.py] image0: torch.Size([1, 1, 400, 400])
[loftr_wrapper.py] net forward
[loftr_wrapper.py] mconf, 0.20375077426433563 0.8007457256317139
[loftr_wrapper.py] pair_ids (63,)
[loftr_wrapper.py] corres: (63, 5)
[loftr_wrapper.py] image0: torch.Size([1, 1, 400, 400])
[loftr_wrapper.py] net forward
[loftr_wrapper.py] mconf, 0.20015203952789307 0.7876396179199219
[loftr_wrapper.py] pair_ids (87,)
[loftr_wrapper.py] corres: (87, 5)
[loftr_wrapper.py] image0: torch.Size([1, 1, 400, 400])
[loftr_wrapper.py] net forward
[loftr_wrapper.py] mconf, 0.20193886756896973 0.7880080938339233
[loftr_wrapper.py] pair_ids (70,)
[loftr_wrapper.py] corres: (70, 5)
[loftr_wrapper.py] image0: torch.Size([1, 1, 400, 400])
[loftr_wrapper.py] net forward
[loftr_wrapper.py] mconf, 0.20244549214839935 0.6789281368255615
[loftr_wrapper.py] pair_ids (63,)
[loftr_wrapper.py] corres: (63, 5)
[loftr_wrapper.py] image0: torch.Size([1, 1, 400, 400])
[loftr_wrapper.py] net forward
[loftr_wrapper.py] mconf, 0.2031589299440384 0.8360880017280579
[loftr_wrapper.py] pair_ids (91,)
[loftr_wrapper.py] corres: (91, 5)
[loftr_wrapper.py] image0: torch.Size([1, 1, 400, 400])
[loftr_wrapper.py] net forward
[loftr_wrapper.py] mconf, 0.20281216502189636 0.9856187105178833
[loftr_wrapper.py] pair_ids (141,)
[loftr_wrapper.py] corres: (141, 5)
[loftr_wrapper.py] image0: torch.Size([1, 1, 400, 400])
[loftr_wrapper.py] net forward
[loftr_wrapper.py] mconf, 0.20026984810829163 0.8933306336402893
[loftr_wrapper.py] pair_ids (84,)
[loftr_wrapper.py] corres: (84, 5)
[loftr_wrapper.py] image0: torch.Size([1, 1, 400, 400])
[loftr_wrapper.py] net forward
[loftr_wrapper.py] mconf, 0.20158199965953827 0.9686373472213745
[loftr_wrapper.py] pair_ids (97,)
[loftr_wrapper.py] corres: (97, 5)
[loftr_wrapper.py] image0: torch.Size([1, 1, 400, 400])
[loftr_wrapper.py] net forward
[loftr_wrapper.py] mconf, 0.20235668122768402 0.7577947378158569
[loftr_wrapper.py] pair_ids (64,)
[loftr_wrapper.py] corres: (64, 5)
[loftr_wrapper.py] image0: torch.Size([1, 1, 400, 400])
[loftr_wrapper.py] net forward
[loftr_wrapper.py] mconf, 0.20115913450717926 0.8349191546440125
[loftr_wrapper.py] pair_ids (96,)
[loftr_wrapper.py] corres: (96, 5)
[loftr_wrapper.py] image0: torch.Size([1, 1, 400, 400])
[loftr_wrapper.py] net forward
[loftr_wrapper.py] mconf, 0.20078638195991516 0.8765307664871216
[loftr_wrapper.py] pair_ids (137,)
[loftr_wrapper.py] corres: (137, 5)
[loftr_wrapper.py] image0: torch.Size([1, 1, 400, 400])
[loftr_wrapper.py] net forward
[loftr_wrapper.py] mconf, 0.20043817162513733 0.6610357761383057
[loftr_wrapper.py] pair_ids (90,)
[loftr_wrapper.py] corres: (90, 5)
[loftr_wrapper.py] image0: torch.Size([1, 1, 400, 400])
[loftr_wrapper.py] net forward
[loftr_wrapper.py] mconf, 0.20601296424865723 0.7367522716522217
[loftr_wrapper.py] pair_ids (65,)
[loftr_wrapper.py] corres: (65, 5)
[loftr_wrapper.py] image0: torch.Size([1, 1, 400, 400])
[loftr_wrapper.py] net forward
[loftr_wrapper.py] mconf, 0.20104415714740753 0.5663883090019226
[loftr_wrapper.py] pair_ids (52,)
[loftr_wrapper.py] corres: (52, 5)
[loftr_wrapper.py] image0: torch.Size([1, 1, 400, 400])
[loftr_wrapper.py] net forward
[loftr_wrapper.py] mconf, 0.2008693963289261 0.9688253402709961
[loftr_wrapper.py] pair_ids (119,)
[loftr_wrapper.py] corres: (119, 5)
[loftr_wrapper.py] image0: torch.Size([1, 1, 400, 400])
[loftr_wrapper.py] net forward
[loftr_wrapper.py] mconf, 0.20570598542690277 0.7686418294906616
[loftr_wrapper.py] pair_ids (63,)
[loftr_wrapper.py] corres: (63, 5)
[loftr_wrapper.py] image0: torch.Size([1, 1, 400, 400])
[loftr_wrapper.py] net forward
[loftr_wrapper.py] mconf, 0.20617429912090302 0.8707984089851379
[loftr_wrapper.py] pair_ids (131,)
[loftr_wrapper.py] corres: (131, 5)
[loftr_wrapper.py] image0: torch.Size([1, 1, 400, 400])
[loftr_wrapper.py] net forward
[loftr_wrapper.py] mconf, 0.201390340924263 0.9583278298377991
[loftr_wrapper.py] pair_ids (165,)
[loftr_wrapper.py] corres: (165, 5)
[loftr_wrapper.py] image0: torch.Size([1, 1, 400, 400])
[loftr_wrapper.py] net forward
[loftr_wrapper.py] mconf, 0.20192182064056396 0.8981521129608154
[loftr_wrapper.py] pair_ids (111,)
[loftr_wrapper.py] corres: (111, 5)
[loftr_wrapper.py] image0: torch.Size([1, 1, 400, 400])
[loftr_wrapper.py] net forward
[loftr_wrapper.py] mconf, 0.20068825781345367 0.9680747389793396
[loftr_wrapper.py] pair_ids (169,)
[loftr_wrapper.py] corres: (169, 5)
[loftr_wrapper.py] image0: torch.Size([1, 1, 400, 400])
[loftr_wrapper.py] net forward
[loftr_wrapper.py] mconf, 0.20082473754882812 0.901404082775116
[loftr_wrapper.py] pair_ids (75,)
[loftr_wrapper.py] corres: (75, 5)
[loftr_wrapper.py] image0: torch.Size([1, 1, 400, 400])
[loftr_wrapper.py] net forward
[loftr_wrapper.py] mconf, 0.20010730624198914 0.6774589419364929
[loftr_wrapper.py] pair_ids (62,)
[loftr_wrapper.py] corres: (62, 5)
[loftr_wrapper.py] image0: torch.Size([1, 1, 400, 400])
[loftr_wrapper.py] net forward
[loftr_wrapper.py] mconf, 0.20173963904380798 0.8656490445137024
[loftr_wrapper.py] pair_ids (116,)
[loftr_wrapper.py] corres: (116, 5)
[loftr_wrapper.py] image0: torch.Size([1, 1, 400, 400])
[loftr_wrapper.py] net forward
[loftr_wrapper.py] mconf, 0.20022717118263245 0.9946854710578918
[loftr_wrapper.py] pair_ids (177,)
[loftr_wrapper.py] corres: (177, 5)
[loftr_wrapper.py] image0: torch.Size([1, 1, 400, 400])
[loftr_wrapper.py] net forward
[loftr_wrapper.py] mconf, 0.200312539935112 0.9537581205368042
[loftr_wrapper.py] pair_ids (155,)
[loftr_wrapper.py] corres: (155, 5)
[loftr_wrapper.py] image0: torch.Size([1, 1, 400, 400])
[loftr_wrapper.py] net forward
[loftr_wrapper.py] mconf, 0.20387409627437592 0.9946469664573669
[loftr_wrapper.py] pair_ids (198,)
[loftr_wrapper.py] corres: (198, 5)
[loftr_wrapper.py] image0: torch.Size([1, 1, 400, 400])
[loftr_wrapper.py] net forward
[loftr_wrapper.py] mconf, 0.20020900666713715 0.9867267608642578
[loftr_wrapper.py] pair_ids (305,)
[loftr_wrapper.py] corres: (305, 5)
[loftr_wrapper.py] image0: torch.Size([1, 1, 400, 400])
[loftr_wrapper.py] net forward
[loftr_wrapper.py] mconf, 0.2015860676765442 0.9788141846656799
[loftr_wrapper.py] pair_ids (199,)
[loftr_wrapper.py] corres: (199, 5)
[loftr_wrapper.py] image0: torch.Size([1, 1, 400, 400])
[loftr_wrapper.py] net forward
[loftr_wrapper.py] mconf, 0.2004275768995285 0.5832539200782776
[loftr_wrapper.py] pair_ids (56,)
[loftr_wrapper.py] corres: (56, 5)
[loftr_wrapper.py] image0: torch.Size([1, 1, 400, 400])
[loftr_wrapper.py] net forward
[loftr_wrapper.py] mconf, 0.20075495541095734 0.6935380101203918
[loftr_wrapper.py] pair_ids (43,)
[loftr_wrapper.py] corres: (43, 5)
[loftr_wrapper.py] image0: torch.Size([1, 1, 400, 400])
[loftr_wrapper.py] net forward
[loftr_wrapper.py] mconf, 0.20173078775405884 0.8588278293609619
[loftr_wrapper.py] pair_ids (111,)
[loftr_wrapper.py] corres: (111, 5)
[loftr_wrapper.py] image0: torch.Size([1, 1, 400, 400])
[loftr_wrapper.py] net forward
[loftr_wrapper.py] mconf, 0.20475836098194122 0.9846733212471008
[loftr_wrapper.py] pair_ids (168,)
[loftr_wrapper.py] corres: (168, 5)
[loftr_wrapper.py] image0: torch.Size([1, 1, 400, 400])
[loftr_wrapper.py] net forward
[loftr_wrapper.py] mconf, 0.20264685153961182 0.7769882678985596
[loftr_wrapper.py] pair_ids (63,)
[loftr_wrapper.py] corres: (63, 5)
[loftr_wrapper.py] image0: torch.Size([1, 1, 400, 400])
[loftr_wrapper.py] net forward
[loftr_wrapper.py] mconf, 0.20194372534751892 0.9129979610443115
[loftr_wrapper.py] pair_ids (85,)
[loftr_wrapper.py] corres: (85, 5)
[loftr_wrapper.py] image0: torch.Size([1, 1, 400, 400])
[loftr_wrapper.py] net forward
[loftr_wrapper.py] mconf, 0.2010526955127716 0.9908945560455322
[loftr_wrapper.py] pair_ids (189,)
[loftr_wrapper.py] corres: (189, 5)
[loftr_wrapper.py] image0: torch.Size([1, 1, 400, 400])
[loftr_wrapper.py] net forward
[loftr_wrapper.py] mconf, 0.20152252912521362 0.6135263442993164
[loftr_wrapper.py] pair_ids (58,)
[loftr_wrapper.py] corres: (58, 5)
[loftr_wrapper.py] image0: torch.Size([1, 1, 400, 400])
[loftr_wrapper.py] net forward
[loftr_wrapper.py] mconf, 0.2008104920387268 0.8624638915061951
[loftr_wrapper.py] pair_ids (100,)
[loftr_wrapper.py] corres: (100, 5)
[loftr_wrapper.py] image0: torch.Size([1, 1, 400, 400])
[loftr_wrapper.py] net forward
[loftr_wrapper.py] mconf, 0.20097503066062927 0.8747726678848267
[loftr_wrapper.py] pair_ids (74,)
[loftr_wrapper.py] corres: (74, 5)
[loftr_wrapper.py] image0: torch.Size([1, 1, 400, 400])
[loftr_wrapper.py] net forward
[loftr_wrapper.py] mconf, 0.20032837986946106 0.8029969334602356
[loftr_wrapper.py] pair_ids (104,)
[loftr_wrapper.py] corres: (104, 5)
[loftr_wrapper.py] image0: torch.Size([1, 1, 400, 400])
[loftr_wrapper.py] net forward
[loftr_wrapper.py] mconf, 0.2004566192626953 0.9844116568565369
[loftr_wrapper.py] pair_ids (145,)
[loftr_wrapper.py] corres: (145, 5)
[loftr_wrapper.py] image0: torch.Size([1, 1, 400, 400])
[loftr_wrapper.py] net forward
[loftr_wrapper.py] mconf, 0.20648857951164246 0.6900520920753479
[loftr_wrapper.py] pair_ids (56,)
[loftr_wrapper.py] corres: (56, 5)
[loftr_wrapper.py] image0: torch.Size([1, 1, 400, 400])
[loftr_wrapper.py] net forward
[loftr_wrapper.py] mconf, 0.20142729580402374 0.7581787705421448
[loftr_wrapper.py] pair_ids (76,)
[loftr_wrapper.py] corres: (76, 5)
[loftr_wrapper.py] image0: torch.Size([1, 1, 400, 400])
[loftr_wrapper.py] net forward
[loftr_wrapper.py] mconf, 0.2020697146654129 0.7608039379119873
[loftr_wrapper.py] pair_ids (87,)
[loftr_wrapper.py] corres: (87, 5)
[loftr_wrapper.py] image0: torch.Size([1, 1, 400, 400])
[loftr_wrapper.py] net forward
[loftr_wrapper.py] mconf, 0.20000144839286804 0.9867592453956604
[loftr_wrapper.py] pair_ids (178,)
[loftr_wrapper.py] corres: (178, 5)
[loftr_wrapper.py] image0: torch.Size([1, 1, 400, 400])
[loftr_wrapper.py] net forward
[loftr_wrapper.py] mconf, 0.20047904551029205 0.7924070358276367
[loftr_wrapper.py] pair_ids (47,)
[loftr_wrapper.py] corres: (47, 5)
[loftr_wrapper.py] image0: torch.Size([1, 1, 400, 400])
[loftr_wrapper.py] net forward
[loftr_wrapper.py] mconf, 0.20082475244998932 0.9894779324531555
[loftr_wrapper.py] pair_ids (270,)
[loftr_wrapper.py] corres: (270, 5)
[loftr_wrapper.py] image0: torch.Size([1, 1, 400, 400])
[loftr_wrapper.py] net forward
[loftr_wrapper.py] mconf, 0.20225244760513306 0.9184724688529968
[loftr_wrapper.py] pair_ids (110,)
[loftr_wrapper.py] corres: (110, 5)
[loftr_wrapper.py] image0: torch.Size([1, 1, 400, 400])
[loftr_wrapper.py] net forward
[loftr_wrapper.py] mconf, 0.20067106187343597 0.974075436592102
[loftr_wrapper.py] pair_ids (171,)
[loftr_wrapper.py] corres: (171, 5)
[loftr_wrapper.py] image0: torch.Size([1, 1, 400, 400])
[loftr_wrapper.py] net forward
[loftr_wrapper.py] mconf, 0.2007293850183487 0.9911543130874634
[loftr_wrapper.py] pair_ids (217,)
[loftr_wrapper.py] corres: (217, 5)
[loftr_wrapper.py] image0: torch.Size([1, 1, 400, 400])
[loftr_wrapper.py] net forward
[loftr_wrapper.py] mconf, 0.2016655057668686 0.6777565479278564
[loftr_wrapper.py] pair_ids (48,)
[loftr_wrapper.py] corres: (48, 5)
[loftr_wrapper.py] image0: torch.Size([1, 1, 400, 400])
[loftr_wrapper.py] net forward
[loftr_wrapper.py] mconf, 0.20084141194820404 0.6832279562950134
[loftr_wrapper.py] pair_ids (70,)
[loftr_wrapper.py] corres: (70, 5)
[loftr_wrapper.py] image0: torch.Size([1, 1, 400, 400])
[loftr_wrapper.py] net forward
[loftr_wrapper.py] mconf, 0.2018323689699173 0.9091340899467468
[loftr_wrapper.py] pair_ids (57,)
[loftr_wrapper.py] corres: (57, 5)
[loftr_wrapper.py] image0: torch.Size([1, 1, 400, 400])
[loftr_wrapper.py] net forward
[loftr_wrapper.py] mconf, 0.20008280873298645 0.7228406667709351
[loftr_wrapper.py] pair_ids (70,)
[loftr_wrapper.py] corres: (70, 5)
[loftr_wrapper.py] image0: torch.Size([1, 1, 400, 400])
[loftr_wrapper.py] net forward
[loftr_wrapper.py] mconf, 0.20163919031620026 0.8747491836547852
[loftr_wrapper.py] pair_ids (122,)
[loftr_wrapper.py] corres: (122, 5)
[loftr_wrapper.py] image0: torch.Size([1, 1, 400, 400])
[loftr_wrapper.py] net forward
[loftr_wrapper.py] mconf, 0.20090527832508087 0.7285895943641663
[loftr_wrapper.py] pair_ids (93,)
[loftr_wrapper.py] corres: (93, 5)
[loftr_wrapper.py] image0: torch.Size([1, 1, 400, 400])
[loftr_wrapper.py] net forward
[loftr_wrapper.py] mconf, 0.2029884159564972 0.6891087293624878
[loftr_wrapper.py] pair_ids (83,)
[loftr_wrapper.py] corres: (83, 5)
[loftr_wrapper.py] image0: torch.Size([1, 1, 400, 400])
[loftr_wrapper.py] net forward
[loftr_wrapper.py] mconf, 0.20026378333568573 0.6545044779777527
[loftr_wrapper.py] pair_ids (61,)
[loftr_wrapper.py] corres: (61, 5)
[loftr_wrapper.py] image0: torch.Size([1, 1, 400, 400])
[loftr_wrapper.py] net forward
[loftr_wrapper.py] mconf, 0.20269854366779327 0.9743563532829285
[loftr_wrapper.py] pair_ids (194,)
[loftr_wrapper.py] corres: (194, 5)
[loftr_wrapper.py] image0: torch.Size([1, 1, 400, 400])
[loftr_wrapper.py] net forward
[loftr_wrapper.py] mconf, 0.20123201608657837 0.6633428335189819
[loftr_wrapper.py] pair_ids (75,)
[loftr_wrapper.py] corres: (75, 5)
[loftr_wrapper.py] image0: torch.Size([1, 1, 400, 400])
[loftr_wrapper.py] net forward
[loftr_wrapper.py] mconf, 0.2036619484424591 0.8629332184791565
[loftr_wrapper.py] pair_ids (85,)
[loftr_wrapper.py] corres: (85, 5)
[loftr_wrapper.py] image0: torch.Size([1, 1, 400, 400])
[loftr_wrapper.py] net forward
[loftr_wrapper.py] mconf, 0.2001146376132965 0.7445580363273621
[loftr_wrapper.py] pair_ids (77,)
[loftr_wrapper.py] corres: (77, 5)
[loftr_wrapper.py] image0: torch.Size([1, 1, 400, 400])
[loftr_wrapper.py] net forward
[loftr_wrapper.py] mconf, 0.20107854902744293 0.9726740717887878
[loftr_wrapper.py] pair_ids (137,)
[loftr_wrapper.py] corres: (137, 5)
[loftr_wrapper.py] image0: torch.Size([1, 1, 400, 400])
[loftr_wrapper.py] net forward
[loftr_wrapper.py] mconf, 0.20040281116962433 0.8423581719398499
[loftr_wrapper.py] pair_ids (100,)
[loftr_wrapper.py] corres: (100, 5)
[loftr_wrapper.py] image0: torch.Size([1, 1, 400, 400])
[loftr_wrapper.py] net forward
[loftr_wrapper.py] mconf, 0.20104634761810303 0.97629314661026
[loftr_wrapper.py] pair_ids (176,)
[loftr_wrapper.py] corres: (176, 5)
[loftr_wrapper.py] image0: torch.Size([1, 1, 400, 400])
[loftr_wrapper.py] net forward
[loftr_wrapper.py] mconf, 0.20014168322086334 0.9807918667793274
[loftr_wrapper.py] pair_ids (178,)
[loftr_wrapper.py] corres: (178, 5)
[loftr_wrapper.py] image0: torch.Size([1, 1, 400, 400])
[loftr_wrapper.py] net forward
[loftr_wrapper.py] mconf, 0.20066876709461212 0.8168230056762695
[loftr_wrapper.py] pair_ids (122,)
[loftr_wrapper.py] corres: (122, 5)
[loftr_wrapper.py] image0: torch.Size([1, 1, 400, 400])
[loftr_wrapper.py] net forward
[loftr_wrapper.py] mconf, 0.20101101696491241 0.7809239625930786
[loftr_wrapper.py] pair_ids (86,)
[loftr_wrapper.py] corres: (86, 5)
[loftr_wrapper.py] image0: torch.Size([1, 1, 400, 400])
[loftr_wrapper.py] net forward
[loftr_wrapper.py] mconf, 0.20125891268253326 0.63117915391922
[loftr_wrapper.py] pair_ids (49,)
[loftr_wrapper.py] corres: (49, 5)
[loftr_wrapper.py] image0: torch.Size([1, 1, 400, 400])
[loftr_wrapper.py] net forward
[loftr_wrapper.py] mconf, 0.20055356621742249 0.6959582567214966
[loftr_wrapper.py] pair_ids (90,)
[loftr_wrapper.py] corres: (90, 5)
[loftr_wrapper.py] image0: torch.Size([1, 1, 400, 400])
[loftr_wrapper.py] net forward
[loftr_wrapper.py] mconf, 0.20005203783512115 0.9925245046615601
[loftr_wrapper.py] pair_ids (190,)
[loftr_wrapper.py] corres: (190, 5)
[loftr_wrapper.py] image0: torch.Size([1, 1, 400, 400])
[loftr_wrapper.py] net forward
[loftr_wrapper.py] mconf, 0.2021152675151825 0.7403349876403809
[loftr_wrapper.py] pair_ids (50,)
[loftr_wrapper.py] corres: (50, 5)
SB11 done 1380 1264s
[probe] GT rotations orthonormalized (max element change 3.54e-08)
SM1 pairs 360 {'[0,15)': 2426, '[15,30)': 4649, '[30,60)': 8683, '[60,90)': 8994, '[90,135)': 8980, '[135,180]': 4771}
[loftr_wrapper.py] image0: torch.Size([1, 1, 400, 400])
[loftr_wrapper.py] net forward
[loftr_wrapper.py] mconf, 0.20029765367507935 0.9871842861175537
[loftr_wrapper.py] pair_ids (375,)
[loftr_wrapper.py] corres: (375, 5)
[loftr_wrapper.py] image0: torch.Size([1, 1, 400, 400])
[loftr_wrapper.py] net forward
[loftr_wrapper.py] mconf, 0.2010239064693451 0.999692976474762
[loftr_wrapper.py] pair_ids (736,)
[loftr_wrapper.py] corres: (736, 5)
[loftr_wrapper.py] image0: torch.Size([1, 1, 400, 400])
[loftr_wrapper.py] net forward
[loftr_wrapper.py] mconf, 0.20245113968849182 0.9995114207267761
[loftr_wrapper.py] pair_ids (975,)
[loftr_wrapper.py] corres: (975, 5)
[loftr_wrapper.py] image0: torch.Size([1, 1, 400, 400])
[loftr_wrapper.py] net forward
[loftr_wrapper.py] mconf, 0.20018982887268066 0.9990125298500061
[loftr_wrapper.py] pair_ids (1112,)
[loftr_wrapper.py] corres: (1112, 5)
[loftr_wrapper.py] image0: torch.Size([1, 1, 400, 400])
[loftr_wrapper.py] net forward
[loftr_wrapper.py] mconf, 0.20232562720775604 0.9753372073173523
[loftr_wrapper.py] pair_ids (373,)
[loftr_wrapper.py] corres: (373, 5)
[loftr_wrapper.py] image0: torch.Size([1, 1, 400, 400])
[loftr_wrapper.py] net forward
[loftr_wrapper.py] mconf, 0.20084361732006073 0.9994579553604126
[loftr_wrapper.py] pair_ids (1316,)
[loftr_wrapper.py] corres: (1316, 5)
[loftr_wrapper.py] image0: torch.Size([1, 1, 400, 400])
[loftr_wrapper.py] net forward
[loftr_wrapper.py] mconf, 0.20012596249580383 0.9946386218070984
[loftr_wrapper.py] pair_ids (572,)
[loftr_wrapper.py] corres: (572, 5)
[loftr_wrapper.py] image0: torch.Size([1, 1, 400, 400])
[loftr_wrapper.py] net forward
[loftr_wrapper.py] mconf, 0.2001064568758011 0.9734270572662354
[loftr_wrapper.py] pair_ids (405,)
[loftr_wrapper.py] corres: (405, 5)
[loftr_wrapper.py] image0: torch.Size([1, 1, 400, 400])
[loftr_wrapper.py] net forward
[loftr_wrapper.py] mconf, 0.20318567752838135 0.9653601050376892
[loftr_wrapper.py] pair_ids (416,)
[loftr_wrapper.py] corres: (416, 5)
[loftr_wrapper.py] image0: torch.Size([1, 1, 400, 400])
[loftr_wrapper.py] net forward
[loftr_wrapper.py] mconf, 0.2012249380350113 0.995459258556366
[loftr_wrapper.py] pair_ids (604,)
[loftr_wrapper.py] corres: (604, 5)
[loftr_wrapper.py] image0: torch.Size([1, 1, 400, 400])
[loftr_wrapper.py] net forward
[loftr_wrapper.py] mconf, 0.20007091760635376 0.9961061477661133
[loftr_wrapper.py] pair_ids (547,)
[loftr_wrapper.py] corres: (547, 5)
[loftr_wrapper.py] image0: torch.Size([1, 1, 400, 400])
[loftr_wrapper.py] net forward
[loftr_wrapper.py] mconf, 0.20025454461574554 0.9993463158607483
[loftr_wrapper.py] pair_ids (976,)
[loftr_wrapper.py] corres: (976, 5)
[loftr_wrapper.py] image0: torch.Size([1, 1, 400, 400])
[loftr_wrapper.py] net forward
[loftr_wrapper.py] mconf, 0.20083943009376526 0.9873180389404297
[loftr_wrapper.py] pair_ids (735,)
[loftr_wrapper.py] corres: (735, 5)
[loftr_wrapper.py] image0: torch.Size([1, 1, 400, 400])
[loftr_wrapper.py] net forward
[loftr_wrapper.py] mconf, 0.20110026001930237 0.9984089136123657
[loftr_wrapper.py] pair_ids (850,)
[loftr_wrapper.py] corres: (850, 5)
[loftr_wrapper.py] image0: torch.Size([1, 1, 400, 400])
[loftr_wrapper.py] net forward
[loftr_wrapper.py] mconf, 0.20096634328365326 0.9906920194625854
[loftr_wrapper.py] pair_ids (360,)
[loftr_wrapper.py] corres: (360, 5)
[loftr_wrapper.py] image0: torch.Size([1, 1, 400, 400])
[loftr_wrapper.py] net forward
[loftr_wrapper.py] mconf, 0.20101389288902283 0.9947700500488281
[loftr_wrapper.py] pair_ids (552,)
[loftr_wrapper.py] corres: (552, 5)
[loftr_wrapper.py] image0: torch.Size([1, 1, 400, 400])
[loftr_wrapper.py] net forward
[loftr_wrapper.py] mconf, 0.20101307332515717 0.997839629650116
[loftr_wrapper.py] pair_ids (866,)
[loftr_wrapper.py] corres: (866, 5)
[loftr_wrapper.py] image0: torch.Size([1, 1, 400, 400])
[loftr_wrapper.py] net forward
[loftr_wrapper.py] mconf, 0.2003176510334015 0.9981334805488586
[loftr_wrapper.py] pair_ids (710,)
[loftr_wrapper.py] corres: (710, 5)
[loftr_wrapper.py] image0: torch.Size([1, 1, 400, 400])
[loftr_wrapper.py] net forward
[loftr_wrapper.py] mconf, 0.20142507553100586 0.9984782934188843
[loftr_wrapper.py] pair_ids (1513,)
[loftr_wrapper.py] corres: (1513, 5)
[loftr_wrapper.py] image0: torch.Size([1, 1, 400, 400])
[loftr_wrapper.py] net forward
[loftr_wrapper.py] mconf, 0.20044593513011932 0.9985501170158386
[loftr_wrapper.py] pair_ids (758,)
[loftr_wrapper.py] corres: (758, 5)
[loftr_wrapper.py] image0: torch.Size([1, 1, 400, 400])
[loftr_wrapper.py] net forward
[loftr_wrapper.py] mconf, 0.20023781061172485 0.9817233085632324
[loftr_wrapper.py] pair_ids (248,)
[loftr_wrapper.py] corres: (248, 5)
[loftr_wrapper.py] image0: torch.Size([1, 1, 400, 400])
[loftr_wrapper.py] net forward
[loftr_wrapper.py] mconf, 0.20067180693149567 0.9857313632965088
[loftr_wrapper.py] pair_ids (417,)
[loftr_wrapper.py] corres: (417, 5)
[loftr_wrapper.py] image0: torch.Size([1, 1, 400, 400])
[loftr_wrapper.py] net forward
[loftr_wrapper.py] mconf, 0.200410857796669 0.9976896643638611
[loftr_wrapper.py] pair_ids (1310,)
[loftr_wrapper.py] corres: (1310, 5)
[loftr_wrapper.py] image0: torch.Size([1, 1, 400, 400])
[loftr_wrapper.py] net forward
[loftr_wrapper.py] mconf, 0.2011512964963913 0.9977313280105591
[loftr_wrapper.py] pair_ids (1145,)
[loftr_wrapper.py] corres: (1145, 5)
[loftr_wrapper.py] image0: torch.Size([1, 1, 400, 400])
[loftr_wrapper.py] net forward
[loftr_wrapper.py] mconf, 0.20102450251579285 0.9991826415061951
[loftr_wrapper.py] pair_ids (1238,)
[loftr_wrapper.py] corres: (1238, 5)
[loftr_wrapper.py] image0: torch.Size([1, 1, 400, 400])
[loftr_wrapper.py] net forward
[loftr_wrapper.py] mconf, 0.20020729303359985 0.9883502125740051
[loftr_wrapper.py] pair_ids (528,)
[loftr_wrapper.py] corres: (528, 5)
[loftr_wrapper.py] image0: torch.Size([1, 1, 400, 400])
[loftr_wrapper.py] net forward
[loftr_wrapper.py] mconf, 0.2004721760749817 0.9985523819923401
[loftr_wrapper.py] pair_ids (911,)
[loftr_wrapper.py] corres: (911, 5)
[loftr_wrapper.py] image0: torch.Size([1, 1, 400, 400])
[loftr_wrapper.py] net forward
[loftr_wrapper.py] mconf, 0.20159213244915009 0.976944088935852
[loftr_wrapper.py] pair_ids (281,)
[loftr_wrapper.py] corres: (281, 5)
[loftr_wrapper.py] image0: torch.Size([1, 1, 400, 400])
[loftr_wrapper.py] net forward
[loftr_wrapper.py] mconf, 0.2041870653629303 0.990536630153656
[loftr_wrapper.py] pair_ids (303,)
[loftr_wrapper.py] corres: (303, 5)
[loftr_wrapper.py] image0: torch.Size([1, 1, 400, 400])
[loftr_wrapper.py] net forward
[loftr_wrapper.py] mconf, 0.2002284973859787 0.985315203666687
[loftr_wrapper.py] pair_ids (481,)
[loftr_wrapper.py] corres: (481, 5)
[loftr_wrapper.py] image0: torch.Size([1, 1, 400, 400])
[loftr_wrapper.py] net forward
[loftr_wrapper.py] mconf, 0.2003530114889145 0.9623019099235535
[loftr_wrapper.py] pair_ids (555,)
[loftr_wrapper.py] corres: (555, 5)
[loftr_wrapper.py] image0: torch.Size([1, 1, 400, 400])
[loftr_wrapper.py] net forward
[loftr_wrapper.py] mconf, 0.2005447894334793 0.9929182529449463
[loftr_wrapper.py] pair_ids (485,)
[loftr_wrapper.py] corres: (485, 5)
[loftr_wrapper.py] image0: torch.Size([1, 1, 400, 400])
[loftr_wrapper.py] net forward
[loftr_wrapper.py] mconf, 0.20353111624717712 0.9886887073516846
[loftr_wrapper.py] pair_ids (324,)
[loftr_wrapper.py] corres: (324, 5)
[loftr_wrapper.py] image0: torch.Size([1, 1, 400, 400])
[loftr_wrapper.py] net forward
[loftr_wrapper.py] mconf, 0.20043987035751343 0.9853302240371704
[loftr_wrapper.py] pair_ids (316,)
[loftr_wrapper.py] corres: (316, 5)
[loftr_wrapper.py] image0: torch.Size([1, 1, 400, 400])
[loftr_wrapper.py] net forward
[loftr_wrapper.py] mconf, 0.20048490166664124 0.9886395931243896
[loftr_wrapper.py] pair_ids (402,)
[loftr_wrapper.py] corres: (402, 5)
[loftr_wrapper.py] image0: torch.Size([1, 1, 400, 400])
[loftr_wrapper.py] net forward
[loftr_wrapper.py] mconf, 0.20102503895759583 0.9904512166976929
[loftr_wrapper.py] pair_ids (590,)
[loftr_wrapper.py] corres: (590, 5)
[loftr_wrapper.py] image0: torch.Size([1, 1, 400, 400])
[loftr_wrapper.py] net forward
[loftr_wrapper.py] mconf, 0.20066092908382416 0.9924181699752808
[loftr_wrapper.py] pair_ids (515,)
[loftr_wrapper.py] corres: (515, 5)
[loftr_wrapper.py] image0: torch.Size([1, 1, 400, 400])
[loftr_wrapper.py] net forward
[loftr_wrapper.py] mconf, 0.2018757313489914 0.9990465641021729
[loftr_wrapper.py] pair_ids (1302,)
[loftr_wrapper.py] corres: (1302, 5)
[loftr_wrapper.py] image0: torch.Size([1, 1, 400, 400])
[loftr_wrapper.py] net forward
[loftr_wrapper.py] mconf, 0.20093876123428345 0.9996784329414368
[loftr_wrapper.py] pair_ids (1331,)
[loftr_wrapper.py] corres: (1331, 5)
[loftr_wrapper.py] image0: torch.Size([1, 1, 400, 400])
[loftr_wrapper.py] net forward
[loftr_wrapper.py] mconf, 0.20261503756046295 0.9803522825241089
[loftr_wrapper.py] pair_ids (257,)
[loftr_wrapper.py] corres: (257, 5)
[loftr_wrapper.py] image0: torch.Size([1, 1, 400, 400])
[loftr_wrapper.py] net forward
[loftr_wrapper.py] mconf, 0.20059241354465485 0.9971274137496948
[loftr_wrapper.py] pair_ids (390,)
[loftr_wrapper.py] corres: (390, 5)
[loftr_wrapper.py] image0: torch.Size([1, 1, 400, 400])
[loftr_wrapper.py] net forward
[loftr_wrapper.py] mconf, 0.20057885348796844 0.9640912413597107
[loftr_wrapper.py] pair_ids (516,)
[loftr_wrapper.py] corres: (516, 5)
[loftr_wrapper.py] image0: torch.Size([1, 1, 400, 400])
[loftr_wrapper.py] net forward
[loftr_wrapper.py] mconf, 0.20181366801261902 0.9936198592185974
[loftr_wrapper.py] pair_ids (804,)
[loftr_wrapper.py] corres: (804, 5)
[loftr_wrapper.py] image0: torch.Size([1, 1, 400, 400])
[loftr_wrapper.py] net forward
[loftr_wrapper.py] mconf, 0.20105761289596558 0.9995908737182617
[loftr_wrapper.py] pair_ids (1001,)
[loftr_wrapper.py] corres: (1001, 5)
[loftr_wrapper.py] image0: torch.Size([1, 1, 400, 400])
[loftr_wrapper.py] net forward
[loftr_wrapper.py] mconf, 0.20147719979286194 0.9702555537223816
[loftr_wrapper.py] pair_ids (397,)
[loftr_wrapper.py] corres: (397, 5)
[loftr_wrapper.py] image0: torch.Size([1, 1, 400, 400])
[loftr_wrapper.py] net forward
[loftr_wrapper.py] mconf, 0.2001984864473343 0.9998682737350464
[loftr_wrapper.py] pair_ids (1326,)
[loftr_wrapper.py] corres: (1326, 5)
[loftr_wrapper.py] image0: torch.Size([1, 1, 400, 400])
[loftr_wrapper.py] net forward
[loftr_wrapper.py] mconf, 0.20038214325904846 0.9995331168174744
[loftr_wrapper.py] pair_ids (1519,)
[loftr_wrapper.py] corres: (1519, 5)
[loftr_wrapper.py] image0: torch.Size([1, 1, 400, 400])
[loftr_wrapper.py] net forward
[loftr_wrapper.py] mconf, 0.2002781480550766 0.8859386444091797
[loftr_wrapper.py] pair_ids (239,)
[loftr_wrapper.py] corres: (239, 5)
[loftr_wrapper.py] image0: torch.Size([1, 1, 400, 400])
[loftr_wrapper.py] net forward
[loftr_wrapper.py] mconf, 0.20048490166664124 0.9991883039474487
[loftr_wrapper.py] pair_ids (1129,)
[loftr_wrapper.py] corres: (1129, 5)
[loftr_wrapper.py] image0: torch.Size([1, 1, 400, 400])
[loftr_wrapper.py] net forward
[loftr_wrapper.py] mconf, 0.20007367432117462 0.9893527030944824
[loftr_wrapper.py] pair_ids (801,)
[loftr_wrapper.py] corres: (801, 5)
[loftr_wrapper.py] image0: torch.Size([1, 1, 400, 400])
[loftr_wrapper.py] net forward
[loftr_wrapper.py] mconf, 0.20121988654136658 0.9742445349693298
[loftr_wrapper.py] pair_ids (280,)
[loftr_wrapper.py] corres: (280, 5)
[loftr_wrapper.py] image0: torch.Size([1, 1, 400, 400])
[loftr_wrapper.py] net forward
[loftr_wrapper.py] mconf, 0.20242254436016083 0.9988039135932922
[loftr_wrapper.py] pair_ids (495,)
[loftr_wrapper.py] corres: (495, 5)
[loftr_wrapper.py] image0: torch.Size([1, 1, 400, 400])
[loftr_wrapper.py] net forward
[loftr_wrapper.py] mconf, 0.20000317692756653 0.9981666803359985
[loftr_wrapper.py] pair_ids (937,)
[loftr_wrapper.py] corres: (937, 5)
[loftr_wrapper.py] image0: torch.Size([1, 1, 400, 400])
[loftr_wrapper.py] net forward
[loftr_wrapper.py] mconf, 0.20037944614887238 0.9864292144775391
[loftr_wrapper.py] pair_ids (541,)
[loftr_wrapper.py] corres: (541, 5)
[loftr_wrapper.py] image0: torch.Size([1, 1, 400, 400])
[loftr_wrapper.py] net forward
[loftr_wrapper.py] mconf, 0.20105288922786713 0.9911867380142212
[loftr_wrapper.py] pair_ids (285,)
[loftr_wrapper.py] corres: (285, 5)
[loftr_wrapper.py] image0: torch.Size([1, 1, 400, 400])
[loftr_wrapper.py] net forward
[loftr_wrapper.py] mconf, 0.20004132390022278 0.9962692260742188
[loftr_wrapper.py] pair_ids (708,)
[loftr_wrapper.py] corres: (708, 5)
[loftr_wrapper.py] image0: torch.Size([1, 1, 400, 400])
[loftr_wrapper.py] net forward
[loftr_wrapper.py] mconf, 0.20020167529582977 0.9869244694709778
[loftr_wrapper.py] pair_ids (704,)
[loftr_wrapper.py] corres: (704, 5)
[loftr_wrapper.py] image0: torch.Size([1, 1, 400, 400])
[loftr_wrapper.py] net forward
[loftr_wrapper.py] mconf, 0.20130711793899536 0.9998122453689575
[loftr_wrapper.py] pair_ids (1374,)
[loftr_wrapper.py] corres: (1374, 5)
[loftr_wrapper.py] image0: torch.Size([1, 1, 400, 400])
[loftr_wrapper.py] net forward
[loftr_wrapper.py] mconf, 0.20009222626686096 0.9205431938171387
[loftr_wrapper.py] pair_ids (160,)
[loftr_wrapper.py] corres: (160, 5)
[loftr_wrapper.py] image0: torch.Size([1, 1, 400, 400])
[loftr_wrapper.py] net forward
[loftr_wrapper.py] mconf, 0.2021775245666504 0.9989267587661743
[loftr_wrapper.py] pair_ids (1288,)
[loftr_wrapper.py] corres: (1288, 5)
[loftr_wrapper.py] image0: torch.Size([1, 1, 400, 400])
[loftr_wrapper.py] net forward
[loftr_wrapper.py] mconf, 0.20037992298603058 0.9987592101097107
[loftr_wrapper.py] pair_ids (582,)
[loftr_wrapper.py] corres: (582, 5)
[loftr_wrapper.py] image0: torch.Size([1, 1, 400, 400])
[loftr_wrapper.py] net forward
[loftr_wrapper.py] mconf, 0.200035959482193 0.9936766028404236
[loftr_wrapper.py] pair_ids (367,)
[loftr_wrapper.py] corres: (367, 5)
[loftr_wrapper.py] image0: torch.Size([1, 1, 400, 400])
[loftr_wrapper.py] net forward
[loftr_wrapper.py] mconf, 0.20061872899532318 0.8133615851402283
[loftr_wrapper.py] pair_ids (103,)
[loftr_wrapper.py] corres: (103, 5)
[loftr_wrapper.py] image0: torch.Size([1, 1, 400, 400])
[loftr_wrapper.py] net forward
[loftr_wrapper.py] mconf, 0.20092599093914032 0.9285914897918701
[loftr_wrapper.py] pair_ids (215,)
[loftr_wrapper.py] corres: (215, 5)
[loftr_wrapper.py] image0: torch.Size([1, 1, 400, 400])
[loftr_wrapper.py] net forward
[loftr_wrapper.py] mconf, 0.20435257256031036 0.8298380970954895
[loftr_wrapper.py] pair_ids (149,)
[loftr_wrapper.py] corres: (149, 5)
[loftr_wrapper.py] image0: torch.Size([1, 1, 400, 400])
[loftr_wrapper.py] net forward
[loftr_wrapper.py] mconf, 0.20007136464118958 0.7514928579330444
[loftr_wrapper.py] pair_ids (111,)
[loftr_wrapper.py] corres: (111, 5)
[loftr_wrapper.py] image0: torch.Size([1, 1, 400, 400])
[loftr_wrapper.py] net forward
[loftr_wrapper.py] mconf, 0.20095838606357574 0.9347056746482849
[loftr_wrapper.py] pair_ids (274,)
[loftr_wrapper.py] corres: (274, 5)
[loftr_wrapper.py] image0: torch.Size([1, 1, 400, 400])
[loftr_wrapper.py] net forward
[loftr_wrapper.py] mconf, 0.20020757615566254 0.9924948811531067
[loftr_wrapper.py] pair_ids (317,)
[loftr_wrapper.py] corres: (317, 5)
[loftr_wrapper.py] image0: torch.Size([1, 1, 400, 400])
[loftr_wrapper.py] net forward
[loftr_wrapper.py] mconf, 0.20028744637966156 0.8010947108268738
[loftr_wrapper.py] pair_ids (126,)
[loftr_wrapper.py] corres: (126, 5)
[loftr_wrapper.py] image0: torch.Size([1, 1, 400, 400])
[loftr_wrapper.py] net forward
[loftr_wrapper.py] mconf, 0.20072996616363525 0.9743894338607788
[loftr_wrapper.py] pair_ids (260,)
[loftr_wrapper.py] corres: (260, 5)
[loftr_wrapper.py] image0: torch.Size([1, 1, 400, 400])
[loftr_wrapper.py] net forward
[loftr_wrapper.py] mconf, 0.2000667303800583 0.976131796836853
[loftr_wrapper.py] pair_ids (329,)
[loftr_wrapper.py] corres: (329, 5)
[loftr_wrapper.py] image0: torch.Size([1, 1, 400, 400])
[loftr_wrapper.py] net forward
[loftr_wrapper.py] mconf, 0.20021240413188934 0.9582279920578003
[loftr_wrapper.py] pair_ids (231,)
[loftr_wrapper.py] corres: (231, 5)
[loftr_wrapper.py] image0: torch.Size([1, 1, 400, 400])
[loftr_wrapper.py] net forward
[loftr_wrapper.py] mconf, 0.20006132125854492 0.9301275610923767
[loftr_wrapper.py] pair_ids (308,)
[loftr_wrapper.py] corres: (308, 5)
[loftr_wrapper.py] image0: torch.Size([1, 1, 400, 400])
[loftr_wrapper.py] net forward
[loftr_wrapper.py] mconf, 0.20018227398395538 0.9907346367835999
[loftr_wrapper.py] pair_ids (512,)
[loftr_wrapper.py] corres: (512, 5)
[loftr_wrapper.py] image0: torch.Size([1, 1, 400, 400])
[loftr_wrapper.py] net forward
[loftr_wrapper.py] mconf, 0.20220519602298737 0.9917545914649963
[loftr_wrapper.py] pair_ids (307,)
[loftr_wrapper.py] corres: (307, 5)
[loftr_wrapper.py] image0: torch.Size([1, 1, 400, 400])
[loftr_wrapper.py] net forward
[loftr_wrapper.py] mconf, 0.20048671960830688 0.9918726682662964
[loftr_wrapper.py] pair_ids (552,)
[loftr_wrapper.py] corres: (552, 5)
[loftr_wrapper.py] image0: torch.Size([1, 1, 400, 400])
[loftr_wrapper.py] net forward
[loftr_wrapper.py] mconf, 0.20077408850193024 0.9482389688491821
[loftr_wrapper.py] pair_ids (198,)
[loftr_wrapper.py] corres: (198, 5)
[loftr_wrapper.py] image0: torch.Size([1, 1, 400, 400])
[loftr_wrapper.py] net forward
[loftr_wrapper.py] mconf, 0.20091977715492249 0.9974183440208435
[loftr_wrapper.py] pair_ids (451,)
[loftr_wrapper.py] corres: (451, 5)
[loftr_wrapper.py] image0: torch.Size([1, 1, 400, 400])
[loftr_wrapper.py] net forward
[loftr_wrapper.py] mconf, 0.20039081573486328 0.9780192375183105
[loftr_wrapper.py] pair_ids (291,)
[loftr_wrapper.py] corres: (291, 5)
[loftr_wrapper.py] image0: torch.Size([1, 1, 400, 400])
[loftr_wrapper.py] net forward
[loftr_wrapper.py] mconf, 0.20096005499362946 0.9964996576309204
[loftr_wrapper.py] pair_ids (646,)
[loftr_wrapper.py] corres: (646, 5)
[loftr_wrapper.py] image0: torch.Size([1, 1, 400, 400])
[loftr_wrapper.py] net forward
[loftr_wrapper.py] mconf, 0.20130948722362518 0.9829691648483276
[loftr_wrapper.py] pair_ids (524,)
[loftr_wrapper.py] corres: (524, 5)
[loftr_wrapper.py] image0: torch.Size([1, 1, 400, 400])
[loftr_wrapper.py] net forward
[loftr_wrapper.py] mconf, 0.2013396918773651 0.9983077049255371
[loftr_wrapper.py] pair_ids (671,)
[loftr_wrapper.py] corres: (671, 5)
[loftr_wrapper.py] image0: torch.Size([1, 1, 400, 400])
[loftr_wrapper.py] net forward
[loftr_wrapper.py] mconf, 0.20277506113052368 0.9804139137268066
[loftr_wrapper.py] pair_ids (433,)
[loftr_wrapper.py] corres: (433, 5)
[loftr_wrapper.py] image0: torch.Size([1, 1, 400, 400])
[loftr_wrapper.py] net forward
[loftr_wrapper.py] mconf, 0.20253951847553253 0.9021353125572205
[loftr_wrapper.py] pair_ids (166,)
[loftr_wrapper.py] corres: (166, 5)
[loftr_wrapper.py] image0: torch.Size([1, 1, 400, 400])
[loftr_wrapper.py] net forward
[loftr_wrapper.py] mconf, 0.20026439428329468 0.9748057723045349
[loftr_wrapper.py] pair_ids (201,)
[loftr_wrapper.py] corres: (201, 5)
[loftr_wrapper.py] image0: torch.Size([1, 1, 400, 400])
[loftr_wrapper.py] net forward
[loftr_wrapper.py] mconf, 0.20012164115905762 0.9339768886566162
[loftr_wrapper.py] pair_ids (221,)
[loftr_wrapper.py] corres: (221, 5)
[loftr_wrapper.py] image0: torch.Size([1, 1, 400, 400])
[loftr_wrapper.py] net forward
[loftr_wrapper.py] mconf, 0.20013754069805145 0.9971022605895996
[loftr_wrapper.py] pair_ids (643,)
[loftr_wrapper.py] corres: (643, 5)
[loftr_wrapper.py] image0: torch.Size([1, 1, 400, 400])
[loftr_wrapper.py] net forward
[loftr_wrapper.py] mconf, 0.20234078168869019 0.9817696809768677
[loftr_wrapper.py] pair_ids (287,)
[loftr_wrapper.py] corres: (287, 5)
[loftr_wrapper.py] image0: torch.Size([1, 1, 400, 400])
[loftr_wrapper.py] net forward
[loftr_wrapper.py] mconf, 0.2001158744096756 0.9985973238945007
[loftr_wrapper.py] pair_ids (686,)
[loftr_wrapper.py] corres: (686, 5)
[loftr_wrapper.py] image0: torch.Size([1, 1, 400, 400])
[loftr_wrapper.py] net forward
[loftr_wrapper.py] mconf, 0.2002497762441635 0.7550978064537048
[loftr_wrapper.py] pair_ids (85,)
[loftr_wrapper.py] corres: (85, 5)
[loftr_wrapper.py] image0: torch.Size([1, 1, 400, 400])
[loftr_wrapper.py] net forward
[loftr_wrapper.py] mconf, 0.20003609359264374 0.9939151406288147
[loftr_wrapper.py] pair_ids (516,)
[loftr_wrapper.py] corres: (516, 5)
[loftr_wrapper.py] image0: torch.Size([1, 1, 400, 400])
[loftr_wrapper.py] net forward
[loftr_wrapper.py] mconf, 0.20004381239414215 0.9887935519218445
[loftr_wrapper.py] pair_ids (650,)
[loftr_wrapper.py] corres: (650, 5)
[loftr_wrapper.py] image0: torch.Size([1, 1, 400, 400])
[loftr_wrapper.py] net forward
[loftr_wrapper.py] mconf, 0.20040924847126007 0.9998164176940918
[loftr_wrapper.py] pair_ids (728,)
[loftr_wrapper.py] corres: (728, 5)
[loftr_wrapper.py] image0: torch.Size([1, 1, 400, 400])
[loftr_wrapper.py] net forward
[loftr_wrapper.py] mconf, 0.20026275515556335 0.964731752872467
[loftr_wrapper.py] pair_ids (366,)
[loftr_wrapper.py] corres: (366, 5)
[loftr_wrapper.py] image0: torch.Size([1, 1, 400, 400])
[loftr_wrapper.py] net forward
[loftr_wrapper.py] mconf, 0.20177993178367615 0.9964574575424194
[loftr_wrapper.py] pair_ids (698,)
[loftr_wrapper.py] corres: (698, 5)
[loftr_wrapper.py] image0: torch.Size([1, 1, 400, 400])
[loftr_wrapper.py] net forward
[loftr_wrapper.py] mconf, 0.2016914337873459 0.9964542388916016
[loftr_wrapper.py] pair_ids (723,)
[loftr_wrapper.py] corres: (723, 5)
[loftr_wrapper.py] image0: torch.Size([1, 1, 400, 400])
[loftr_wrapper.py] net forward
[loftr_wrapper.py] mconf, 0.20082038640975952 0.7769646644592285
[loftr_wrapper.py] pair_ids (55,)
[loftr_wrapper.py] corres: (55, 5)
[loftr_wrapper.py] image0: torch.Size([1, 1, 400, 400])
[loftr_wrapper.py] net forward
[loftr_wrapper.py] mconf, 0.20035113394260406 0.9816058278083801
[loftr_wrapper.py] pair_ids (310,)
[loftr_wrapper.py] corres: (310, 5)
[loftr_wrapper.py] image0: torch.Size([1, 1, 400, 400])
[loftr_wrapper.py] net forward
[loftr_wrapper.py] mconf, 0.20056259632110596 0.9882017970085144
[loftr_wrapper.py] pair_ids (384,)
[loftr_wrapper.py] corres: (384, 5)
[loftr_wrapper.py] image0: torch.Size([1, 1, 400, 400])
[loftr_wrapper.py] net forward
[loftr_wrapper.py] mconf, 0.20010921359062195 0.9649491310119629
[loftr_wrapper.py] pair_ids (152,)
[loftr_wrapper.py] corres: (152, 5)
[loftr_wrapper.py] image0: torch.Size([1, 1, 400, 400])
[loftr_wrapper.py] net forward
[loftr_wrapper.py] mconf, 0.20087780058383942 0.9326300621032715
[loftr_wrapper.py] pair_ids (174,)
[loftr_wrapper.py] corres: (174, 5)
[loftr_wrapper.py] image0: torch.Size([1, 1, 400, 400])
[loftr_wrapper.py] net forward
[loftr_wrapper.py] mconf, 0.20272304117679596 0.971345841884613
[loftr_wrapper.py] pair_ids (344,)
[loftr_wrapper.py] corres: (344, 5)
[loftr_wrapper.py] image0: torch.Size([1, 1, 400, 400])
[loftr_wrapper.py] net forward
[loftr_wrapper.py] mconf, 0.20190457999706268 0.9792502522468567
[loftr_wrapper.py] pair_ids (189,)
[loftr_wrapper.py] corres: (189, 5)
[loftr_wrapper.py] image0: torch.Size([1, 1, 400, 400])
[loftr_wrapper.py] net forward
[loftr_wrapper.py] mconf, 0.20250141620635986 0.8176257014274597
[loftr_wrapper.py] pair_ids (99,)
[loftr_wrapper.py] corres: (99, 5)
[loftr_wrapper.py] image0: torch.Size([1, 1, 400, 400])
[loftr_wrapper.py] net forward
[loftr_wrapper.py] mconf, 0.200856551527977 0.9986987113952637
[loftr_wrapper.py] pair_ids (818,)
[loftr_wrapper.py] corres: (818, 5)
[loftr_wrapper.py] image0: torch.Size([1, 1, 400, 400])
[loftr_wrapper.py] net forward
[loftr_wrapper.py] mconf, 0.20040786266326904 0.9757894277572632
[loftr_wrapper.py] pair_ids (307,)
[loftr_wrapper.py] corres: (307, 5)
[loftr_wrapper.py] image0: torch.Size([1, 1, 400, 400])
[loftr_wrapper.py] net forward
[loftr_wrapper.py] mconf, 0.200872540473938 0.9789988398551941
[loftr_wrapper.py] pair_ids (443,)
[loftr_wrapper.py] corres: (443, 5)
[loftr_wrapper.py] image0: torch.Size([1, 1, 400, 400])
[loftr_wrapper.py] net forward
[loftr_wrapper.py] mconf, 0.20068983733654022 0.9966655373573303
[loftr_wrapper.py] pair_ids (408,)
[loftr_wrapper.py] corres: (408, 5)
[loftr_wrapper.py] image0: torch.Size([1, 1, 400, 400])
[loftr_wrapper.py] net forward
[loftr_wrapper.py] mconf, 0.2010946124792099 0.9730227589607239
[loftr_wrapper.py] pair_ids (327,)
[loftr_wrapper.py] corres: (327, 5)
[loftr_wrapper.py] image0: torch.Size([1, 1, 400, 400])
[loftr_wrapper.py] net forward
[loftr_wrapper.py] mconf, 0.20038028061389923 0.9347366094589233
[loftr_wrapper.py] pair_ids (185,)
[loftr_wrapper.py] corres: (185, 5)
[loftr_wrapper.py] image0: torch.Size([1, 1, 400, 400])
[loftr_wrapper.py] net forward
[loftr_wrapper.py] mconf, 0.2001262605190277 0.7860409617424011
[loftr_wrapper.py] pair_ids (88,)
[loftr_wrapper.py] corres: (88, 5)
[loftr_wrapper.py] image0: torch.Size([1, 1, 400, 400])
[loftr_wrapper.py] net forward
[loftr_wrapper.py] mconf, 0.20163874328136444 0.9903345108032227
[loftr_wrapper.py] pair_ids (602,)
[loftr_wrapper.py] corres: (602, 5)
[loftr_wrapper.py] image0: torch.Size([1, 1, 400, 400])
[loftr_wrapper.py] net forward
[loftr_wrapper.py] mconf, 0.20060503482818604 0.9922855496406555
[loftr_wrapper.py] pair_ids (548,)
[loftr_wrapper.py] corres: (548, 5)
[loftr_wrapper.py] image0: torch.Size([1, 1, 400, 400])
[loftr_wrapper.py] net forward
[loftr_wrapper.py] mconf, 0.20011797547340393 0.9864959716796875
[loftr_wrapper.py] pair_ids (367,)
[loftr_wrapper.py] corres: (367, 5)
[loftr_wrapper.py] image0: torch.Size([1, 1, 400, 400])
[loftr_wrapper.py] net forward
[loftr_wrapper.py] mconf, 0.20038767158985138 0.9801953434944153
[loftr_wrapper.py] pair_ids (216,)
[loftr_wrapper.py] corres: (216, 5)
[loftr_wrapper.py] image0: torch.Size([1, 1, 400, 400])
[loftr_wrapper.py] net forward
[loftr_wrapper.py] mconf, 0.2013394981622696 0.992488443851471
[loftr_wrapper.py] pair_ids (431,)
[loftr_wrapper.py] corres: (431, 5)
[loftr_wrapper.py] image0: torch.Size([1, 1, 400, 400])
[loftr_wrapper.py] net forward
[loftr_wrapper.py] mconf, 0.20154346525669098 0.9882417321205139
[loftr_wrapper.py] pair_ids (369,)
[loftr_wrapper.py] corres: (369, 5)
[loftr_wrapper.py] image0: torch.Size([1, 1, 400, 400])
[loftr_wrapper.py] net forward
[loftr_wrapper.py] mconf, 0.20023515820503235 0.9962164163589478
[loftr_wrapper.py] pair_ids (727,)
[loftr_wrapper.py] corres: (727, 5)
[loftr_wrapper.py] image0: torch.Size([1, 1, 400, 400])
[loftr_wrapper.py] net forward
[loftr_wrapper.py] mconf, 0.20047704875469208 0.9920535683631897
[loftr_wrapper.py] pair_ids (200,)
[loftr_wrapper.py] corres: (200, 5)
[loftr_wrapper.py] image0: torch.Size([1, 1, 400, 400])
[loftr_wrapper.py] net forward
[loftr_wrapper.py] mconf, 0.20011451840400696 0.9247287511825562
[loftr_wrapper.py] pair_ids (215,)
[loftr_wrapper.py] corres: (215, 5)
[loftr_wrapper.py] image0: torch.Size([1, 1, 400, 400])
[loftr_wrapper.py] net forward
[loftr_wrapper.py] mconf, 0.20039238035678864 0.9989500641822815
[loftr_wrapper.py] pair_ids (213,)
[loftr_wrapper.py] corres: (213, 5)
[loftr_wrapper.py] image0: torch.Size([1, 1, 400, 400])
[loftr_wrapper.py] net forward
[loftr_wrapper.py] mconf, 0.20168755948543549 0.8938543200492859
[loftr_wrapper.py] pair_ids (136,)
[loftr_wrapper.py] corres: (136, 5)
[loftr_wrapper.py] image0: torch.Size([1, 1, 400, 400])
[loftr_wrapper.py] net forward
[loftr_wrapper.py] mconf, 0.2003687620162964 0.6691533327102661
[loftr_wrapper.py] pair_ids (54,)
[loftr_wrapper.py] corres: (54, 5)
[loftr_wrapper.py] image0: torch.Size([1, 1, 400, 400])
[loftr_wrapper.py] net forward
[loftr_wrapper.py] mconf, 0.20209655165672302 0.7430675625801086
[loftr_wrapper.py] pair_ids (71,)
[loftr_wrapper.py] corres: (71, 5)
[loftr_wrapper.py] image0: torch.Size([1, 1, 400, 400])
[loftr_wrapper.py] net forward
[loftr_wrapper.py] mconf, 0.2000856101512909 0.9618176817893982
[loftr_wrapper.py] pair_ids (186,)
[loftr_wrapper.py] corres: (186, 5)
[loftr_wrapper.py] image0: torch.Size([1, 1, 400, 400])
[loftr_wrapper.py] net forward
[loftr_wrapper.py] mconf, 0.20136861503124237 0.9686173796653748
[loftr_wrapper.py] pair_ids (217,)
[loftr_wrapper.py] corres: (217, 5)
[loftr_wrapper.py] image0: torch.Size([1, 1, 400, 400])
[loftr_wrapper.py] net forward
[loftr_wrapper.py] mconf, 0.2013390213251114 0.9978557229042053
[loftr_wrapper.py] pair_ids (270,)
[loftr_wrapper.py] corres: (270, 5)
[loftr_wrapper.py] image0: torch.Size([1, 1, 400, 400])
[loftr_wrapper.py] net forward
[loftr_wrapper.py] mconf, 0.2033778876066208 0.6327753663063049
[loftr_wrapper.py] pair_ids (63,)
[loftr_wrapper.py] corres: (63, 5)
[loftr_wrapper.py] image0: torch.Size([1, 1, 400, 400])
[loftr_wrapper.py] net forward
[loftr_wrapper.py] mconf, 0.20034314692020416 0.7421797513961792
[loftr_wrapper.py] pair_ids (97,)
[loftr_wrapper.py] corres: (97, 5)
[loftr_wrapper.py] image0: torch.Size([1, 1, 400, 400])
[loftr_wrapper.py] net forward
[loftr_wrapper.py] mconf, 0.202702134847641 0.8949889540672302
[loftr_wrapper.py] pair_ids (145,)
[loftr_wrapper.py] corres: (145, 5)
[loftr_wrapper.py] image0: torch.Size([1, 1, 400, 400])
[loftr_wrapper.py] net forward
[loftr_wrapper.py] mconf, 0.2027713656425476 0.9985407590866089
[loftr_wrapper.py] pair_ids (583,)
[loftr_wrapper.py] corres: (583, 5)
[loftr_wrapper.py] image0: torch.Size([1, 1, 400, 400])
[loftr_wrapper.py] net forward
[loftr_wrapper.py] mconf, 0.20192335546016693 0.9287081360816956
[loftr_wrapper.py] pair_ids (136,)
[loftr_wrapper.py] corres: (136, 5)
[loftr_wrapper.py] image0: torch.Size([1, 1, 400, 400])
[loftr_wrapper.py] net forward
[loftr_wrapper.py] mconf, 0.20186321437358856 0.9477916955947876
[loftr_wrapper.py] pair_ids (212,)
[loftr_wrapper.py] corres: (212, 5)
[loftr_wrapper.py] image0: torch.Size([1, 1, 400, 400])
[loftr_wrapper.py] net forward
[loftr_wrapper.py] mconf, 0.20019853115081787 0.9885960221290588
[loftr_wrapper.py] pair_ids (351,)
[loftr_wrapper.py] corres: (351, 5)
[loftr_wrapper.py] image0: torch.Size([1, 1, 400, 400])
[loftr_wrapper.py] net forward
[loftr_wrapper.py] mconf, 0.20007432997226715 0.9951781034469604
[loftr_wrapper.py] pair_ids (305,)
[loftr_wrapper.py] corres: (305, 5)
[loftr_wrapper.py] image0: torch.Size([1, 1, 400, 400])
[loftr_wrapper.py] net forward
[loftr_wrapper.py] mconf, 0.20053832232952118 0.7221236228942871
[loftr_wrapper.py] pair_ids (62,)
[loftr_wrapper.py] corres: (62, 5)
[loftr_wrapper.py] image0: torch.Size([1, 1, 400, 400])
[loftr_wrapper.py] net forward
[loftr_wrapper.py] mconf, 0.20104335248470306 0.866340696811676
[loftr_wrapper.py] pair_ids (77,)
[loftr_wrapper.py] corres: (77, 5)
[loftr_wrapper.py] image0: torch.Size([1, 1, 400, 400])
[loftr_wrapper.py] net forward
[loftr_wrapper.py] mconf, 0.20317910611629486 0.9637003540992737
[loftr_wrapper.py] pair_ids (92,)
[loftr_wrapper.py] corres: (92, 5)
[loftr_wrapper.py] image0: torch.Size([1, 1, 400, 400])
[loftr_wrapper.py] net forward
[loftr_wrapper.py] mconf, 0.20020604133605957 0.9499930143356323
[loftr_wrapper.py] pair_ids (367,)
[loftr_wrapper.py] corres: (367, 5)
[loftr_wrapper.py] image0: torch.Size([1, 1, 400, 400])
[loftr_wrapper.py] net forward
[loftr_wrapper.py] mconf, 0.20030787587165833 0.8619024157524109
[loftr_wrapper.py] pair_ids (107,)
[loftr_wrapper.py] corres: (107, 5)
[loftr_wrapper.py] image0: torch.Size([1, 1, 400, 400])
[loftr_wrapper.py] net forward
[loftr_wrapper.py] mconf, 0.20126692950725555 0.9365940093994141
[loftr_wrapper.py] pair_ids (135,)
[loftr_wrapper.py] corres: (135, 5)
[loftr_wrapper.py] image0: torch.Size([1, 1, 400, 400])
[loftr_wrapper.py] net forward
[loftr_wrapper.py] mconf, 0.20031879842281342 0.7659275531768799
[loftr_wrapper.py] pair_ids (60,)
[loftr_wrapper.py] corres: (60, 5)
[loftr_wrapper.py] image0: torch.Size([1, 1, 400, 400])
[loftr_wrapper.py] net forward
[loftr_wrapper.py] mconf, 0.20005863904953003 0.9572818279266357
[loftr_wrapper.py] pair_ids (171,)
[loftr_wrapper.py] corres: (171, 5)
[loftr_wrapper.py] image0: torch.Size([1, 1, 400, 400])
[loftr_wrapper.py] net forward
[loftr_wrapper.py] mconf, 0.20305690169334412 0.6555569171905518
[loftr_wrapper.py] pair_ids (78,)
[loftr_wrapper.py] corres: (78, 5)
[loftr_wrapper.py] image0: torch.Size([1, 1, 400, 400])
[loftr_wrapper.py] net forward
[loftr_wrapper.py] mconf, 0.20576441287994385 0.6433234810829163
[loftr_wrapper.py] pair_ids (53,)
[loftr_wrapper.py] corres: (53, 5)
[loftr_wrapper.py] image0: torch.Size([1, 1, 400, 400])
[loftr_wrapper.py] net forward
[loftr_wrapper.py] mconf, 0.20071347057819366 0.7388685941696167
[loftr_wrapper.py] pair_ids (73,)
[loftr_wrapper.py] corres: (73, 5)
[loftr_wrapper.py] image0: torch.Size([1, 1, 400, 400])
[loftr_wrapper.py] net forward
[loftr_wrapper.py] mconf, 0.20140968263149261 0.9930958151817322
[loftr_wrapper.py] pair_ids (391,)
[loftr_wrapper.py] corres: (391, 5)
[loftr_wrapper.py] image0: torch.Size([1, 1, 400, 400])
[loftr_wrapper.py] net forward
[loftr_wrapper.py] mconf, 0.2005937099456787 0.9521128535270691
[loftr_wrapper.py] pair_ids (398,)
[loftr_wrapper.py] corres: (398, 5)
[loftr_wrapper.py] image0: torch.Size([1, 1, 400, 400])
[loftr_wrapper.py] net forward
[loftr_wrapper.py] mconf, 0.20304854214191437 0.9410982728004456
[loftr_wrapper.py] pair_ids (120,)
[loftr_wrapper.py] corres: (120, 5)
[loftr_wrapper.py] image0: torch.Size([1, 1, 400, 400])
[loftr_wrapper.py] net forward
[loftr_wrapper.py] mconf, 0.20036208629608154 0.9968083500862122
[loftr_wrapper.py] pair_ids (658,)
[loftr_wrapper.py] corres: (658, 5)
[loftr_wrapper.py] image0: torch.Size([1, 1, 400, 400])
[loftr_wrapper.py] net forward
[loftr_wrapper.py] mconf, 0.20188935101032257 0.6872504353523254
[loftr_wrapper.py] pair_ids (67,)
[loftr_wrapper.py] corres: (67, 5)
[loftr_wrapper.py] image0: torch.Size([1, 1, 400, 400])
[loftr_wrapper.py] net forward
[loftr_wrapper.py] mconf, 0.20119664072990417 0.9670479893684387
[loftr_wrapper.py] pair_ids (227,)
[loftr_wrapper.py] corres: (227, 5)
[loftr_wrapper.py] image0: torch.Size([1, 1, 400, 400])
[loftr_wrapper.py] net forward
[loftr_wrapper.py] mconf, 0.2090112268924713 0.6123043298721313
[loftr_wrapper.py] pair_ids (53,)
[loftr_wrapper.py] corres: (53, 5)
[loftr_wrapper.py] image0: torch.Size([1, 1, 400, 400])
[loftr_wrapper.py] net forward
[loftr_wrapper.py] mconf, 0.2001967430114746 0.7040455937385559
[loftr_wrapper.py] pair_ids (83,)
[loftr_wrapper.py] corres: (83, 5)
[loftr_wrapper.py] image0: torch.Size([1, 1, 400, 400])
[loftr_wrapper.py] net forward
[loftr_wrapper.py] mconf, 0.20249226689338684 0.9396336078643799
[loftr_wrapper.py] pair_ids (241,)
[loftr_wrapper.py] corres: (241, 5)
[loftr_wrapper.py] image0: torch.Size([1, 1, 400, 400])
[loftr_wrapper.py] net forward
[loftr_wrapper.py] mconf, 0.20054510235786438 0.9749777317047119
[loftr_wrapper.py] pair_ids (338,)
[loftr_wrapper.py] corres: (338, 5)
[loftr_wrapper.py] image0: torch.Size([1, 1, 400, 400])
[loftr_wrapper.py] net forward
[loftr_wrapper.py] mconf, 0.2006930708885193 0.9385056495666504
[loftr_wrapper.py] pair_ids (249,)
[loftr_wrapper.py] corres: (249, 5)
[loftr_wrapper.py] image0: torch.Size([1, 1, 400, 400])
[loftr_wrapper.py] net forward
[loftr_wrapper.py] mconf, 0.2003990113735199 0.99419105052948
[loftr_wrapper.py] pair_ids (328,)
[loftr_wrapper.py] corres: (328, 5)
[loftr_wrapper.py] image0: torch.Size([1, 1, 400, 400])
[loftr_wrapper.py] net forward
[loftr_wrapper.py] mconf, 0.20235083997249603 0.9264553189277649
[loftr_wrapper.py] pair_ids (110,)
[loftr_wrapper.py] corres: (110, 5)
[loftr_wrapper.py] image0: torch.Size([1, 1, 400, 400])
[loftr_wrapper.py] net forward
[loftr_wrapper.py] mconf, 0.20185591280460358 0.8813868761062622
[loftr_wrapper.py] pair_ids (225,)
[loftr_wrapper.py] corres: (225, 5)
[loftr_wrapper.py] image0: torch.Size([1, 1, 400, 400])
[loftr_wrapper.py] net forward
[loftr_wrapper.py] mconf, 0.20114395022392273 0.98544842004776
[loftr_wrapper.py] pair_ids (231,)
[loftr_wrapper.py] corres: (231, 5)
[loftr_wrapper.py] image0: torch.Size([1, 1, 400, 400])
[loftr_wrapper.py] net forward
[loftr_wrapper.py] mconf, 0.20108258724212646 0.9972272515296936
[loftr_wrapper.py] pair_ids (656,)
[loftr_wrapper.py] corres: (656, 5)
[loftr_wrapper.py] image0: torch.Size([1, 1, 400, 400])
[loftr_wrapper.py] net forward
[loftr_wrapper.py] mconf, 0.20074817538261414 0.9954861998558044
[loftr_wrapper.py] pair_ids (283,)
[loftr_wrapper.py] corres: (283, 5)
[loftr_wrapper.py] image0: torch.Size([1, 1, 400, 400])
[loftr_wrapper.py] net forward
[loftr_wrapper.py] mconf, 0.20005078613758087 0.9981701970100403
[loftr_wrapper.py] pair_ids (389,)
[loftr_wrapper.py] corres: (389, 5)
[loftr_wrapper.py] image0: torch.Size([1, 1, 400, 400])
[loftr_wrapper.py] net forward
[loftr_wrapper.py] mconf, 0.2036285251379013 0.9723673462867737
[loftr_wrapper.py] pair_ids (92,)
[loftr_wrapper.py] corres: (92, 5)
[loftr_wrapper.py] image0: torch.Size([1, 1, 400, 400])
[loftr_wrapper.py] net forward
[loftr_wrapper.py] mconf, 0.20013123750686646 0.7057278156280518
[loftr_wrapper.py] pair_ids (60,)
[loftr_wrapper.py] corres: (60, 5)
[loftr_wrapper.py] image0: torch.Size([1, 1, 400, 400])
[loftr_wrapper.py] net forward
[loftr_wrapper.py] mconf, 0.20128214359283447 0.9908154606819153
[loftr_wrapper.py] pair_ids (269,)
[loftr_wrapper.py] corres: (269, 5)
[loftr_wrapper.py] image0: torch.Size([1, 1, 400, 400])
[loftr_wrapper.py] net forward
[loftr_wrapper.py] mconf, 0.20065395534038544 0.6317713856697083
[loftr_wrapper.py] pair_ids (55,)
[loftr_wrapper.py] corres: (55, 5)
[loftr_wrapper.py] image0: torch.Size([1, 1, 400, 400])
[loftr_wrapper.py] net forward
[loftr_wrapper.py] mconf, 0.20056834816932678 0.6564655900001526
[loftr_wrapper.py] pair_ids (43,)
[loftr_wrapper.py] corres: (43, 5)
[loftr_wrapper.py] image0: torch.Size([1, 1, 400, 400])
[loftr_wrapper.py] net forward
[loftr_wrapper.py] mconf, 0.20034225285053253 0.9950465559959412
[loftr_wrapper.py] pair_ids (471,)
[loftr_wrapper.py] corres: (471, 5)
[loftr_wrapper.py] image0: torch.Size([1, 1, 400, 400])
[loftr_wrapper.py] net forward
[loftr_wrapper.py] mconf, 0.2040540874004364 0.6201611161231995
[loftr_wrapper.py] pair_ids (51,)
[loftr_wrapper.py] corres: (51, 5)
[loftr_wrapper.py] image0: torch.Size([1, 1, 400, 400])
[loftr_wrapper.py] net forward
[loftr_wrapper.py] mconf, 0.20045529305934906 0.9904369115829468
[loftr_wrapper.py] pair_ids (646,)
[loftr_wrapper.py] corres: (646, 5)
[loftr_wrapper.py] image0: torch.Size([1, 1, 400, 400])
[loftr_wrapper.py] net forward
[loftr_wrapper.py] mconf, 0.20033401250839233 0.9923914074897766
[loftr_wrapper.py] pair_ids (529,)
[loftr_wrapper.py] corres: (529, 5)
[loftr_wrapper.py] image0: torch.Size([1, 1, 400, 400])
[loftr_wrapper.py] net forward
[loftr_wrapper.py] mconf, 0.2000952661037445 0.9952821135520935
[loftr_wrapper.py] pair_ids (450,)
[loftr_wrapper.py] corres: (450, 5)
[loftr_wrapper.py] image0: torch.Size([1, 1, 400, 400])
[loftr_wrapper.py] net forward
[loftr_wrapper.py] mconf, 0.200819730758667 0.991506040096283
[loftr_wrapper.py] pair_ids (346,)
[loftr_wrapper.py] corres: (346, 5)
[loftr_wrapper.py] image0: torch.Size([1, 1, 400, 400])
[loftr_wrapper.py] net forward
[loftr_wrapper.py] mconf, 0.20248785614967346 0.9819175601005554
[loftr_wrapper.py] pair_ids (389,)
[loftr_wrapper.py] corres: (389, 5)
[loftr_wrapper.py] image0: torch.Size([1, 1, 400, 400])
[loftr_wrapper.py] net forward
[loftr_wrapper.py] mconf, 0.2024368792772293 0.7142335772514343
[loftr_wrapper.py] pair_ids (81,)
[loftr_wrapper.py] corres: (81, 5)
[loftr_wrapper.py] image0: torch.Size([1, 1, 400, 400])
[loftr_wrapper.py] net forward
[loftr_wrapper.py] mconf, 0.20013490319252014 0.9998455047607422
[loftr_wrapper.py] pair_ids (391,)
[loftr_wrapper.py] corres: (391, 5)
[loftr_wrapper.py] image0: torch.Size([1, 1, 400, 400])
[loftr_wrapper.py] net forward
[loftr_wrapper.py] mconf, 0.20149540901184082 0.9330132603645325
[loftr_wrapper.py] pair_ids (160,)
[loftr_wrapper.py] corres: (160, 5)
[loftr_wrapper.py] image0: torch.Size([1, 1, 400, 400])
[loftr_wrapper.py] net forward
[loftr_wrapper.py] mconf, 0.20258578658103943 0.8596774935722351
[loftr_wrapper.py] pair_ids (78,)
[loftr_wrapper.py] corres: (78, 5)
[loftr_wrapper.py] image0: torch.Size([1, 1, 400, 400])
[loftr_wrapper.py] net forward
[loftr_wrapper.py] mconf, 0.20761767029762268 0.7119906544685364
[loftr_wrapper.py] pair_ids (92,)
[loftr_wrapper.py] corres: (92, 5)
[loftr_wrapper.py] image0: torch.Size([1, 1, 400, 400])
[loftr_wrapper.py] net forward
[loftr_wrapper.py] mconf, 0.20022326707839966 0.8215749263763428
[loftr_wrapper.py] pair_ids (82,)
[loftr_wrapper.py] corres: (82, 5)
[loftr_wrapper.py] image0: torch.Size([1, 1, 400, 400])
[loftr_wrapper.py] net forward
[loftr_wrapper.py] mconf, 0.20001539587974548 0.9632824063301086
[loftr_wrapper.py] pair_ids (134,)
[loftr_wrapper.py] corres: (134, 5)
[loftr_wrapper.py] image0: torch.Size([1, 1, 400, 400])
[loftr_wrapper.py] net forward
[loftr_wrapper.py] mconf, 0.20056423544883728 0.9271991848945618
[loftr_wrapper.py] pair_ids (127,)
[loftr_wrapper.py] corres: (127, 5)
[loftr_wrapper.py] image0: torch.Size([1, 1, 400, 400])
[loftr_wrapper.py] net forward
[loftr_wrapper.py] mconf, 0.20109139382839203 0.9992372989654541
[loftr_wrapper.py] pair_ids (341,)
[loftr_wrapper.py] corres: (341, 5)
[loftr_wrapper.py] image0: torch.Size([1, 1, 400, 400])
[loftr_wrapper.py] net forward
[loftr_wrapper.py] mconf, 0.20112012326717377 0.991053581237793
[loftr_wrapper.py] pair_ids (194,)
[loftr_wrapper.py] corres: (194, 5)
[loftr_wrapper.py] image0: torch.Size([1, 1, 400, 400])
[loftr_wrapper.py] net forward
[loftr_wrapper.py] mconf, 0.20429854094982147 0.7248384356498718
[loftr_wrapper.py] pair_ids (73,)
[loftr_wrapper.py] corres: (73, 5)
[loftr_wrapper.py] image0: torch.Size([1, 1, 400, 400])
[loftr_wrapper.py] net forward
[loftr_wrapper.py] mconf, 0.20220904052257538 0.998978316783905
[loftr_wrapper.py] pair_ids (389,)
[loftr_wrapper.py] corres: (389, 5)
[loftr_wrapper.py] image0: torch.Size([1, 1, 400, 400])
[loftr_wrapper.py] net forward
[loftr_wrapper.py] mconf, 0.2108020782470703 0.7151790261268616
[loftr_wrapper.py] pair_ids (79,)
[loftr_wrapper.py] corres: (79, 5)
[loftr_wrapper.py] image0: torch.Size([1, 1, 400, 400])
[loftr_wrapper.py] net forward
[loftr_wrapper.py] mconf, 0.20004317164421082 0.7876442670822144
[loftr_wrapper.py] pair_ids (72,)
[loftr_wrapper.py] corres: (72, 5)
[loftr_wrapper.py] image0: torch.Size([1, 1, 400, 400])
[loftr_wrapper.py] net forward
[loftr_wrapper.py] mconf, 0.20190249383449554 0.9892336130142212
[loftr_wrapper.py] pair_ids (321,)
[loftr_wrapper.py] corres: (321, 5)
[loftr_wrapper.py] image0: torch.Size([1, 1, 400, 400])
[loftr_wrapper.py] net forward
[loftr_wrapper.py] mconf, 0.20001718401908875 0.999796986579895
[loftr_wrapper.py] pair_ids (412,)
[loftr_wrapper.py] corres: (412, 5)
[loftr_wrapper.py] image0: torch.Size([1, 1, 400, 400])
[loftr_wrapper.py] net forward
[loftr_wrapper.py] mconf, 0.20387370884418488 0.9031909704208374
[loftr_wrapper.py] pair_ids (82,)
[loftr_wrapper.py] corres: (82, 5)
[loftr_wrapper.py] image0: torch.Size([1, 1, 400, 400])
[loftr_wrapper.py] net forward
[loftr_wrapper.py] mconf, 0.20051532983779907 0.6138759851455688
[loftr_wrapper.py] pair_ids (86,)
[loftr_wrapper.py] corres: (86, 5)
[loftr_wrapper.py] image0: torch.Size([1, 1, 400, 400])
[loftr_wrapper.py] net forward
[loftr_wrapper.py] mconf, 0.20023909211158752 0.786702573299408
[loftr_wrapper.py] pair_ids (99,)
[loftr_wrapper.py] corres: (99, 5)
[loftr_wrapper.py] image0: torch.Size([1, 1, 400, 400])
[loftr_wrapper.py] net forward
[loftr_wrapper.py] mconf, 0.20263880491256714 0.8435307145118713
[loftr_wrapper.py] pair_ids (61,)
[loftr_wrapper.py] corres: (61, 5)
[loftr_wrapper.py] image0: torch.Size([1, 1, 400, 400])
[loftr_wrapper.py] net forward
[loftr_wrapper.py] mconf, 0.20182360708713531 0.9038833379745483
[loftr_wrapper.py] pair_ids (106,)
[loftr_wrapper.py] corres: (106, 5)
[loftr_wrapper.py] image0: torch.Size([1, 1, 400, 400])
[loftr_wrapper.py] net forward
[loftr_wrapper.py] mconf, 0.20011556148529053 0.9901891946792603
[loftr_wrapper.py] pair_ids (434,)
[loftr_wrapper.py] corres: (434, 5)
[loftr_wrapper.py] image0: torch.Size([1, 1, 400, 400])
[loftr_wrapper.py] net forward
[loftr_wrapper.py] mconf, 0.2005530446767807 0.9858519434928894
[loftr_wrapper.py] pair_ids (275,)
[loftr_wrapper.py] corres: (275, 5)
[loftr_wrapper.py] image0: torch.Size([1, 1, 400, 400])
[loftr_wrapper.py] net forward
[loftr_wrapper.py] mconf, 0.2006273716688156 0.7905391454696655
[loftr_wrapper.py] pair_ids (62,)
[loftr_wrapper.py] corres: (62, 5)
[loftr_wrapper.py] image0: torch.Size([1, 1, 400, 400])
[loftr_wrapper.py] net forward
[loftr_wrapper.py] mconf, 0.20346945524215698 0.8901766538619995
[loftr_wrapper.py] pair_ids (66,)
[loftr_wrapper.py] corres: (66, 5)
[loftr_wrapper.py] image0: torch.Size([1, 1, 400, 400])
[loftr_wrapper.py] net forward
[loftr_wrapper.py] mconf, 0.20143215358257294 0.984402596950531
[loftr_wrapper.py] pair_ids (174,)
[loftr_wrapper.py] corres: (174, 5)
[loftr_wrapper.py] image0: torch.Size([1, 1, 400, 400])
[loftr_wrapper.py] net forward
[loftr_wrapper.py] mconf, 0.20141030848026276 0.9962882995605469
[loftr_wrapper.py] pair_ids (314,)
[loftr_wrapper.py] corres: (314, 5)
[loftr_wrapper.py] image0: torch.Size([1, 1, 400, 400])
[loftr_wrapper.py] net forward
[loftr_wrapper.py] mconf, 0.20000053942203522 0.984584391117096
[loftr_wrapper.py] pair_ids (165,)
[loftr_wrapper.py] corres: (165, 5)
[loftr_wrapper.py] image0: torch.Size([1, 1, 400, 400])
[loftr_wrapper.py] net forward
[loftr_wrapper.py] mconf, 0.20175930857658386 0.857917308807373
[loftr_wrapper.py] pair_ids (148,)
[loftr_wrapper.py] corres: (148, 5)
[loftr_wrapper.py] image0: torch.Size([1, 1, 400, 400])
[loftr_wrapper.py] net forward
[loftr_wrapper.py] mconf, 0.20021381974220276 0.9895209670066833
[loftr_wrapper.py] pair_ids (262,)
[loftr_wrapper.py] corres: (262, 5)
[loftr_wrapper.py] image0: torch.Size([1, 1, 400, 400])
[loftr_wrapper.py] net forward
[loftr_wrapper.py] mconf, 0.20056627690792084 0.7751845121383667
[loftr_wrapper.py] pair_ids (63,)
[loftr_wrapper.py] corres: (63, 5)
[loftr_wrapper.py] image0: torch.Size([1, 1, 400, 400])
[loftr_wrapper.py] net forward
[loftr_wrapper.py] mconf, 0.20045775175094604 0.7831677794456482
[loftr_wrapper.py] pair_ids (72,)
[loftr_wrapper.py] corres: (72, 5)
[loftr_wrapper.py] image0: torch.Size([1, 1, 400, 400])
[loftr_wrapper.py] net forward
[loftr_wrapper.py] mconf, 0.20086412131786346 0.9959251284599304
[loftr_wrapper.py] pair_ids (277,)
[loftr_wrapper.py] corres: (277, 5)
[loftr_wrapper.py] image0: torch.Size([1, 1, 400, 400])
[loftr_wrapper.py] net forward
[loftr_wrapper.py] mconf, 0.20151837170124054 0.8003958463668823
[loftr_wrapper.py] pair_ids (82,)
[loftr_wrapper.py] corres: (82, 5)
[loftr_wrapper.py] image0: torch.Size([1, 1, 400, 400])
[loftr_wrapper.py] net forward
[loftr_wrapper.py] mconf, 0.2006102353334427 0.7312841415405273
[loftr_wrapper.py] pair_ids (75,)
[loftr_wrapper.py] corres: (75, 5)
[loftr_wrapper.py] image0: torch.Size([1, 1, 400, 400])
[loftr_wrapper.py] net forward
[loftr_wrapper.py] mconf, 0.20282214879989624 0.9141426682472229
[loftr_wrapper.py] pair_ids (91,)
[loftr_wrapper.py] corres: (91, 5)
[loftr_wrapper.py] image0: torch.Size([1, 1, 400, 400])
[loftr_wrapper.py] net forward
[loftr_wrapper.py] mconf, 0.20096567273139954 0.7114359736442566
[loftr_wrapper.py] pair_ids (71,)
[loftr_wrapper.py] corres: (71, 5)
[loftr_wrapper.py] image0: torch.Size([1, 1, 400, 400])
[loftr_wrapper.py] net forward
[loftr_wrapper.py] mconf, 0.20010291039943695 0.8100876808166504
[loftr_wrapper.py] pair_ids (94,)
[loftr_wrapper.py] corres: (94, 5)
[loftr_wrapper.py] image0: torch.Size([1, 1, 400, 400])
[loftr_wrapper.py] net forward
[loftr_wrapper.py] mconf, 0.20174525678157806 0.9905350804328918
[loftr_wrapper.py] pair_ids (272,)
[loftr_wrapper.py] corres: (272, 5)
[loftr_wrapper.py] image0: torch.Size([1, 1, 400, 400])
[loftr_wrapper.py] net forward
[loftr_wrapper.py] mconf, 0.20004647970199585 0.9023533463478088
[loftr_wrapper.py] pair_ids (153,)
[loftr_wrapper.py] corres: (153, 5)
[loftr_wrapper.py] image0: torch.Size([1, 1, 400, 400])
[loftr_wrapper.py] net forward
[loftr_wrapper.py] mconf, 0.20249131321907043 0.7309564352035522
[loftr_wrapper.py] pair_ids (68,)
[loftr_wrapper.py] corres: (68, 5)
[loftr_wrapper.py] image0: torch.Size([1, 1, 400, 400])
[loftr_wrapper.py] net forward
[loftr_wrapper.py] mconf, 0.20005863904953003 0.9838797450065613
[loftr_wrapper.py] pair_ids (344,)
[loftr_wrapper.py] corres: (344, 5)
[loftr_wrapper.py] image0: torch.Size([1, 1, 400, 400])
[loftr_wrapper.py] net forward
[loftr_wrapper.py] mconf, 0.20041057467460632 0.9424503445625305
[loftr_wrapper.py] pair_ids (271,)
[loftr_wrapper.py] corres: (271, 5)
[loftr_wrapper.py] image0: torch.Size([1, 1, 400, 400])
[loftr_wrapper.py] net forward
[loftr_wrapper.py] mconf, 0.20149733126163483 0.9509643912315369
[loftr_wrapper.py] pair_ids (149,)
[loftr_wrapper.py] corres: (149, 5)
[loftr_wrapper.py] image0: torch.Size([1, 1, 400, 400])
[loftr_wrapper.py] net forward
[loftr_wrapper.py] mconf, 0.20050495862960815 0.9019342064857483
[loftr_wrapper.py] pair_ids (143,)
[loftr_wrapper.py] corres: (143, 5)
[loftr_wrapper.py] image0: torch.Size([1, 1, 400, 400])
[loftr_wrapper.py] net forward
[loftr_wrapper.py] mconf, 0.20011752843856812 0.7761496901512146
[loftr_wrapper.py] pair_ids (100,)
[loftr_wrapper.py] corres: (100, 5)
[loftr_wrapper.py] image0: torch.Size([1, 1, 400, 400])
[loftr_wrapper.py] net forward
[loftr_wrapper.py] mconf, 0.20017343759536743 0.8681012392044067
[loftr_wrapper.py] pair_ids (135,)
[loftr_wrapper.py] corres: (135, 5)
[loftr_wrapper.py] image0: torch.Size([1, 1, 400, 400])
[loftr_wrapper.py] net forward
[loftr_wrapper.py] mconf, 0.20015639066696167 0.9711605906486511
[loftr_wrapper.py] pair_ids (223,)
[loftr_wrapper.py] corres: (223, 5)
[loftr_wrapper.py] image0: torch.Size([1, 1, 400, 400])
[loftr_wrapper.py] net forward
[loftr_wrapper.py] mconf, 0.20228751003742218 0.8850246667861938
[loftr_wrapper.py] pair_ids (63,)
[loftr_wrapper.py] corres: (63, 5)
[loftr_wrapper.py] image0: torch.Size([1, 1, 400, 400])
[loftr_wrapper.py] net forward
[loftr_wrapper.py] mconf, 0.200973242521286 0.8472880125045776
[loftr_wrapper.py] pair_ids (91,)
[loftr_wrapper.py] corres: (91, 5)
[loftr_wrapper.py] image0: torch.Size([1, 1, 400, 400])
[loftr_wrapper.py] net forward
[loftr_wrapper.py] mconf, 0.20049645006656647 0.8344194293022156
[loftr_wrapper.py] pair_ids (64,)
[loftr_wrapper.py] corres: (64, 5)
[loftr_wrapper.py] image0: torch.Size([1, 1, 400, 400])
[loftr_wrapper.py] net forward
[loftr_wrapper.py] mconf, 0.20287278294563293 0.7244661450386047
[loftr_wrapper.py] pair_ids (78,)
[loftr_wrapper.py] corres: (78, 5)
[loftr_wrapper.py] image0: torch.Size([1, 1, 400, 400])
[loftr_wrapper.py] net forward
[loftr_wrapper.py] mconf, 0.20233610272407532 0.7329347133636475
[loftr_wrapper.py] pair_ids (93,)
[loftr_wrapper.py] corres: (93, 5)
[loftr_wrapper.py] image0: torch.Size([1, 1, 400, 400])
[loftr_wrapper.py] net forward
[loftr_wrapper.py] mconf, 0.20060856640338898 0.775083601474762
[loftr_wrapper.py] pair_ids (96,)
[loftr_wrapper.py] corres: (96, 5)
[loftr_wrapper.py] image0: torch.Size([1, 1, 400, 400])
[loftr_wrapper.py] net forward
[loftr_wrapper.py] mconf, 0.20022833347320557 0.7629228830337524
[loftr_wrapper.py] pair_ids (62,)
[loftr_wrapper.py] corres: (62, 5)
[loftr_wrapper.py] image0: torch.Size([1, 1, 400, 400])
[loftr_wrapper.py] net forward
[loftr_wrapper.py] mconf, 0.20017853379249573 0.8234822154045105
[loftr_wrapper.py] pair_ids (82,)
[loftr_wrapper.py] corres: (82, 5)
[loftr_wrapper.py] image0: torch.Size([1, 1, 400, 400])
[loftr_wrapper.py] net forward
[loftr_wrapper.py] mconf, 0.20065690577030182 0.9091179370880127
[loftr_wrapper.py] pair_ids (125,)
[loftr_wrapper.py] corres: (125, 5)
[loftr_wrapper.py] image0: torch.Size([1, 1, 400, 400])
[loftr_wrapper.py] net forward
[loftr_wrapper.py] mconf, 0.20373116433620453 0.7001578211784363
[loftr_wrapper.py] pair_ids (80,)
[loftr_wrapper.py] corres: (80, 5)
[loftr_wrapper.py] image0: torch.Size([1, 1, 400, 400])
[loftr_wrapper.py] net forward
[loftr_wrapper.py] mconf, 0.2011396437883377 0.8418025374412537
[loftr_wrapper.py] pair_ids (87,)
[loftr_wrapper.py] corres: (87, 5)
[loftr_wrapper.py] image0: torch.Size([1, 1, 400, 400])
[loftr_wrapper.py] net forward
[loftr_wrapper.py] mconf, 0.20034487545490265 0.87148118019104
[loftr_wrapper.py] pair_ids (162,)
[loftr_wrapper.py] corres: (162, 5)
[loftr_wrapper.py] image0: torch.Size([1, 1, 400, 400])
[loftr_wrapper.py] net forward
[loftr_wrapper.py] mconf, 0.203637033700943 0.7559164762496948
[loftr_wrapper.py] pair_ids (55,)
[loftr_wrapper.py] corres: (55, 5)
[loftr_wrapper.py] image0: torch.Size([1, 1, 400, 400])
[loftr_wrapper.py] net forward
[loftr_wrapper.py] mconf, 0.2004489004611969 0.9467630386352539
[loftr_wrapper.py] pair_ids (140,)
[loftr_wrapper.py] corres: (140, 5)
[loftr_wrapper.py] image0: torch.Size([1, 1, 400, 400])
[loftr_wrapper.py] net forward
[loftr_wrapper.py] mconf, 0.20010241866111755 0.9866418838500977
[loftr_wrapper.py] pair_ids (169,)
[loftr_wrapper.py] corres: (169, 5)
[loftr_wrapper.py] image0: torch.Size([1, 1, 400, 400])
[loftr_wrapper.py] net forward
[loftr_wrapper.py] mconf, 0.20277579128742218 0.8689205646514893
[loftr_wrapper.py] pair_ids (80,)
[loftr_wrapper.py] corres: (80, 5)
[loftr_wrapper.py] image0: torch.Size([1, 1, 400, 400])
[loftr_wrapper.py] net forward
[loftr_wrapper.py] mconf, 0.2056341916322708 0.973182201385498
[loftr_wrapper.py] pair_ids (105,)
[loftr_wrapper.py] corres: (105, 5)
[loftr_wrapper.py] image0: torch.Size([1, 1, 400, 400])
[loftr_wrapper.py] net forward
[loftr_wrapper.py] mconf, 0.20058712363243103 0.7082871198654175
[loftr_wrapper.py] pair_ids (47,)
[loftr_wrapper.py] corres: (47, 5)
[loftr_wrapper.py] image0: torch.Size([1, 1, 400, 400])
[loftr_wrapper.py] net forward
[loftr_wrapper.py] mconf, 0.201929971575737 0.7246400117874146
[loftr_wrapper.py] pair_ids (64,)
[loftr_wrapper.py] corres: (64, 5)
[loftr_wrapper.py] image0: torch.Size([1, 1, 400, 400])
[loftr_wrapper.py] net forward
[loftr_wrapper.py] mconf, 0.20170772075653076 0.7851054072380066
[loftr_wrapper.py] pair_ids (78,)
[loftr_wrapper.py] corres: (78, 5)
[loftr_wrapper.py] image0: torch.Size([1, 1, 400, 400])
[loftr_wrapper.py] net forward
[loftr_wrapper.py] mconf, 0.20059734582901 0.7488346695899963
[loftr_wrapper.py] pair_ids (60,)
[loftr_wrapper.py] corres: (60, 5)
[loftr_wrapper.py] image0: torch.Size([1, 1, 400, 400])
[loftr_wrapper.py] net forward
[loftr_wrapper.py] mconf, 0.20036040246486664 0.6340591311454773
[loftr_wrapper.py] pair_ids (60,)
[loftr_wrapper.py] corres: (60, 5)
[loftr_wrapper.py] image0: torch.Size([1, 1, 400, 400])
[loftr_wrapper.py] net forward
[loftr_wrapper.py] mconf, 0.2000613808631897 0.7141866683959961
[loftr_wrapper.py] pair_ids (60,)
[loftr_wrapper.py] corres: (60, 5)
[loftr_wrapper.py] image0: torch.Size([1, 1, 400, 400])
[loftr_wrapper.py] net forward
[loftr_wrapper.py] mconf, 0.21110601723194122 0.7050046324729919
[loftr_wrapper.py] pair_ids (71,)
[loftr_wrapper.py] corres: (71, 5)
[loftr_wrapper.py] image0: torch.Size([1, 1, 400, 400])
[loftr_wrapper.py] net forward
[loftr_wrapper.py] mconf, 0.20131172239780426 0.961008608341217
[loftr_wrapper.py] pair_ids (96,)
[loftr_wrapper.py] corres: (96, 5)
[loftr_wrapper.py] image0: torch.Size([1, 1, 400, 400])
[loftr_wrapper.py] net forward
[loftr_wrapper.py] mconf, 0.20484429597854614 0.6942309141159058
[loftr_wrapper.py] pair_ids (56,)
[loftr_wrapper.py] corres: (56, 5)
[loftr_wrapper.py] image0: torch.Size([1, 1, 400, 400])
[loftr_wrapper.py] net forward
[loftr_wrapper.py] mconf, 0.20029319822788239 0.5808379650115967
[loftr_wrapper.py] pair_ids (67,)
[loftr_wrapper.py] corres: (67, 5)
[loftr_wrapper.py] image0: torch.Size([1, 1, 400, 400])
[loftr_wrapper.py] net forward
[loftr_wrapper.py] mconf, 0.20224659144878387 0.8124078512191772
[loftr_wrapper.py] pair_ids (70,)
[loftr_wrapper.py] corres: (70, 5)
[loftr_wrapper.py] image0: torch.Size([1, 1, 400, 400])
[loftr_wrapper.py] net forward
[loftr_wrapper.py] mconf, 0.20018000900745392 0.8684321045875549
[loftr_wrapper.py] pair_ids (76,)
[loftr_wrapper.py] corres: (76, 5)
[loftr_wrapper.py] image0: torch.Size([1, 1, 400, 400])
[loftr_wrapper.py] net forward
[loftr_wrapper.py] mconf, 0.2052890509366989 0.8658565282821655
[loftr_wrapper.py] pair_ids (88,)
[loftr_wrapper.py] corres: (88, 5)
[loftr_wrapper.py] image0: torch.Size([1, 1, 400, 400])
[loftr_wrapper.py] net forward
[loftr_wrapper.py] mconf, 0.20268261432647705 0.8749327063560486
[loftr_wrapper.py] pair_ids (74,)
[loftr_wrapper.py] corres: (74, 5)
[loftr_wrapper.py] image0: torch.Size([1, 1, 400, 400])
[loftr_wrapper.py] net forward
[loftr_wrapper.py] mconf, 0.20260578393936157 0.7543877363204956
[loftr_wrapper.py] pair_ids (60,)
[loftr_wrapper.py] corres: (60, 5)
[loftr_wrapper.py] image0: torch.Size([1, 1, 400, 400])
[loftr_wrapper.py] net forward
[loftr_wrapper.py] mconf, 0.20000042021274567 0.803873598575592
[loftr_wrapper.py] pair_ids (45,)
[loftr_wrapper.py] corres: (45, 5)
[loftr_wrapper.py] image0: torch.Size([1, 1, 400, 400])
[loftr_wrapper.py] net forward
[loftr_wrapper.py] mconf, 0.20008261501789093 0.8387835025787354
[loftr_wrapper.py] pair_ids (93,)
[loftr_wrapper.py] corres: (93, 5)
[loftr_wrapper.py] image0: torch.Size([1, 1, 400, 400])
[loftr_wrapper.py] net forward
[loftr_wrapper.py] mconf, 0.20079642534255981 0.552094042301178
[loftr_wrapper.py] pair_ids (55,)
[loftr_wrapper.py] corres: (55, 5)
[loftr_wrapper.py] image0: torch.Size([1, 1, 400, 400])
[loftr_wrapper.py] net forward
[loftr_wrapper.py] mconf, 0.2011188566684723 0.6410046815872192
[loftr_wrapper.py] pair_ids (58,)
[loftr_wrapper.py] corres: (58, 5)
[loftr_wrapper.py] image0: torch.Size([1, 1, 400, 400])
[loftr_wrapper.py] net forward
[loftr_wrapper.py] mconf, 0.20036013424396515 0.7560427784919739
[loftr_wrapper.py] pair_ids (92,)
[loftr_wrapper.py] corres: (92, 5)
[loftr_wrapper.py] image0: torch.Size([1, 1, 400, 400])
[loftr_wrapper.py] net forward
[loftr_wrapper.py] mconf, 0.2028817981481552 0.6420502662658691
[loftr_wrapper.py] pair_ids (68,)
[loftr_wrapper.py] corres: (68, 5)
[loftr_wrapper.py] image0: torch.Size([1, 1, 400, 400])
[loftr_wrapper.py] net forward
[loftr_wrapper.py] mconf, 0.20077352225780487 0.8833029270172119
[loftr_wrapper.py] pair_ids (113,)
[loftr_wrapper.py] corres: (113, 5)
[loftr_wrapper.py] image0: torch.Size([1, 1, 400, 400])
[loftr_wrapper.py] net forward
[loftr_wrapper.py] mconf, 0.20028704404830933 0.7664685249328613
[loftr_wrapper.py] pair_ids (75,)
[loftr_wrapper.py] corres: (75, 5)
[loftr_wrapper.py] image0: torch.Size([1, 1, 400, 400])
[loftr_wrapper.py] net forward
[loftr_wrapper.py] mconf, 0.20376233756542206 0.9384750127792358
[loftr_wrapper.py] pair_ids (105,)
[loftr_wrapper.py] corres: (105, 5)
[loftr_wrapper.py] image0: torch.Size([1, 1, 400, 400])
[loftr_wrapper.py] net forward
[loftr_wrapper.py] mconf, 0.20189914107322693 0.7443963885307312
[loftr_wrapper.py] pair_ids (57,)
[loftr_wrapper.py] corres: (57, 5)
[loftr_wrapper.py] image0: torch.Size([1, 1, 400, 400])
[loftr_wrapper.py] net forward
[loftr_wrapper.py] mconf, 0.2026565819978714 0.9942211508750916
[loftr_wrapper.py] pair_ids (164,)
[loftr_wrapper.py] corres: (164, 5)
[loftr_wrapper.py] image0: torch.Size([1, 1, 400, 400])
[loftr_wrapper.py] net forward
[loftr_wrapper.py] mconf, 0.2033897191286087 0.7408009767532349
[loftr_wrapper.py] pair_ids (61,)
[loftr_wrapper.py] corres: (61, 5)
[loftr_wrapper.py] image0: torch.Size([1, 1, 400, 400])
[loftr_wrapper.py] net forward
[loftr_wrapper.py] mconf, 0.20190253853797913 0.7769291996955872
[loftr_wrapper.py] pair_ids (92,)
[loftr_wrapper.py] corres: (92, 5)
[loftr_wrapper.py] image0: torch.Size([1, 1, 400, 400])
[loftr_wrapper.py] net forward
[loftr_wrapper.py] mconf, 0.20220644772052765 0.683495044708252
[loftr_wrapper.py] pair_ids (102,)
[loftr_wrapper.py] corres: (102, 5)
[loftr_wrapper.py] image0: torch.Size([1, 1, 400, 400])
[loftr_wrapper.py] net forward
[loftr_wrapper.py] mconf, 0.20362679660320282 0.9764333367347717
[loftr_wrapper.py] pair_ids (134,)
[loftr_wrapper.py] corres: (134, 5)
[loftr_wrapper.py] image0: torch.Size([1, 1, 400, 400])
[loftr_wrapper.py] net forward
[loftr_wrapper.py] mconf, 0.20084507763385773 0.9870502948760986
[loftr_wrapper.py] pair_ids (275,)
[loftr_wrapper.py] corres: (275, 5)
[loftr_wrapper.py] image0: torch.Size([1, 1, 400, 400])
[loftr_wrapper.py] net forward
[loftr_wrapper.py] mconf, 0.20222492516040802 0.8979662656784058
[loftr_wrapper.py] pair_ids (67,)
[loftr_wrapper.py] corres: (67, 5)
[loftr_wrapper.py] image0: torch.Size([1, 1, 400, 400])
[loftr_wrapper.py] net forward
[loftr_wrapper.py] mconf, 0.2010820508003235 0.9814580678939819
[loftr_wrapper.py] pair_ids (197,)
[loftr_wrapper.py] corres: (197, 5)
[loftr_wrapper.py] image0: torch.Size([1, 1, 400, 400])
[loftr_wrapper.py] net forward
[loftr_wrapper.py] mconf, 0.20166347920894623 0.9759905934333801
[loftr_wrapper.py] pair_ids (72,)
[loftr_wrapper.py] corres: (72, 5)
[loftr_wrapper.py] image0: torch.Size([1, 1, 400, 400])
[loftr_wrapper.py] net forward
[loftr_wrapper.py] mconf, 0.20246204733848572 0.7221611738204956
[loftr_wrapper.py] pair_ids (146,)
[loftr_wrapper.py] corres: (146, 5)
[loftr_wrapper.py] image0: torch.Size([1, 1, 400, 400])
[loftr_wrapper.py] net forward
[loftr_wrapper.py] mconf, 0.20072579383850098 0.7554945349693298
[loftr_wrapper.py] pair_ids (67,)
[loftr_wrapper.py] corres: (67, 5)
[loftr_wrapper.py] image0: torch.Size([1, 1, 400, 400])
[loftr_wrapper.py] net forward
[loftr_wrapper.py] mconf, 0.20287637412548065 0.7962232232093811
[loftr_wrapper.py] pair_ids (82,)
[loftr_wrapper.py] corres: (82, 5)
[loftr_wrapper.py] image0: torch.Size([1, 1, 400, 400])
[loftr_wrapper.py] net forward
[loftr_wrapper.py] mconf, 0.20045039057731628 0.6925463080406189
[loftr_wrapper.py] pair_ids (56,)
[loftr_wrapper.py] corres: (56, 5)
[loftr_wrapper.py] image0: torch.Size([1, 1, 400, 400])
[loftr_wrapper.py] net forward
[loftr_wrapper.py] mconf, 0.20173072814941406 0.9617642760276794
[loftr_wrapper.py] pair_ids (208,)
[loftr_wrapper.py] corres: (208, 5)
[loftr_wrapper.py] image0: torch.Size([1, 1, 400, 400])
[loftr_wrapper.py] net forward
[loftr_wrapper.py] mconf, 0.20516888797283173 0.9887596368789673
[loftr_wrapper.py] pair_ids (157,)
[loftr_wrapper.py] corres: (157, 5)
[loftr_wrapper.py] image0: torch.Size([1, 1, 400, 400])
[loftr_wrapper.py] net forward
[loftr_wrapper.py] mconf, 0.2011379599571228 0.7490854859352112
[loftr_wrapper.py] pair_ids (78,)
[loftr_wrapper.py] corres: (78, 5)
[loftr_wrapper.py] image0: torch.Size([1, 1, 400, 400])
[loftr_wrapper.py] net forward
[loftr_wrapper.py] mconf, 0.20074762403964996 0.9033598899841309
[loftr_wrapper.py] pair_ids (54,)
[loftr_wrapper.py] corres: (54, 5)
[loftr_wrapper.py] image0: torch.Size([1, 1, 400, 400])
[loftr_wrapper.py] net forward
[loftr_wrapper.py] mconf, 0.20265311002731323 0.9775978922843933
[loftr_wrapper.py] pair_ids (119,)
[loftr_wrapper.py] corres: (119, 5)
[loftr_wrapper.py] image0: torch.Size([1, 1, 400, 400])
[loftr_wrapper.py] net forward
[loftr_wrapper.py] mconf, 0.20013786852359772 0.8291759490966797
[loftr_wrapper.py] pair_ids (69,)
[loftr_wrapper.py] corres: (69, 5)
[loftr_wrapper.py] image0: torch.Size([1, 1, 400, 400])
[loftr_wrapper.py] net forward
[loftr_wrapper.py] mconf, 0.20150545239448547 0.7274347543716431
[loftr_wrapper.py] pair_ids (57,)
[loftr_wrapper.py] corres: (57, 5)
[loftr_wrapper.py] image0: torch.Size([1, 1, 400, 400])
[loftr_wrapper.py] net forward
[loftr_wrapper.py] mconf, 0.20760871469974518 0.7489421367645264
[loftr_wrapper.py] pair_ids (61,)
[loftr_wrapper.py] corres: (61, 5)
[loftr_wrapper.py] image0: torch.Size([1, 1, 400, 400])
[loftr_wrapper.py] net forward
[loftr_wrapper.py] mconf, 0.20170451700687408 0.7562532424926758
[loftr_wrapper.py] pair_ids (75,)
[loftr_wrapper.py] corres: (75, 5)
[loftr_wrapper.py] image0: torch.Size([1, 1, 400, 400])
[loftr_wrapper.py] net forward
[loftr_wrapper.py] mconf, 0.2020246982574463 0.7553314566612244
[loftr_wrapper.py] pair_ids (64,)
[loftr_wrapper.py] corres: (64, 5)
[loftr_wrapper.py] image0: torch.Size([1, 1, 400, 400])
[loftr_wrapper.py] net forward
[loftr_wrapper.py] mconf, 0.20004087686538696 0.8679509162902832
[loftr_wrapper.py] pair_ids (155,)
[loftr_wrapper.py] corres: (155, 5)
[loftr_wrapper.py] image0: torch.Size([1, 1, 400, 400])
[loftr_wrapper.py] net forward
[loftr_wrapper.py] mconf, 0.20179477334022522 0.7633095979690552
[loftr_wrapper.py] pair_ids (104,)
[loftr_wrapper.py] corres: (104, 5)
[loftr_wrapper.py] image0: torch.Size([1, 1, 400, 400])
[loftr_wrapper.py] net forward
[loftr_wrapper.py] mconf, 0.20499227941036224 0.7584695219993591
[loftr_wrapper.py] pair_ids (61,)
[loftr_wrapper.py] corres: (61, 5)
[loftr_wrapper.py] image0: torch.Size([1, 1, 400, 400])
[loftr_wrapper.py] net forward
[loftr_wrapper.py] mconf, 0.20097318291664124 0.9920243620872498
[loftr_wrapper.py] pair_ids (150,)
[loftr_wrapper.py] corres: (150, 5)
[loftr_wrapper.py] image0: torch.Size([1, 1, 400, 400])
[loftr_wrapper.py] net forward
[loftr_wrapper.py] mconf, 0.20244857668876648 0.8462744951248169
[loftr_wrapper.py] pair_ids (80,)
[loftr_wrapper.py] corres: (80, 5)
[loftr_wrapper.py] image0: torch.Size([1, 1, 400, 400])
[loftr_wrapper.py] net forward
[loftr_wrapper.py] mconf, 0.20083291828632355 0.7551215887069702
[loftr_wrapper.py] pair_ids (77,)
[loftr_wrapper.py] corres: (77, 5)
[loftr_wrapper.py] image0: torch.Size([1, 1, 400, 400])
[loftr_wrapper.py] net forward
[loftr_wrapper.py] mconf, 0.20008854568004608 0.7999100089073181
[loftr_wrapper.py] pair_ids (90,)
[loftr_wrapper.py] corres: (90, 5)
[loftr_wrapper.py] image0: torch.Size([1, 1, 400, 400])
[loftr_wrapper.py] net forward
[loftr_wrapper.py] mconf, 0.20048995316028595 0.6341882348060608
[loftr_wrapper.py] pair_ids (66,)
[loftr_wrapper.py] corres: (66, 5)
[loftr_wrapper.py] image0: torch.Size([1, 1, 400, 400])
[loftr_wrapper.py] net forward
[loftr_wrapper.py] mconf, 0.2002101093530655 0.980559766292572
[loftr_wrapper.py] pair_ids (170,)
[loftr_wrapper.py] corres: (170, 5)
[loftr_wrapper.py] image0: torch.Size([1, 1, 400, 400])
[loftr_wrapper.py] net forward
[loftr_wrapper.py] mconf, 0.20399144291877747 0.7395704388618469
[loftr_wrapper.py] pair_ids (71,)
[loftr_wrapper.py] corres: (71, 5)
[loftr_wrapper.py] image0: torch.Size([1, 1, 400, 400])
[loftr_wrapper.py] net forward
[loftr_wrapper.py] mconf, 0.20001666247844696 0.6902241110801697
[loftr_wrapper.py] pair_ids (65,)
[loftr_wrapper.py] corres: (65, 5)
[loftr_wrapper.py] image0: torch.Size([1, 1, 400, 400])
[loftr_wrapper.py] net forward
[loftr_wrapper.py] mconf, 0.20387732982635498 0.9917919039726257
[loftr_wrapper.py] pair_ids (183,)
[loftr_wrapper.py] corres: (183, 5)
[loftr_wrapper.py] image0: torch.Size([1, 1, 400, 400])
[loftr_wrapper.py] net forward
[loftr_wrapper.py] mconf, 0.20044705271720886 0.8146669268608093
[loftr_wrapper.py] pair_ids (101,)
[loftr_wrapper.py] corres: (101, 5)
[loftr_wrapper.py] image0: torch.Size([1, 1, 400, 400])
[loftr_wrapper.py] net forward
[loftr_wrapper.py] mconf, 0.20091067254543304 0.9796624183654785
[loftr_wrapper.py] pair_ids (208,)
[loftr_wrapper.py] corres: (208, 5)
[loftr_wrapper.py] image0: torch.Size([1, 1, 400, 400])
[loftr_wrapper.py] net forward
[loftr_wrapper.py] mconf, 0.2000313699245453 0.883414626121521
[loftr_wrapper.py] pair_ids (110,)
[loftr_wrapper.py] corres: (110, 5)
[loftr_wrapper.py] image0: torch.Size([1, 1, 400, 400])
[loftr_wrapper.py] net forward
[loftr_wrapper.py] mconf, 0.20279251039028168 0.7832019925117493
[loftr_wrapper.py] pair_ids (83,)
[loftr_wrapper.py] corres: (83, 5)
[loftr_wrapper.py] image0: torch.Size([1, 1, 400, 400])
[loftr_wrapper.py] net forward
[loftr_wrapper.py] mconf, 0.20121972262859344 0.7833308577537537
[loftr_wrapper.py] pair_ids (76,)
[loftr_wrapper.py] corres: (76, 5)
[loftr_wrapper.py] image0: torch.Size([1, 1, 400, 400])
[loftr_wrapper.py] net forward
[loftr_wrapper.py] mconf, 0.20191241800785065 0.6887816786766052
[loftr_wrapper.py] pair_ids (67,)
[loftr_wrapper.py] corres: (67, 5)
[loftr_wrapper.py] image0: torch.Size([1, 1, 400, 400])
[loftr_wrapper.py] net forward
[loftr_wrapper.py] mconf, 0.20340506732463837 0.9925627112388611
[loftr_wrapper.py] pair_ids (141,)
[loftr_wrapper.py] corres: (141, 5)
[loftr_wrapper.py] image0: torch.Size([1, 1, 400, 400])
[loftr_wrapper.py] net forward
[loftr_wrapper.py] mconf, 0.20084069669246674 0.822569727897644
[loftr_wrapper.py] pair_ids (70,)
[loftr_wrapper.py] corres: (70, 5)
[loftr_wrapper.py] image0: torch.Size([1, 1, 400, 400])
[loftr_wrapper.py] net forward
[loftr_wrapper.py] mconf, 0.20062993466854095 0.6563712954521179
[loftr_wrapper.py] pair_ids (82,)
[loftr_wrapper.py] corres: (82, 5)
[loftr_wrapper.py] image0: torch.Size([1, 1, 400, 400])
[loftr_wrapper.py] net forward
[loftr_wrapper.py] mconf, 0.20032455027103424 0.6380330920219421
[loftr_wrapper.py] pair_ids (41,)
[loftr_wrapper.py] corres: (41, 5)
[loftr_wrapper.py] image0: torch.Size([1, 1, 400, 400])
[loftr_wrapper.py] net forward
[loftr_wrapper.py] mconf, 0.20145566761493683 0.9922959208488464
[loftr_wrapper.py] pair_ids (180,)
[loftr_wrapper.py] corres: (180, 5)
[loftr_wrapper.py] image0: torch.Size([1, 1, 400, 400])
[loftr_wrapper.py] net forward
[loftr_wrapper.py] mconf, 0.20133571326732635 0.7124515175819397
[loftr_wrapper.py] pair_ids (76,)
[loftr_wrapper.py] corres: (76, 5)
[loftr_wrapper.py] image0: torch.Size([1, 1, 400, 400])
[loftr_wrapper.py] net forward
[loftr_wrapper.py] mconf, 0.20263639092445374 0.9785670042037964
[loftr_wrapper.py] pair_ids (105,)
[loftr_wrapper.py] corres: (105, 5)
[loftr_wrapper.py] image0: torch.Size([1, 1, 400, 400])
[loftr_wrapper.py] net forward
[loftr_wrapper.py] mconf, 0.20022164285182953 0.9752453565597534
[loftr_wrapper.py] pair_ids (106,)
[loftr_wrapper.py] corres: (106, 5)
[loftr_wrapper.py] image0: torch.Size([1, 1, 400, 400])
[loftr_wrapper.py] net forward
[loftr_wrapper.py] mconf, 0.2030729204416275 0.7987732887268066
[loftr_wrapper.py] pair_ids (93,)
[loftr_wrapper.py] corres: (93, 5)
[loftr_wrapper.py] image0: torch.Size([1, 1, 400, 400])
[loftr_wrapper.py] net forward
[loftr_wrapper.py] mconf, 0.20332154631614685 0.8053174614906311
[loftr_wrapper.py] pair_ids (100,)
[loftr_wrapper.py] corres: (100, 5)
[loftr_wrapper.py] image0: torch.Size([1, 1, 400, 400])
[loftr_wrapper.py] net forward
[loftr_wrapper.py] mconf, 0.20083510875701904 0.8519251346588135
[loftr_wrapper.py] pair_ids (92,)
[loftr_wrapper.py] corres: (92, 5)
[loftr_wrapper.py] image0: torch.Size([1, 1, 400, 400])
[loftr_wrapper.py] net forward
[loftr_wrapper.py] mconf, 0.20148640871047974 0.9979469776153564
[loftr_wrapper.py] pair_ids (120,)
[loftr_wrapper.py] corres: (120, 5)
[loftr_wrapper.py] image0: torch.Size([1, 1, 400, 400])
[loftr_wrapper.py] net forward
[loftr_wrapper.py] mconf, 0.20223061740398407 0.8645333051681519
[loftr_wrapper.py] pair_ids (77,)
[loftr_wrapper.py] corres: (77, 5)
[loftr_wrapper.py] image0: torch.Size([1, 1, 400, 400])
[loftr_wrapper.py] net forward
[loftr_wrapper.py] mconf, 0.20087449252605438 0.7506855726242065
[loftr_wrapper.py] pair_ids (91,)
[loftr_wrapper.py] corres: (91, 5)
[loftr_wrapper.py] image0: torch.Size([1, 1, 400, 400])
[loftr_wrapper.py] net forward
[loftr_wrapper.py] mconf, 0.202020063996315 0.9160833954811096
[loftr_wrapper.py] pair_ids (117,)
[loftr_wrapper.py] corres: (117, 5)
[loftr_wrapper.py] image0: torch.Size([1, 1, 400, 400])
[loftr_wrapper.py] net forward
[loftr_wrapper.py] mconf, 0.20794080197811127 0.8758681416511536
[loftr_wrapper.py] pair_ids (79,)
[loftr_wrapper.py] corres: (79, 5)
[loftr_wrapper.py] image0: torch.Size([1, 1, 400, 400])
[loftr_wrapper.py] net forward
[loftr_wrapper.py] mconf, 0.20171311497688293 0.9812577962875366
[loftr_wrapper.py] pair_ids (92,)
[loftr_wrapper.py] corres: (92, 5)
[loftr_wrapper.py] image0: torch.Size([1, 1, 400, 400])
[loftr_wrapper.py] net forward
[loftr_wrapper.py] mconf, 0.20293885469436646 0.9959079027175903
[loftr_wrapper.py] pair_ids (157,)
[loftr_wrapper.py] corres: (157, 5)
[loftr_wrapper.py] image0: torch.Size([1, 1, 400, 400])
[loftr_wrapper.py] net forward
[loftr_wrapper.py] mconf, 0.20479907095432281 0.8895301818847656
[loftr_wrapper.py] pair_ids (68,)
[loftr_wrapper.py] corres: (68, 5)
[loftr_wrapper.py] image0: torch.Size([1, 1, 400, 400])
[loftr_wrapper.py] net forward
[loftr_wrapper.py] mconf, 0.20046420395374298 0.7572533488273621
[loftr_wrapper.py] pair_ids (97,)
[loftr_wrapper.py] corres: (97, 5)
[loftr_wrapper.py] image0: torch.Size([1, 1, 400, 400])
[loftr_wrapper.py] net forward
[loftr_wrapper.py] mconf, 0.20001040399074554 0.8271701335906982
[loftr_wrapper.py] pair_ids (120,)
[loftr_wrapper.py] corres: (120, 5)
[loftr_wrapper.py] image0: torch.Size([1, 1, 400, 400])
[loftr_wrapper.py] net forward
[loftr_wrapper.py] mconf, 0.20036323368549347 0.8010929226875305
[loftr_wrapper.py] pair_ids (48,)
[loftr_wrapper.py] corres: (48, 5)
[loftr_wrapper.py] image0: torch.Size([1, 1, 400, 400])
[loftr_wrapper.py] net forward
[loftr_wrapper.py] mconf, 0.20004840195178986 0.7091577053070068
[loftr_wrapper.py] pair_ids (58,)
[loftr_wrapper.py] corres: (58, 5)
[loftr_wrapper.py] image0: torch.Size([1, 1, 400, 400])
[loftr_wrapper.py] net forward
[loftr_wrapper.py] mconf, 0.2015736699104309 0.9153456687927246
[loftr_wrapper.py] pair_ids (112,)
[loftr_wrapper.py] corres: (112, 5)
[loftr_wrapper.py] image0: torch.Size([1, 1, 400, 400])
[loftr_wrapper.py] net forward
[loftr_wrapper.py] mconf, 0.20216155052185059 0.8675479888916016
[loftr_wrapper.py] pair_ids (103,)
[loftr_wrapper.py] corres: (103, 5)
[loftr_wrapper.py] image0: torch.Size([1, 1, 400, 400])
[loftr_wrapper.py] net forward
[loftr_wrapper.py] mconf, 0.2027464509010315 0.9692293405532837
[loftr_wrapper.py] pair_ids (75,)
[loftr_wrapper.py] corres: (75, 5)
[loftr_wrapper.py] image0: torch.Size([1, 1, 400, 400])
[loftr_wrapper.py] net forward
[loftr_wrapper.py] mconf, 0.2020495980978012 0.9810726642608643
[loftr_wrapper.py] pair_ids (77,)
[loftr_wrapper.py] corres: (77, 5)
[loftr_wrapper.py] image0: torch.Size([1, 1, 400, 400])
[loftr_wrapper.py] net forward
[loftr_wrapper.py] mconf, 0.20080168545246124 0.8543292880058289
[loftr_wrapper.py] pair_ids (126,)
[loftr_wrapper.py] corres: (126, 5)
[loftr_wrapper.py] image0: torch.Size([1, 1, 400, 400])
[loftr_wrapper.py] net forward
[loftr_wrapper.py] mconf, 0.20026710629463196 0.6937376260757446
[loftr_wrapper.py] pair_ids (111,)
[loftr_wrapper.py] corres: (111, 5)
[loftr_wrapper.py] image0: torch.Size([1, 1, 400, 400])
[loftr_wrapper.py] net forward
[loftr_wrapper.py] mconf, 0.2046520859003067 0.9107995629310608
[loftr_wrapper.py] pair_ids (114,)
[loftr_wrapper.py] corres: (114, 5)
[loftr_wrapper.py] image0: torch.Size([1, 1, 400, 400])
[loftr_wrapper.py] net forward
[loftr_wrapper.py] mconf, 0.2003818154335022 0.9616764783859253
[loftr_wrapper.py] pair_ids (214,)
[loftr_wrapper.py] corres: (214, 5)
[loftr_wrapper.py] image0: torch.Size([1, 1, 400, 400])
[loftr_wrapper.py] net forward
[loftr_wrapper.py] mconf, 0.20136186480522156 0.7687589526176453
[loftr_wrapper.py] pair_ids (103,)
[loftr_wrapper.py] corres: (103, 5)
[loftr_wrapper.py] image0: torch.Size([1, 1, 400, 400])
[loftr_wrapper.py] net forward
[loftr_wrapper.py] mconf, 0.20079611241817474 0.6375725269317627
[loftr_wrapper.py] pair_ids (74,)
[loftr_wrapper.py] corres: (74, 5)
[loftr_wrapper.py] image0: torch.Size([1, 1, 400, 400])
[loftr_wrapper.py] net forward
[loftr_wrapper.py] mconf, 0.20086736977100372 0.8608181476593018
[loftr_wrapper.py] pair_ids (49,)
[loftr_wrapper.py] corres: (49, 5)
[loftr_wrapper.py] image0: torch.Size([1, 1, 400, 400])
[loftr_wrapper.py] net forward
[loftr_wrapper.py] mconf, 0.20184274017810822 0.991165041923523
[loftr_wrapper.py] pair_ids (130,)
[loftr_wrapper.py] corres: (130, 5)
[loftr_wrapper.py] image0: torch.Size([1, 1, 400, 400])
[loftr_wrapper.py] net forward
[loftr_wrapper.py] mconf, 0.20221450924873352 0.8763415217399597
[loftr_wrapper.py] pair_ids (69,)
[loftr_wrapper.py] corres: (69, 5)
[loftr_wrapper.py] image0: torch.Size([1, 1, 400, 400])
[loftr_wrapper.py] net forward
[loftr_wrapper.py] mconf, 0.20067650079727173 0.6182186603546143
[loftr_wrapper.py] pair_ids (69,)
[loftr_wrapper.py] corres: (69, 5)
[loftr_wrapper.py] image0: torch.Size([1, 1, 400, 400])
[loftr_wrapper.py] net forward
[loftr_wrapper.py] mconf, 0.20004300773143768 0.7765722870826721
[loftr_wrapper.py] pair_ids (121,)
[loftr_wrapper.py] corres: (121, 5)
[loftr_wrapper.py] image0: torch.Size([1, 1, 400, 400])
[loftr_wrapper.py] net forward
[loftr_wrapper.py] mconf, 0.20024226605892181 0.7566466927528381
[loftr_wrapper.py] pair_ids (75,)
[loftr_wrapper.py] corres: (75, 5)
[loftr_wrapper.py] image0: torch.Size([1, 1, 400, 400])
[loftr_wrapper.py] net forward
[loftr_wrapper.py] mconf, 0.2012215256690979 0.9906353950500488
[loftr_wrapper.py] pair_ids (82,)
[loftr_wrapper.py] corres: (82, 5)
[loftr_wrapper.py] image0: torch.Size([1, 1, 400, 400])
[loftr_wrapper.py] net forward
[loftr_wrapper.py] mconf, 0.20063117146492004 0.9929618239402771
[loftr_wrapper.py] pair_ids (170,)
[loftr_wrapper.py] corres: (170, 5)
[loftr_wrapper.py] image0: torch.Size([1, 1, 400, 400])
[loftr_wrapper.py] net forward
[loftr_wrapper.py] mconf, 0.20426857471466064 0.9386791586875916
[loftr_wrapper.py] pair_ids (178,)
[loftr_wrapper.py] corres: (178, 5)
[loftr_wrapper.py] image0: torch.Size([1, 1, 400, 400])
[loftr_wrapper.py] net forward
[loftr_wrapper.py] mconf, 0.20170007646083832 0.8675665259361267
[loftr_wrapper.py] pair_ids (83,)
[loftr_wrapper.py] corres: (83, 5)
[loftr_wrapper.py] image0: torch.Size([1, 1, 400, 400])
[loftr_wrapper.py] net forward
[loftr_wrapper.py] mconf, 0.20509931445121765 0.9969925284385681
[loftr_wrapper.py] pair_ids (180,)
[loftr_wrapper.py] corres: (180, 5)
[loftr_wrapper.py] image0: torch.Size([1, 1, 400, 400])
[loftr_wrapper.py] net forward
[loftr_wrapper.py] mconf, 0.20253126323223114 0.8291022777557373
[loftr_wrapper.py] pair_ids (89,)
[loftr_wrapper.py] corres: (89, 5)
[loftr_wrapper.py] image0: torch.Size([1, 1, 400, 400])
[loftr_wrapper.py] net forward
[loftr_wrapper.py] mconf, 0.20110279321670532 0.8552854061126709
[loftr_wrapper.py] pair_ids (93,)
[loftr_wrapper.py] corres: (93, 5)
[loftr_wrapper.py] image0: torch.Size([1, 1, 400, 400])
[loftr_wrapper.py] net forward
[loftr_wrapper.py] mconf, 0.200457364320755 0.8700465559959412
[loftr_wrapper.py] pair_ids (77,)
[loftr_wrapper.py] corres: (77, 5)
[loftr_wrapper.py] image0: torch.Size([1, 1, 400, 400])
[loftr_wrapper.py] net forward
[loftr_wrapper.py] mconf, 0.2004121094942093 0.812440812587738
[loftr_wrapper.py] pair_ids (124,)
[loftr_wrapper.py] corres: (124, 5)
[loftr_wrapper.py] image0: torch.Size([1, 1, 400, 400])
[loftr_wrapper.py] net forward
[loftr_wrapper.py] mconf, 0.20002296566963196 0.707526683807373
[loftr_wrapper.py] pair_ids (73,)
[loftr_wrapper.py] corres: (73, 5)
[loftr_wrapper.py] image0: torch.Size([1, 1, 400, 400])
[loftr_wrapper.py] net forward
[loftr_wrapper.py] mconf, 0.20253832638263702 0.8099327683448792
[loftr_wrapper.py] pair_ids (97,)
[loftr_wrapper.py] corres: (97, 5)
[loftr_wrapper.py] image0: torch.Size([1, 1, 400, 400])
[loftr_wrapper.py] net forward
[loftr_wrapper.py] mconf, 0.2017049640417099 0.7824211120605469
[loftr_wrapper.py] pair_ids (101,)
[loftr_wrapper.py] corres: (101, 5)
[loftr_wrapper.py] image0: torch.Size([1, 1, 400, 400])
[loftr_wrapper.py] net forward
[loftr_wrapper.py] mconf, 0.20016779005527496 0.9966726303100586
[loftr_wrapper.py] pair_ids (137,)
[loftr_wrapper.py] corres: (137, 5)
[loftr_wrapper.py] image0: torch.Size([1, 1, 400, 400])
[loftr_wrapper.py] net forward
[loftr_wrapper.py] mconf, 0.20115835964679718 0.9986220598220825
[loftr_wrapper.py] pair_ids (142,)
[loftr_wrapper.py] corres: (142, 5)
SM1 done 1740 1576s
B6 done 1740
