[probe] GT rotations orthonormalized (max element change 3.97e-08)
[_client.py] HTTP Request: HEAD https://huggingface.co/facebook/VGGT-1B/resolve/main/model.pt "HTTP/1.1 302 Found"
[vision_transformer.py] using MLP layer as FFN
/home/kist/Desktop/BundleSAM3DGS/experiments/vggt_probe/models.py:30: FutureWarning: `torch.cuda.amp.autocast(args...)` is deprecated. Please use `torch.amp.autocast('cuda', args...)` instead.
  with torch.cuda.amp.autocast(dtype=torch.bfloat16):
/home/kist/venvs/vggt_probe/lib/python3.10/site-packages/vggt/models/vggt.py:65: FutureWarning: `torch.cuda.amp.autocast(args...)` is deprecated. Please use `torch.amp.autocast('cuda', args...)` instead.
  with torch.cuda.amp.autocast(enabled=False):
  B1-k8 AP12 batch 0: refs=['0000'] new=['0023', '0044', '0050', '0066'] s=0.402 | new rot a/d online 8.22/8.22 oracle 8.22/8.22 C1 4.23
  B1-k8 AP12 batch 1: refs=['0066', '0050', '0044', '0023', '0000'] new=['0075'] s=0.405 | new rot a/d online 3.36/3.36 oracle 5.07/5.07 C1 3.27
  B1-k8 AP12 batch 2: refs=['0075', '0066', '0050', '0044', '0023', '0000'] new=['0077'] s=0.411 | new rot a/d online 1.51/1.51 oracle 2.94/2.94 C1 2.05
  B1-k8 AP12 batch 3: refs=['0077', '0075', '0066', '0050', '0044', '0023', '0000'] new=['0081'] s=0.412 | new rot a/d online 2.93/2.93 oracle 4.42/4.42 C1 1.22
  B1-k8 AP12 batch 4: refs=['0081', '0077', '0075', '0066', '0050', '0044', '0023', '0000'] new=['0086'] s=0.411 | new rot a/d online 3.59/3.41 oracle 4.19/6.22 C1 0.95
  B1-k8 AP12 batch 5: refs=['0086', '0081', '0077', '0075', '0066', '0050', '0044', '0023'] new=['0089'] s=0.403 | new rot a/d online 12.30/12.57 oracle 10.25/11.50 C1 1.93
  B1-k8 AP12 batch 6: refs=['0089', '0086', '0081', '0077', '0075', '0066', '0050', '0044'] new=['0094'] s=0.405 | new rot a/d online 16.00/19.39 oracle 13.99/18.44 C1 0.62
  B1-k8 AP12 batch 7: refs=['0094', '0089', '0086', '0081', '0077', '0075', '0066', '0050'] new=['0099'] s=0.405 | new rot a/d online 14.35/8.67 oracle 12.09/7.19 C1 0.83
  B1-k8 AP12 batch 8: refs=['0099', '0094', '0089', '0086', '0081', '0077', '0075', '0066'] new=['0103'] s=0.400 | new rot a/d online 16.51/10.23 oracle 14.24/10.16 C1 0.87
  B1-k8 AP12 batch 9: refs=['0103', '0099', '0094', '0089', '0086', '0081', '0077', '0075'] new=['0108'] s=0.398 | new rot a/d online 12.74/9.02 oracle 10.58/8.79 C1 1.10
  B1-k8 AP12 batch 10: refs=['0108', '0103', '0099', '0094', '0089', '0086', '0081', '0077'] new=['0114'] s=0.393 | new rot a/d online 10.97/7.42 oracle 9.04/5.85 C1 1.19
  B1-k8 AP12 batch 11: refs=['0114', '0108', '0103', '0099', '0094', '0089', '0086', '0081'] new=['0120'] s=0.386 | new rot a/d online 10.10/5.05 oracle 8.61/4.02 C1 1.01
  B1-k8 AP12 batch 12: refs=['0120', '0114', '0108', '0103', '0099', '0094', '0089', '0086'] new=['0127'] s=0.383 | new rot a/d online 9.78/4.55 oracle 8.63/5.11 C1 1.30
  B1-k8 AP12 batch 13: refs=['0127', '0120', '0114', '0108', '0103', '0099', '0094', '0089'] new=['0134'] s=0.381 | new rot a/d online 6.56/3.96 oracle 6.19/3.98 C1 1.46
  B1-k8 AP12 batch 14: refs=['0114', '0120', '0108', '0103', '0127', '0099', '0134', '0094'] new=['0180'] s=0.375 | new rot a/d online 3.73/2.78 oracle 2.52/1.62 C1 1.78
  B1-k8 AP12 batch 15: refs=['0180', '0103', '0108', '0099', '0114', '0120', '0094', '0127'] new=['0187'] s=0.375 | new rot a/d online 2.38/2.38 oracle 1.85/1.85 C1 2.41
  B1-k8 AP12 batch 16: refs=['0187', '0180', '0099', '0103', '0108', '0094', '0114', '0089'] new=['0190'] s=0.377 | new rot a/d online 5.89/4.95 oracle 3.99/3.27 C1 2.73
  B1-k8 AP12 batch 17: refs=['0190', '0187', '0180', '0099', '0103', '0094', '0089', '0108'] new=['0195'] s=0.374 | new rot a/d online 7.05/7.05 oracle 4.98/4.98 C1 3.36
  B1-k8 AP12 batch 18: refs=['0195', '0190', '0187', '0180', '0099', '0089', '0094', '0086'] new=['0202'] s=0.371 | new rot a/d online 7.22/5.28 oracle 4.69/5.35 C1 3.57
  B1-k8 AP12 batch 19: refs=['0202', '0195', '0190', '0023', '0044', '0187', '0077', '0000'] new=['0205'] s=0.367 | new rot a/d online 5.99/4.46 oracle 3.40/3.09 C1 2.66
  B1-k8 AP12 batch 20: refs=['0205', '0202', '0023', '0044', '0000', '0195', '0050', '0190'] new=['0209'] s=0.370 | new rot a/d online 5.88/11.26 oracle 3.76/9.49 C1 1.95
  B1-k8 AP12 batch 21: refs=['0209', '0023', '0205', '0000', '0044', '0202', '0050', '0195'] new=['0212'] s=0.370 | new rot a/d online 11.68/7.33 oracle 8.86/4.95 C1 2.40
  B1-k8 AP12 batch 22: refs=['0212', '0023', '0000', '0209', '0205', '0044', '0202', '0050'] new=['0214'] s=0.369 | new rot a/d online 10.52/13.38 oracle 7.82/10.44 C1 2.70
  B1-k8 AP12 batch 23: refs=['0023', '0214', '0212', '0044', '0209', '0000', '0205', '0050'] new=['0219'] s=0.379 | new rot a/d online 9.32/15.83 oracle 10.08/12.54 C1 2.88
  B1-k8 AP12 batch 24: refs=['0219', '0044', '0023', '0209', '0050', '0212', '0214', '0205'] new=['0223'] s=0.365 | new rot a/d online 3.03/6.27 oracle 2.79/2.48 C1 8.55
  B1-k8 AP12 batch 25: refs=['0066', '0223', '0050', '0075', '0044', '0077', '0219', '0205'] new=['0226'] s=0.398 | new rot a/d online 7.62/7.62 oracle 3.92/5.13 C1 7.05
  B1-k8 AP12 batch 26: refs=['0075', '0066', '0226', '0077', '0050', '0081', '0223', '0086'] new=['0228'] s=0.406 | new rot a/d online 4.77/4.77 oracle 1.77/1.75 C1 6.10
  B1-k8 AP12 batch 27: refs=['0075', '0228', '0077', '0066', '0081', '0226', '0086', '0050'] new=['0233'] s=0.406 | new rot a/d online 1.57/6.25 oracle 6.10/10.10 C1 8.50
  B1-k8 AP12 batch 28: refs=['0233', '0075', '0066', '0228', '0077', '0081', '0086', '0050'] new=['0238'] s=0.412 | new rot a/d online 5.06/6.07 oracle 8.83/8.83 C1 6.35
  B1-k8 AP12 batch 29: refs=['0238', '0233', '0075', '0066', '0228', '0077', '0081', '0050'] new=['0241'] s=0.407 | new rot a/d online 5.71/5.71 oracle 9.64/9.64 C1 3.41
  B1-k8 AP12 batch 30: refs=['0241', '0238', '0233', '0075', '0066', '0228', '0077', '0081'] new=['0243'] s=0.404 | new rot a/d online 5.00/4.18 oracle 8.14/9.14 C1 1.66
  B1-k8 AP12 batch 31: refs=['0243', '0241', '0238', '0233', '0075', '0066', '0228', '0077'] new=['0245'] s=0.403 | new rot a/d online 9.34/9.34 oracle 12.29/14.78 C1 1.45
  B1-k8 AP12 batch 32: refs=['0245', '0243', '0241', '0238', '0233', '0075', '0066', '0228'] new=['0248'] s=0.404 | new rot a/d online 7.68/7.68 oracle 9.57/12.35 C1 0.61
  B1-k8 AP12 batch 33: refs=['0248', '0245', '0243', '0241', '0238', '0233', '0066', '0075'] new=['0251'] s=0.413 | new rot a/d online 4.94/4.94 oracle 5.88/5.88 C1 1.70
  B1-k8 AP12 batch 34: refs=['0251', '0248', '0245', '0243', '0241', '0238', '0233', '0066'] new=['0255'] s=0.414 | new rot a/d online 5.88/5.88 oracle 5.87/5.87 C1 2.30
  B1-k8 AP12 batch 35: refs=['0255', '0251', '0248', '0245', '0243', '0241', '0238', '0233'] new=['0260'] s=0.417 | new rot a/d online 4.69/4.69 oracle 3.89/3.89 C1 1.64
  B1-k8 AP12 batch 36: refs=['0260', '0255', '0251', '0245', '0248', '0243', '0241', '0238'] new=['0263'] s=0.418 | new rot a/d online 3.55/3.55 oracle 2.66/2.66 C1 2.61
  B1-k8 AP12 batch 37: refs=['0263', '0260', '0255', '0251', '0245', '0248', '0243', '0241'] new=['0266'] s=0.417 | new rot a/d online 2.76/2.76 oracle 1.92/1.92 C1 1.75
  B1-k8 AP12 batch 38: refs=['0266', '0263', '0260', '0255', '0251', '0245', '0248', '0243'] new=['0270'] s=0.423 | new rot a/d online 5.32/5.32 oracle 4.35/4.35 C1 2.02
  B1-k8 AP12 batch 39: refs=['0270', '0266', '0263', '0260', '0255', '0251', '0245', '0248'] new=['0276'] s=0.432 | new rot a/d online 10.85/16.51 oracle 9.97/15.61 C1 2.17
  B1-k8 AP12 batch 40: refs=['0276', '0270', '0266', '0263', '0260', '0255', '0251', '0243'] new=['0280'] s=0.425 | new rot a/d online 7.56/3.29 oracle 6.47/1.87 C1 1.65
  B1-k8 AP12 batch 41: refs=['0280', '0276', '0270', '0266', '0263', '0260', '0255', '0243'] new=['0284'] s=0.408 | new rot a/d online 4.28/4.28 oracle 3.61/3.61 C1 0.93
  B1-k8 AP12 batch 42: refs=['0284', '0280', '0276', '0270', '0266', '0263', '0260', '0255'] new=['0295'] s=0.411 | new rot a/d online 1.51/1.51 oracle 2.76/2.76 C1 1.74
  B1-k8 AP12 batch 43: refs=['0295', '0284', '0280', '0276', '0270', '0266', '0263', '0260'] new=['0302'] s=0.409 | new rot a/d online 2.18/2.18 oracle 2.23/2.23 C1 1.88
  B1-k8 AP12 batch 44: refs=['0302', '0295', '0284', '0280', '0276', '0270', '0266', '0263'] new=['0308'] s=0.407 | new rot a/d online 1.38/1.38 oracle 2.13/2.13 C1 2.04
  B1-k8 AP12 batch 45: refs=['0308', '0302', '0295', '0284', '0280', '0276', '0270', '0266'] new=['0315'] s=0.407 | new rot a/d online 2.95/2.95 oracle 2.98/2.98 C1 3.33
  B1-k8 AP12 batch 46: refs=['0315', '0308', '0302', '0295', '0284', '0280', '0276', '0270'] new=['0325'] s=0.406 | new rot a/d online 2.86/2.86 oracle 3.15/3.15 C1 3.55
  B1-k8 AP12 batch 47: refs=['0325', '0315', '0308', '0302', '0295', '0284', '0280', '0276'] new=['0338'] s=0.406 | new rot a/d online 2.13/2.13 oracle 2.53/2.53 C1 4.89
  B1-k8 AP12 batch 48: refs=['0338', '0325', '0315', '0308', '0302', '0295', '0284', '0280'] new=['0360'] s=0.408 | new rot a/d online 7.03/7.03 oracle 4.89/4.89 C1 5.11
  B1-k8 AP12 batch 49: refs=['0360', '0338', '0325', '0315', '0308', '0302', '0295', '0284'] new=['0365'] s=0.412 | new rot a/d online 6.88/6.88 oracle 4.71/4.71 C1 4.35
  B1-k8 AP12 batch 50: refs=['0365', '0360', '0325', '0338', '0315', '0308', '0302', '0295'] new=['0368'] s=0.411 | new rot a/d online 5.82/4.94 oracle 3.72/3.05 C1 3.48
  B1-k8 AP12 batch 51: refs=['0368', '0365', '0360', '0325', '0315', '0338', '0308', '0302'] new=['0373'] s=0.415 | new rot a/d online 7.05/5.95 oracle 4.94/4.17 C1 3.42
  B1-k8 AP12 batch 52: refs=['0373', '0368', '0365', '0360', '0315', '0325', '0308', '0338'] new=['0378'] s=0.428 | new rot a/d online 11.21/10.17 oracle 7.96/7.96 C1 4.70
  B1-k8 AP12 batch 53: refs=['0378', '0373', '0368', '0365', '0360', '0308', '0302', '0315'] new=['0380'] s=0.424 | new rot a/d online 8.17/7.38 oracle 5.43/4.83 C1 4.58
  B1-k8 AP12 batch 54: refs=['0380', '0378', '0373', '0368', '0365', '0295', '0302', '0308'] new=['0384'] s=0.437 | new rot a/d online 6.83/5.46 oracle 5.08/4.14 C1 4.04
  B1-k8 AP12 batch 55: refs=['0384', '0380', '0378', '0373', '0368', '0295', '0280', '0276'] new=['0386'] s=0.441 | new rot a/d online 4.28/4.28 oracle 2.33/1.37 C1 2.87
  B1-k8 AP12 batch 56: refs=['0386', '0384', '0380', '0378', '0373', '0276', '0280', '0295'] new=['0391'] s=0.445 | new rot a/d online 4.41/4.83 oracle 3.99/3.99 C1 3.16
  B1-k8 AP12 batch 57: refs=['0391', '0386', '0384', '0380', '0276', '0280', '0270', '0266'] new=['0396'] s=0.452 | new rot a/d online 2.83/2.83 oracle 3.94/3.94 C1 3.53
  B1-k8 AP12 batch 58: refs=['0396', '0391', '0386', '0384', '0276', '0266', '0270', '0280'] new=['0400'] s=0.452 | new rot a/d online 1.70/1.70 oracle 2.83/2.83 C1 3.93
  B1-k8 AP12 batch 59: refs=['0400', '0396', '0391', '0386', '0266', '0276', '0270', '0263'] new=['0405'] s=0.448 | new rot a/d online 1.91/2.65 oracle 2.49/2.49 C1 3.72
  B1-k8 AP12 batch 60: refs=['0405', '0400', '0263', '0260', '0266', '0270', '0396', '0276'] new=['0411'] s=0.440 | new rot a/d online 2.63/2.63 oracle 1.91/1.91 C1 3.53
  B1-k8 AP12 batch 61: refs=['0411', '0405', '0260', '0263', '0255', '0266', '0251', '0270'] new=['0417'] s=0.438 | new rot a/d online 2.20/2.20 oracle 3.73/3.73 C1 3.30
  B1-k8 AP12 batch 62: refs=['0417', '0411', '0260', '0251', '0255', '0263', '0248', '0266'] new=['0428'] s=0.429 | new rot a/d online 4.32/4.32 oracle 3.99/3.99 C1 2.95
  B1-k8 AP12 batch 63: refs=['0428', '0251', '0255', '0417', '0260', '0248', '0411', '0263'] new=['0440'] s=0.432 | new rot a/d online 5.14/12.50 oracle 6.31/2.64 C1 1.91
  B1-k8 AP12 batch 64: refs=['0440', '0251', '0428', '0255', '0248', '0260', '0417', '0245'] new=['0457'] s=0.431 | new rot a/d online 8.80/14.28 oracle 9.08/13.80 C1 1.99
  B1-k8 AP12 batch 65: refs=['0457', '0440', '0428', '0251', '0255', '0417', '0248', '0260'] new=['0489'] s=0.433 | new rot a/d online 6.74/2.00 oracle 6.40/2.95 C1 1.75
  B1-k8 AP12 batch 66: refs=['0457', '0251', '0489', '0440', '0248', '0428', '0255', '0245'] new=['0643'] s=0.436 | new rot a/d online 7.26/10.55 oracle 7.98/11.84 C1 0.50
  B1-k8 AP12 batch 67: refs=['0643', '0251', '0248', '0457', '0489', '0440', '0255', '0245'] new=['0651'] s=0.427 | new rot a/d online 3.97/3.14 oracle 4.74/3.05 C1 0.47
  B1-k8 AP12 batch 68: refs=['0651', '0248', '0251', '0643', '0457', '0245', '0489', '0255'] new=['0656'] s=0.450 | new rot a/d online 9.69/1.93 oracle 11.95/1.33 C1 1.47
  B1-k8 AP12 batch 69: refs=['0656', '0248', '0651', '0245', '0251', '0643', '0457', '0255'] new=['0660'] s=0.462 | new rot a/d online 36.24/36.17 oracle 38.14/38.50 C1 1.89
  B1-k8 AP12 batch 70: refs=['0660', '0656', '0248', '0245', '0651', '0251', '0243', '0643'] new=['0662'] s=0.419 | new rot a/d online 4.77/5.64 oracle 6.77/10.49 C1 1.76
  B1-k8 AP12 batch 71: refs=['0662', '0660', '0245', '0248', '0656', '0243', '0651', '0251'] new=['0666'] s=0.428 | new rot a/d online 9.50/17.83 oracle 7.18/15.49 C1 2.24
  B1-k8 AP12 batch 72: refs=['0666', '0662', '0660', '0243', '0245', '0241', '0248', '0656'] new=['0670'] s=0.428 | new rot a/d online 17.21/31.85 oracle 14.93/28.57 C1 2.78
  B1-k8 AP12 batch 73: refs=['0670', '0666', '0662', '0243', '0241', '0660', '0245', '0238'] new=['0674'] s=0.427 | new rot a/d online 11.24/1.80 oracle 9.09/17.51 C1 2.87
  B1-k8 AP12 batch 74: refs=['0674', '0670', '0666', '0238', '0241', '0243', '0662', '0245'] new=['0678'] s=0.437 | new rot a/d online 9.08/6.42 oracle 8.13/4.68 C1 3.40
  B1-k8 AP12 batch 75: refs=['0678', '0674', '0238', '0670', '0233', '0241', '0081', '0077'] new=['0682'] s=0.424 | new rot a/d online 6.16/3.36 oracle 5.09/3.63 C1 4.01
  B1-k8 AP12 batch 76: refs=['0682', '0678', '0081', '0238', '0233', '0077', '0086', '0674'] new=['0688'] s=0.424 | new rot a/d online 8.71/3.70 oracle 8.93/15.07 C1 4.03
  B1-k8 AP12 batch 77: refs=['0688', '0682', '0081', '0086', '0077', '0089', '0233', '0678'] new=['0694'] s=0.435 | new rot a/d online 17.25/28.51 oracle 18.23/29.52 C1 5.33
  B1-k8 AP12 batch 78: refs=['0694', '0086', '0081', '0089', '0688', '0077', '0094', '0233'] new=['0697'] s=0.435 | new rot a/d online 24.12/36.92 oracle 24.93/37.66 C1 3.94
  B1-k8 AP12 batch 79: refs=['0086', '0089', '0697', '0081', '0094', '0077', '0694', '0099'] new=['0701'] s=0.406 | new rot a/d online 14.54/19.72 oracle 15.47/20.05 C1 4.24
  B1-k8 AP12 batch 80: refs=['0089', '0701', '0086', '0094', '0081', '0697', '0099', '0077'] new=['0706'] s=0.407 | new rot a/d online 15.12/20.05 oracle 15.83/20.36 C1 3.67
  B1-k8 AP12 batch 81: refs=['0094', '0099', '0103', '0089', '0706', '0108', '0701', '0086'] new=['0718'] s=0.399 | new rot a/d online 11.93/12.85 oracle 11.83/11.83 C1 4.01
  B1-k8 AP12 batch 82: refs=['0103', '0099', '0718', '0108', '0094', '0114', '0089', '0187'] new=['0723'] s=0.387 | new rot a/d online 6.06/7.28 oracle 5.76/5.76 C1 4.45
  B1-k8 AP12 batch 83: refs=['0723', '0108', '0103', '0114', '0099', '0718', '0120', '0094'] new=['0728'] s=0.432 | new rot a/d online 11.29/5.69 oracle 10.45/10.88 C1 2.37
  B1-k8 AP12 batch 84: refs=['0728', '0723', '0108', '0114', '0103', '0120', '0099', '0127'] new=['0731'] s=0.447 | new rot a/d online 9.93/13.93 oracle 9.52/13.70 C1 1.74
  B1-k8 AP12 batch 85: refs=['0731', '0728', '0723', '0108', '0114', '0120', '0103', '0127'] new=['0734'] s=0.465 | new rot a/d online 13.70/17.52 oracle 13.04/17.61 C1 2.66
  B1-k8 AP12 batch 86: refs=['0734', '0731', '0728', '0723', '0108', '0114', '0120', '0127'] new=['0737'] s=0.481 | new rot a/d online 24.82/4.34 oracle 24.26/1.85 C1 3.30
  B1-k8 AP12 batch 87: refs=['0737', '0734', '0731', '0728', '0723', '0114', '0108', '0120'] new=['0739'] s=0.485 | new rot a/d online 20.35/5.38 oracle 19.19/3.57 C1 3.33
  B1-k8 AP12 batch 88: refs=['0739', '0737', '0734', '0731', '0728', '0723', '0114', '0108'] new=['0742'] s=0.473 | new rot a/d online 5.92/7.01 oracle 4.85/4.77 C1 5.24
  B1-k8 AP12 batch 89: refs=['0742', '0739', '0737', '0734', '0731', '0728', '0723', '0108'] new=['0746'] s=0.474 | new rot a/d online 6.38/8.19 oracle 4.64/6.01 C1 4.19
  B1-k8 AP12 batch 90: refs=['0746', '0742', '0739', '0737', '0734', '0731', '0728', '0723'] new=['0752'] s=0.475 | new rot a/d online 9.60/9.60 oracle 7.16/7.16 C1 4.55
  B1-k8 AP12 batch 91: refs=['0752', '0746', '0742', '0739', '0737', '0734', '0731', '0728'] new=['0758'] s=0.475 | new rot a/d online 9.54/9.54 oracle 7.29/7.29 C1 4.06
  B1-k8 AP12 batch 92: refs=['0758', '0752', '0746', '0742', '0739', '0737', '0734', '0731'] new=['0763'] s=0.476 | new rot a/d online 8.70/8.70 oracle 6.82/6.82 C1 3.34
  B1-k8 AP12 batch 93: refs=['0763', '0758', '0752', '0746', '0742', '0739', '0737', '0734'] new=['0768'] s=0.477 | new rot a/d online 8.39/8.39 oracle 6.02/6.02 C1 3.24
  B1-k8 AP12 batch 94: refs=['0768', '0763', '0758', '0752', '0746', '0742', '0739', '0737'] new=['0775'] s=0.476 | new rot a/d online 7.46/7.46 oracle 4.03/4.03 C1 3.22
  B1-k8 AP12 batch 95: refs=['0775', '0768', '0763', '0758', '0752', '0746', '0742', '0739'] new=['0784'] s=0.476 | new rot a/d online 7.06/7.06 oracle 3.86/3.86 C1 3.32
  B1-k8 AP12 batch 96: refs=['0784', '0775', '0768', '0763', '0758', '0752', '0746', '0742'] new=['0789'] s=0.480 | new rot a/d online 6.09/6.09 oracle 3.34/3.34 C1 1.87
  B1-k8 AP12 batch 97: refs=['0789', '0784', '0775', '0768', '0763', '0758', '0752', '0746'] new=['0795'] s=0.479 | new rot a/d online 4.70/4.70 oracle 2.09/2.09 C1 1.82
  B1-k8 AP12 batch 98: refs=['0795', '0789', '0784', '0775', '0768', '0763', '0758', '0752'] new=['0799'] s=0.476 | new rot a/d online 4.26/4.26 oracle 3.23/3.23 C1 2.01
  B1-k8 AP12 batch 99: refs=['0799', '0795', '0789', '0784', '0775', '0768', '0763', '0758'] new=['0805'] s=0.481 | new rot a/d online 5.60/5.60 oracle 4.16/4.16 C1 1.28
  B1-k8 AP12 batch 100: refs=['0805', '0799', '0795', '0789', '0666', '0662', '0784', '0660'] new=['0810'] s=0.470 | new rot a/d online 10.54/6.06 oracle 9.81/6.21 C1 2.06
  B1-k8 AP12 batch 101: refs=['0810', '0805', '0799', '0662', '0666', '0660', '0795', '0656'] new=['0815'] s=0.446 | new rot a/d online 10.83/8.08 oracle 9.74/12.61 C1 1.62
  B1-k8 AP12 batch 102: refs=['0815', '0810', '0805', '0662', '0660', '0656', '0666', '0651'] new=['0819'] s=0.447 | new rot a/d online 5.79/4.45 oracle 4.50/4.50 C1 0.70
  B1-k8 AP12 batch 103: refs=['0819', '0815', '0656', '0660', '0651', '0662', '0643', '0810'] new=['0824'] s=0.433 | new rot a/d online 2.11/1.81 oracle 2.93/2.26 C1 1.56
  B1-k8 AP12 batch 104: refs=['0824', '0651', '0656', '0643', '0660', '0819', '0662', '0251'] new=['0828'] s=0.441 | new rot a/d online 7.50/14.73 oracle 8.14/16.78 C1 2.67
  B1-k8 AP12 batch 105: refs=['0643', '0651', '0828', '0489', '0656', '0457', '0251', '0440'] new=['0832'] s=0.426 | new rot a/d online 5.98/8.37 oracle 5.83/7.27 C1 2.82
  B1-k8 AP12 batch 106: refs=['0489', '0440', '0457', '0428', '0643', '0832', '0417', '0651'] new=['0838'] s=0.433 | new rot a/d online 9.56/11.70 oracle 9.04/11.47 C1 2.93
  B1-k8 AP12 batch 107: refs=['0417', '0428', '0411', '0838', '0440', '0489', '0457', '0643'] new=['0844'] s=0.439 | new rot a/d online 17.02/17.02 oracle 15.61/16.84 C1 2.89
  B1-k8 AP12 batch 108: refs=['0405', '0411', '0400', '0417', '0844', '0396', '0428', '0266'] new=['0851'] s=0.444 | new rot a/d online 13.22/14.87 oracle 11.29/13.15 C1 2.76
  B1-k8 AP12 batch 109: refs=['0396', '0391', '0400', '0386', '0405', '0384', '0851', '0380'] new=['0865'] s=0.445 | new rot a/d online 3.56/3.56 oracle 1.82/1.82 C1 1.89
  B1-k8 AP12 batch 110: refs=['0865', '0391', '0396', '0386', '0400', '0384', '0405', '0380'] new=['0870'] s=0.408 | new rot a/d online 0.20/0.20 oracle 3.10/2.00 C1 1.99
  B1-k8 AP12 batch 111: refs=['0870', '0865', '0396', '0391', '0386', '0400', '0384', '0405'] new=['0882'] s=0.408 | new rot a/d online 2.63/2.63 oracle 1.60/1.60 C1 1.82
  B1-k8 AP12 batch 112: refs=['0882', '0865', '0870', '0396', '0391', '0400', '0386', '0405'] new=['0888'] s=0.416 | new rot a/d online 9.63/10.64 oracle 7.45/7.45 C1 2.53
  B1-k8 AP12 batch 113: refs=['0888', '0400', '0396', '0882', '0865', '0405', '0870', '0851'] new=['0896'] s=0.415 | new rot a/d online 11.25/5.93 oracle 9.49/5.12 C1 3.06
  B1-k8 AP12 batch 114: refs=['0896', '0405', '0851', '0400', '0888', '0411', '0396', '0865'] new=['0905'] s=0.416 | new rot a/d online 5.87/5.87 oracle 5.92/5.92 C1 2.40
  B1-k8 AP12 batch 115: refs=['0905', '0411', '0851', '0405', '0844', '0417', '0400', '0896'] new=['0913'] s=0.428 | new rot a/d online 4.91/3.48 oracle 7.10/3.85 C1 1.63
  B1-k8 AP12 batch 116: refs=['0913', '0844', '0417', '0411', '0838', '0428', '0851', '0905'] new=['0920'] s=0.435 | new rot a/d online 1.89/3.13 oracle 4.06/2.43 C1 1.07
  B1-k8 AP12 batch 117: refs=['0838', '0920', '0844', '0489', '0832', '0428', '0417', '0440'] new=['0958'] s=0.441 | new rot a/d online 10.94/6.30 oracle 9.11/4.04 C1 0.80
  B1-k8 AP12 batch 118: refs=['0958', '0920', '0838', '0832', '0844', '0913', '0489', '0828'] new=['1119'] s=0.440 | new rot a/d online 6.70/4.52 oracle 6.60/4.77 C1 0.98
  B1-k8 AP12 batch 119: refs=['1119', '0958', '0920', '0832', '0838', '0828', '0913', '0844'] new=['1128'] s=0.434 | new rot a/d online 8.35/2.49 oracle 7.98/2.28 C1 1.33
  B1-k8 AP12 batch 120: refs=['1128', '1119', '0958', '0920', '0832', '0828', '0838', '0913'] new=['1134'] s=0.429 | new rot a/d online 3.30/3.30 oracle 2.43/2.74 C1 1.48
  B1-k8 AP12 batch 121: refs=['1134', '1128', '1119', '0958', '0828', '0920', '0824', '0832'] new=['1144'] s=0.434 | new rot a/d online 6.58/3.78 oracle 6.22/4.26 C1 1.62
  B1-k8 AP12 batch 122: refs=['1144', '1134', '1128', '1119', '0958', '0824', '0828', '0819'] new=['1151'] s=0.444 | new rot a/d online 9.58/5.14 oracle 10.11/6.03 C1 1.34
  B1-k8 AP12 batch 123: refs=['1151', '1144', '1134', '1128', '1119', '0819', '0824', '0815'] new=['1157'] s=0.454 | new rot a/d online 13.92/5.07 oracle 14.30/5.95 C1 1.48
  B1-k8 AP12 batch 124: refs=['1157', '1151', '1144', '1134', '1128', '1119', '0815', '0819'] new=['1164'] s=0.447 | new rot a/d online 6.16/3.81 oracle 6.85/4.55 C1 2.03
  B1-k8 AP12 batch 125: refs=['1164', '1157', '1151', '1144', '1134', '1128', '0810', '0815'] new=['1173'] s=0.454 | new rot a/d online 3.34/3.34 oracle 2.84/2.84 C1 1.50
  B1-k8 AP12 batch 126: refs=['1173', '1164', '1157', '1151', '1144', '1134', '1128', '0805'] new=['1178'] s=0.450 | new rot a/d online 2.41/2.41 oracle 2.08/2.08 C1 1.34
  B1-k8 AP12 batch 127: refs=['1178', '1173', '1164', '1157', '1151', '1144', '1134', '0805'] new=['1184'] s=0.464 | new rot a/d online 1.42/1.42 oracle 1.13/1.13 C1 1.34
  B1-k8 AP12 batch 128: refs=['1184', '1178', '1173', '1164', '1157', '1151', '1144', '1134'] new=['1190'] s=0.467 | new rot a/d online 4.02/4.02 oracle 3.69/3.69 C1 1.69
  B1-k8 AP12 batch 129: refs=['1190', '1184', '1178', '1173', '1164', '1157', '1151', '1144'] new=['1196'] s=0.485 | new rot a/d online 5.24/5.24 oracle 4.81/4.81 C1 1.71
  B1-k8 AP12 batch 130: refs=['1196', '1184', '1190', '1178', '1173', '1164', '1157', '1151'] new=['1199'] s=0.492 | new rot a/d online 7.06/7.06 oracle 6.60/6.60 C1 1.89
  B1-k8 AP12 batch 131: refs=['1199', '1196', '1178', '1184', '1190', '1173', '1164', '1157'] new=['1204'] s=0.487 | new rot a/d online 5.84/5.84 oracle 5.12/5.12 C1 1.74
  B1-k8 AP12 batch 132: refs=['1204', '1199', '1178', '1196', '1173', '1184', '1190', '1164'] new=['1211'] s=0.487 | new rot a/d online 6.99/6.99 oracle 6.33/6.33 C1 1.37
  B1-k8 AP12 batch 133: refs=['1211', '1204', '1173', '1199', '1178', '1196', '1184', '1190'] new=['1219'] s=0.483 | new rot a/d online 5.79/5.79 oracle 5.16/5.16 C1 1.23
  B1-k8 AP12 batch 134: refs=['1219', '1211', '1173', '1164', '1204', '1178', '1199', '1196'] new=['1229'] s=0.472 | new rot a/d online 6.31/5.01 oracle 5.42/3.99 C1 1.60
  B1-k8 AP12 batch 135: refs=['1229', '1164', '1219', '1173', '1157', '1211', '1204', '1178'] new=['1235'] s=0.457 | new rot a/d online 0.54/0.54 oracle 0.88/0.88 C1 0.96
  B1-k8 AP12 batch 136: refs=['1235', '1157', '1164', '1229', '1151', '1219', '1173', '1211'] new=['1241'] s=0.449 | new rot a/d online 0.75/0.75 oracle 1.58/1.58 C1 0.90
  B1-k8 AP12 batch 137: refs=['1241', '1235', '1157', '1164', '1151', '1229', '1144', '1219'] new=['1245'] s=0.448 | new rot a/d online 5.37/5.37 oracle 4.82/4.12 C1 2.23
  B1-k8 AP12 batch 138: refs=['1245', '1241', '1157', '1151', '1235', '1164', '1144', '1229'] new=['1248'] s=0.445 | new rot a/d online 5.05/2.71 oracle 5.06/2.89 C1 0.96
  B1-k8 AP12 batch 139: refs=['1248', '1245', '1241', '1151', '1144', '1157', '1235', '1164'] new=['1252'] s=0.446 | new rot a/d online 13.62/2.05 oracle 13.53/1.63 C1 0.73
  B1-k8 AP12 batch 140: refs=['1252', '1248', '1245', '1144', '1151', '1241', '1134', '1157'] new=['1257'] s=0.437 | new rot a/d online 9.21/17.82 oracle 8.86/17.64 C1 1.04
  B1-k8 AP12 batch 141: refs=['1257', '1252', '1248', '1144', '1245', '1134', '1151', '1241'] new=['1261'] s=0.429 | new rot a/d online 6.10/2.81 oracle 5.59/1.89 C1 1.24
  B1-k8 AP12 batch 142: refs=['1261', '1257', '1252', '1248', '1134', '1144', '1128', '1151'] new=['1266'] s=0.442 | new rot a/d online 23.12/0.16 oracle 22.59/0.94 C1 1.37
  B1-k8 AP12 batch 143: refs=['1266', '1261', '1257', '1252', '1134', '1128', '1144', '1248'] new=['1270'] s=0.435 | new rot a/d online 34.66/1.07 oracle 33.90/1.12 C1 1.79
  B1-k8 AP12 batch 144: refs=['1270', '1266', '1261', '0905', '0896', '1257', '0888', '0913'] new=['1277'] s=0.423 | new rot a/d online 71.83/140.97 oracle 73.74/143.98 C1 2.31
  B1-k8 AP12 batch 145: refs=['1277', '1270', '0896', '0888', '0905', '0882', '1266', '0870'] new=['1283'] s=0.428 | new rot a/d online 82.71/125.16 oracle 85.00/128.06 C1 1.71
  B1-k8 AP12 batch 146: refs=['1283', '0888', '0896', '0882', '0870', '0905', '1277', '0865'] new=['1293'] s=0.433 | new rot a/d online 64.31/89.41 oracle 65.69/91.36 C1 3.43
  B1-k8 AP12 batch 147: refs=['0888', '0882', '1293', '0870', '0896', '0865', '0396', '0391'] new=['1300'] s=0.432 | new rot a/d online 107.89/123.88 oracle 107.57/123.69 C1 3.33
  B1-k8 AP12 batch 148: refs=['1293', '1300', '0888', '0882', '0896', '1283', '0870', '0865'] new=['1334'] s=0.429 | new rot a/d online 165.91/173.87 oracle 164.90/173.38 C1 3.61
  B1-k8 AP12 batch 149: refs=['1293', '1334', '1300', '1283', '0888', '0896', '0882', '0870'] new=['1342'] s=0.418 | new rot a/d online 35.05/56.38 oracle 36.29/58.63 C1 2.11
  B1-k8 AP12 batch 150: refs=['1293', '1342', '1334', '1283', '1300', '0888', '1277', '0896'] new=['1349'] s=0.397 | new rot a/d online 8.89/4.01 oracle 11.14/5.28 C1 2.22
  B1-k8 AP12 batch 151: refs=['1283', '1349', '1293', '1342', '1334', '1277', '1300', '0896'] new=['1356'] s=0.390 | new rot a/d online 12.69/12.07 oracle 14.71/13.63 C1 2.51
  B1-k8 AP12 batch 152: refs=['1283', '1356', '1349', '1293', '1277', '1342', '1334', '1300'] new=['1363'] s=0.385 | new rot a/d online 5.80/5.80 oracle 5.56/5.56 C1 1.92
  B1-k8 AP12 batch 153: refs=['1283', '1363', '1277', '1356', '1349', '1293', '1342', '1270'] new=['1369'] s=0.390 | new rot a/d online 8.08/8.08 oracle 8.06/8.06 C1 2.22
  B1-k8 AP12 batch 154: refs=['1277', '1369', '1283', '1363', '1270', '1356', '1349', '1293'] new=['1373'] s=0.390 | new rot a/d online 6.93/6.93 oracle 6.16/6.16 C1 2.03
  B1-k8 AP12 batch 155: refs=['1373', '1277', '1270', '1369', '1363', '1283', '1266', '1356'] new=['1378'] s=0.390 | new rot a/d online 4.66/4.66 oracle 3.59/3.59 C1 1.95
  B1-k8 AP12 batch 156: refs=['1378', '1270', '1373', '1277', '1266', '1369', '1363', '1283'] new=['1381'] s=0.391 | new rot a/d online 3.80/2.17 oracle 4.46/1.11 C1 1.70
  B1-k8 AP12 batch 157: refs=['1381', '1378', '1270', '1266', '1373', '1277', '1261', '1369'] new=['1387'] s=0.393 | new rot a/d online 3.95/2.69 oracle 4.95/2.85 C1 1.02
  B1-k8 AP12 batch 158: refs=['1387', '1381', '1266', '1261', '1270', '1378', '1257', '1373'] new=['1391'] s=0.401 | new rot a/d online 13.79/1.66 oracle 14.51/1.96 C1 0.79
  B1-k8 AP12 batch 159: refs=['1391', '1387', '1261', '1266', '1381', '1134', '1257', '1144'] new=['1396'] s=0.408 | new rot a/d online 1.89/1.89 oracle 2.77/2.77 C1 1.54
  B1-k8 AP12 batch 160: refs=['1396', '1391', '1144', '1134', '1387', '1261', '1257', '1266'] new=['1401'] s=0.402 | new rot a/d online 5.52/0.99 oracle 6.07/1.22 C1 0.83
  B1-k8 AP12 batch 161: refs=['1401', '1144', '1396', '1134', '1391', '1151', '1257', '1261'] new=['1405'] s=0.405 | new rot a/d online 6.40/2.28 oracle 7.22/2.91 C1 1.18
  B1-k8 AP12 batch 162: refs=['1405', '1144', '1401', '1396', '1151', '1134', '1391', '1257'] new=['1411'] s=0.398 | new rot a/d online 1.63/1.96 oracle 2.06/1.23 C1 1.18
  B1-k8 AP12 batch 163: refs=['1411', '1405', '1144', '1401', '1396', '1151', '1134', '1391'] new=['1421'] s=0.404 | new rot a/d online 0.26/0.26 oracle 1.35/1.40 C1 1.25
  B1-k8 AP12 batch 164: refs=['1421', '1411', '1405', '1401', '1144', '1396', '1134', '1151'] new=['1434'] s=0.411 | new rot a/d online 0.36/0.36 oracle 1.41/1.41 C1 1.11
  B1-k8 AP12 batch 165: refs=['1401', '1396', '1405', '1434', '1391', '1134', '1421', '1411'] new=['1598'] s=0.399 | new rot a/d online 10.29/10.29 oracle 9.70/9.70 C1 2.09
  B1-k8 AP12 batch 166: refs=['1396', '1401', '1405', '1391', '1598', '1434', '1421', '1411'] new=['1615'] s=0.411 | new rot a/d online 13.68/11.44 oracle 12.98/12.34 C1 1.57
DONE B1-k8 AP12 new=170 rot a/d online=6.72/5.42 oracle=6.13/4.79 C1=2.03 C2=3.07 249s
[_client.py] HTTP Request: HEAD https://huggingface.co/facebook/VGGT-1B/resolve/main/model.pt "HTTP/1.1 302 Found"
[vision_transformer.py] using MLP layer as FFN
  B1-k4 AP12 batch 0: refs=['0000'] new=['0023', '0044', '0050', '0066'] s=0.402 | new rot a/d online 8.22/8.22 oracle 8.22/8.22 C1 4.23
  B1-k4 AP12 batch 1: refs=['0066', '0050', '0044', '0023'] new=['0075'] s=0.405 | new rot a/d online 1.45/1.45 oracle 4.27/4.27 C1 3.27
  B1-k4 AP12 batch 2: refs=['0075', '0066', '0050', '0044'] new=['0077'] s=0.409 | new rot a/d online 3.07/3.07 oracle 1.00/1.00 C1 2.05
  B1-k4 AP12 batch 3: refs=['0077', '0075', '0066', '0050'] new=['0081'] s=0.408 | new rot a/d online 3.53/3.53 oracle 1.45/1.45 C1 1.22
  B1-k4 AP12 batch 4: refs=['0081', '0077', '0075', '0066'] new=['0086'] s=0.408 | new rot a/d online 5.80/5.80 oracle 4.28/4.28 C1 0.95
  B1-k4 AP12 batch 5: refs=['0086', '0081', '0077', '0075'] new=['0089'] s=0.402 | new rot a/d online 4.94/4.94 oracle 3.39/3.39 C1 1.93
  B1-k4 AP12 batch 6: refs=['0089', '0086', '0081', '0077'] new=['0094'] s=0.399 | new rot a/d online 9.04/9.04 oracle 7.76/7.76 C1 0.62
  B1-k4 AP12 batch 7: refs=['0094', '0089', '0086', '0081'] new=['0099'] s=0.396 | new rot a/d online 7.33/7.33 oracle 5.95/5.95 C1 0.83
  B1-k4 AP12 batch 8: refs=['0099', '0094', '0089', '0086'] new=['0103'] s=0.392 | new rot a/d online 8.93/8.93 oracle 7.66/7.66 C1 0.87
  B1-k4 AP12 batch 9: refs=['0103', '0099', '0094', '0089'] new=['0108'] s=0.388 | new rot a/d online 5.96/5.96 oracle 4.62/4.62 C1 1.10
  B1-k4 AP12 batch 10: refs=['0108', '0103', '0099', '0094'] new=['0114'] s=0.382 | new rot a/d online 3.11/3.11 oracle 1.82/1.82 C1 1.19
  B1-k4 AP12 batch 11: refs=['0114', '0108', '0103', '0099'] new=['0120'] s=0.377 | new rot a/d online 3.56/3.56 oracle 2.65/2.65 C1 1.01
  B1-k4 AP12 batch 12: refs=['0120', '0114', '0108', '0103'] new=['0127'] s=0.374 | new rot a/d online 2.75/2.75 oracle 2.41/2.41 C1 1.30
  B1-k4 AP12 batch 13: refs=['0127', '0120', '0114', '0108'] new=['0134'] s=0.372 | new rot a/d online 1.97/1.97 oracle 2.13/2.13 C1 1.46
  B1-k4 AP12 batch 14: refs=['0114', '0120', '0108', '0103'] new=['0180'] s=0.373 | new rot a/d online 3.04/3.04 oracle 2.03/2.03 C1 1.78
  B1-k4 AP12 batch 15: refs=['0180', '0103', '0108', '0099'] new=['0187'] s=0.376 | new rot a/d online 2.26/2.26 oracle 2.00/2.00 C1 2.41
  B1-k4 AP12 batch 16: refs=['0187', '0180', '0099', '0103'] new=['0190'] s=0.366 | new rot a/d online 3.68/3.68 oracle 2.27/2.27 C1 2.73
  B1-k4 AP12 batch 17: refs=['0190', '0187', '0180', '0099'] new=['0195'] s=0.364 | new rot a/d online 4.00/4.00 oracle 1.91/1.91 C1 3.36
  B1-k4 AP12 batch 18: refs=['0195', '0190', '0187', '0180'] new=['0202'] s=0.362 | new rot a/d online 3.98/3.98 oracle 3.58/3.58 C1 3.57
  B1-k4 AP12 batch 19: refs=['0202', '0195', '0190', '0023'] new=['0205'] s=0.363 | new rot a/d online 4.47/6.77 oracle 3.55/7.35 C1 2.66
  B1-k4 AP12 batch 20: refs=['0205', '0202', '0023', '0044'] new=['0209'] s=0.371 | new rot a/d online 9.45/18.19 oracle 6.31/14.86 C1 1.95
  B1-k4 AP12 batch 21: refs=['0209', '0023', '0205', '0000'] new=['0212'] s=0.362 | new rot a/d online 11.83/4.29 oracle 10.28/2.09 C1 2.40
  B1-k4 AP12 batch 22: refs=['0212', '0023', '0000', '0209'] new=['0214'] s=0.363 | new rot a/d online 10.53/4.01 oracle 9.09/1.87 C1 2.70
  B1-k4 AP12 batch 23: refs=['0023', '0214', '0212', '0044'] new=['0219'] s=0.362 | new rot a/d online 5.44/10.63 oracle 3.21/6.79 C1 2.88
  B1-k4 AP12 batch 24: refs=['0219', '0044', '0023', '0209'] new=['0223'] s=0.367 | new rot a/d online 6.90/9.11 oracle 4.12/5.82 C1 8.55
  B1-k4 AP12 batch 25: refs=['0066', '0223', '0050', '0075'] new=['0226'] s=0.408 | new rot a/d online 6.77/6.77 oracle 1.74/1.74 C1 7.05
  B1-k4 AP12 batch 26: refs=['0075', '0066', '0226', '0077'] new=['0228'] s=0.412 | new rot a/d online 3.71/3.71 oracle 4.38/4.38 C1 6.10
  B1-k4 AP12 batch 27: refs=['0075', '0228', '0077', '0066'] new=['0233'] s=0.405 | new rot a/d online 2.86/2.86 oracle 3.50/3.50 C1 8.50
  B1-k4 AP12 batch 28: refs=['0233', '0075', '0066', '0228'] new=['0238'] s=0.392 | new rot a/d online 4.39/2.54 oracle 9.66/9.66 C1 6.35
  B1-k4 AP12 batch 29: refs=['0238', '0233', '0075', '0066'] new=['0241'] s=0.396 | new rot a/d online 4.65/4.65 oracle 9.45/9.45 C1 3.41
  B1-k4 AP12 batch 30: refs=['0241', '0238', '0233', '0075'] new=['0243'] s=0.396 | new rot a/d online 5.24/5.24 oracle 8.89/11.18 C1 1.66
  B1-k4 AP12 batch 31: refs=['0243', '0241', '0238', '0233'] new=['0245'] s=0.398 | new rot a/d online 4.84/4.84 oracle 7.36/7.36 C1 1.45
  B1-k4 AP12 batch 32: refs=['0245', '0243', '0241', '0238'] new=['0248'] s=0.402 | new rot a/d online 4.32/4.32 oracle 4.36/4.36 C1 0.61
  B1-k4 AP12 batch 33: refs=['0248', '0245', '0243', '0241'] new=['0251'] s=0.412 | new rot a/d online 4.89/4.89 oracle 3.57/3.57 C1 1.70
  B1-k4 AP12 batch 34: refs=['0251', '0248', '0245', '0243'] new=['0255'] s=0.418 | new rot a/d online 5.03/5.03 oracle 3.18/3.18 C1 2.30
  B1-k4 AP12 batch 35: refs=['0255', '0251', '0248', '0245'] new=['0260'] s=0.420 | new rot a/d online 1.95/1.95 oracle 0.92/0.92 C1 1.64
  B1-k4 AP12 batch 36: refs=['0260', '0255', '0251', '0245'] new=['0263'] s=0.417 | new rot a/d online 3.15/3.15 oracle 2.76/2.76 C1 2.61
  B1-k4 AP12 batch 37: refs=['0263', '0260', '0255', '0251'] new=['0266'] s=0.410 | new rot a/d online 1.98/1.98 oracle 1.25/1.25 C1 1.75
  B1-k4 AP12 batch 38: refs=['0266', '0263', '0260', '0255'] new=['0270'] s=0.413 | new rot a/d online 2.78/2.78 oracle 1.27/1.27 C1 2.02
  B1-k4 AP12 batch 39: refs=['0270', '0266', '0263', '0260'] new=['0276'] s=0.409 | new rot a/d online 2.93/2.93 oracle 1.27/1.27 C1 2.17
  B1-k4 AP12 batch 40: refs=['0276', '0270', '0266', '0263'] new=['0280'] s=0.410 | new rot a/d online 2.38/2.38 oracle 0.50/0.50 C1 1.65
  B1-k4 AP12 batch 41: refs=['0280', '0276', '0270', '0266'] new=['0284'] s=0.406 | new rot a/d online 2.21/2.21 oracle 1.77/1.77 C1 0.93
  B1-k4 AP12 batch 42: refs=['0284', '0280', '0276', '0270'] new=['0295'] s=0.405 | new rot a/d online 2.28/2.28 oracle 3.09/3.09 C1 1.74
  B1-k4 AP12 batch 43: refs=['0295', '0284', '0280', '0276'] new=['0302'] s=0.404 | new rot a/d online 2.45/2.45 oracle 2.38/2.38 C1 1.88
  B1-k4 AP12 batch 44: refs=['0302', '0295', '0284', '0280'] new=['0308'] s=0.402 | new rot a/d online 2.05/2.05 oracle 2.49/2.49 C1 2.04
  B1-k4 AP12 batch 45: refs=['0308', '0302', '0295', '0284'] new=['0315'] s=0.401 | new rot a/d online 2.11/2.11 oracle 2.45/2.45 C1 3.33
  B1-k4 AP12 batch 46: refs=['0315', '0308', '0302', '0295'] new=['0325'] s=0.400 | new rot a/d online 1.47/1.47 oracle 2.32/2.32 C1 3.55
  B1-k4 AP12 batch 47: refs=['0325', '0315', '0308', '0302'] new=['0338'] s=0.400 | new rot a/d online 1.14/1.14 oracle 2.47/2.47 C1 4.89
  B1-k4 AP12 batch 48: refs=['0338', '0325', '0315', '0308'] new=['0360'] s=0.402 | new rot a/d online 6.42/6.42 oracle 3.41/3.41 C1 5.11
  B1-k4 AP12 batch 49: refs=['0360', '0338', '0325', '0315'] new=['0365'] s=0.405 | new rot a/d online 5.38/5.38 oracle 2.72/2.72 C1 4.35
  B1-k4 AP12 batch 50: refs=['0365', '0360', '0325', '0338'] new=['0368'] s=0.415 | new rot a/d online 5.90/5.90 oracle 2.40/2.40 C1 3.48
  B1-k4 AP12 batch 51: refs=['0368', '0365', '0360', '0325'] new=['0373'] s=0.416 | new rot a/d online 5.10/5.10 oracle 3.00/3.00 C1 3.42
  B1-k4 AP12 batch 52: refs=['0373', '0368', '0365', '0360'] new=['0378'] s=0.423 | new rot a/d online 7.94/7.94 oracle 5.10/5.10 C1 4.70
  B1-k4 AP12 batch 53: refs=['0378', '0373', '0368', '0365'] new=['0380'] s=0.427 | new rot a/d online 7.32/7.32 oracle 3.89/3.89 C1 4.58
  B1-k4 AP12 batch 54: refs=['0380', '0378', '0373', '0368'] new=['0384'] s=0.432 | new rot a/d online 7.27/7.27 oracle 4.00/4.00 C1 4.04
  B1-k4 AP12 batch 55: refs=['0384', '0380', '0378', '0373'] new=['0386'] s=0.439 | new rot a/d online 6.13/6.13 oracle 3.45/3.45 C1 2.87
  B1-k4 AP12 batch 56: refs=['0386', '0384', '0380', '0378'] new=['0391'] s=0.439 | new rot a/d online 4.95/4.95 oracle 2.01/2.01 C1 3.16
  B1-k4 AP12 batch 57: refs=['0391', '0386', '0384', '0380'] new=['0396'] s=0.438 | new rot a/d online 5.22/5.22 oracle 2.45/2.45 C1 3.53
  B1-k4 AP12 batch 58: refs=['0396', '0391', '0386', '0384'] new=['0400'] s=0.438 | new rot a/d online 5.19/5.19 oracle 3.11/3.11 C1 3.93
  B1-k4 AP12 batch 59: refs=['0400', '0396', '0391', '0386'] new=['0405'] s=0.438 | new rot a/d online 4.60/4.60 oracle 1.76/1.76 C1 3.72
  B1-k4 AP12 batch 60: refs=['0405', '0400', '0263', '0260'] new=['0411'] s=0.437 | new rot a/d online 4.46/4.46 oracle 2.24/2.24 C1 3.53
  B1-k4 AP12 batch 61: refs=['0411', '0405', '0260', '0263'] new=['0417'] s=0.434 | new rot a/d online 3.67/3.67 oracle 1.53/1.53 C1 3.30
  B1-k4 AP12 batch 62: refs=['0417', '0411', '0260', '0251'] new=['0428'] s=0.430 | new rot a/d online 4.90/4.90 oracle 3.21/3.21 C1 2.95
  B1-k4 AP12 batch 63: refs=['0428', '0251', '0255', '0417'] new=['0440'] s=0.431 | new rot a/d online 5.25/5.25 oracle 3.98/3.98 C1 1.91
  B1-k4 AP12 batch 64: refs=['0440', '0251', '0428', '0255'] new=['0457'] s=0.433 | new rot a/d online 9.04/2.76 oracle 7.06/0.74 C1 1.99
  B1-k4 AP12 batch 65: refs=['0457', '0440', '0428', '0251'] new=['0489'] s=0.427 | new rot a/d online 2.40/2.25 oracle 3.17/0.51 C1 1.75
  B1-k4 AP12 batch 66: refs=['0457', '0251', '0489', '0440'] new=['0643'] s=0.429 | new rot a/d online 9.65/7.79 oracle 11.25/9.25 C1 0.50
  B1-k4 AP12 batch 67: refs=['0643', '0251', '0248', '0457'] new=['0651'] s=0.427 | new rot a/d online 9.40/16.87 oracle 9.70/17.68 C1 0.47
  B1-k4 AP12 batch 68: refs=['0651', '0248', '0251', '0643'] new=['0656'] s=0.438 | new rot a/d online 9.30/2.39 oracle 9.75/2.68 C1 1.47
  B1-k4 AP12 batch 69: refs=['0656', '0248', '0651', '0245'] new=['0660'] s=0.421 | new rot a/d online 2.81/2.81 oracle 2.86/2.86 C1 1.89
  B1-k4 AP12 batch 70: refs=['0660', '0656', '0248', '0245'] new=['0662'] s=0.420 | new rot a/d online 2.91/2.91 oracle 1.88/1.88 C1 1.76
  B1-k4 AP12 batch 71: refs=['0662', '0660', '0245', '0248'] new=['0666'] s=0.419 | new rot a/d online 2.35/2.35 oracle 3.61/3.61 C1 2.24
  B1-k4 AP12 batch 72: refs=['0666', '0662', '0660', '0243'] new=['0670'] s=0.418 | new rot a/d online 4.49/4.49 oracle 2.92/2.92 C1 2.78
  B1-k4 AP12 batch 73: refs=['0670', '0666', '0662', '0243'] new=['0674'] s=0.419 | new rot a/d online 3.27/3.27 oracle 1.94/1.94 C1 2.87
  B1-k4 AP12 batch 74: refs=['0674', '0670', '0666', '0238'] new=['0678'] s=0.419 | new rot a/d online 4.17/4.17 oracle 3.33/3.33 C1 3.40
  B1-k4 AP12 batch 75: refs=['0678', '0674', '0238', '0670'] new=['0682'] s=0.420 | new rot a/d online 3.58/3.58 oracle 1.76/1.76 C1 4.01
  B1-k4 AP12 batch 76: refs=['0682', '0678', '0081', '0238'] new=['0688'] s=0.427 | new rot a/d online 7.30/4.49 oracle 7.98/2.23 C1 4.03
  B1-k4 AP12 batch 77: refs=['0688', '0682', '0081', '0086'] new=['0694'] s=0.425 | new rot a/d online 8.61/5.11 oracle 9.84/3.50 C1 5.33
  B1-k4 AP12 batch 78: refs=['0694', '0086', '0081', '0089'] new=['0697'] s=0.426 | new rot a/d online 16.44/22.54 oracle 18.04/23.29 C1 3.94
  B1-k4 AP12 batch 79: refs=['0086', '0089', '0697', '0081'] new=['0701'] s=0.408 | new rot a/d online 14.21/19.53 oracle 15.42/20.16 C1 4.24
  B1-k4 AP12 batch 80: refs=['0089', '0701', '0086', '0094'] new=['0706'] s=0.405 | new rot a/d online 15.13/20.17 oracle 15.88/20.35 C1 3.67
  B1-k4 AP12 batch 81: refs=['0094', '0099', '0103', '0089'] new=['0718'] s=0.390 | new rot a/d online 17.49/17.49 oracle 17.09/17.09 C1 4.01
  B1-k4 AP12 batch 82: refs=['0103', '0099', '0718', '0108'] new=['0723'] s=0.384 | new rot a/d online 7.04/9.39 oracle 6.82/6.82 C1 4.45
  B1-k4 AP12 batch 83: refs=['0723', '0108', '0103', '0114'] new=['0728'] s=0.451 | new rot a/d online 11.53/15.33 oracle 12.26/15.62 C1 2.37
  B1-k4 AP12 batch 84: refs=['0728', '0723', '0108', '0114'] new=['0731'] s=0.466 | new rot a/d online 8.68/5.64 oracle 9.18/4.82 C1 1.74
  B1-k4 AP12 batch 85: refs=['0731', '0728', '0723', '0108'] new=['0734'] s=0.464 | new rot a/d online 3.56/3.63 oracle 4.01/1.05 C1 2.66
  B1-k4 AP12 batch 86: refs=['0734', '0731', '0728', '0723'] new=['0737'] s=0.484 | new rot a/d online 4.14/4.14 oracle 1.15/1.15 C1 3.30
  B1-k4 AP12 batch 87: refs=['0737', '0734', '0731', '0728'] new=['0739'] s=0.470 | new rot a/d online 5.54/5.54 oracle 4.67/4.67 C1 3.33
  B1-k4 AP12 batch 88: refs=['0739', '0737', '0734', '0731'] new=['0742'] s=0.468 | new rot a/d online 7.49/7.49 oracle 5.90/5.90 C1 5.24
  B1-k4 AP12 batch 89: refs=['0742', '0739', '0737', '0734'] new=['0746'] s=0.469 | new rot a/d online 9.24/9.24 oracle 7.56/7.56 C1 4.19
  B1-k4 AP12 batch 90: refs=['0746', '0742', '0739', '0737'] new=['0752'] s=0.470 | new rot a/d online 9.51/9.51 oracle 7.29/7.29 C1 4.55
  B1-k4 AP12 batch 91: refs=['0752', '0746', '0742', '0739'] new=['0758'] s=0.470 | new rot a/d online 10.52/12.41 oracle 8.05/8.05 C1 4.06
  B1-k4 AP12 batch 92: refs=['0758', '0752', '0746', '0742'] new=['0763'] s=0.471 | new rot a/d online 9.32/9.32 oracle 6.95/6.95 C1 3.34
  B1-k4 AP12 batch 93: refs=['0763', '0758', '0752', '0746'] new=['0768'] s=0.471 | new rot a/d online 7.64/7.64 oracle 4.71/4.71 C1 3.24
  B1-k4 AP12 batch 94: refs=['0768', '0763', '0758', '0752'] new=['0775'] s=0.475 | new rot a/d online 7.10/7.10 oracle 4.27/4.27 C1 3.22
  B1-k4 AP12 batch 95: refs=['0775', '0768', '0763', '0758'] new=['0784'] s=0.472 | new rot a/d online 9.11/9.11 oracle 7.00/7.00 C1 3.32
  B1-k4 AP12 batch 96: refs=['0784', '0775', '0768', '0763'] new=['0789'] s=0.472 | new rot a/d online 8.70/8.70 oracle 7.00/7.00 C1 1.87
  B1-k4 AP12 batch 97: refs=['0789', '0784', '0775', '0768'] new=['0795'] s=0.467 | new rot a/d online 6.33/6.33 oracle 4.79/4.79 C1 1.82
  B1-k4 AP12 batch 98: refs=['0795', '0789', '0784', '0775'] new=['0799'] s=0.470 | new rot a/d online 2.91/2.91 oracle 2.50/2.50 C1 2.01
  B1-k4 AP12 batch 99: refs=['0799', '0795', '0789', '0784'] new=['0805'] s=0.470 | new rot a/d online 3.61/3.61 oracle 3.47/3.47 C1 1.28
  B1-k4 AP12 batch 100: refs=['0805', '0799', '0795', '0789'] new=['0810'] s=0.477 | new rot a/d online 4.31/4.31 oracle 5.04/5.04 C1 2.06
  B1-k4 AP12 batch 101: refs=['0810', '0805', '0799', '0662'] new=['0815'] s=0.469 | new rot a/d online 4.12/4.12 oracle 3.02/3.02 C1 1.62
  B1-k4 AP12 batch 102: refs=['0815', '0810', '0805', '0662'] new=['0819'] s=0.470 | new rot a/d online 3.27/2.39 oracle 4.25/2.61 C1 0.70
  B1-k4 AP12 batch 103: refs=['0819', '0815', '0656', '0660'] new=['0824'] s=0.466 | new rot a/d online 6.48/3.99 oracle 6.29/3.93 C1 1.56
  B1-k4 AP12 batch 104: refs=['0824', '0651', '0656', '0643'] new=['0828'] s=0.441 | new rot a/d online 4.86/4.86 oracle 4.47/4.47 C1 2.67
  B1-k4 AP12 batch 105: refs=['0643', '0651', '0828', '0489'] new=['0832'] s=0.425 | new rot a/d online 4.65/4.65 oracle 3.67/3.67 C1 2.82
  B1-k4 AP12 batch 106: refs=['0489', '0440', '0457', '0428'] new=['0838'] s=0.428 | new rot a/d online 19.34/19.34 oracle 18.16/18.16 C1 2.93
  B1-k4 AP12 batch 107: refs=['0417', '0428', '0411', '0838'] new=['0844'] s=0.445 | new rot a/d online 22.91/29.08 oracle 23.24/29.18 C1 2.89
  B1-k4 AP12 batch 108: refs=['0405', '0411', '0400', '0417'] new=['0851'] s=0.446 | new rot a/d online 47.64/47.64 oracle 44.11/44.11 C1 2.76
  B1-k4 AP12 batch 109: refs=['0396', '0391', '0400', '0386'] new=['0865'] s=0.438 | new rot a/d online 2.90/2.90 oracle 2.61/2.61 C1 1.89
  B1-k4 AP12 batch 110: refs=['0865', '0391', '0396', '0386'] new=['0870'] s=0.406 | new rot a/d online 2.19/2.19 oracle 0.63/0.63 C1 1.99
  B1-k4 AP12 batch 111: refs=['0870', '0865', '0396', '0391'] new=['0882'] s=0.412 | new rot a/d online 2.52/2.52 oracle 1.32/1.32 C1 1.82
  B1-k4 AP12 batch 112: refs=['0882', '0865', '0870', '0396'] new=['0888'] s=0.410 | new rot a/d online 8.33/3.89 oracle 6.50/3.15 C1 2.53
  B1-k4 AP12 batch 113: refs=['0888', '0400', '0396', '0882'] new=['0896'] s=0.416 | new rot a/d online 14.66/25.94 oracle 11.94/2.89 C1 3.06
  B1-k4 AP12 batch 114: refs=['0896', '0405', '0851', '0400'] new=['0905'] s=0.409 | new rot a/d online 7.48/5.63 oracle 6.46/4.53 C1 2.40
  B1-k4 AP12 batch 115: refs=['0905', '0411', '0851', '0405'] new=['0913'] s=0.435 | new rot a/d online 4.57/4.57 oracle 6.59/6.59 C1 1.63
  B1-k4 AP12 batch 116: refs=['0913', '0844', '0417', '0411'] new=['0920'] s=0.431 | new rot a/d online 3.24/1.09 oracle 5.91/3.49 C1 1.07
  B1-k4 AP12 batch 117: refs=['0838', '0920', '0844', '0489'] new=['0958'] s=0.423 | new rot a/d online 3.80/3.80 oracle 2.04/2.04 C1 0.80
  B1-k4 AP12 batch 118: refs=['0958', '0920', '0838', '0832'] new=['1119'] s=0.427 | new rot a/d online 4.79/4.79 oracle 3.09/3.09 C1 0.98
  B1-k4 AP12 batch 119: refs=['1119', '0958', '0920', '0832'] new=['1128'] s=0.421 | new rot a/d online 3.96/3.96 oracle 3.35/3.35 C1 1.33
  B1-k4 AP12 batch 120: refs=['1128', '1119', '0958', '0920'] new=['1134'] s=0.421 | new rot a/d online 3.39/3.39 oracle 2.95/2.95 C1 1.48
  B1-k4 AP12 batch 121: refs=['1134', '1128', '1119', '0958'] new=['1144'] s=0.422 | new rot a/d online 3.67/3.67 oracle 4.54/4.54 C1 1.62
  B1-k4 AP12 batch 122: refs=['1144', '1134', '1128', '1119'] new=['1151'] s=0.426 | new rot a/d online 2.97/2.97 oracle 4.11/4.11 C1 1.34
  B1-k4 AP12 batch 123: refs=['1151', '1144', '1134', '1128'] new=['1157'] s=0.434 | new rot a/d online 1.40/1.40 oracle 1.77/1.77 C1 1.48
  B1-k4 AP12 batch 124: refs=['1157', '1151', '1144', '1134'] new=['1164'] s=0.444 | new rot a/d online 2.02/2.02 oracle 1.89/1.89 C1 2.03
  B1-k4 AP12 batch 125: refs=['1164', '1157', '1151', '1144'] new=['1173'] s=0.453 | new rot a/d online 2.35/2.35 oracle 2.93/2.93 C1 1.50
  B1-k4 AP12 batch 126: refs=['1173', '1164', '1157', '1151'] new=['1178'] s=0.462 | new rot a/d online 2.17/2.17 oracle 2.20/2.20 C1 1.34
  B1-k4 AP12 batch 127: refs=['1178', '1173', '1164', '1157'] new=['1184'] s=0.475 | new rot a/d online 1.47/1.47 oracle 0.92/0.92 C1 1.34
  B1-k4 AP12 batch 128: refs=['1184', '1178', '1173', '1164'] new=['1190'] s=0.482 | new rot a/d online 2.93/2.93 oracle 2.34/2.34 C1 1.69
  B1-k4 AP12 batch 129: refs=['1190', '1184', '1178', '1173'] new=['1196'] s=0.483 | new rot a/d online 3.18/3.18 oracle 2.41/2.41 C1 1.71
  B1-k4 AP12 batch 130: refs=['1196', '1184', '1190', '1178'] new=['1199'] s=0.484 | new rot a/d online 3.61/3.61 oracle 2.64/2.64 C1 1.89
  B1-k4 AP12 batch 131: refs=['1199', '1196', '1178', '1184'] new=['1204'] s=0.479 | new rot a/d online 3.04/3.04 oracle 1.83/1.83 C1 1.74
  B1-k4 AP12 batch 132: refs=['1204', '1199', '1178', '1196'] new=['1211'] s=0.481 | new rot a/d online 3.46/3.46 oracle 2.69/2.69 C1 1.37
  B1-k4 AP12 batch 133: refs=['1211', '1204', '1173', '1199'] new=['1219'] s=0.472 | new rot a/d online 3.06/3.06 oracle 2.02/2.02 C1 1.23
  B1-k4 AP12 batch 134: refs=['1219', '1211', '1173', '1164'] new=['1229'] s=0.461 | new rot a/d online 4.13/4.13 oracle 2.99/2.99 C1 1.60
  B1-k4 AP12 batch 135: refs=['1229', '1164', '1219', '1173'] new=['1235'] s=0.456 | new rot a/d online 7.20/14.29 oracle 7.35/13.88 C1 0.96
  B1-k4 AP12 batch 136: refs=['1235', '1157', '1164', '1229'] new=['1241'] s=0.455 | new rot a/d online 5.58/2.30 oracle 5.77/1.98 C1 0.90
  B1-k4 AP12 batch 137: refs=['1241', '1235', '1157', '1164'] new=['1245'] s=0.453 | new rot a/d online 16.19/30.49 oracle 15.84/30.54 C1 2.23
  B1-k4 AP12 batch 138: refs=['1245', '1241', '1157', '1151'] new=['1248'] s=0.452 | new rot a/d online 7.85/2.87 oracle 7.46/1.88 C1 0.96
  B1-k4 AP12 batch 139: refs=['1248', '1245', '1241', '1151'] new=['1252'] s=0.435 | new rot a/d online 4.46/2.90 oracle 3.70/1.83 C1 0.73
  B1-k4 AP12 batch 140: refs=['1252', '1248', '1245', '1144'] new=['1257'] s=0.426 | new rot a/d online 4.08/2.16 oracle 3.37/1.68 C1 1.04
  B1-k4 AP12 batch 141: refs=['1257', '1252', '1248', '1144'] new=['1261'] s=0.418 | new rot a/d online 1.90/1.90 oracle 1.72/1.72 C1 1.24
  B1-k4 AP12 batch 142: refs=['1261', '1257', '1252', '1248'] new=['1266'] s=0.412 | new rot a/d online 1.46/1.46 oracle 1.22/1.22 C1 1.37
  B1-k4 AP12 batch 143: refs=['1266', '1261', '1257', '1252'] new=['1270'] s=0.407 | new rot a/d online 2.50/2.50 oracle 1.64/1.64 C1 1.79
  B1-k4 AP12 batch 144: refs=['1270', '1266', '1261', '0905'] new=['1277'] s=0.413 | new rot a/d online 10.61/2.81 oracle 11.09/1.79 C1 2.31
  B1-k4 AP12 batch 145: refs=['1277', '1270', '0896', '0888'] new=['1283'] s=0.418 | new rot a/d online 27.00/54.99 oracle 26.96/55.77 C1 1.71
  B1-k4 AP12 batch 146: refs=['1283', '0888', '0896', '0882'] new=['1293'] s=0.421 | new rot a/d online 88.66/111.84 oracle 91.51/114.87 C1 3.43
  B1-k4 AP12 batch 147: refs=['0888', '0882', '1293', '0870'] new=['1300'] s=0.415 | new rot a/d online 69.33/87.35 oracle 71.95/89.97 C1 3.33
  B1-k4 AP12 batch 148: refs=['1293', '1300', '0888', '0882'] new=['1334'] s=0.398 | new rot a/d online 15.60/5.15 oracle 17.85/2.01 C1 3.61
  B1-k4 AP12 batch 149: refs=['1293', '1334', '1300', '1283'] new=['1342'] s=0.381 | new rot a/d online 2.97/2.97 oracle 5.28/5.28 C1 2.11
  B1-k4 AP12 batch 150: refs=['1293', '1342', '1334', '1283'] new=['1349'] s=0.382 | new rot a/d online 5.22/5.22 oracle 3.91/3.91 C1 2.22
  B1-k4 AP12 batch 151: refs=['1283', '1349', '1293', '1342'] new=['1356'] s=0.384 | new rot a/d online 4.90/4.90 oracle 2.77/2.77 C1 2.51
  B1-k4 AP12 batch 152: refs=['1283', '1356', '1349', '1293'] new=['1363'] s=0.384 | new rot a/d online 3.15/3.15 oracle 0.70/0.70 C1 1.92
  B1-k4 AP12 batch 153: refs=['1283', '1363', '1277', '1356'] new=['1369'] s=0.387 | new rot a/d online 4.76/4.76 oracle 5.11/5.11 C1 2.22
  B1-k4 AP12 batch 154: refs=['1277', '1369', '1283', '1363'] new=['1373'] s=0.390 | new rot a/d online 3.61/3.61 oracle 3.21/3.21 C1 2.03
  B1-k4 AP12 batch 155: refs=['1373', '1277', '1270', '1369'] new=['1378'] s=0.389 | new rot a/d online 2.73/2.73 oracle 2.97/2.97 C1 1.95
  B1-k4 AP12 batch 156: refs=['1378', '1270', '1373', '1277'] new=['1381'] s=0.389 | new rot a/d online 2.62/2.62 oracle 2.89/2.89 C1 1.70
  B1-k4 AP12 batch 157: refs=['1381', '1378', '1270', '1266'] new=['1387'] s=0.391 | new rot a/d online 1.99/1.99 oracle 2.32/2.32 C1 1.02
  B1-k4 AP12 batch 158: refs=['1387', '1381', '1266', '1261'] new=['1391'] s=0.400 | new rot a/d online 11.07/22.17 oracle 11.55/22.57 C1 0.79
  B1-k4 AP12 batch 159: refs=['1391', '1387', '1261', '1266'] new=['1396'] s=0.403 | new rot a/d online 13.46/0.93 oracle 14.23/1.29 C1 1.54
  B1-k4 AP12 batch 160: refs=['1396', '1391', '1144', '1134'] new=['1401'] s=0.409 | new rot a/d online 10.07/0.91 oracle 10.78/1.21 C1 0.83
  B1-k4 AP12 batch 161: refs=['1401', '1144', '1396', '1134'] new=['1405'] s=0.402 | new rot a/d online 4.80/1.48 oracle 5.73/2.04 C1 1.18
  B1-k4 AP12 batch 162: refs=['1405', '1144', '1401', '1396'] new=['1411'] s=0.398 | new rot a/d online 7.34/1.30 oracle 7.19/0.54 C1 1.18
  B1-k4 AP12 batch 163: refs=['1411', '1405', '1144', '1401'] new=['1421'] s=0.402 | new rot a/d online 4.65/1.61 oracle 4.29/1.00 C1 1.25
  B1-k4 AP12 batch 164: refs=['1421', '1411', '1405', '1401'] new=['1434'] s=0.403 | new rot a/d online 2.11/2.11 oracle 2.63/2.63 C1 1.11
  B1-k4 AP12 batch 165: refs=['1401', '1396', '1405', '1434'] new=['1598'] s=0.417 | new rot a/d online 11.95/11.95 oracle 11.79/14.23 C1 2.09
  B1-k4 AP12 batch 166: refs=['1396', '1401', '1405', '1391'] new=['1615'] s=0.396 | new rot a/d online 10.19/10.19 oracle 9.85/9.85 C1 1.57
DONE B1-k4 AP12 new=170 rot a/d online=4.71/4.12 oracle=3.64/3.06 C1=2.03 C2=3.07 139s
[_client.py] HTTP Request: HEAD https://huggingface.co/facebook/VGGT-1B/resolve/main/model.pt "HTTP/1.1 302 Found"
[vision_transformer.py] using MLP layer as FFN
  B2 AP12 batch 0: refs=['0000'] new=['0023', '0044', '0050', '0066'] s=0.402 | new rot a/d online 8.22/8.22 oracle 8.22/8.22 C1 4.23
  B2 AP12 batch 1: refs=['0066', '0023', '0000', '0050', '0044'] new=['0075'] s=0.405 | new rot a/d online 3.37/3.37 oracle 5.11/5.11 C1 3.27
  B2 AP12 batch 2: refs=['0075', '0023', '0000', '0066', '0050', '0044'] new=['0077'] s=0.411 | new rot a/d online 1.51/1.51 oracle 2.91/2.91 C1 2.05
  B2 AP12 batch 3: refs=['0077', '0023', '0044', '0075', '0066', '0050', '0000'] new=['0081'] s=0.412 | new rot a/d online 2.93/2.93 oracle 4.40/4.40 C1 1.22
  B2 AP12 batch 4: refs=['0081', '0044', '0023', '0000', '0077', '0075', '0066'] new=['0086'] s=0.409 | new rot a/d online 3.05/6.58 oracle 3.69/4.49 C1 0.95
  B2 AP12 batch 5: refs=['0086', '0044', '0050', '0000', '0081', '0077', '0075'] new=['0089'] s=0.413 | new rot a/d online 7.36/3.64 oracle 9.15/2.81 C1 1.93
  B2 AP12 batch 6: refs=['0089', '0050', '0044', '0000', '0086', '0081', '0077'] new=['0094'] s=0.411 | new rot a/d online 8.16/8.74 oracle 8.55/7.46 C1 0.62
  B2 AP12 batch 7: refs=['0094', '0066', '0050', '0000', '0089', '0086', '0081'] new=['0099'] s=0.412 | new rot a/d online 8.44/6.79 oracle 9.19/7.94 C1 0.83
  B2 AP12 batch 8: refs=['0099', '0066', '0075', '0000', '0023', '0094', '0089'] new=['0103'] s=0.402 | new rot a/d online 7.50/7.63 oracle 7.08/10.10 C1 0.87
  B2 AP12 batch 9: refs=['0103', '0075', '0077', '0000', '0023', '0099', '0094'] new=['0108'] s=0.390 | new rot a/d online 10.48/3.07 oracle 8.68/15.85 C1 1.10
  B2 AP12 batch 10: refs=['0108', '0077', '0075', '0000', '0023', '0103', '0099'] new=['0114'] s=0.389 | new rot a/d online 10.68/14.30 oracle 9.14/16.93 C1 1.19
  B2 AP12 batch 11: refs=['0114', '0081', '0077', '0000', '0023', '0108', '0103'] new=['0120'] s=0.389 | new rot a/d online 11.08/19.75 oracle 10.30/19.15 C1 1.01
  B2 AP12 batch 12: refs=['0120', '0086', '0081', '0000', '0044', '0114', '0108'] new=['0127'] s=0.390 | new rot a/d online 17.23/29.54 oracle 16.09/27.39 C1 1.30
  B2 AP12 batch 13: refs=['0127', '0089', '0086', '0000', '0050', '0120', '0114'] new=['0134'] s=0.390 | new rot a/d online 15.83/1.91 oracle 14.62/18.87 C1 1.46
  B2 AP12 batch 14: refs=['0114', '0077', '0075', '0000', '0120', '0108', '0103'] new=['0180'] s=0.383 | new rot a/d online 7.30/2.19 oracle 6.74/1.13 C1 1.78
  B2 AP12 batch 15: refs=['0180', '0075', '0066', '0103', '0108', '0099', '0114'] new=['0187'] s=0.384 | new rot a/d online 9.23/2.46 oracle 7.32/1.46 C1 2.41
  B2 AP12 batch 16: refs=['0187', '0044', '0050', '0180', '0099', '0103', '0108'] new=['0190'] s=0.384 | new rot a/d online 9.80/3.89 oracle 7.65/2.94 C1 2.73
  B2 AP12 batch 17: refs=['0190', '0000', '0050', '0187', '0180', '0099', '0103'] new=['0195'] s=0.374 | new rot a/d online 7.36/5.21 oracle 5.60/3.79 C1 3.36
  B2 AP12 batch 18: refs=['0195', '0134', '0127', '0190', '0187', '0180', '0099'] new=['0202'] s=0.367 | new rot a/d online 4.66/4.66 oracle 5.06/5.06 C1 3.57
  B2 AP12 batch 19: refs=['0202', '0120', '0127', '0195', '0190', '0023', '0044'] new=['0205'] s=0.371 | new rot a/d online 5.28/7.47 oracle 4.75/8.13 C1 2.66
  B2 AP12 batch 20: refs=['0205', '0103', '0108', '0202', '0023', '0044', '0000'] new=['0209'] s=0.374 | new rot a/d online 9.15/5.42 oracle 6.97/4.21 C1 1.95
  B2 AP12 batch 21: refs=['0209', '0089', '0086', '0134', '0127', '0023', '0205'] new=['0212'] s=0.391 | new rot a/d online 14.44/4.14 oracle 12.53/12.56 C1 2.40
  B2 AP12 batch 22: refs=['0212', '0081', '0187', '0134', '0127', '0023', '0000'] new=['0214'] s=0.386 | new rot a/d online 11.56/7.12 oracle 10.00/8.24 C1 2.70
  B2 AP12 batch 23: refs=['0023', '0187', '0089', '0134', '0127', '0214', '0212'] new=['0219'] s=0.400 | new rot a/d online 9.96/2.52 oracle 8.39/3.54 C1 2.88
  B2 AP12 batch 24: refs=['0219', '0099', '0187', '0134', '0127', '0044', '0023'] new=['0223'] s=0.385 | new rot a/d online 11.02/8.21 oracle 9.76/4.93 C1 8.55
  B2 AP12 batch 25: refs=['0066', '0103', '0180', '0134', '0127', '0223', '0050'] new=['0226'] s=0.407 | new rot a/d online 36.46/60.07 oracle 38.92/64.38 C1 7.05
  B2 AP12 batch 26: refs=['0075', '0000', '0103', '0134', '0127', '0066', '0226'] new=['0228'] s=0.397 | new rot a/d online 14.07/7.18 oracle 12.08/2.35 C1 6.10
  B2 AP12 batch 27: refs=['0075', '0214', '0108', '0134', '0127', '0228', '0077'] new=['0233'] s=0.398 | new rot a/d online 6.67/6.67 oracle 4.31/4.31 C1 8.50
  B2 AP12 batch 28: refs=['0233', '0099', '0219', '0134', '0127', '0075', '0066'] new=['0238'] s=0.399 | new rot a/d online 8.16/6.10 oracle 10.95/3.86 C1 6.35
  B2 AP12 batch 29: refs=['0238', '0089', '0044', '0134', '0127', '0233', '0075'] new=['0241'] s=0.416 | new rot a/d online 21.78/1.85 oracle 25.18/5.06 C1 3.41
  B2 AP12 batch 30: refs=['0241', '0050', '0081', '0127', '0120', '0238', '0233'] new=['0243'] s=0.417 | new rot a/d online 22.86/3.08 oracle 25.70/5.54 C1 1.66
  B2 AP12 batch 31: refs=['0243', '0233', '0075', '0214', '0212', '0241', '0238'] new=['0245'] s=0.398 | new rot a/d online 8.16/8.16 oracle 10.55/10.55 C1 1.45
  B2 AP12 batch 32: refs=['0245', '0233', '0238', '0219', '0103', '0243', '0241'] new=['0248'] s=0.404 | new rot a/d online 8.71/2.77 oracle 10.13/3.99 C1 0.61
  B2 AP12 batch 33: refs=['0248', '0238', '0233', '0099', '0094', '0134', '0245'] new=['0251'] s=0.422 | new rot a/d online 19.18/1.84 oracle 20.25/2.68 C1 1.70
  B2 AP12 batch 34: refs=['0251', '0238', '0233', '0219', '0023', '0134', '0248'] new=['0255'] s=0.436 | new rot a/d online 10.84/5.53 oracle 11.62/6.30 C1 2.30
  B2 AP12 batch 35: refs=['0255', '0238', '0233', '0219', '0094', '0134', '0127'] new=['0260'] s=0.445 | new rot a/d online 21.36/2.48 oracle 22.45/3.67 C1 1.64
  B2 AP12 batch 36: refs=['0260', '0238', '0241', '0094', '0219', '0134', '0127'] new=['0263'] s=0.440 | new rot a/d online 15.96/14.13 oracle 15.43/15.52 C1 2.61
  B2 AP12 batch 37: refs=['0263', '0238', '0241', '0089', '0219', '0134', '0127'] new=['0266'] s=0.439 | new rot a/d online 14.09/8.63 oracle 13.30/10.57 C1 1.75
  B2 AP12 batch 38: refs=['0266', '0238', '0241', '0089', '0094', '0134', '0127'] new=['0270'] s=0.437 | new rot a/d online 26.35/5.60 oracle 26.36/5.37 C1 2.02
  B2 AP12 batch 39: refs=['0270', '0241', '0243', '0089', '0000', '0134', '0127'] new=['0276'] s=0.441 | new rot a/d online 40.54/22.16 oracle 39.36/23.50 C1 2.17
  B2 AP12 batch 40: refs=['0276', '0241', '0248', '0089', '0214', '0134', '0127'] new=['0280'] s=0.437 | new rot a/d online 25.32/5.68 oracle 24.76/12.74 C1 1.65
  B2 AP12 batch 41: refs=['0280', '0245', '0241', '0212', '0089', '0134', '0127'] new=['0284'] s=0.431 | new rot a/d online 30.61/9.73 oracle 29.41/13.10 C1 0.93
  B2 AP12 batch 42: refs=['0284', '0255', '0243', '0209', '0205', '0134', '0127'] new=['0295'] s=0.425 | new rot a/d online 13.71/3.76 oracle 13.03/3.13 C1 1.74
  B2 AP12 batch 43: refs=['0295', '0260', '0255', '0205', '0209', '0134', '0127'] new=['0302'] s=0.432 | new rot a/d online 19.17/2.45 oracle 18.76/2.29 C1 1.88
  B2 AP12 batch 44: refs=['0302', '0263', '0260', '0205', '0086', '0134', '0127'] new=['0308'] s=0.441 | new rot a/d online 24.22/3.32 oracle 23.47/2.87 C1 2.04
  B2 AP12 batch 45: refs=['0308', '0266', '0270', '0205', '0081', '0134', '0127'] new=['0315'] s=0.444 | new rot a/d online 32.49/34.65 oracle 31.59/34.44 C1 3.33
  B2 AP12 batch 46: refs=['0315', '0276', '0280', '0077', '0209', '0134', '0127'] new=['0325'] s=0.436 | new rot a/d online 35.10/55.55 oracle 34.31/56.92 C1 3.55
  B2 AP12 batch 47: refs=['0325', '0284', '0280', '0209', '0248', '0134', '0127'] new=['0338'] s=0.438 | new rot a/d online 35.48/1.34 oracle 33.77/3.30 C1 4.89
  B2 AP12 batch 48: refs=['0338', '0280', '0284', '0075', '0238', '0127', '0134'] new=['0360'] s=0.442 | new rot a/d online 33.32/5.51 oracle 31.97/26.32 C1 5.11
  B2 AP12 batch 49: refs=['0360', '0280', '0284', '0000', '0228', '0120', '0127'] new=['0365'] s=0.452 | new rot a/d online 33.21/16.46 oracle 32.37/18.36 C1 4.35
  B2 AP12 batch 50: refs=['0365', '0280', '0276', '0023', '0238', '0120', '0114'] new=['0368'] s=0.447 | new rot a/d online 29.81/5.39 oracle 28.77/3.52 C1 3.48
  B2 AP12 batch 51: refs=['0368', '0276', '0280', '0066', '0238', '0114', '0120'] new=['0373'] s=0.439 | new rot a/d online 24.78/4.88 oracle 23.74/3.82 C1 3.42
  B2 AP12 batch 52: refs=['0373', '0276', '0270', '0066', '0044', '0114', '0180'] new=['0378'] s=0.464 | new rot a/d online 23.39/3.09 oracle 22.77/2.79 C1 4.70
  B2 AP12 batch 53: refs=['0378', '0276', '0270', '0050', '0238', '0180', '0108'] new=['0380'] s=0.469 | new rot a/d online 21.94/0.86 oracle 20.76/0.88 C1 4.58
  B2 AP12 batch 54: refs=['0380', '0338', '0266', '0238', '0050', '0180', '0108'] new=['0384'] s=0.475 | new rot a/d online 13.03/17.59 oracle 11.38/16.39 C1 4.04
  B2 AP12 batch 55: refs=['0384', '0325', '0263', '0050', '0066', '0180', '0114'] new=['0386'] s=0.472 | new rot a/d online 8.79/24.93 oracle 7.31/24.32 C1 2.87
  B2 AP12 batch 56: refs=['0386', '0260', '0315', '0050', '0066', '0114', '0180'] new=['0391'] s=0.466 | new rot a/d online 16.73/4.47 oracle 15.29/12.80 C1 3.16
  B2 AP12 batch 57: refs=['0391', '0255', '0308', '0050', '0233', '0114', '0120'] new=['0396'] s=0.466 | new rot a/d online 13.24/3.11 oracle 12.47/2.74 C1 3.53
  B2 AP12 batch 58: refs=['0396', '0308', '0251', '0075', '0228', '0120', '0127'] new=['0400'] s=0.476 | new rot a/d online 13.20/3.33 oracle 12.00/3.30 C1 3.93
  B2 AP12 batch 59: refs=['0400', '0378', '0248', '0228', '0077', '0127', '0120'] new=['0405'] s=0.471 | new rot a/d online 8.88/3.13 oracle 7.37/4.79 C1 3.72
  B2 AP12 batch 60: refs=['0405', '0243', '0302', '0081', '0226', '0134', '0127'] new=['0411'] s=0.462 | new rot a/d online 2.93/3.19 oracle 2.22/4.19 C1 3.53
  B2 AP12 batch 61: refs=['0411', '0386', '0241', '0044', '0086', '0134', '0127'] new=['0417'] s=0.461 | new rot a/d online 9.44/1.78 oracle 8.05/2.90 C1 3.30
  B2 AP12 batch 62: refs=['0417', '0295', '0241', '0044', '0089', '0134', '0127'] new=['0428'] s=0.474 | new rot a/d online 11.43/5.55 oracle 11.01/13.90 C1 2.95
  B2 AP12 batch 63: refs=['0428', '0295', '0391', '0089', '0223', '0134', '0127'] new=['0440'] s=0.457 | new rot a/d online 19.21/12.77 oracle 19.41/14.26 C1 1.91
  B2 AP12 batch 64: refs=['0440', '0396', '0284', '0089', '0223', '0134', '0127'] new=['0457'] s=0.460 | new rot a/d online 19.51/11.26 oracle 19.64/6.89 C1 1.99
  B2 AP12 batch 65: refs=['0457', '0284', '0396', '0044', '0089', '0134', '0127'] new=['0489'] s=0.459 | new rot a/d online 24.42/15.46 oracle 23.51/16.10 C1 1.75
  B2 AP12 batch 66: refs=['0457', '0280', '0400', '0360', '0044', '0134', '0127'] new=['0643'] s=0.445 | new rot a/d online 9.35/1.99 oracle 7.60/3.45 C1 0.50
  B2 AP12 batch 67: refs=['0643', '0238', '0280', '0094', '0365', '0134', '0127'] new=['0651'] s=0.449 | new rot a/d online 10.27/23.36 oracle 10.85/23.48 C1 0.47
  B2 AP12 batch 68: refs=['0651', '0405', '0238', '0368', '0325', '0134', '0248'] new=['0656'] s=0.438 | new rot a/d online 13.41/9.27 oracle 12.53/10.81 C1 1.47
  B2 AP12 batch 69: refs=['0656', '0276', '0270', '0373', '0325', '0248', '0651'] new=['0660'] s=0.436 | new rot a/d online 49.80/74.41 oracle 48.92/72.49 C1 1.89
  B2 AP12 batch 70: refs=['0660', '0411', '0270', '0108', '0380', '0656', '0248'] new=['0662'] s=0.434 | new rot a/d online 4.32/4.15 oracle 4.67/5.52 C1 1.76
  B2 AP12 batch 71: refs=['0662', '0233', '0266', '0114', '0205', '0660', '0245'] new=['0666'] s=0.422 | new rot a/d online 7.82/5.73 oracle 6.91/3.23 C1 2.24
  B2 AP12 batch 72: refs=['0666', '0075', '0263', '0209', '0120', '0662', '0660'] new=['0670'] s=0.430 | new rot a/d online 10.11/6.03 oracle 8.99/2.59 C1 2.78
  B2 AP12 batch 73: refs=['0670', '0081', '0086', '0315', '0212', '0666', '0662'] new=['0674'] s=0.449 | new rot a/d online 23.37/2.39 oracle 24.39/4.33 C1 2.87
  B2 AP12 batch 74: refs=['0674', '0643', '0089', '0315', '0396', '0670', '0666'] new=['0678'] s=0.440 | new rot a/d online 24.57/4.38 oracle 24.61/3.65 C1 3.40
  B2 AP12 batch 75: refs=['0678', '0656', '0099', '0400', '0000', '0674', '0238'] new=['0682'] s=0.435 | new rot a/d online 17.65/4.91 oracle 16.53/5.29 C1 4.01
  B2 AP12 batch 76: refs=['0682', '0245', '0103', '0405', '0308', '0678', '0081'] new=['0688'] s=0.445 | new rot a/d online 24.65/9.90 oracle 25.49/9.82 C1 4.03
  B2 AP12 batch 77: refs=['0688', '0187', '0190', '0308', '0411', '0682', '0081'] new=['0694'] s=0.448 | new rot a/d online 17.82/23.18 oracle 17.95/23.23 C1 5.33
  B2 AP12 batch 78: refs=['0694', '0223', '0120', '0308', '0302', '0380', '0086'] new=['0697'] s=0.442 | new rot a/d online 33.46/15.42 oracle 34.07/12.85 C1 3.94
  B2 AP12 batch 79: refs=['0086', '0127', '0044', '0302', '0417', '0380', '0378'] new=['0701'] s=0.444 | new rot a/d online 60.45/76.00 oracle 62.30/80.68 C1 4.24
  B2 AP12 batch 80: refs=['0089', '0219', '0678', '0295', '0489', '0380', '0378'] new=['0706'] s=0.435 | new rot a/d online 51.35/25.32 oracle 52.79/26.76 C1 3.67
  B2 AP12 batch 81: refs=['0094', '0223', '0209', '0251', '0260', '0380', '0384'] new=['0718'] s=0.413 | new rot a/d online 15.57/15.62 oracle 16.03/17.36 C1 4.01
  B2 AP12 batch 82: refs=['0103', '0682', '0228', '0656', '0248', '0380', '0378'] new=['0723'] s=0.444 | new rot a/d online 31.68/12.28 oracle 32.75/10.96 C1 4.45
  B2 AP12 batch 83: refs=['0723', '0077', '0688', '0660', '0248', '0378', '0384'] new=['0728'] s=0.486 | new rot a/d online 54.76/29.63 oracle 57.33/32.39 C1 2.37
  B2 AP12 batch 84: refs=['0728', '0081', '0688', '0245', '0000', '0391', '0360'] new=['0731'] s=0.472 | new rot a/d online 27.31/14.49 oracle 29.53/17.61 C1 1.74
  B2 AP12 batch 85: refs=['0731', '0190', '0086', '0023', '0662', '0396', '0338'] new=['0734'] s=0.490 | new rot a/d online 10.23/15.42 oracle 9.77/14.61 C1 2.66
  B2 AP12 batch 86: refs=['0734', '0089', '0180', '0219', '0044', '0325', '0400'] new=['0737'] s=0.485 | new rot a/d online 15.49/7.24 oracle 15.67/4.53 C1 3.30
  B2 AP12 batch 87: refs=['0737', '0134', '0099', '0223', '0243', '0315', '0400'] new=['0739'] s=0.493 | new rot a/d online 24.33/18.40 oracle 25.49/18.60 C1 3.33
  B2 AP12 batch 88: refs=['0739', '0723', '0114', '0066', '0662', '0400', '0308'] new=['0742'] s=0.490 | new rot a/d online 37.01/20.20 oracle 35.88/19.85 C1 5.24
  B2 AP12 batch 89: refs=['0742', '0728', '0723', '0228', '0662', '0400', '0308'] new=['0746'] s=0.516 | new rot a/d online 20.79/7.25 oracle 19.48/12.99 C1 4.19
  B2 AP12 batch 90: refs=['0746', '0731', '0728', '0238', '0662', '0302', '0400'] new=['0752'] s=0.514 | new rot a/d online 6.61/7.71 oracle 8.39/5.06 C1 4.55
  B2 AP12 batch 91: refs=['0752', '0734', '0731', '0195', '0662', '0295', '0405'] new=['0758'] s=0.502 | new rot a/d online 8.29/7.11 oracle 9.25/5.51 C1 4.06
  B2 AP12 batch 92: refs=['0758', '0734', '0737', '0190', '0662', '0295', '0400'] new=['0763'] s=0.507 | new rot a/d online 15.13/5.78 oracle 16.31/4.58 C1 3.34
  B2 AP12 batch 93: refs=['0763', '0737', '0734', '0081', '0662', '0295', '0400'] new=['0768'] s=0.502 | new rot a/d online 6.26/7.17 oracle 7.78/4.81 C1 3.24
  B2 AP12 batch 94: refs=['0768', '0739', '0737', '0134', '0660', '0000', '0295'] new=['0775'] s=0.502 | new rot a/d online 5.17/8.98 oracle 3.83/7.18 C1 3.22
  B2 AP12 batch 95: refs=['0775', '0742', '0739', '0114', '0089', '0396', '0302'] new=['0784'] s=0.504 | new rot a/d online 5.05/18.68 oracle 6.17/14.09 C1 3.32
  B2 AP12 batch 96: refs=['0784', '0746', '0742', '0094', '0718', '0302', '0391'] new=['0789'] s=0.508 | new rot a/d online 14.88/6.02 oracle 16.15/2.18 C1 1.87
  B2 AP12 batch 97: refs=['0789', '0746', '0752', '0243', '0251', '0386', '0308'] new=['0795'] s=0.481 | new rot a/d online 42.35/69.12 oracle 43.62/71.13 C1 1.82
  B2 AP12 batch 98: refs=['0795', '0763', '0758', '0723', '0086', '0315', '0380'] new=['0799'] s=0.498 | new rot a/d online 17.43/3.75 oracle 18.16/1.88 C1 2.01
  B2 AP12 batch 99: refs=['0799', '0775', '0768', '0728', '0086', '0373', '0325'] new=['0805'] s=0.495 | new rot a/d online 29.41/5.18 oracle 28.87/3.56 C1 1.28
  B2 AP12 batch 100: refs=['0805', '0666', '0662', '0089', '0075', '0000', '0338'] new=['0810'] s=0.458 | new rot a/d online 14.72/16.73 oracle 13.64/15.48 C1 2.06
  B2 AP12 batch 101: refs=['0810', '0651', '0674', '0400', '0089', '0000', '0338'] new=['0815'] s=0.499 | new rot a/d online 41.27/51.01 oracle 39.82/50.63 C1 1.62
  B2 AP12 batch 102: refs=['0815', '0245', '0489', '0739', '0706', '0000', '0214'] new=['0819'] s=0.501 | new rot a/d online 35.93/44.05 oracle 34.18/44.86 C1 0.70
  B2 AP12 batch 103: refs=['0819', '0417', '0243', '0089', '0706', '0000', '0214'] new=['0824'] s=0.485 | new rot a/d online 34.31/38.21 oracle 33.01/37.10 C1 1.56
  B2 AP12 batch 104: refs=['0824', '0263', '0678', '0089', '0706', '0000', '0134'] new=['0828'] s=0.471 | new rot a/d online 27.56/18.40 oracle 25.69/18.40 C1 2.67
  B2 AP12 batch 105: refs=['0643', '0276', '0241', '0789', '0226', '0134', '0127'] new=['0832'] s=0.453 | new rot a/d online 15.96/5.18 oracle 14.78/4.50 C1 2.82
  B2 AP12 batch 106: refs=['0489', '0280', '0819', '0701', '0226', '0134', '0127'] new=['0838'] s=0.448 | new rot a/d online 25.50/5.54 oracle 23.94/5.13 C1 2.93
  B2 AP12 batch 107: refs=['0417', '0386', '0295', '0226', '0044', '0134', '0127'] new=['0844'] s=0.459 | new rot a/d online 31.28/21.41 oracle 30.22/18.84 C1 2.89
  B2 AP12 batch 108: refs=['0405', '0380', '0302', '0077', '0694', '0134', '0127'] new=['0851'] s=0.455 | new rot a/d online 17.61/7.10 oracle 14.71/7.20 C1 2.76
  B2 AP12 batch 109: refs=['0396', '0308', '0440', '0819', '0050', '0114', '0731'] new=['0865'] s=0.457 | new rot a/d online 14.66/3.06 oracle 12.83/2.11 C1 1.89
  B2 AP12 batch 110: refs=['0865', '0428', '0263', '0238', '0674', '0728', '0108'] new=['0870'] s=0.443 | new rot a/d online 15.80/4.50 oracle 13.77/5.40 C1 1.99
  B2 AP12 batch 111: refs=['0870', '0308', '0260', '0819', '0674', '0789', '0180'] new=['0882'] s=0.444 | new rot a/d online 9.54/10.34 oracle 10.26/12.53 C1 1.82
  B2 AP12 batch 112: refs=['0882', '0838', '0440', '0819', '0678', '0731', '0180'] new=['0888'] s=0.438 | new rot a/d online 22.26/4.91 oracle 20.56/4.75 C1 2.53
  B2 AP12 batch 113: refs=['0888', '0255', '0373', '0678', '0815', '0114', '0180'] new=['0896'] s=0.446 | new rot a/d online 18.79/7.34 oracle 16.66/5.45 C1 3.06
  B2 AP12 batch 114: refs=['0896', '0295', '0651', '0682', '0233', '0758', '0752'] new=['0905'] s=0.431 | new rot a/d online 14.87/6.21 oracle 15.58/7.21 C1 2.40
  B2 AP12 batch 115: refs=['0905', '0660', '0384', '0075', '0688', '0127', '0120'] new=['0913'] s=0.448 | new rot a/d online 9.26/6.25 oracle 6.66/6.13 C1 1.63
  B2 AP12 batch 116: refs=['0913', '0662', '0824', '0694', '0050', '0134', '0127'] new=['0920'] s=0.447 | new rot a/d online 15.19/2.07 oracle 12.99/0.91 C1 1.07
  B2 AP12 batch 117: refs=['0838', '0819', '0865', '0360', '0077', '0134', '0127'] new=['0958'] s=0.457 | new rot a/d online 41.75/22.36 oracle 39.57/19.43 C1 0.80
  B2 AP12 batch 118: refs=['0958', '0263', '0819', '0315', '0368', '0127', '0120'] new=['1119'] s=0.440 | new rot a/d online 15.07/5.19 oracle 12.84/5.84 C1 0.98
  B2 AP12 batch 119: refs=['1119', '0851', '0251', '0682', '0238', '0114', '0209'] new=['1128'] s=0.435 | new rot a/d online 6.76/2.59 oracle 5.14/2.00 C1 1.33
  B2 AP12 batch 120: refs=['1128', '0838', '0828', '0241', '0284', '0103', '0731'] new=['1134'] s=0.449 | new rot a/d online 16.20/7.21 oracle 14.38/5.67 C1 1.48
  B2 AP12 batch 121: refs=['1134', '1119', '0958', '0270', '0670', '0094', '0737'] new=['1144'] s=0.452 | new rot a/d online 6.40/9.31 oracle 4.77/7.16 C1 1.62
  B2 AP12 batch 122: refs=['1144', '1128', '1119', '0400', '0662', '0701', '0742'] new=['1151'] s=0.461 | new rot a/d online 18.13/4.57 oracle 20.37/5.84 C1 1.34
  B2 AP12 batch 123: refs=['1151', '1134', '1128', '0913', '0844', '0368', '0746'] new=['1157'] s=0.462 | new rot a/d online 18.90/2.75 oracle 20.30/2.45 C1 1.48
  B2 AP12 batch 124: refs=['1157', '1144', '1134', '0805', '0828', '0238', '0295'] new=['1164'] s=0.453 | new rot a/d online 9.19/1.71 oracle 10.50/2.52 C1 2.03
  B2 AP12 batch 125: refs=['1164', '1151', '1144', '0810', '0815', '0276', '0682'] new=['1173'] s=0.491 | new rot a/d online 40.72/5.79 oracle 41.47/11.67 C1 1.50
  B2 AP12 batch 126: refs=['1173', '1151', '1157', '1128', '0805', '0243', '0746'] new=['1178'] s=0.477 | new rot a/d online 9.71/3.32 oracle 10.97/2.63 C1 1.34
  B2 AP12 batch 127: refs=['1178', '1157', '1151', '1134', '0805', '0882', '0678'] new=['1184'] s=0.477 | new rot a/d online 4.74/3.22 oracle 6.14/2.21 C1 1.34
  B2 AP12 batch 128: refs=['1184', '1157', '1164', '1134', '0805', '0888', '0746'] new=['1190'] s=0.498 | new rot a/d online 18.81/6.51 oracle 20.09/6.61 C1 1.69
  B2 AP12 batch 129: refs=['1190', '1157', '1164', '1134', '1128', '0400', '0888'] new=['1196'] s=0.493 | new rot a/d online 3.81/5.40 oracle 3.83/5.14 C1 1.71
  B2 AP12 batch 130: refs=['1196', '1157', '1151', '1134', '1128', '0882', '0674'] new=['1199'] s=0.485 | new rot a/d online 5.65/8.49 oracle 5.95/8.22 C1 1.89
  B2 AP12 batch 131: refs=['1199', '1157', '1151', '1134', '1128', '0870', '0865'] new=['1204'] s=0.489 | new rot a/d online 14.62/3.62 oracle 15.39/4.56 C1 1.74
  B2 AP12 batch 132: refs=['1204', '1157', '1151', '1128', '1134', '0260', '0670'] new=['1211'] s=0.481 | new rot a/d online 2.40/4.92 oracle 3.20/4.89 C1 1.37
  B2 AP12 batch 133: refs=['1211', '1151', '1157', '1128', '1134', '0263', '0674'] new=['1219'] s=0.471 | new rot a/d online 5.49/7.04 oracle 6.47/7.16 C1 1.23
  B2 AP12 batch 134: refs=['1219', '1151', '1144', '1128', '1119', '0763', '0276'] new=['1229'] s=0.467 | new rot a/d online 12.95/13.45 oracle 14.10/13.46 C1 1.60
  B2 AP12 batch 135: refs=['1229', '1144', '1190', '1119', '0819', '0284', '0678'] new=['1235'] s=0.450 | new rot a/d online 9.01/5.50 oracle 9.57/4.12 C1 0.96
  B2 AP12 batch 136: refs=['1235', '1196', '1184', '0958', '0824', '0302', '0768'] new=['1241'] s=0.482 | new rot a/d online 12.36/20.28 oracle 13.15/20.19 C1 0.90
  B2 AP12 batch 137: refs=['1241', '1204', '1211', '0920', '0913', '0308', '0365'] new=['1245'] s=0.451 | new rot a/d online 22.41/37.19 oracle 23.54/37.17 C1 2.23
  B2 AP12 batch 138: refs=['1245', '1134', '1173', '0824', '0844', '0325', '0360'] new=['1248'] s=0.455 | new rot a/d online 23.54/3.83 oracle 24.36/2.74 C1 0.96
  B2 AP12 batch 139: refs=['1248', '1229', '1134', '0489', '0428', '0688', '0775'] new=['1252'] s=0.444 | new rot a/d online 7.94/3.96 oracle 9.42/2.73 C1 0.73
  B2 AP12 batch 140: refs=['1252', '1235', '1128', '0651', '0819', '0233', '0775'] new=['1257'] s=0.432 | new rot a/d online 12.39/5.99 oracle 13.01/6.16 C1 1.04
  B2 AP12 batch 141: refs=['1257', '1128', '1241', '0656', '1190', '0075', '0228'] new=['1261'] s=0.445 | new rot a/d online 61.48/76.10 oracle 61.91/76.37 C1 1.24
  B2 AP12 batch 142: refs=['1261', '1245', '1151', '1178', '0378', '0697', '0784'] new=['1266'] s=0.449 | new rot a/d online 13.48/1.59 oracle 14.38/2.96 C1 1.37
  B2 AP12 batch 143: refs=['1266', '1248', '0905', '1219', '0295', '0044', '0226'] new=['1270'] s=0.433 | new rot a/d online 32.35/37.35 oracle 32.34/36.81 C1 1.79
  B2 AP12 batch 144: refs=['1270', '0396', '1119', '0662', '0819', '0706', '0223'] new=['1277'] s=0.431 | new rot a/d online 4.88/26.68 oracle 4.10/24.96 C1 2.31
  B2 AP12 batch 145: refs=['1277', '1128', '1119', '0338', '0666', '0094', '0789'] new=['1283'] s=0.439 | new rot a/d online 76.24/110.70 oracle 75.05/109.84 C1 1.71
  B2 AP12 batch 146: refs=['1283', '1119', '0958', '1157', '0670', '0099', '0202'] new=['1293'] s=0.449 | new rot a/d online 97.90/100.60 oracle 97.67/100.72 C1 3.43
  B2 AP12 batch 147: refs=['0888', '0266', '0373', '0819', '0674', '0789', '0103'] new=['1300'] s=0.442 | new rot a/d online 5.92/6.64 oracle 7.56/8.72 C1 3.33
  B2 AP12 batch 148: refs=['1293', '0378', '1266', '1245', '0819', '0195', '0789'] new=['1334'] s=0.430 | new rot a/d online 11.07/5.50 oracle 10.64/3.58 C1 3.61
  B2 AP12 batch 149: refs=['1293', '0958', '1119', '0819', '0670', '0789', '0099'] new=['1342'] s=0.437 | new rot a/d online 68.59/69.42 oracle 66.55/68.28 C1 2.11
  B2 AP12 batch 150: refs=['1293', '0380', '0958', '0241', '1241', '0202', '0718'] new=['1349'] s=0.432 | new rot a/d online 23.33/28.52 oracle 21.17/26.96 C1 2.22
  B2 AP12 batch 151: refs=['1283', '0417', '0958', '0819', '0241', '0214', '0000'] new=['1356'] s=0.442 | new rot a/d online 77.05/82.01 oracle 79.56/82.59 C1 2.51
  B2 AP12 batch 152: refs=['1283', '0844', '0958', '0338', '0666', '0094', '0718'] new=['1363'] s=0.445 | new rot a/d online 41.76/58.23 oracle 38.91/57.04 C1 1.92
  B2 AP12 batch 153: refs=['1283', '0958', '0386', '0325', '0666', '0784', '0219'] new=['1369'] s=0.430 | new rot a/d online 61.21/98.49 oracle 58.00/96.56 C1 2.22
  B2 AP12 batch 154: refs=['1277', '0958', '0411', '0666', '0243', '0023', '0089'] new=['1373'] s=0.455 | new rot a/d online 66.75/82.49 oracle 65.36/81.64 C1 2.03
  B2 AP12 batch 155: refs=['1373', '0958', '0882', '0666', '0308', '0089', '0706'] new=['1378'] s=0.441 | new rot a/d online 33.91/56.96 oracle 33.37/56.59 C1 1.95
  B2 AP12 batch 156: refs=['1378', '0888', '0958', '0368', '0302', '0089', '0223'] new=['1381'] s=0.423 | new rot a/d online 29.31/35.11 oracle 31.17/35.21 C1 1.70
  B2 AP12 batch 157: refs=['1381', '1300', '0958', '0373', '0666', '0706', '0089'] new=['1387'] s=0.439 | new rot a/d online 63.68/98.26 oracle 60.88/97.40 C1 1.02
  B2 AP12 batch 158: refs=['1387', '1245', '0920', '0284', '0666', '0706', '0768'] new=['1391'] s=0.419 | new rot a/d online 5.80/3.41 oracle 8.64/5.81 C1 0.79
  B2 AP12 batch 159: refs=['1391', '1349', '1241', '0280', '1190', '0044', '0706'] new=['1396'] s=0.421 | new rot a/d online 4.94/1.51 oracle 3.00/2.89 C1 1.54
  B2 AP12 batch 160: refs=['1396', '1241', '1283', '0666', '0805', '0226', '0752'] new=['1401'] s=0.414 | new rot a/d online 3.57/6.73 oracle 4.95/7.10 C1 0.83
  B2 AP12 batch 161: refs=['1401', '1164', '1369', '0270', '0666', '0752', '0746'] new=['1405'] s=0.430 | new rot a/d online 28.25/6.10 oracle 30.89/5.03 C1 1.18
  B2 AP12 batch 162: refs=['1405', '1277', '1373', '0266', '0386', '0706', '0742'] new=['1411'] s=0.424 | new rot a/d online 23.80/6.94 oracle 21.07/6.17 C1 1.18
  B2 AP12 batch 163: refs=['1411', '1277', '1373', '0386', '0266', '0706', '0226'] new=['1421'] s=0.419 | new rot a/d online 12.17/19.67 oracle 10.65/17.32 C1 1.25
  B2 AP12 batch 164: refs=['1421', '1164', '1369', '0276', '0270', '0226', '0089'] new=['1434'] s=0.444 | new rot a/d online 45.50/13.59 oracle 45.68/14.02 C1 1.11
  B2 AP12 batch 165: refs=['1401', '0920', '1245', '1190', '0670', '0094', '0746'] new=['1598'] s=0.428 | new rot a/d online 25.97/27.98 oracle 26.88/28.56 C1 2.09
  B2 AP12 batch 166: refs=['1396', '1356', '1119', '0276', '0245', '0763', '0701'] new=['1615'] s=0.426 | new rot a/d online 10.32/20.17 oracle 7.80/17.64 C1 1.57
DONE B2 AP12 new=170 rot a/d online=15.10/6.99 oracle=14.50/7.17 C1=2.03 C2=3.07 228s
[_client.py] HTTP Request: HEAD https://huggingface.co/facebook/VGGT-1B/resolve/main/model.pt "HTTP/1.1 302 Found"
[vision_transformer.py] using MLP layer as FFN
  B1-roll AP12 batch 0: refs=['0000'] new=['0023', '0044', '0050', '0066'] s=0.406 | new rot a/d online 7.45/7.45 oracle 7.45/7.45 C1 4.23
  B1-roll AP12 batch 1: refs=['0066', '0050', '0044', '0023', '0000'] new=['0075'] s=0.406 | new rot a/d online 6.02/6.02 oracle 6.53/6.53 C1 3.27
  B1-roll AP12 batch 2: refs=['0075', '0066', '0050', '0044', '0023', '0000'] new=['0077'] s=0.408 | new rot a/d online 1.36/1.36 oracle 3.00/3.00 C1 2.05
  B1-roll AP12 batch 3: refs=['0077', '0075', '0066', '0050', '0044', '0023', '0000'] new=['0081'] s=0.407 | new rot a/d online 2.11/0.86 oracle 3.23/2.39 C1 1.22
  B1-roll AP12 batch 4: refs=['0081', '0077', '0075', '0066', '0050', '0044', '0023', '0000'] new=['0086'] s=0.410 | new rot a/d online 1.09/1.09 oracle 2.00/2.00 C1 0.95
  B1-roll AP12 batch 5: refs=['0086', '0081', '0077', '0075', '0066', '0050', '0044', '0023'] new=['0089'] s=0.409 | new rot a/d online 4.48/4.48 oracle 2.85/2.85 C1 1.93
  B1-roll AP12 batch 6: refs=['0089', '0086', '0081', '0077', '0075', '0066', '0050', '0044'] new=['0094'] s=0.406 | new rot a/d online 5.55/5.55 oracle 3.12/3.12 C1 0.62
  B1-roll AP12 batch 7: refs=['0094', '0089', '0086', '0081', '0077', '0075', '0066', '0050'] new=['0099'] s=0.409 | new rot a/d online 5.47/5.47 oracle 2.62/2.62 C1 0.83
  B1-roll AP12 batch 8: refs=['0099', '0094', '0089', '0086', '0081', '0077', '0075', '0066'] new=['0103'] s=0.399 | new rot a/d online 5.47/5.47 oracle 3.20/3.20 C1 0.87
  B1-roll AP12 batch 9: refs=['0103', '0099', '0094', '0089', '0086', '0081', '0077', '0075'] new=['0108'] s=0.396 | new rot a/d online 3.68/3.68 oracle 1.06/1.06 C1 1.10
  B1-roll AP12 batch 10: refs=['0108', '0103', '0099', '0094', '0089', '0086', '0081', '0077'] new=['0114'] s=0.391 | new rot a/d online 5.32/5.32 oracle 2.96/2.96 C1 1.19
  B1-roll AP12 batch 11: refs=['0114', '0108', '0103', '0099', '0094', '0089', '0086', '0081'] new=['0120'] s=0.385 | new rot a/d online 3.84/3.84 oracle 1.99/1.99 C1 1.01
  B1-roll AP12 batch 12: refs=['0120', '0114', '0108', '0103', '0099', '0094', '0089', '0086'] new=['0127'] s=0.380 | new rot a/d online 3.36/3.36 oracle 1.88/1.88 C1 1.30
  B1-roll AP12 batch 13: refs=['0127', '0120', '0114', '0108', '0103', '0099', '0094', '0089'] new=['0134'] s=0.377 | new rot a/d online 1.44/1.44 oracle 1.45/1.45 C1 1.46
  B1-roll AP12 batch 14: refs=['0114', '0120', '0108', '0103', '0127', '0099', '0134', '0094'] new=['0180'] s=0.373 | new rot a/d online 2.91/2.91 oracle 1.80/1.80 C1 1.78
  B1-roll AP12 batch 15: refs=['0180', '0103', '0108', '0099', '0114', '0120', '0094', '0127'] new=['0187'] s=0.372 | new rot a/d online 2.41/2.41 oracle 1.11/1.11 C1 2.41
  B1-roll AP12 batch 16: refs=['0187', '0180', '0099', '0103', '0108', '0094', '0114', '0089'] new=['0190'] s=0.377 | new rot a/d online 3.75/3.75 oracle 1.86/1.86 C1 2.73
  B1-roll AP12 batch 17: refs=['0190', '0187', '0180', '0099', '0103', '0094', '0089', '0108'] new=['0195'] s=0.374 | new rot a/d online 6.00/6.00 oracle 4.08/4.08 C1 3.36
  B1-roll AP12 batch 18: refs=['0195', '0190', '0187', '0180', '0099', '0089', '0094', '0086'] new=['0202'] s=0.370 | new rot a/d online 7.82/6.83 oracle 5.30/4.32 C1 3.57
  B1-roll AP12 batch 19: refs=['0202', '0195', '0190', '0023', '0044', '0187', '0077', '0000'] new=['0205'] s=0.367 | new rot a/d online 4.57/4.57 oracle 1.70/1.70 C1 2.66
  B1-roll AP12 batch 20: refs=['0205', '0202', '0023', '0044', '0000', '0195', '0050', '0190'] new=['0209'] s=0.369 | new rot a/d online 5.57/5.57 oracle 2.70/2.70 C1 1.95
  B1-roll AP12 batch 21: refs=['0209', '0023', '0205', '0000', '0044', '0202', '0050', '0195'] new=['0212'] s=0.366 | new rot a/d online 7.15/6.07 oracle 4.25/4.25 C1 2.40
  B1-roll AP12 batch 22: refs=['0212', '0023', '0000', '0209', '0205', '0044', '0202', '0050'] new=['0214'] s=0.367 | new rot a/d online 7.90/7.90 oracle 5.54/5.54 C1 2.70
  B1-roll AP12 batch 23: refs=['0023', '0214', '0212', '0044', '0209', '0000', '0205', '0050'] new=['0219'] s=0.368 | new rot a/d online 8.90/3.71 oracle 6.61/3.61 C1 2.88
  B1-roll AP12 batch 24: refs=['0219', '0044', '0023', '0209', '0050', '0212', '0214', '0205'] new=['0223'] s=0.360 | new rot a/d online 5.53/5.53 oracle 2.85/2.85 C1 8.55
  B1-roll AP12 batch 25: refs=['0066', '0223', '0050', '0075', '0044', '0077', '0219', '0205'] new=['0226'] s=0.396 | new rot a/d online 4.88/4.88 oracle 0.95/0.95 C1 7.05
  B1-roll AP12 batch 26: refs=['0075', '0066', '0226', '0077', '0050', '0081', '0223', '0086'] new=['0228'] s=0.405 | new rot a/d online 4.86/4.86 oracle 1.32/1.32 C1 6.10
  B1-roll AP12 batch 27: refs=['0075', '0228', '0077', '0066', '0081', '0226', '0086', '0050'] new=['0233'] s=0.407 | new rot a/d online 6.93/6.93 oracle 2.71/2.71 C1 8.50
  B1-roll AP12 batch 28: refs=['0233', '0075', '0066', '0228', '0077', '0081', '0086', '0050'] new=['0238'] s=0.410 | new rot a/d online 2.33/2.33 oracle 4.47/4.47 C1 6.35
  B1-roll AP12 batch 29: refs=['0238', '0233', '0075', '0066', '0228', '0077', '0081', '0050'] new=['0241'] s=0.406 | new rot a/d online 6.83/6.83 oracle 10.93/10.93 C1 3.41
  B1-roll AP12 batch 30: refs=['0241', '0238', '0233', '0075', '0066', '0228', '0077', '0081'] new=['0243'] s=0.405 | new rot a/d online 11.23/11.23 oracle 14.88/16.59 C1 1.66
  B1-roll AP12 batch 31: refs=['0243', '0241', '0238', '0233', '0075', '0066', '0228', '0077'] new=['0245'] s=0.403 | new rot a/d online 5.45/5.45 oracle 8.50/8.50 C1 1.45
  B1-roll AP12 batch 32: refs=['0245', '0243', '0241', '0238', '0233', '0075', '0066', '0228'] new=['0248'] s=0.404 | new rot a/d online 4.44/4.44 oracle 6.44/7.54 C1 0.61
  B1-roll AP12 batch 33: refs=['0248', '0245', '0243', '0241', '0238', '0233', '0066', '0075'] new=['0251'] s=0.412 | new rot a/d online 4.21/4.21 oracle 5.25/5.25 C1 1.70
  B1-roll AP12 batch 34: refs=['0251', '0248', '0245', '0243', '0241', '0238', '0233', '0066'] new=['0255'] s=0.418 | new rot a/d online 4.02/4.02 oracle 4.17/4.17 C1 2.30
  B1-roll AP12 batch 35: refs=['0255', '0251', '0248', '0245', '0243', '0241', '0238', '0233'] new=['0260'] s=0.412 | new rot a/d online 3.27/3.27 oracle 2.39/2.39 C1 1.64
  B1-roll AP12 batch 36: refs=['0260', '0255', '0251', '0245', '0248', '0243', '0241', '0238'] new=['0263'] s=0.419 | new rot a/d online 3.01/3.01 oracle 2.62/2.62 C1 2.61
  B1-roll AP12 batch 37: refs=['0263', '0260', '0255', '0251', '0245', '0248', '0243', '0241'] new=['0266'] s=0.418 | new rot a/d online 3.43/3.43 oracle 1.95/1.95 C1 1.75
  B1-roll AP12 batch 38: refs=['0266', '0263', '0260', '0255', '0251', '0245', '0248', '0243'] new=['0270'] s=0.427 | new rot a/d online 4.71/4.71 oracle 2.21/2.21 C1 2.02
  B1-roll AP12 batch 39: refs=['0270', '0266', '0263', '0260', '0255', '0251', '0245', '0248'] new=['0276'] s=0.428 | new rot a/d online 2.69/2.69 oracle 1.39/1.39 C1 2.17
  B1-roll AP12 batch 40: refs=['0276', '0270', '0266', '0263', '0260', '0255', '0251', '0243'] new=['0280'] s=0.419 | new rot a/d online 3.32/3.32 oracle 1.53/1.53 C1 1.65
  B1-roll AP12 batch 41: refs=['0280', '0276', '0270', '0266', '0263', '0260', '0255', '0243'] new=['0284'] s=0.416 | new rot a/d online 2.49/2.49 oracle 1.48/1.48 C1 0.93
  B1-roll AP12 batch 42: refs=['0284', '0280', '0276', '0270', '0266', '0263', '0260', '0255'] new=['0295'] s=0.410 | new rot a/d online 1.68/1.68 oracle 3.05/3.05 C1 1.74
  B1-roll AP12 batch 43: refs=['0295', '0284', '0280', '0276', '0270', '0266', '0263', '0260'] new=['0302'] s=0.404 | new rot a/d online 1.27/1.27 oracle 1.87/1.87 C1 1.88
  B1-roll AP12 batch 44: refs=['0302', '0295', '0284', '0280', '0276', '0270', '0266', '0263'] new=['0308'] s=0.403 | new rot a/d online 1.33/1.33 oracle 2.00/2.00 C1 2.04
  B1-roll AP12 batch 45: refs=['0308', '0302', '0295', '0284', '0280', '0276', '0270', '0266'] new=['0315'] s=0.411 | new rot a/d online 2.92/2.92 oracle 2.02/2.02 C1 3.33
  B1-roll AP12 batch 46: refs=['0315', '0308', '0302', '0295', '0284', '0280', '0276', '0270'] new=['0325'] s=0.418 | new rot a/d online 3.04/3.04 oracle 2.02/2.02 C1 3.55
  B1-roll AP12 batch 47: refs=['0325', '0315', '0308', '0302', '0295', '0284', '0280', '0276'] new=['0338'] s=0.421 | new rot a/d online 4.20/4.20 oracle 2.88/2.88 C1 4.89
  B1-roll AP12 batch 48: refs=['0338', '0325', '0315', '0308', '0302', '0295', '0284', '0280'] new=['0360'] s=0.433 | new rot a/d online 4.00/4.00 oracle 1.93/1.93 C1 5.11
  B1-roll AP12 batch 49: refs=['0360', '0338', '0325', '0315', '0308', '0302', '0295', '0284'] new=['0365'] s=0.414 | new rot a/d online 4.12/4.12 oracle 2.06/2.06 C1 4.35
  B1-roll AP12 batch 50: refs=['0365', '0360', '0325', '0338', '0315', '0308', '0302', '0295'] new=['0368'] s=0.403 | new rot a/d online 2.90/2.90 oracle 0.29/0.29 C1 3.48
  B1-roll AP12 batch 51: refs=['0368', '0365', '0360', '0325', '0315', '0338', '0308', '0302'] new=['0373'] s=0.404 | new rot a/d online 2.44/2.44 oracle 1.23/1.23 C1 3.42
  B1-roll AP12 batch 52: refs=['0373', '0368', '0365', '0360', '0315', '0325', '0308', '0338'] new=['0378'] s=0.418 | new rot a/d online 3.73/3.73 oracle 2.18/2.18 C1 4.70
  B1-roll AP12 batch 53: refs=['0378', '0373', '0368', '0365', '0360', '0308', '0302', '0315'] new=['0380'] s=0.428 | new rot a/d online 3.50/3.50 oracle 0.52/0.52 C1 4.58
  B1-roll AP12 batch 54: refs=['0380', '0378', '0373', '0368', '0365', '0295', '0302', '0308'] new=['0384'] s=0.432 | new rot a/d online 2.97/2.97 oracle 0.72/0.72 C1 4.04
  B1-roll AP12 batch 55: refs=['0384', '0380', '0378', '0373', '0368', '0295', '0280', '0276'] new=['0386'] s=0.436 | new rot a/d online 2.49/2.49 oracle 1.62/1.62 C1 2.87
  B1-roll AP12 batch 56: refs=['0386', '0384', '0380', '0378', '0373', '0276', '0280', '0295'] new=['0391'] s=0.444 | new rot a/d online 2.30/2.30 oracle 0.95/0.95 C1 3.16
  B1-roll AP12 batch 57: refs=['0391', '0386', '0384', '0380', '0276', '0280', '0270', '0266'] new=['0396'] s=0.444 | new rot a/d online 2.53/2.53 oracle 0.41/0.41 C1 3.53
  B1-roll AP12 batch 58: refs=['0396', '0391', '0386', '0384', '0276', '0266', '0270', '0280'] new=['0400'] s=0.446 | new rot a/d online 3.52/3.52 oracle 1.20/1.20 C1 3.93
  B1-roll AP12 batch 59: refs=['0400', '0396', '0391', '0386', '0266', '0276', '0270', '0263'] new=['0405'] s=0.440 | new rot a/d online 3.77/3.77 oracle 1.16/1.16 C1 3.72
  B1-roll AP12 batch 60: refs=['0405', '0400', '0263', '0260', '0266', '0270', '0396', '0276'] new=['0411'] s=0.442 | new rot a/d online 4.15/4.15 oracle 1.50/1.50 C1 3.53
  B1-roll AP12 batch 61: refs=['0411', '0405', '0260', '0263', '0255', '0266', '0251', '0270'] new=['0417'] s=0.444 | new rot a/d online 3.28/3.28 oracle 0.85/0.85 C1 3.30
  B1-roll AP12 batch 62: refs=['0417', '0411', '0260', '0251', '0255', '0263', '0248', '0266'] new=['0428'] s=0.444 | new rot a/d online 6.70/6.70 oracle 4.60/4.60 C1 2.95
  B1-roll AP12 batch 63: refs=['0428', '0251', '0255', '0417', '0260', '0248', '0411', '0263'] new=['0440'] s=0.444 | new rot a/d online 6.11/6.11 oracle 4.28/4.28 C1 1.91
  B1-roll AP12 batch 64: refs=['0440', '0251', '0428', '0255', '0248', '0260', '0417', '0245'] new=['0457'] s=0.444 | new rot a/d online 10.60/15.09 oracle 8.60/12.82 C1 1.99
  B1-roll AP12 batch 65: refs=['0457', '0440', '0428', '0251', '0255', '0417', '0248', '0260'] new=['0489'] s=0.441 | new rot a/d online 9.12/15.80 oracle 6.61/0.60 C1 1.75
  B1-roll AP12 batch 66: refs=['0457', '0251', '0489', '0440', '0248', '0428', '0255', '0245'] new=['0643'] s=0.436 | new rot a/d online 9.19/7.50 oracle 9.11/8.62 C1 0.50
  B1-roll AP12 batch 67: refs=['0643', '0251', '0248', '0457', '0489', '0440', '0255', '0245'] new=['0651'] s=0.423 | new rot a/d online 10.39/18.22 oracle 8.05/12.17 C1 0.47
  B1-roll AP12 batch 68: refs=['0651', '0248', '0251', '0643', '0457', '0245', '0489', '0255'] new=['0656'] s=0.437 | new rot a/d online 15.92/23.52 oracle 13.54/18.30 C1 1.47
  B1-roll AP12 batch 69: refs=['0656', '0248', '0651', '0245', '0251', '0643', '0457', '0255'] new=['0660'] s=0.444 | new rot a/d online 3.87/4.69 oracle 4.68/3.37 C1 1.89
  B1-roll AP12 batch 70: refs=['0660', '0656', '0248', '0245', '0651', '0251', '0243', '0643'] new=['0662'] s=0.439 | new rot a/d online 4.20/2.19 oracle 2.35/1.32 C1 1.76
  B1-roll AP12 batch 71: refs=['0662', '0660', '0245', '0248', '0656', '0243', '0651', '0251'] new=['0666'] s=0.443 | new rot a/d online 11.61/0.89 oracle 13.63/1.16 C1 2.24
  B1-roll AP12 batch 72: refs=['0666', '0662', '0660', '0243', '0245', '0241', '0248', '0656'] new=['0670'] s=0.443 | new rot a/d online 29.33/56.26 oracle 30.84/58.16 C1 2.78
  B1-roll AP12 batch 73: refs=['0670', '0666', '0662', '0243', '0241', '0660', '0245', '0238'] new=['0674'] s=0.446 | new rot a/d online 14.18/1.38 oracle 15.01/0.98 C1 2.87
  B1-roll AP12 batch 74: refs=['0674', '0670', '0666', '0238', '0241', '0243', '0662', '0245'] new=['0678'] s=0.446 | new rot a/d online 45.79/79.16 oracle 47.13/81.05 C1 3.40
  B1-roll AP12 batch 75: refs=['0678', '0674', '0238', '0670', '0233', '0241', '0081', '0077'] new=['0682'] s=0.449 | new rot a/d online 40.67/82.75 oracle 41.38/80.56 C1 4.01
  B1-roll AP12 batch 76: refs=['0682', '0678', '0081', '0238', '0233', '0077', '0086', '0674'] new=['0688'] s=0.437 | new rot a/d online 14.10/22.59 oracle 13.93/22.67 C1 4.03
  B1-roll AP12 batch 77: refs=['0688', '0682', '0081', '0086', '0077', '0089', '0233', '0678'] new=['0694'] s=0.458 | new rot a/d online 65.02/101.41 oracle 65.56/102.30 C1 5.33
  B1-roll AP12 batch 78: refs=['0694', '0086', '0081', '0089', '0688', '0077', '0094', '0233'] new=['0697'] s=0.468 | new rot a/d online 69.52/86.50 oracle 69.79/86.70 C1 3.94
  B1-roll AP12 batch 79: refs=['0086', '0089', '0697', '0081', '0094', '0077', '0694', '0099'] new=['0701'] s=0.407 | new rot a/d online 21.77/32.83 oracle 22.75/33.25 C1 4.24
  B1-roll AP12 batch 80: refs=['0089', '0701', '0086', '0094', '0081', '0697', '0099', '0077'] new=['0706'] s=0.408 | new rot a/d online 17.57/22.04 oracle 18.38/22.35 C1 3.67
  B1-roll AP12 batch 81: refs=['0094', '0099', '0103', '0089', '0706', '0108', '0701', '0086'] new=['0718'] s=0.395 | new rot a/d online 8.12/9.46 oracle 8.05/8.05 C1 4.01
  B1-roll AP12 batch 82: refs=['0103', '0099', '0718', '0108', '0094', '0114', '0089', '0187'] new=['0723'] s=0.383 | new rot a/d online 4.57/4.57 oracle 3.80/3.80 C1 4.45
  B1-roll AP12 batch 83: refs=['0723', '0108', '0103', '0114', '0099', '0718', '0120', '0094'] new=['0728'] s=0.438 | new rot a/d online 6.10/6.10 oracle 4.72/4.72 C1 2.37
  B1-roll AP12 batch 84: refs=['0728', '0723', '0108', '0114', '0103', '0120', '0099', '0127'] new=['0731'] s=0.465 | new rot a/d online 4.41/4.41 oracle 3.45/3.45 C1 1.74
  B1-roll AP12 batch 85: refs=['0731', '0728', '0723', '0108', '0114', '0120', '0103', '0127'] new=['0734'] s=0.476 | new rot a/d online 6.05/6.05 oracle 5.45/5.45 C1 2.66
  B1-roll AP12 batch 86: refs=['0734', '0731', '0728', '0723', '0108', '0114', '0120', '0127'] new=['0737'] s=0.466 | new rot a/d online 4.06/4.06 oracle 2.32/2.32 C1 3.30
  B1-roll AP12 batch 87: refs=['0737', '0734', '0731', '0728', '0723', '0114', '0108', '0120'] new=['0739'] s=0.472 | new rot a/d online 4.55/4.55 oracle 3.84/3.84 C1 3.33
  B1-roll AP12 batch 88: refs=['0739', '0737', '0734', '0731', '0728', '0723', '0114', '0108'] new=['0742'] s=0.461 | new rot a/d online 6.61/6.61 oracle 4.90/4.90 C1 5.24
  B1-roll AP12 batch 89: refs=['0742', '0739', '0737', '0734', '0731', '0728', '0723', '0108'] new=['0746'] s=0.466 | new rot a/d online 6.65/6.65 oracle 4.67/4.67 C1 4.19
  B1-roll AP12 batch 90: refs=['0746', '0742', '0739', '0737', '0734', '0731', '0728', '0723'] new=['0752'] s=0.471 | new rot a/d online 4.48/4.48 oracle 1.72/1.72 C1 4.55
  B1-roll AP12 batch 91: refs=['0752', '0746', '0742', '0739', '0737', '0734', '0731', '0728'] new=['0758'] s=0.479 | new rot a/d online 5.29/5.29 oracle 3.15/3.15 C1 4.06
  B1-roll AP12 batch 92: refs=['0758', '0752', '0746', '0742', '0739', '0737', '0734', '0731'] new=['0763'] s=0.480 | new rot a/d online 6.81/6.81 oracle 5.08/5.08 C1 3.34
  B1-roll AP12 batch 93: refs=['0763', '0758', '0752', '0746', '0742', '0739', '0737', '0734'] new=['0768'] s=0.481 | new rot a/d online 6.40/6.40 oracle 3.66/3.66 C1 3.24
  B1-roll AP12 batch 94: refs=['0768', '0763', '0758', '0752', '0746', '0742', '0739', '0737'] new=['0775'] s=0.482 | new rot a/d online 6.64/6.64 oracle 3.59/3.59 C1 3.22
  B1-roll AP12 batch 95: refs=['0775', '0768', '0763', '0758', '0752', '0746', '0742', '0739'] new=['0784'] s=0.481 | new rot a/d online 7.54/7.54 oracle 4.70/4.70 C1 3.32
  B1-roll AP12 batch 96: refs=['0784', '0775', '0768', '0763', '0758', '0752', '0746', '0742'] new=['0789'] s=0.484 | new rot a/d online 6.25/6.25 oracle 4.03/4.03 C1 1.87
  B1-roll AP12 batch 97: refs=['0789', '0784', '0775', '0768', '0763', '0758', '0752', '0746'] new=['0795'] s=0.484 | new rot a/d online 5.88/5.88 oracle 3.73/3.73 C1 1.82
  B1-roll AP12 batch 98: refs=['0795', '0789', '0784', '0775', '0768', '0763', '0758', '0752'] new=['0799'] s=0.489 | new rot a/d online 3.16/3.16 oracle 2.81/2.81 C1 2.01
  B1-roll AP12 batch 99: refs=['0799', '0795', '0789', '0784', '0775', '0768', '0763', '0758'] new=['0805'] s=0.486 | new rot a/d online 3.99/3.99 oracle 3.07/3.07 C1 1.28
  B1-roll AP12 batch 100: refs=['0805', '0799', '0795', '0789', '0666', '0662', '0784', '0660'] new=['0810'] s=0.463 | new rot a/d online 1.96/1.96 oracle 1.44/1.44 C1 2.06
  B1-roll AP12 batch 101: refs=['0810', '0805', '0799', '0662', '0666', '0660', '0795', '0656'] new=['0815'] s=0.453 | new rot a/d online 4.29/5.12 oracle 4.51/7.02 C1 1.62
  B1-roll AP12 batch 102: refs=['0815', '0810', '0805', '0662', '0660', '0656', '0666', '0651'] new=['0819'] s=0.446 | new rot a/d online 6.28/6.28 oracle 7.22/7.22 C1 0.70
  B1-roll AP12 batch 103: refs=['0819', '0815', '0656', '0660', '0651', '0662', '0643', '0810'] new=['0824'] s=0.453 | new rot a/d online 7.80/11.99 oracle 8.34/12.64 C1 1.56
  B1-roll AP12 batch 104: refs=['0824', '0651', '0656', '0643', '0660', '0819', '0662', '0251'] new=['0828'] s=0.457 | new rot a/d online 3.55/3.63 oracle 3.21/2.79 C1 2.67
  B1-roll AP12 batch 105: refs=['0643', '0651', '0828', '0489', '0656', '0457', '0251', '0440'] new=['0832'] s=0.432 | new rot a/d online 20.01/28.89 oracle 18.44/27.67 C1 2.82
  B1-roll AP12 batch 106: refs=['0489', '0440', '0457', '0428', '0643', '0832', '0417', '0651'] new=['0838'] s=0.463 | new rot a/d online 140.95/151.00 oracle 139.00/148.90 C1 2.93
  B1-roll AP12 batch 107: refs=['0417', '0428', '0411', '0838', '0440', '0489', '0457', '0643'] new=['0844'] s=0.460 | new rot a/d online 26.65/28.06 oracle 24.59/25.98 C1 2.89
  B1-roll AP12 batch 108: refs=['0405', '0411', '0400', '0417', '0844', '0396', '0428', '0266'] new=['0851'] s=0.443 | new rot a/d online 6.93/6.93 oracle 8.06/8.06 C1 2.76
  B1-roll AP12 batch 109: refs=['0396', '0391', '0400', '0386', '0405', '0384', '0851', '0380'] new=['0865'] s=0.437 | new rot a/d online 3.30/3.30 oracle 1.26/1.26 C1 1.89
  B1-roll AP12 batch 110: refs=['0865', '0391', '0396', '0386', '0400', '0384', '0405', '0380'] new=['0870'] s=0.425 | new rot a/d online 3.59/3.59 oracle 1.64/1.64 C1 1.99
  B1-roll AP12 batch 111: refs=['0870', '0865', '0396', '0391', '0386', '0400', '0384', '0405'] new=['0882'] s=0.419 | new rot a/d online 2.96/2.96 oracle 1.94/1.94 C1 1.82
  B1-roll AP12 batch 112: refs=['0882', '0865', '0870', '0396', '0391', '0400', '0386', '0405'] new=['0888'] s=0.429 | new rot a/d online 2.68/2.68 oracle 1.59/1.59 C1 2.53
  B1-roll AP12 batch 113: refs=['0888', '0400', '0396', '0882', '0865', '0405', '0870', '0851'] new=['0896'] s=0.412 | new rot a/d online 3.85/3.85 oracle 1.83/1.83 C1 3.06
  B1-roll AP12 batch 114: refs=['0896', '0405', '0851', '0400', '0888', '0411', '0396', '0865'] new=['0905'] s=0.443 | new rot a/d online 5.91/3.36 oracle 3.01/3.01 C1 2.40
  B1-roll AP12 batch 115: refs=['0905', '0411', '0851', '0405', '0844', '0417', '0400', '0896'] new=['0913'] s=0.456 | new rot a/d online 12.02/2.88 oracle 14.78/2.41 C1 1.63
  B1-roll AP12 batch 116: refs=['0913', '0844', '0417', '0411', '0838', '0428', '0851', '0905'] new=['0920'] s=0.436 | new rot a/d online 2.46/2.46 oracle 2.61/2.61 C1 1.07
  B1-roll AP12 batch 117: refs=['0838', '0920', '0844', '0489', '0832', '0428', '0417', '0440'] new=['0958'] s=0.458 | new rot a/d online 6.41/6.41 oracle 4.44/3.74 C1 0.80
  B1-roll AP12 batch 118: refs=['0958', '0920', '0838', '0832', '0844', '0913', '0489', '0828'] new=['1119'] s=0.457 | new rot a/d online 19.11/30.00 oracle 17.85/28.34 C1 0.98
  B1-roll AP12 batch 119: refs=['1119', '0958', '0920', '0832', '0838', '0828', '0913', '0844'] new=['1128'] s=0.460 | new rot a/d online 36.94/3.41 oracle 35.69/66.41 C1 1.33
  B1-roll AP12 batch 120: refs=['1128', '1119', '0958', '0920', '0832', '0828', '0838', '0913'] new=['1134'] s=0.436 | new rot a/d online 2.43/2.43 oracle 1.72/1.72 C1 1.48
  B1-roll AP12 batch 121: refs=['1134', '1128', '1119', '0958', '0828', '0920', '0824', '0832'] new=['1144'] s=0.440 | new rot a/d online 1.38/1.38 oracle 1.50/1.50 C1 1.62
  B1-roll AP12 batch 122: refs=['1144', '1134', '1128', '1119', '0958', '0824', '0828', '0819'] new=['1151'] s=0.469 | new rot a/d online 17.01/2.02 oracle 16.55/3.08 C1 1.34
  B1-roll AP12 batch 123: refs=['1151', '1144', '1134', '1128', '1119', '0819', '0824', '0815'] new=['1157'] s=0.455 | new rot a/d online 2.50/1.96 oracle 3.67/2.94 C1 1.48
  B1-roll AP12 batch 124: refs=['1157', '1151', '1144', '1134', '1128', '1119', '0815', '0819'] new=['1164'] s=0.453 | new rot a/d online 2.56/3.49 oracle 2.35/3.10 C1 2.03
  B1-roll AP12 batch 125: refs=['1164', '1157', '1151', '1144', '1134', '1128', '0810', '0815'] new=['1173'] s=0.467 | new rot a/d online 4.60/3.40 oracle 4.27/3.52 C1 1.50
  B1-roll AP12 batch 126: refs=['1173', '1164', '1157', '1151', '1144', '1134', '1128', '0805'] new=['1178'] s=0.468 | new rot a/d online 3.02/3.09 oracle 2.26/4.10 C1 1.34
  B1-roll AP12 batch 127: refs=['1178', '1173', '1164', '1157', '1151', '1144', '1134', '0805'] new=['1184'] s=0.486 | new rot a/d online 5.21/2.86 oracle 4.50/2.54 C1 1.34
  B1-roll AP12 batch 128: refs=['1184', '1178', '1173', '1164', '1157', '1151', '1144', '1134'] new=['1190'] s=0.465 | new rot a/d online 3.52/3.52 oracle 2.86/2.86 C1 1.69
  B1-roll AP12 batch 129: refs=['1190', '1184', '1178', '1173', '1164', '1157', '1151', '1144'] new=['1196'] s=0.479 | new rot a/d online 3.52/3.52 oracle 2.52/2.52 C1 1.71
  B1-roll AP12 batch 130: refs=['1196', '1184', '1190', '1178', '1173', '1164', '1157', '1151'] new=['1199'] s=0.481 | new rot a/d online 3.68/3.68 oracle 2.48/2.48 C1 1.89
  B1-roll AP12 batch 131: refs=['1199', '1196', '1178', '1184', '1190', '1173', '1164', '1157'] new=['1204'] s=0.487 | new rot a/d online 2.68/2.68 oracle 1.82/1.82 C1 1.74
  B1-roll AP12 batch 132: refs=['1204', '1199', '1178', '1196', '1173', '1184', '1190', '1164'] new=['1211'] s=0.495 | new rot a/d online 1.91/1.91 oracle 0.72/0.72 C1 1.37
  B1-roll AP12 batch 133: refs=['1211', '1204', '1173', '1199', '1178', '1196', '1184', '1190'] new=['1219'] s=0.483 | new rot a/d online 1.27/1.27 oracle 0.54/0.54 C1 1.23
  B1-roll AP12 batch 134: refs=['1219', '1211', '1173', '1164', '1204', '1178', '1199', '1196'] new=['1229'] s=0.477 | new rot a/d online 2.21/2.21 oracle 0.91/0.91 C1 1.60
  B1-roll AP12 batch 135: refs=['1229', '1164', '1219', '1173', '1157', '1211', '1204', '1178'] new=['1235'] s=0.477 | new rot a/d online 2.22/2.22 oracle 1.63/1.63 C1 0.96
  B1-roll AP12 batch 136: refs=['1235', '1157', '1164', '1229', '1151', '1219', '1173', '1211'] new=['1241'] s=0.470 | new rot a/d online 4.97/4.97 oracle 4.12/4.12 C1 0.90
  B1-roll AP12 batch 137: refs=['1241', '1235', '1157', '1164', '1151', '1229', '1144', '1219'] new=['1245'] s=0.460 | new rot a/d online 8.13/8.13 oracle 7.09/7.09 C1 2.23
  B1-roll AP12 batch 138: refs=['1245', '1241', '1157', '1151', '1235', '1164', '1144', '1229'] new=['1248'] s=0.456 | new rot a/d online 8.37/10.56 oracle 7.66/2.06 C1 0.96
  B1-roll AP12 batch 139: refs=['1248', '1245', '1241', '1151', '1144', '1157', '1235', '1164'] new=['1252'] s=0.451 | new rot a/d online 6.25/4.14 oracle 5.77/2.04 C1 0.73
  B1-roll AP12 batch 140: refs=['1252', '1248', '1245', '1144', '1151', '1241', '1134', '1157'] new=['1257'] s=0.452 | new rot a/d online 14.72/3.32 oracle 14.28/2.28 C1 1.04
  B1-roll AP12 batch 141: refs=['1257', '1252', '1248', '1144', '1245', '1134', '1151', '1241'] new=['1261'] s=0.442 | new rot a/d online 11.78/2.69 oracle 11.25/1.94 C1 1.24
  B1-roll AP12 batch 142: refs=['1261', '1257', '1252', '1248', '1134', '1144', '1128', '1151'] new=['1266'] s=0.436 | new rot a/d online 10.13/3.51 oracle 9.31/3.86 C1 1.37
  B1-roll AP12 batch 143: refs=['1266', '1261', '1257', '1252', '1134', '1128', '1144', '1248'] new=['1270'] s=0.427 | new rot a/d online 9.35/3.35 oracle 8.35/2.31 C1 1.79
  B1-roll AP12 batch 144: refs=['1270', '1266', '1261', '0905', '0896', '1257', '0888', '0913'] new=['1277'] s=0.422 | new rot a/d online 7.07/2.72 oracle 8.19/1.51 C1 2.31
  B1-roll AP12 batch 145: refs=['1277', '1270', '0896', '0888', '0905', '0882', '1266', '0870'] new=['1283'] s=0.412 | new rot a/d online 3.42/3.42 oracle 5.10/5.10 C1 1.71
  B1-roll AP12 batch 146: refs=['1283', '0888', '0896', '0882', '0870', '0905', '1277', '0865'] new=['1293'] s=0.420 | new rot a/d online 2.23/2.23 oracle 1.62/1.62 C1 3.43
  B1-roll AP12 batch 147: refs=['0888', '0882', '1293', '0870', '0896', '0865', '0396', '0391'] new=['1300'] s=0.419 | new rot a/d online 64.56/75.38 oracle 67.66/78.18 C1 3.33
  B1-roll AP12 batch 148: refs=['1293', '1300', '0888', '0882', '0896', '1283', '0870', '0865'] new=['1334'] s=0.404 | new rot a/d online 3.36/3.36 oracle 1.32/1.32 C1 3.61
  B1-roll AP12 batch 149: refs=['1293', '1334', '1300', '1283', '0888', '0896', '0882', '0870'] new=['1342'] s=0.391 | new rot a/d online 2.87/2.87 oracle 1.32/1.32 C1 2.11
  B1-roll AP12 batch 150: refs=['1293', '1342', '1334', '1283', '1300', '0888', '1277', '0896'] new=['1349'] s=0.389 | new rot a/d online 2.28/2.28 oracle 1.20/1.20 C1 2.22
  B1-roll AP12 batch 151: refs=['1283', '1349', '1293', '1342', '1334', '1277', '1300', '0896'] new=['1356'] s=0.388 | new rot a/d online 2.51/2.51 oracle 0.64/0.64 C1 2.51
  B1-roll AP12 batch 152: refs=['1283', '1356', '1349', '1293', '1277', '1342', '1334', '1300'] new=['1363'] s=0.385 | new rot a/d online 1.93/1.93 oracle 0.81/0.81 C1 1.92
  B1-roll AP12 batch 153: refs=['1283', '1363', '1277', '1356', '1349', '1293', '1342', '1270'] new=['1369'] s=0.387 | new rot a/d online 1.88/1.88 oracle 0.66/0.66 C1 2.22
  B1-roll AP12 batch 154: refs=['1277', '1369', '1283', '1363', '1270', '1356', '1349', '1293'] new=['1373'] s=0.387 | new rot a/d online 1.79/1.79 oracle 1.09/1.09 C1 2.03
  B1-roll AP12 batch 155: refs=['1373', '1277', '1270', '1369', '1363', '1283', '1266', '1356'] new=['1378'] s=0.391 | new rot a/d online 2.96/2.96 oracle 1.47/1.47 C1 1.95
  B1-roll AP12 batch 156: refs=['1378', '1270', '1373', '1277', '1266', '1369', '1363', '1283'] new=['1381'] s=0.395 | new rot a/d online 3.08/3.08 oracle 1.80/1.80 C1 1.70
  B1-roll AP12 batch 157: refs=['1381', '1378', '1270', '1266', '1373', '1277', '1261', '1369'] new=['1387'] s=0.405 | new rot a/d online 5.46/1.43 oracle 5.38/1.36 C1 1.02
  B1-roll AP12 batch 158: refs=['1387', '1381', '1266', '1261', '1270', '1378', '1257', '1373'] new=['1391'] s=0.407 | new rot a/d online 4.10/1.53 oracle 4.65/2.46 C1 0.79
  B1-roll AP12 batch 159: refs=['1391', '1387', '1261', '1266', '1381', '1134', '1257', '1144'] new=['1396'] s=0.406 | new rot a/d online 2.70/2.70 oracle 3.18/3.18 C1 1.54
  B1-roll AP12 batch 160: refs=['1396', '1391', '1144', '1134', '1387', '1261', '1257', '1266'] new=['1401'] s=0.415 | new rot a/d online 1.07/1.07 oracle 1.97/1.97 C1 0.83
  B1-roll AP12 batch 161: refs=['1401', '1144', '1396', '1134', '1391', '1151', '1257', '1261'] new=['1405'] s=0.427 | new rot a/d online 11.45/1.25 oracle 12.15/1.42 C1 1.18
  B1-roll AP12 batch 162: refs=['1405', '1144', '1401', '1396', '1151', '1134', '1391', '1257'] new=['1411'] s=0.405 | new rot a/d online 1.99/1.99 oracle 2.61/1.53 C1 1.18
  B1-roll AP12 batch 163: refs=['1411', '1405', '1144', '1401', '1396', '1151', '1134', '1391'] new=['1421'] s=0.403 | new rot a/d online 1.48/1.48 oracle 1.53/1.53 C1 1.25
  B1-roll AP12 batch 164: refs=['1421', '1411', '1405', '1401', '1144', '1396', '1134', '1151'] new=['1434'] s=0.398 | new rot a/d online 1.21/1.21 oracle 0.63/0.63 C1 1.11
  B1-roll AP12 batch 165: refs=['1401', '1396', '1405', '1434', '1391', '1134', '1421', '1411'] new=['1598'] s=0.396 | new rot a/d online 2.19/2.19 oracle 1.77/1.77 C1 2.09
  B1-roll AP12 batch 166: refs=['1396', '1401', '1405', '1391', '1598', '1434', '1421', '1411'] new=['1615'] s=0.397 | new rot a/d online 21.65/23.05 oracle 21.95/23.31 C1 1.57
DONE B1-roll AP12 new=170 rot a/d online=4.43/3.72 oracle=3.10/2.62 C1=2.03 C2=3.07 258s
[_client.py] HTTP Request: HEAD https://huggingface.co/facebook/VGGT-1B/resolve/main/model.pt "HTTP/1.1 302 Found"
[vision_transformer.py] using MLP layer as FFN
  B4-black AP12 batch 0: refs=['0000'] new=['0023', '0044', '0050', '0066'] s=0.398 | new rot a/d online 13.68/13.68 oracle 13.68/13.68 C1 4.23
  B4-black AP12 batch 1: refs=['0066', '0050', '0044', '0023', '0000'] new=['0075'] s=0.400 | new rot a/d online 2.26/2.35 oracle 4.27/2.13 C1 3.27
  B4-black AP12 batch 2: refs=['0075', '0066', '0050', '0044', '0023', '0000'] new=['0077'] s=0.402 | new rot a/d online 1.52/3.05 oracle 0.93/0.93 C1 2.05
  B4-black AP12 batch 3: refs=['0077', '0075', '0066', '0050', '0044', '0023', '0000'] new=['0081'] s=0.401 | new rot a/d online 2.45/2.45 oracle 1.20/1.44 C1 1.22
  B4-black AP12 batch 4: refs=['0081', '0077', '0075', '0066', '0050', '0044', '0023', '0000'] new=['0086'] s=0.402 | new rot a/d online 2.80/3.40 oracle 2.83/2.96 C1 0.95
  B4-black AP12 batch 5: refs=['0086', '0081', '0077', '0075', '0066', '0050', '0044', '0023'] new=['0089'] s=0.400 | new rot a/d online 7.44/7.44 oracle 5.62/5.62 C1 1.93
  B4-black AP12 batch 6: refs=['0089', '0086', '0081', '0077', '0075', '0066', '0050', '0044'] new=['0094'] s=0.399 | new rot a/d online 13.66/18.44 oracle 11.10/13.60 C1 0.62
  B4-black AP12 batch 7: refs=['0094', '0089', '0086', '0081', '0077', '0075', '0066', '0050'] new=['0099'] s=0.397 | new rot a/d online 9.61/8.49 oracle 6.83/6.83 C1 0.83
  B4-black AP12 batch 8: refs=['0099', '0094', '0089', '0086', '0081', '0077', '0075', '0066'] new=['0103'] s=0.395 | new rot a/d online 9.34/9.34 oracle 6.67/6.67 C1 0.87
  B4-black AP12 batch 9: refs=['0103', '0099', '0094', '0089', '0086', '0081', '0077', '0075'] new=['0108'] s=0.393 | new rot a/d online 10.45/10.45 oracle 8.04/8.04 C1 1.10
  B4-black AP12 batch 10: refs=['0108', '0103', '0099', '0094', '0089', '0086', '0081', '0077'] new=['0114'] s=0.388 | new rot a/d online 8.66/7.39 oracle 6.49/6.49 C1 1.19
  B4-black AP12 batch 11: refs=['0114', '0108', '0103', '0099', '0094', '0089', '0086', '0081'] new=['0120'] s=0.383 | new rot a/d online 10.68/7.98 oracle 8.68/7.54 C1 1.01
  B4-black AP12 batch 12: refs=['0120', '0114', '0108', '0103', '0099', '0094', '0089', '0086'] new=['0127'] s=0.380 | new rot a/d online 10.19/8.82 oracle 8.57/7.30 C1 1.30
  B4-black AP12 batch 13: refs=['0127', '0120', '0114', '0108', '0103', '0099', '0094', '0089'] new=['0134'] s=0.376 | new rot a/d online 8.11/6.67 oracle 6.84/5.57 C1 1.46
  B4-black AP12 batch 14: refs=['0114', '0120', '0108', '0103', '0127', '0099', '0134', '0094'] new=['0180'] s=0.370 | new rot a/d online 3.11/2.51 oracle 1.97/1.97 C1 1.78
  B4-black AP12 batch 15: refs=['0180', '0103', '0108', '0099', '0114', '0120', '0094', '0127'] new=['0187'] s=0.369 | new rot a/d online 1.72/1.72 oracle 1.56/1.56 C1 2.41
  B4-black AP12 batch 16: refs=['0187', '0180', '0099', '0103', '0108', '0094', '0114', '0089'] new=['0190'] s=0.371 | new rot a/d online 3.94/3.94 oracle 2.06/2.06 C1 2.73
  B4-black AP12 batch 17: refs=['0190', '0187', '0180', '0099', '0103', '0094', '0089', '0108'] new=['0195'] s=0.369 | new rot a/d online 4.00/4.00 oracle 2.06/2.06 C1 3.36
  B4-black AP12 batch 18: refs=['0195', '0190', '0187', '0180', '0099', '0089', '0094', '0086'] new=['0202'] s=0.365 | new rot a/d online 3.86/3.86 oracle 1.50/1.50 C1 3.57
  B4-black AP12 batch 19: refs=['0202', '0195', '0190', '0023', '0044', '0187', '0077', '0000'] new=['0205'] s=0.364 | new rot a/d online 7.92/4.28 oracle 5.58/1.99 C1 2.66
  B4-black AP12 batch 20: refs=['0205', '0202', '0023', '0044', '0000', '0195', '0050', '0190'] new=['0209'] s=0.364 | new rot a/d online 10.10/4.09 oracle 7.01/2.26 C1 1.95
  B4-black AP12 batch 21: refs=['0209', '0023', '0205', '0000', '0044', '0202', '0050', '0195'] new=['0212'] s=0.364 | new rot a/d online 14.94/5.71 oracle 12.00/2.98 C1 2.40
  B4-black AP12 batch 22: refs=['0212', '0023', '0000', '0209', '0205', '0044', '0202', '0050'] new=['0214'] s=0.365 | new rot a/d online 13.36/5.46 oracle 10.68/2.82 C1 2.70
  B4-black AP12 batch 23: refs=['0023', '0214', '0212', '0044', '0209', '0000', '0205', '0050'] new=['0219'] s=0.364 | new rot a/d online 3.98/7.36 oracle 3.76/6.24 C1 2.88
  B4-black AP12 batch 24: refs=['0219', '0044', '0023', '0209', '0050', '0212', '0214', '0205'] new=['0223'] s=0.358 | new rot a/d online 3.20/3.42 oracle 4.32/2.13 C1 8.55
  B4-black AP12 batch 25: refs=['0066', '0223', '0050', '0075', '0044', '0077', '0219', '0205'] new=['0226'] s=0.388 | new rot a/d online 5.40/5.40 oracle 1.80/1.80 C1 7.05
  B4-black AP12 batch 26: refs=['0075', '0066', '0226', '0077', '0050', '0081', '0223', '0086'] new=['0228'] s=0.398 | new rot a/d online 5.86/5.86 oracle 1.24/1.24 C1 6.10
  B4-black AP12 batch 27: refs=['0075', '0228', '0077', '0066', '0081', '0226', '0086', '0050'] new=['0233'] s=0.398 | new rot a/d online 2.46/2.46 oracle 6.12/6.12 C1 8.50
  B4-black AP12 batch 28: refs=['0233', '0075', '0066', '0228', '0077', '0081', '0086', '0050'] new=['0238'] s=0.400 | new rot a/d online 4.55/4.55 oracle 8.09/8.09 C1 6.35
  B4-black AP12 batch 29: refs=['0238', '0233', '0075', '0066', '0228', '0077', '0081', '0050'] new=['0241'] s=0.401 | new rot a/d online 8.93/11.31 oracle 13.03/13.03 C1 3.41
  B4-black AP12 batch 30: refs=['0241', '0238', '0233', '0075', '0066', '0228', '0077', '0081'] new=['0243'] s=0.398 | new rot a/d online 10.27/11.76 oracle 13.76/15.49 C1 1.66
  B4-black AP12 batch 31: refs=['0243', '0241', '0238', '0233', '0075', '0066', '0228', '0077'] new=['0245'] s=0.397 | new rot a/d online 7.82/7.82 oracle 10.53/11.90 C1 1.45
  B4-black AP12 batch 32: refs=['0245', '0243', '0241', '0238', '0233', '0075', '0066', '0228'] new=['0248'] s=0.397 | new rot a/d online 4.14/4.14 oracle 5.84/8.06 C1 0.61
  B4-black AP12 batch 33: refs=['0248', '0245', '0243', '0241', '0238', '0233', '0066', '0075'] new=['0251'] s=0.403 | new rot a/d online 6.38/6.38 oracle 7.24/7.24 C1 1.70
  B4-black AP12 batch 34: refs=['0251', '0248', '0245', '0243', '0241', '0238', '0233', '0066'] new=['0255'] s=0.405 | new rot a/d online 7.75/7.75 oracle 7.70/6.36 C1 2.30
  B4-black AP12 batch 35: refs=['0255', '0251', '0248', '0245', '0243', '0241', '0238', '0233'] new=['0260'] s=0.406 | new rot a/d online 3.79/3.79 oracle 2.92/2.00 C1 1.64
  B4-black AP12 batch 36: refs=['0260', '0255', '0251', '0245', '0248', '0243', '0241', '0238'] new=['0263'] s=0.409 | new rot a/d online 2.96/2.96 oracle 2.67/2.67 C1 2.61
  B4-black AP12 batch 37: refs=['0263', '0260', '0255', '0251', '0245', '0248', '0243', '0241'] new=['0266'] s=0.408 | new rot a/d online 3.31/3.31 oracle 2.45/2.45 C1 1.75
  B4-black AP12 batch 38: refs=['0266', '0263', '0260', '0255', '0251', '0245', '0248', '0243'] new=['0270'] s=0.407 | new rot a/d online 1.54/1.54 oracle 1.75/1.75 C1 2.02
  B4-black AP12 batch 39: refs=['0270', '0266', '0263', '0260', '0255', '0251', '0245', '0248'] new=['0276'] s=0.407 | new rot a/d online 1.70/1.70 oracle 2.50/2.50 C1 2.17
  B4-black AP12 batch 40: refs=['0276', '0270', '0266', '0263', '0260', '0255', '0251', '0243'] new=['0280'] s=0.404 | new rot a/d online 1.85/1.85 oracle 1.75/1.75 C1 1.65
  B4-black AP12 batch 41: refs=['0280', '0276', '0270', '0266', '0263', '0260', '0255', '0243'] new=['0284'] s=0.401 | new rot a/d online 1.45/1.45 oracle 2.43/2.43 C1 0.93
  B4-black AP12 batch 42: refs=['0284', '0280', '0276', '0270', '0266', '0263', '0260', '0255'] new=['0295'] s=0.400 | new rot a/d online 3.79/3.79 oracle 5.53/5.53 C1 1.74
  B4-black AP12 batch 43: refs=['0295', '0284', '0280', '0276', '0270', '0266', '0263', '0260'] new=['0302'] s=0.398 | new rot a/d online 4.51/4.51 oracle 5.65/5.65 C1 1.88
  B4-black AP12 batch 44: refs=['0302', '0295', '0284', '0280', '0276', '0270', '0266', '0263'] new=['0308'] s=0.396 | new rot a/d online 4.86/4.86 oracle 6.15/6.15 C1 2.04
  B4-black AP12 batch 45: refs=['0308', '0302', '0295', '0284', '0280', '0276', '0270', '0266'] new=['0315'] s=0.394 | new rot a/d online 5.21/5.21 oracle 6.23/6.23 C1 3.33
  B4-black AP12 batch 46: refs=['0315', '0308', '0302', '0295', '0284', '0280', '0276', '0270'] new=['0325'] s=0.394 | new rot a/d online 5.33/5.33 oracle 6.42/6.42 C1 3.55
  B4-black AP12 batch 47: refs=['0325', '0315', '0308', '0302', '0295', '0284', '0280', '0276'] new=['0338'] s=0.393 | new rot a/d online 4.98/4.98 oracle 5.93/5.93 C1 4.89
  B4-black AP12 batch 48: refs=['0338', '0325', '0315', '0308', '0302', '0295', '0284', '0280'] new=['0360'] s=0.393 | new rot a/d online 5.67/5.67 oracle 4.35/4.35 C1 5.11
  B4-black AP12 batch 49: refs=['0360', '0338', '0325', '0315', '0308', '0302', '0295', '0284'] new=['0365'] s=0.392 | new rot a/d online 5.88/5.88 oracle 3.80/3.80 C1 4.35
  B4-black AP12 batch 50: refs=['0365', '0360', '0325', '0338', '0315', '0308', '0302', '0295'] new=['0368'] s=0.393 | new rot a/d online 6.18/6.18 oracle 3.37/3.37 C1 3.48
  B4-black AP12 batch 51: refs=['0368', '0365', '0360', '0325', '0315', '0338', '0308', '0302'] new=['0373'] s=0.393 | new rot a/d online 6.95/6.95 oracle 3.79/3.79 C1 3.42
  B4-black AP12 batch 52: refs=['0373', '0368', '0365', '0360', '0315', '0325', '0308', '0338'] new=['0378'] s=0.398 | new rot a/d online 8.51/8.51 oracle 5.24/5.24 C1 4.70
  B4-black AP12 batch 53: refs=['0378', '0373', '0368', '0365', '0360', '0308', '0302', '0315'] new=['0380'] s=0.400 | new rot a/d online 7.93/7.93 oracle 4.92/4.92 C1 4.58
  B4-black AP12 batch 54: refs=['0380', '0378', '0373', '0368', '0365', '0295', '0302', '0308'] new=['0384'] s=0.405 | new rot a/d online 7.63/7.63 oracle 5.10/5.10 C1 4.04
  B4-black AP12 batch 55: refs=['0384', '0380', '0378', '0373', '0368', '0295', '0280', '0276'] new=['0386'] s=0.412 | new rot a/d online 7.44/7.44 oracle 4.76/4.76 C1 2.87
  B4-black AP12 batch 56: refs=['0386', '0384', '0380', '0378', '0373', '0276', '0280', '0295'] new=['0391'] s=0.415 | new rot a/d online 6.86/6.86 oracle 4.38/4.38 C1 3.16
  B4-black AP12 batch 57: refs=['0391', '0386', '0384', '0380', '0276', '0280', '0270', '0266'] new=['0396'] s=0.412 | new rot a/d online 5.84/5.84 oracle 3.17/3.17 C1 3.53
  B4-black AP12 batch 58: refs=['0396', '0391', '0386', '0384', '0276', '0266', '0270', '0280'] new=['0400'] s=0.418 | new rot a/d online 7.08/7.08 oracle 4.45/4.45 C1 3.93
  B4-black AP12 batch 59: refs=['0400', '0396', '0391', '0386', '0266', '0276', '0270', '0263'] new=['0405'] s=0.421 | new rot a/d online 7.22/7.22 oracle 4.64/4.64 C1 3.72
  B4-black AP12 batch 60: refs=['0405', '0400', '0263', '0260', '0266', '0270', '0396', '0276'] new=['0411'] s=0.411 | new rot a/d online 8.05/8.05 oracle 5.41/5.41 C1 3.53
  B4-black AP12 batch 61: refs=['0411', '0405', '0260', '0263', '0255', '0266', '0251', '0270'] new=['0417'] s=0.414 | new rot a/d online 4.64/4.64 oracle 2.26/2.26 C1 3.30
  B4-black AP12 batch 62: refs=['0417', '0411', '0260', '0251', '0255', '0263', '0248', '0266'] new=['0428'] s=0.417 | new rot a/d online 7.53/7.53 oracle 5.50/5.50 C1 2.95
  B4-black AP12 batch 63: refs=['0428', '0251', '0255', '0417', '0260', '0248', '0411', '0263'] new=['0440'] s=0.420 | new rot a/d online 7.53/6.92 oracle 5.56/9.42 C1 1.91
  B4-black AP12 batch 64: refs=['0440', '0251', '0428', '0255', '0248', '0260', '0417', '0245'] new=['0457'] s=0.419 | new rot a/d online 10.10/15.00 oracle 8.37/13.15 C1 1.99
  B4-black AP12 batch 65: refs=['0457', '0440', '0428', '0251', '0255', '0417', '0248', '0260'] new=['0489'] s=0.427 | new rot a/d online 7.59/2.76 oracle 6.66/1.94 C1 1.75
  B4-black AP12 batch 66: refs=['0457', '0251', '0489', '0440', '0248', '0428', '0255', '0245'] new=['0643'] s=0.417 | new rot a/d online 5.23/5.23 oracle 2.82/2.82 C1 0.50
  B4-black AP12 batch 67: refs=['0643', '0251', '0248', '0457', '0489', '0440', '0255', '0245'] new=['0651'] s=0.412 | new rot a/d online 9.17/6.86 oracle 7.78/6.01 C1 0.47
  B4-black AP12 batch 68: refs=['0651', '0248', '0251', '0643', '0457', '0245', '0489', '0255'] new=['0656'] s=0.412 | new rot a/d online 9.92/9.14 oracle 9.67/9.46 C1 1.47
  B4-black AP12 batch 69: refs=['0656', '0248', '0651', '0245', '0251', '0643', '0457', '0255'] new=['0660'] s=0.414 | new rot a/d online 7.47/1.76 oracle 9.04/2.26 C1 1.89
  B4-black AP12 batch 70: refs=['0660', '0656', '0248', '0245', '0651', '0251', '0243', '0643'] new=['0662'] s=0.409 | new rot a/d online 4.45/4.45 oracle 5.19/4.60 C1 1.76
  B4-black AP12 batch 71: refs=['0662', '0660', '0245', '0248', '0656', '0243', '0651', '0251'] new=['0666'] s=0.407 | new rot a/d online 6.39/4.99 oracle 8.59/15.75 C1 2.24
  B4-black AP12 batch 72: refs=['0666', '0662', '0660', '0243', '0245', '0241', '0248', '0656'] new=['0670'] s=0.406 | new rot a/d online 1.89/1.89 oracle 4.17/4.17 C1 2.78
  B4-black AP12 batch 73: refs=['0670', '0666', '0662', '0243', '0241', '0660', '0245', '0238'] new=['0674'] s=0.406 | new rot a/d online 3.55/3.55 oracle 5.73/5.73 C1 2.87
  B4-black AP12 batch 74: refs=['0674', '0670', '0666', '0238', '0241', '0243', '0662', '0245'] new=['0678'] s=0.406 | new rot a/d online 3.54/4.67 oracle 5.68/6.78 C1 3.40
  B4-black AP12 batch 75: refs=['0678', '0674', '0238', '0670', '0233', '0241', '0081', '0077'] new=['0682'] s=0.409 | new rot a/d online 14.17/19.30 oracle 15.33/20.19 C1 4.01
  B4-black AP12 batch 76: refs=['0682', '0678', '0081', '0238', '0233', '0077', '0086', '0674'] new=['0688'] s=0.412 | new rot a/d online 19.16/29.45 oracle 20.10/32.47 C1 4.03
  B4-black AP12 batch 77: refs=['0688', '0682', '0081', '0086', '0077', '0089', '0233', '0678'] new=['0694'] s=0.411 | new rot a/d online 17.53/28.94 oracle 18.62/29.04 C1 5.33
  B4-black AP12 batch 78: refs=['0694', '0086', '0081', '0089', '0688', '0077', '0094', '0233'] new=['0697'] s=0.408 | new rot a/d online 5.74/7.29 oracle 5.60/9.82 C1 3.94
  B4-black AP12 batch 79: refs=['0086', '0089', '0697', '0081', '0094', '0077', '0694', '0099'] new=['0701'] s=0.401 | new rot a/d online 8.90/12.81 oracle 9.51/13.00 C1 4.24
  B4-black AP12 batch 80: refs=['0089', '0701', '0086', '0094', '0081', '0697', '0099', '0077'] new=['0706'] s=0.400 | new rot a/d online 7.29/10.78 oracle 7.98/11.05 C1 3.67
  B4-black AP12 batch 81: refs=['0094', '0099', '0103', '0089', '0706', '0108', '0701', '0086'] new=['0718'] s=0.391 | new rot a/d online 16.28/20.79 oracle 15.94/20.46 C1 4.01
  B4-black AP12 batch 82: refs=['0103', '0099', '0718', '0108', '0094', '0114', '0089', '0187'] new=['0723'] s=0.381 | new rot a/d online 18.12/20.50 oracle 17.74/20.12 C1 4.45
  B4-black AP12 batch 83: refs=['0723', '0108', '0103', '0114', '0099', '0718', '0120', '0094'] new=['0728'] s=0.387 | new rot a/d online 10.30/12.12 oracle 10.25/11.91 C1 2.37
  B4-black AP12 batch 84: refs=['0728', '0723', '0108', '0114', '0103', '0120', '0099', '0127'] new=['0731'] s=0.380 | new rot a/d online 5.44/5.44 oracle 4.47/4.47 C1 1.74
  B4-black AP12 batch 85: refs=['0731', '0728', '0723', '0108', '0114', '0120', '0103', '0127'] new=['0734'] s=0.379 | new rot a/d online 6.12/6.12 oracle 5.00/5.00 C1 2.66
  B4-black AP12 batch 86: refs=['0734', '0731', '0728', '0723', '0108', '0114', '0120', '0127'] new=['0737'] s=0.382 | new rot a/d online 5.58/5.58 oracle 4.52/4.52 C1 3.30
  B4-black AP12 batch 87: refs=['0737', '0734', '0731', '0728', '0723', '0114', '0108', '0120'] new=['0739'] s=0.445 | new rot a/d online 6.88/9.41 oracle 7.11/7.98 C1 3.33
  B4-black AP12 batch 88: refs=['0739', '0737', '0734', '0731', '0728', '0723', '0114', '0108'] new=['0742'] s=0.454 | new rot a/d online 8.19/11.83 oracle 7.85/10.55 C1 5.24
  B4-black AP12 batch 89: refs=['0742', '0739', '0737', '0734', '0731', '0728', '0723', '0108'] new=['0746'] s=0.459 | new rot a/d online 11.10/12.96 oracle 10.27/11.67 C1 4.19
  B4-black AP12 batch 90: refs=['0746', '0742', '0739', '0737', '0734', '0731', '0728', '0723'] new=['0752'] s=0.466 | new rot a/d online 8.33/8.33 oracle 6.43/6.43 C1 4.55
  B4-black AP12 batch 91: refs=['0752', '0746', '0742', '0739', '0737', '0734', '0731', '0728'] new=['0758'] s=0.471 | new rot a/d online 9.30/9.30 oracle 7.24/7.24 C1 4.06
  B4-black AP12 batch 92: refs=['0758', '0752', '0746', '0742', '0739', '0737', '0734', '0731'] new=['0763'] s=0.473 | new rot a/d online 9.06/9.06 oracle 7.25/7.25 C1 3.34
  B4-black AP12 batch 93: refs=['0763', '0758', '0752', '0746', '0742', '0739', '0737', '0734'] new=['0768'] s=0.475 | new rot a/d online 9.73/10.61 oracle 7.31/6.42 C1 3.24
  B4-black AP12 batch 94: refs=['0768', '0763', '0758', '0752', '0746', '0742', '0739', '0737'] new=['0775'] s=0.474 | new rot a/d online 8.87/8.87 oracle 5.98/5.98 C1 3.22
  B4-black AP12 batch 95: refs=['0775', '0768', '0763', '0758', '0752', '0746', '0742', '0739'] new=['0784'] s=0.474 | new rot a/d online 6.28/6.28 oracle 2.97/2.97 C1 3.32
  B4-black AP12 batch 96: refs=['0784', '0775', '0768', '0763', '0758', '0752', '0746', '0742'] new=['0789'] s=0.476 | new rot a/d online 5.32/5.32 oracle 2.41/2.41 C1 1.87
  B4-black AP12 batch 97: refs=['0789', '0784', '0775', '0768', '0763', '0758', '0752', '0746'] new=['0795'] s=0.473 | new rot a/d online 6.29/6.29 oracle 3.86/3.86 C1 1.82
  B4-black AP12 batch 98: refs=['0795', '0789', '0784', '0775', '0768', '0763', '0758', '0752'] new=['0799'] s=0.478 | new rot a/d online 5.36/5.36 oracle 3.69/3.69 C1 2.01
  B4-black AP12 batch 99: refs=['0799', '0795', '0789', '0784', '0775', '0768', '0763', '0758'] new=['0805'] s=0.479 | new rot a/d online 6.83/6.83 oracle 5.44/5.44 C1 1.28
  B4-black AP12 batch 100: refs=['0805', '0799', '0795', '0789', '0666', '0662', '0784', '0660'] new=['0810'] s=0.459 | new rot a/d online 1.21/1.21 oracle 2.70/2.70 C1 2.06
  B4-black AP12 batch 101: refs=['0810', '0805', '0799', '0662', '0666', '0660', '0795', '0656'] new=['0815'] s=0.422 | new rot a/d online 4.21/3.11 oracle 2.83/2.83 C1 1.62
  B4-black AP12 batch 102: refs=['0815', '0810', '0805', '0662', '0660', '0656', '0666', '0651'] new=['0819'] s=0.417 | new rot a/d online 13.80/28.80 oracle 12.88/19.26 C1 0.70
  B4-black AP12 batch 103: refs=['0819', '0815', '0656', '0660', '0651', '0662', '0643', '0810'] new=['0824'] s=0.417 | new rot a/d online 7.68/6.51 oracle 6.85/6.85 C1 1.56
  B4-black AP12 batch 104: refs=['0824', '0651', '0656', '0643', '0660', '0819', '0662', '0251'] new=['0828'] s=0.419 | new rot a/d online 9.59/9.59 oracle 8.68/8.68 C1 2.67
  B4-black AP12 batch 105: refs=['0643', '0651', '0828', '0489', '0656', '0457', '0251', '0440'] new=['0832'] s=0.417 | new rot a/d online 19.18/24.88 oracle 19.27/25.31 C1 2.82
  B4-black AP12 batch 106: refs=['0489', '0440', '0457', '0428', '0643', '0832', '0417', '0651'] new=['0838'] s=0.426 | new rot a/d online 6.02/6.02 oracle 4.90/5.54 C1 2.93
  B4-black AP12 batch 107: refs=['0417', '0428', '0411', '0838', '0440', '0489', '0457', '0643'] new=['0844'] s=0.435 | new rot a/d online 10.48/10.48 oracle 9.28/8.90 C1 2.89
  B4-black AP12 batch 108: refs=['0405', '0411', '0400', '0417', '0844', '0396', '0428', '0266'] new=['0851'] s=0.428 | new rot a/d online 4.75/4.75 oracle 5.30/5.30 C1 2.76
  B4-black AP12 batch 109: refs=['0396', '0391', '0400', '0386', '0405', '0384', '0851', '0380'] new=['0865'] s=0.439 | new rot a/d online 3.25/4.38 oracle 0.24/1.42 C1 1.89
  B4-black AP12 batch 110: refs=['0865', '0391', '0396', '0386', '0400', '0384', '0405', '0380'] new=['0870'] s=0.438 | new rot a/d online 2.54/2.54 oracle 1.41/1.41 C1 1.99
  B4-black AP12 batch 111: refs=['0870', '0865', '0396', '0391', '0386', '0400', '0384', '0405'] new=['0882'] s=0.423 | new rot a/d online 4.81/4.81 oracle 1.95/1.95 C1 1.82
  B4-black AP12 batch 112: refs=['0882', '0865', '0870', '0396', '0391', '0400', '0386', '0405'] new=['0888'] s=0.417 | new rot a/d online 7.19/7.19 oracle 4.57/4.57 C1 2.53
  B4-black AP12 batch 113: refs=['0888', '0400', '0396', '0882', '0865', '0405', '0870', '0851'] new=['0896'] s=0.406 | new rot a/d online 5.13/5.13 oracle 3.00/3.00 C1 3.06
  B4-black AP12 batch 114: refs=['0896', '0405', '0851', '0400', '0888', '0411', '0396', '0865'] new=['0905'] s=0.415 | new rot a/d online 4.81/4.81 oracle 2.52/2.52 C1 2.40
  B4-black AP12 batch 115: refs=['0905', '0411', '0851', '0405', '0844', '0417', '0400', '0896'] new=['0913'] s=0.422 | new rot a/d online 3.38/3.38 oracle 2.61/2.50 C1 1.63
  B4-black AP12 batch 116: refs=['0913', '0844', '0417', '0411', '0838', '0428', '0851', '0905'] new=['0920'] s=0.421 | new rot a/d online 1.88/1.88 oracle 1.33/1.33 C1 1.07
  B4-black AP12 batch 117: refs=['0838', '0920', '0844', '0489', '0832', '0428', '0417', '0440'] new=['0958'] s=0.422 | new rot a/d online 5.37/5.37 oracle 3.77/3.77 C1 0.80
  B4-black AP12 batch 118: refs=['0958', '0920', '0838', '0832', '0844', '0913', '0489', '0828'] new=['1119'] s=0.425 | new rot a/d online 6.55/6.16 oracle 5.00/3.97 C1 0.98
  B4-black AP12 batch 119: refs=['1119', '0958', '0920', '0832', '0838', '0828', '0913', '0844'] new=['1128'] s=0.423 | new rot a/d online 5.61/5.61 oracle 4.39/4.39 C1 1.33
  B4-black AP12 batch 120: refs=['1128', '1119', '0958', '0920', '0832', '0828', '0838', '0913'] new=['1134'] s=0.422 | new rot a/d online 4.80/4.80 oracle 3.64/2.77 C1 1.48
  B4-black AP12 batch 121: refs=['1134', '1128', '1119', '0958', '0828', '0920', '0824', '0832'] new=['1144'] s=0.427 | new rot a/d online 4.53/4.53 oracle 3.27/2.88 C1 1.62
  B4-black AP12 batch 122: refs=['1144', '1134', '1128', '1119', '0958', '0824', '0828', '0819'] new=['1151'] s=0.438 | new rot a/d online 1.64/1.64 oracle 2.72/2.72 C1 1.34
  B4-black AP12 batch 123: refs=['1151', '1144', '1134', '1128', '1119', '0819', '0824', '0815'] new=['1157'] s=0.448 | new rot a/d online 9.90/3.62 oracle 10.61/4.45 C1 1.48
  B4-black AP12 batch 124: refs=['1157', '1151', '1144', '1134', '1128', '1119', '0815', '0819'] new=['1164'] s=0.445 | new rot a/d online 3.55/3.55 oracle 4.56/4.56 C1 2.03
  B4-black AP12 batch 125: refs=['1164', '1157', '1151', '1144', '1134', '1128', '0810', '0815'] new=['1173'] s=0.455 | new rot a/d online 2.75/2.32 oracle 3.62/2.62 C1 1.50
  B4-black AP12 batch 126: refs=['1173', '1164', '1157', '1151', '1144', '1134', '1128', '0805'] new=['1178'] s=0.451 | new rot a/d online 2.46/2.46 oracle 2.45/2.45 C1 1.34
  B4-black AP12 batch 127: refs=['1178', '1173', '1164', '1157', '1151', '1144', '1134', '0805'] new=['1184'] s=0.466 | new rot a/d online 1.62/1.62 oracle 1.13/1.13 C1 1.34
  B4-black AP12 batch 128: refs=['1184', '1178', '1173', '1164', '1157', '1151', '1144', '1134'] new=['1190'] s=0.467 | new rot a/d online 3.79/3.79 oracle 3.49/3.49 C1 1.69
  B4-black AP12 batch 129: refs=['1190', '1184', '1178', '1173', '1164', '1157', '1151', '1144'] new=['1196'] s=0.487 | new rot a/d online 7.99/5.72 oracle 7.98/4.67 C1 1.71
  B4-black AP12 batch 130: refs=['1196', '1184', '1190', '1178', '1173', '1164', '1157', '1151'] new=['1199'] s=0.495 | new rot a/d online 12.11/13.16 oracle 11.96/13.15 C1 1.89
  B4-black AP12 batch 131: refs=['1199', '1196', '1178', '1184', '1190', '1173', '1164', '1157'] new=['1204'] s=0.492 | new rot a/d online 9.45/14.24 oracle 9.14/14.13 C1 1.74
  B4-black AP12 batch 132: refs=['1204', '1199', '1178', '1196', '1173', '1184', '1190', '1164'] new=['1211'] s=0.488 | new rot a/d online 11.43/16.42 oracle 11.23/16.14 C1 1.37
  B4-black AP12 batch 133: refs=['1211', '1204', '1173', '1199', '1178', '1196', '1184', '1190'] new=['1219'] s=0.485 | new rot a/d online 10.19/14.46 oracle 9.89/14.00 C1 1.23
  B4-black AP12 batch 134: refs=['1219', '1211', '1173', '1164', '1204', '1178', '1199', '1196'] new=['1229'] s=0.479 | new rot a/d online 9.75/8.03 oracle 9.32/12.24 C1 1.60
  B4-black AP12 batch 135: refs=['1229', '1164', '1219', '1173', '1157', '1211', '1204', '1178'] new=['1235'] s=0.466 | new rot a/d online 1.85/1.85 oracle 1.66/1.66 C1 0.96
  B4-black AP12 batch 136: refs=['1235', '1157', '1164', '1229', '1151', '1219', '1173', '1211'] new=['1241'] s=0.460 | new rot a/d online 2.56/2.56 oracle 2.12/2.12 C1 0.90
  B4-black AP12 batch 137: refs=['1241', '1235', '1157', '1164', '1151', '1229', '1144', '1219'] new=['1245'] s=0.454 | new rot a/d online 8.32/8.32 oracle 7.73/7.73 C1 2.23
  B4-black AP12 batch 138: refs=['1245', '1241', '1157', '1151', '1235', '1164', '1144', '1229'] new=['1248'] s=0.451 | new rot a/d online 3.94/3.94 oracle 3.71/3.71 C1 0.96
  B4-black AP12 batch 139: refs=['1248', '1245', '1241', '1151', '1144', '1157', '1235', '1164'] new=['1252'] s=0.455 | new rot a/d online 23.11/2.45 oracle 23.06/2.69 C1 0.73
  B4-black AP12 batch 140: refs=['1252', '1248', '1245', '1144', '1151', '1241', '1134', '1157'] new=['1257'] s=0.448 | new rot a/d online 30.14/3.26 oracle 29.79/2.49 C1 1.04
  B4-black AP12 batch 141: refs=['1257', '1252', '1248', '1144', '1245', '1134', '1151', '1241'] new=['1261'] s=0.439 | new rot a/d online 14.52/2.91 oracle 13.99/2.35 C1 1.24
  B4-black AP12 batch 142: refs=['1261', '1257', '1252', '1248', '1134', '1144', '1128', '1151'] new=['1266'] s=0.437 | new rot a/d online 27.49/2.48 oracle 26.86/1.86 C1 1.37
  B4-black AP12 batch 143: refs=['1266', '1261', '1257', '1252', '1134', '1128', '1144', '1248'] new=['1270'] s=0.432 | new rot a/d online 26.60/2.43 oracle 25.79/1.78 C1 1.79
  B4-black AP12 batch 144: refs=['1270', '1266', '1261', '0905', '0896', '1257', '0888', '0913'] new=['1277'] s=0.404 | new rot a/d online 71.44/142.85 oracle 73.33/145.79 C1 2.31
  B4-black AP12 batch 145: refs=['1277', '1270', '0896', '0888', '0905', '0882', '1266', '0870'] new=['1283'] s=0.398 | new rot a/d online 85.90/122.78 oracle 88.58/125.48 C1 1.71
  B4-black AP12 batch 146: refs=['1283', '0888', '0896', '0882', '0870', '0905', '1277', '0865'] new=['1293'] s=0.399 | new rot a/d online 98.89/118.01 oracle 101.87/120.86 C1 3.43
  B4-black AP12 batch 147: refs=['0888', '0882', '1293', '0870', '0896', '0865', '0396', '0391'] new=['1300'] s=0.395 | new rot a/d online 84.29/92.33 oracle 87.32/95.40 C1 3.33
  B4-black AP12 batch 148: refs=['1293', '1300', '0888', '0882', '0896', '1283', '0870', '0865'] new=['1334'] s=0.392 | new rot a/d online 72.75/108.36 oracle 75.57/111.26 C1 3.61
  B4-black AP12 batch 149: refs=['1293', '1334', '1300', '1283', '0888', '0896', '0882', '0870'] new=['1342'] s=0.384 | new rot a/d online 46.59/93.64 oracle 49.38/96.55 C1 2.11
  B4-black AP12 batch 150: refs=['1293', '1342', '1334', '1283', '1300', '0888', '1277', '0896'] new=['1349'] s=0.378 | new rot a/d online 14.49/2.94 oracle 16.90/1.42 C1 2.22
  B4-black AP12 batch 151: refs=['1283', '1349', '1293', '1342', '1334', '1277', '1300', '0896'] new=['1356'] s=0.375 | new rot a/d online 2.60/7.28 oracle 0.56/4.98 C1 2.51
  B4-black AP12 batch 152: refs=['1283', '1356', '1349', '1293', '1277', '1342', '1334', '1300'] new=['1363'] s=0.372 | new rot a/d online 7.49/7.49 oracle 5.23/5.23 C1 1.92
  B4-black AP12 batch 153: refs=['1283', '1363', '1277', '1356', '1349', '1293', '1342', '1270'] new=['1369'] s=0.376 | new rot a/d online 9.91/12.04 oracle 8.03/10.20 C1 2.22
  B4-black AP12 batch 154: refs=['1277', '1369', '1283', '1363', '1270', '1356', '1349', '1293'] new=['1373'] s=0.378 | new rot a/d online 10.29/12.59 oracle 8.50/8.50 C1 2.03
  B4-black AP12 batch 155: refs=['1373', '1277', '1270', '1369', '1363', '1283', '1266', '1356'] new=['1378'] s=0.380 | new rot a/d online 11.34/12.44 oracle 9.61/10.73 C1 1.95
  B4-black AP12 batch 156: refs=['1378', '1270', '1373', '1277', '1266', '1369', '1363', '1283'] new=['1381'] s=0.382 | new rot a/d online 11.49/12.67 oracle 9.72/12.30 C1 1.70
  B4-black AP12 batch 157: refs=['1381', '1378', '1270', '1266', '1373', '1277', '1261', '1369'] new=['1387'] s=0.385 | new rot a/d online 8.73/8.73 oracle 7.00/7.00 C1 1.02
  B4-black AP12 batch 158: refs=['1387', '1381', '1266', '1261', '1270', '1378', '1257', '1373'] new=['1391'] s=0.388 | new rot a/d online 4.59/4.59 oracle 3.25/3.25 C1 0.79
  B4-black AP12 batch 159: refs=['1391', '1387', '1261', '1266', '1381', '1134', '1257', '1144'] new=['1396'] s=0.397 | new rot a/d online 2.51/2.09 oracle 1.69/1.89 C1 1.54
  B4-black AP12 batch 160: refs=['1396', '1391', '1144', '1134', '1387', '1261', '1257', '1266'] new=['1401'] s=0.396 | new rot a/d online 4.19/3.11 oracle 3.13/2.78 C1 0.83
  B4-black AP12 batch 161: refs=['1401', '1144', '1396', '1134', '1391', '1151', '1257', '1261'] new=['1405'] s=0.402 | new rot a/d online 3.45/6.42 oracle 3.57/5.58 C1 1.18
  B4-black AP12 batch 162: refs=['1405', '1144', '1401', '1396', '1151', '1134', '1391', '1257'] new=['1411'] s=0.400 | new rot a/d online 3.44/2.90 oracle 2.25/1.73 C1 1.18
  B4-black AP12 batch 163: refs=['1411', '1405', '1144', '1401', '1396', '1151', '1134', '1391'] new=['1421'] s=0.397 | new rot a/d online 2.42/2.42 oracle 1.33/1.33 C1 1.25
  B4-black AP12 batch 164: refs=['1421', '1411', '1405', '1401', '1144', '1396', '1134', '1151'] new=['1434'] s=0.396 | new rot a/d online 2.38/2.38 oracle 1.49/1.49 C1 1.11
  B4-black AP12 batch 165: refs=['1401', '1396', '1405', '1434', '1391', '1134', '1421', '1411'] new=['1598'] s=0.396 | new rot a/d online 23.27/23.27 oracle 23.13/23.13 C1 2.09
  B4-black AP12 batch 166: refs=['1396', '1401', '1405', '1391', '1598', '1434', '1421', '1411'] new=['1615'] s=0.397 | new rot a/d online 39.48/42.10 oracle 39.57/42.27 C1 1.57
DONE B4-black AP12 new=170 rot a/d online=6.87/5.87 oracle=5.59/5.05 C1=2.03 C2=3.07 257s
[_client.py] HTTP Request: HEAD https://huggingface.co/facebook/VGGT-1B/resolve/main/model.pt "HTTP/1.1 302 Found"
[vision_transformer.py] using MLP layer as FFN
  B4-gray AP12 batch 0: refs=['0000'] new=['0023', '0044', '0050', '0066'] s=0.400 | new rot a/d online 7.91/7.91 oracle 7.91/7.91 C1 4.23
  B4-gray AP12 batch 1: refs=['0066', '0050', '0044', '0023', '0000'] new=['0075'] s=0.405 | new rot a/d online 3.19/3.19 oracle 4.96/4.96 C1 3.27
  B4-gray AP12 batch 2: refs=['0075', '0066', '0050', '0044', '0023', '0000'] new=['0077'] s=0.407 | new rot a/d online 1.29/1.29 oracle 2.58/2.58 C1 2.05
  B4-gray AP12 batch 3: refs=['0077', '0075', '0066', '0050', '0044', '0023', '0000'] new=['0081'] s=0.409 | new rot a/d online 2.73/2.73 oracle 4.26/4.26 C1 1.22
  B4-gray AP12 batch 4: refs=['0081', '0077', '0075', '0066', '0050', '0044', '0023', '0000'] new=['0086'] s=0.409 | new rot a/d online 3.66/3.39 oracle 5.06/2.90 C1 0.95
  B4-gray AP12 batch 5: refs=['0086', '0081', '0077', '0075', '0066', '0050', '0044', '0023'] new=['0089'] s=0.403 | new rot a/d online 10.90/12.13 oracle 9.21/10.23 C1 1.93
  B4-gray AP12 batch 6: refs=['0089', '0086', '0081', '0077', '0075', '0066', '0050', '0044'] new=['0094'] s=0.403 | new rot a/d online 14.20/15.66 oracle 12.01/14.34 C1 0.62
  B4-gray AP12 batch 7: refs=['0094', '0089', '0086', '0081', '0077', '0075', '0066', '0050'] new=['0099'] s=0.403 | new rot a/d online 12.69/9.38 oracle 10.12/8.75 C1 0.83
  B4-gray AP12 batch 8: refs=['0099', '0094', '0089', '0086', '0081', '0077', '0075', '0066'] new=['0103'] s=0.402 | new rot a/d online 14.72/9.21 oracle 12.34/8.97 C1 0.87
  B4-gray AP12 batch 9: refs=['0103', '0099', '0094', '0089', '0086', '0081', '0077', '0075'] new=['0108'] s=0.400 | new rot a/d online 11.54/8.00 oracle 9.33/7.65 C1 1.10
  B4-gray AP12 batch 10: refs=['0108', '0103', '0099', '0094', '0089', '0086', '0081', '0077'] new=['0114'] s=0.391 | new rot a/d online 9.30/6.31 oracle 7.43/4.85 C1 1.19
  B4-gray AP12 batch 11: refs=['0114', '0108', '0103', '0099', '0094', '0089', '0086', '0081'] new=['0120'] s=0.382 | new rot a/d online 9.94/6.93 oracle 8.29/5.73 C1 1.01
  B4-gray AP12 batch 12: refs=['0120', '0114', '0108', '0103', '0099', '0094', '0089', '0086'] new=['0127'] s=0.378 | new rot a/d online 8.77/5.45 oracle 7.48/4.45 C1 1.30
  B4-gray AP12 batch 13: refs=['0127', '0120', '0114', '0108', '0103', '0099', '0094', '0089'] new=['0134'] s=0.377 | new rot a/d online 5.17/3.77 oracle 4.82/3.48 C1 1.46
  B4-gray AP12 batch 14: refs=['0114', '0120', '0108', '0103', '0127', '0099', '0134', '0094'] new=['0180'] s=0.372 | new rot a/d online 4.85/3.88 oracle 3.70/2.79 C1 1.78
  B4-gray AP12 batch 15: refs=['0180', '0103', '0108', '0099', '0114', '0120', '0094', '0127'] new=['0187'] s=0.372 | new rot a/d online 3.25/3.32 oracle 2.74/2.74 C1 2.41
  B4-gray AP12 batch 16: refs=['0187', '0180', '0099', '0103', '0108', '0094', '0114', '0089'] new=['0190'] s=0.373 | new rot a/d online 5.33/5.33 oracle 3.44/3.44 C1 2.73
  B4-gray AP12 batch 17: refs=['0190', '0187', '0180', '0099', '0103', '0094', '0089', '0108'] new=['0195'] s=0.370 | new rot a/d online 6.89/6.89 oracle 4.80/4.80 C1 3.36
  B4-gray AP12 batch 18: refs=['0195', '0190', '0187', '0180', '0099', '0089', '0094', '0086'] new=['0202'] s=0.364 | new rot a/d online 6.54/6.54 oracle 4.01/4.01 C1 3.57
  B4-gray AP12 batch 19: refs=['0202', '0195', '0190', '0023', '0044', '0187', '0077', '0000'] new=['0205'] s=0.364 | new rot a/d online 6.80/4.73 oracle 3.80/2.36 C1 2.66
  B4-gray AP12 batch 20: refs=['0205', '0202', '0023', '0044', '0000', '0195', '0050', '0190'] new=['0209'] s=0.364 | new rot a/d online 6.19/7.19 oracle 3.64/7.66 C1 1.95
  B4-gray AP12 batch 21: refs=['0209', '0023', '0205', '0000', '0044', '0202', '0050', '0195'] new=['0212'] s=0.366 | new rot a/d online 11.36/7.30 oracle 8.53/5.10 C1 2.40
  B4-gray AP12 batch 22: refs=['0212', '0023', '0000', '0209', '0205', '0044', '0202', '0050'] new=['0214'] s=0.366 | new rot a/d online 8.91/12.42 oracle 6.24/6.24 C1 2.70
  B4-gray AP12 batch 23: refs=['0023', '0214', '0212', '0044', '0209', '0000', '0205', '0050'] new=['0219'] s=0.376 | new rot a/d online 9.32/6.02 oracle 8.55/15.64 C1 2.88
  B4-gray AP12 batch 24: refs=['0219', '0044', '0023', '0209', '0050', '0212', '0214', '0205'] new=['0223'] s=0.364 | new rot a/d online 8.21/11.37 oracle 5.61/8.58 C1 8.55
  B4-gray AP12 batch 25: refs=['0066', '0223', '0050', '0075', '0044', '0077', '0219', '0205'] new=['0226'] s=0.396 | new rot a/d online 5.27/5.27 oracle 2.50/2.50 C1 7.05
  B4-gray AP12 batch 26: refs=['0075', '0066', '0226', '0077', '0050', '0081', '0223', '0086'] new=['0228'] s=0.404 | new rot a/d online 4.80/4.80 oracle 1.79/1.64 C1 6.10
  B4-gray AP12 batch 27: refs=['0075', '0228', '0077', '0066', '0081', '0226', '0086', '0050'] new=['0233'] s=0.402 | new rot a/d online 4.37/7.10 oracle 7.96/11.85 C1 8.50
  B4-gray AP12 batch 28: refs=['0233', '0075', '0066', '0228', '0077', '0081', '0086', '0050'] new=['0238'] s=0.407 | new rot a/d online 5.12/6.22 oracle 8.94/8.94 C1 6.35
  B4-gray AP12 batch 29: refs=['0238', '0233', '0075', '0066', '0228', '0077', '0081', '0050'] new=['0241'] s=0.406 | new rot a/d online 5.24/5.24 oracle 9.23/9.23 C1 3.41
  B4-gray AP12 batch 30: refs=['0241', '0238', '0233', '0075', '0066', '0228', '0077', '0081'] new=['0243'] s=0.402 | new rot a/d online 3.81/3.04 oracle 6.57/6.57 C1 1.66
  B4-gray AP12 batch 31: refs=['0243', '0241', '0238', '0233', '0075', '0066', '0228', '0077'] new=['0245'] s=0.403 | new rot a/d online 9.46/9.46 oracle 12.39/13.60 C1 1.45
  B4-gray AP12 batch 32: refs=['0245', '0243', '0241', '0238', '0233', '0075', '0066', '0228'] new=['0248'] s=0.403 | new rot a/d online 6.96/6.96 oracle 8.82/10.10 C1 0.61
  B4-gray AP12 batch 33: refs=['0248', '0245', '0243', '0241', '0238', '0233', '0066', '0075'] new=['0251'] s=0.412 | new rot a/d online 4.86/4.86 oracle 5.77/5.77 C1 1.70
  B4-gray AP12 batch 34: refs=['0251', '0248', '0245', '0243', '0241', '0238', '0233', '0066'] new=['0255'] s=0.414 | new rot a/d online 6.24/6.24 oracle 6.21/6.21 C1 2.30
  B4-gray AP12 batch 35: refs=['0255', '0251', '0248', '0245', '0243', '0241', '0238', '0233'] new=['0260'] s=0.413 | new rot a/d online 5.08/5.08 oracle 4.30/4.30 C1 1.64
  B4-gray AP12 batch 36: refs=['0260', '0255', '0251', '0245', '0248', '0243', '0241', '0238'] new=['0263'] s=0.415 | new rot a/d online 3.58/3.58 oracle 2.86/2.86 C1 2.61
  B4-gray AP12 batch 37: refs=['0263', '0260', '0255', '0251', '0245', '0248', '0243', '0241'] new=['0266'] s=0.419 | new rot a/d online 4.39/4.39 oracle 3.68/3.68 C1 1.75
  B4-gray AP12 batch 38: refs=['0266', '0263', '0260', '0255', '0251', '0245', '0248', '0243'] new=['0270'] s=0.425 | new rot a/d online 4.61/4.61 oracle 3.70/3.70 C1 2.02
  B4-gray AP12 batch 39: refs=['0270', '0266', '0263', '0260', '0255', '0251', '0245', '0248'] new=['0276'] s=0.427 | new rot a/d online 3.80/3.80 oracle 4.22/4.22 C1 2.17
  B4-gray AP12 batch 40: refs=['0276', '0270', '0266', '0263', '0260', '0255', '0251', '0243'] new=['0280'] s=0.426 | new rot a/d online 3.87/3.87 oracle 3.57/3.57 C1 1.65
  B4-gray AP12 batch 41: refs=['0280', '0276', '0270', '0266', '0263', '0260', '0255', '0243'] new=['0284'] s=0.415 | new rot a/d online 4.41/4.41 oracle 3.95/3.95 C1 0.93
  B4-gray AP12 batch 42: refs=['0284', '0280', '0276', '0270', '0266', '0263', '0260', '0255'] new=['0295'] s=0.412 | new rot a/d online 1.42/1.42 oracle 2.61/2.61 C1 1.74
  B4-gray AP12 batch 43: refs=['0295', '0284', '0280', '0276', '0270', '0266', '0263', '0260'] new=['0302'] s=0.406 | new rot a/d online 2.09/2.09 oracle 2.05/2.05 C1 1.88
  B4-gray AP12 batch 44: refs=['0302', '0295', '0284', '0280', '0276', '0270', '0266', '0263'] new=['0308'] s=0.404 | new rot a/d online 1.46/1.46 oracle 2.22/2.22 C1 2.04
  B4-gray AP12 batch 45: refs=['0308', '0302', '0295', '0284', '0280', '0276', '0270', '0266'] new=['0315'] s=0.405 | new rot a/d online 2.75/2.75 oracle 3.21/3.21 C1 3.33
  B4-gray AP12 batch 46: refs=['0315', '0308', '0302', '0295', '0284', '0280', '0276', '0270'] new=['0325'] s=0.403 | new rot a/d online 2.99/2.99 oracle 3.48/3.48 C1 3.55
  B4-gray AP12 batch 47: refs=['0325', '0315', '0308', '0302', '0295', '0284', '0280', '0276'] new=['0338'] s=0.404 | new rot a/d online 2.60/2.60 oracle 2.99/2.99 C1 4.89
  B4-gray AP12 batch 48: refs=['0338', '0325', '0315', '0308', '0302', '0295', '0284', '0280'] new=['0360'] s=0.405 | new rot a/d online 6.30/6.30 oracle 4.19/4.19 C1 5.11
  B4-gray AP12 batch 49: refs=['0360', '0338', '0325', '0315', '0308', '0302', '0295', '0284'] new=['0365'] s=0.412 | new rot a/d online 6.57/6.57 oracle 4.44/4.44 C1 4.35
  B4-gray AP12 batch 50: refs=['0365', '0360', '0325', '0338', '0315', '0308', '0302', '0295'] new=['0368'] s=0.411 | new rot a/d online 6.39/5.44 oracle 4.22/3.54 C1 3.48
  B4-gray AP12 batch 51: refs=['0368', '0365', '0360', '0325', '0315', '0338', '0308', '0302'] new=['0373'] s=0.411 | new rot a/d online 8.10/7.23 oracle 5.86/5.36 C1 3.42
  B4-gray AP12 batch 52: refs=['0373', '0368', '0365', '0360', '0315', '0325', '0308', '0338'] new=['0378'] s=0.416 | new rot a/d online 11.46/11.46 oracle 8.32/8.32 C1 4.70
  B4-gray AP12 batch 53: refs=['0378', '0373', '0368', '0365', '0360', '0308', '0302', '0315'] new=['0380'] s=0.421 | new rot a/d online 8.63/8.63 oracle 5.93/5.93 C1 4.58
  B4-gray AP12 batch 54: refs=['0380', '0378', '0373', '0368', '0365', '0295', '0302', '0308'] new=['0384'] s=0.430 | new rot a/d online 8.08/6.79 oracle 6.13/5.16 C1 4.04
  B4-gray AP12 batch 55: refs=['0384', '0380', '0378', '0373', '0368', '0295', '0280', '0276'] new=['0386'] s=0.442 | new rot a/d online 4.91/4.91 oracle 2.76/2.76 C1 2.87
  B4-gray AP12 batch 56: refs=['0386', '0384', '0380', '0378', '0373', '0276', '0280', '0295'] new=['0391'] s=0.449 | new rot a/d online 4.37/4.95 oracle 3.56/3.56 C1 3.16
  B4-gray AP12 batch 57: refs=['0391', '0386', '0384', '0380', '0276', '0280', '0270', '0266'] new=['0396'] s=0.451 | new rot a/d online 3.14/3.14 oracle 3.07/3.07 C1 3.53
  B4-gray AP12 batch 58: refs=['0396', '0391', '0386', '0384', '0276', '0266', '0270', '0280'] new=['0400'] s=0.448 | new rot a/d online 1.94/1.94 oracle 1.79/1.79 C1 3.93
  B4-gray AP12 batch 59: refs=['0400', '0396', '0391', '0386', '0266', '0276', '0270', '0263'] new=['0405'] s=0.447 | new rot a/d online 2.79/2.79 oracle 1.74/1.74 C1 3.72
  B4-gray AP12 batch 60: refs=['0405', '0400', '0263', '0260', '0266', '0270', '0396', '0276'] new=['0411'] s=0.437 | new rot a/d online 3.72/3.72 oracle 2.25/2.25 C1 3.53
  B4-gray AP12 batch 61: refs=['0411', '0405', '0260', '0263', '0255', '0266', '0251', '0270'] new=['0417'] s=0.435 | new rot a/d online 2.99/2.99 oracle 2.58/2.58 C1 3.30
  B4-gray AP12 batch 62: refs=['0417', '0411', '0260', '0251', '0255', '0263', '0248', '0266'] new=['0428'] s=0.431 | new rot a/d online 5.43/5.43 oracle 4.39/4.39 C1 2.95
  B4-gray AP12 batch 63: refs=['0428', '0251', '0255', '0417', '0260', '0248', '0411', '0263'] new=['0440'] s=0.431 | new rot a/d online 6.10/6.93 oracle 6.20/5.74 C1 1.91
  B4-gray AP12 batch 64: refs=['0440', '0251', '0428', '0255', '0248', '0260', '0417', '0245'] new=['0457'] s=0.429 | new rot a/d online 7.76/12.35 oracle 7.75/1.58 C1 1.99
  B4-gray AP12 batch 65: refs=['0457', '0440', '0428', '0251', '0255', '0417', '0248', '0260'] new=['0489'] s=0.433 | new rot a/d online 7.38/2.53 oracle 6.78/1.09 C1 1.75
  B4-gray AP12 batch 66: refs=['0457', '0251', '0489', '0440', '0248', '0428', '0255', '0245'] new=['0643'] s=0.429 | new rot a/d online 9.90/9.89 oracle 10.81/13.73 C1 0.50
  B4-gray AP12 batch 67: refs=['0643', '0251', '0248', '0457', '0489', '0440', '0255', '0245'] new=['0651'] s=0.431 | new rot a/d online 5.38/1.99 oracle 5.91/3.94 C1 0.47
  B4-gray AP12 batch 68: refs=['0651', '0248', '0251', '0643', '0457', '0245', '0489', '0255'] new=['0656'] s=0.446 | new rot a/d online 17.99/28.04 oracle 20.24/31.18 C1 1.47
  B4-gray AP12 batch 69: refs=['0656', '0248', '0651', '0245', '0251', '0643', '0457', '0255'] new=['0660'] s=0.456 | new rot a/d online 40.08/38.74 oracle 42.24/40.97 C1 1.89
  B4-gray AP12 batch 70: refs=['0660', '0656', '0248', '0245', '0651', '0251', '0243', '0643'] new=['0662'] s=0.422 | new rot a/d online 3.78/3.78 oracle 4.18/4.18 C1 1.76
  B4-gray AP12 batch 71: refs=['0662', '0660', '0245', '0248', '0656', '0243', '0651', '0251'] new=['0666'] s=0.425 | new rot a/d online 5.17/3.87 oracle 5.28/5.28 C1 2.24
  B4-gray AP12 batch 72: refs=['0666', '0662', '0660', '0243', '0245', '0241', '0248', '0656'] new=['0670'] s=0.421 | new rot a/d online 5.61/5.61 oracle 4.44/4.44 C1 2.78
  B4-gray AP12 batch 73: refs=['0670', '0666', '0662', '0243', '0241', '0660', '0245', '0238'] new=['0674'] s=0.425 | new rot a/d online 4.83/4.83 oracle 4.08/4.08 C1 2.87
  B4-gray AP12 batch 74: refs=['0674', '0670', '0666', '0238', '0241', '0243', '0662', '0245'] new=['0678'] s=0.434 | new rot a/d online 10.95/3.39 oracle 12.44/2.37 C1 3.40
  B4-gray AP12 batch 75: refs=['0678', '0674', '0238', '0670', '0233', '0241', '0081', '0077'] new=['0682'] s=0.421 | new rot a/d online 4.56/3.52 oracle 3.53/2.31 C1 4.01
  B4-gray AP12 batch 76: refs=['0682', '0678', '0081', '0238', '0233', '0077', '0086', '0674'] new=['0688'] s=0.426 | new rot a/d online 12.24/13.70 oracle 11.49/14.09 C1 4.03
  B4-gray AP12 batch 77: refs=['0688', '0682', '0081', '0086', '0077', '0089', '0233', '0678'] new=['0694'] s=0.436 | new rot a/d online 17.95/29.23 oracle 18.79/29.90 C1 5.33
  B4-gray AP12 batch 78: refs=['0694', '0086', '0081', '0089', '0688', '0077', '0094', '0233'] new=['0697'] s=0.433 | new rot a/d online 9.92/12.91 oracle 10.65/13.32 C1 3.94
  B4-gray AP12 batch 79: refs=['0086', '0089', '0697', '0081', '0094', '0077', '0694', '0099'] new=['0701'] s=0.407 | new rot a/d online 14.93/20.09 oracle 16.01/20.47 C1 4.24
  B4-gray AP12 batch 80: refs=['0089', '0701', '0086', '0094', '0081', '0697', '0099', '0077'] new=['0706'] s=0.407 | new rot a/d online 14.36/19.16 oracle 15.13/19.49 C1 3.67
  B4-gray AP12 batch 81: refs=['0094', '0099', '0103', '0089', '0706', '0108', '0701', '0086'] new=['0718'] s=0.404 | new rot a/d online 9.49/9.49 oracle 9.39/9.39 C1 4.01
  B4-gray AP12 batch 82: refs=['0103', '0099', '0718', '0108', '0094', '0114', '0089', '0187'] new=['0723'] s=0.388 | new rot a/d online 5.29/6.54 oracle 5.11/5.11 C1 4.45
  B4-gray AP12 batch 83: refs=['0723', '0108', '0103', '0114', '0099', '0718', '0120', '0094'] new=['0728'] s=0.430 | new rot a/d online 12.64/5.55 oracle 11.51/10.73 C1 2.37
  B4-gray AP12 batch 84: refs=['0728', '0723', '0108', '0114', '0103', '0120', '0099', '0127'] new=['0731'] s=0.448 | new rot a/d online 16.51/15.56 oracle 15.67/14.83 C1 1.74
  B4-gray AP12 batch 85: refs=['0731', '0728', '0723', '0108', '0114', '0120', '0103', '0127'] new=['0734'] s=0.452 | new rot a/d online 25.28/20.71 oracle 24.70/20.04 C1 2.66
  B4-gray AP12 batch 86: refs=['0734', '0731', '0728', '0723', '0108', '0114', '0120', '0127'] new=['0737'] s=0.471 | new rot a/d online 43.08/3.90 oracle 42.57/1.50 C1 3.30
  B4-gray AP12 batch 87: refs=['0737', '0734', '0731', '0728', '0723', '0114', '0108', '0120'] new=['0739'] s=0.482 | new rot a/d online 27.61/5.31 oracle 26.80/3.86 C1 3.33
  B4-gray AP12 batch 88: refs=['0739', '0737', '0734', '0731', '0728', '0723', '0114', '0108'] new=['0742'] s=0.472 | new rot a/d online 5.17/7.61 oracle 4.10/5.51 C1 5.24
  B4-gray AP12 batch 89: refs=['0742', '0739', '0737', '0734', '0731', '0728', '0723', '0108'] new=['0746'] s=0.476 | new rot a/d online 5.94/8.11 oracle 4.26/5.99 C1 4.19
  B4-gray AP12 batch 90: refs=['0746', '0742', '0739', '0737', '0734', '0731', '0728', '0723'] new=['0752'] s=0.478 | new rot a/d online 9.89/9.89 oracle 7.53/7.53 C1 4.55
  B4-gray AP12 batch 91: refs=['0752', '0746', '0742', '0739', '0737', '0734', '0731', '0728'] new=['0758'] s=0.473 | new rot a/d online 8.84/8.84 oracle 6.55/6.55 C1 4.06
  B4-gray AP12 batch 92: refs=['0758', '0752', '0746', '0742', '0739', '0737', '0734', '0731'] new=['0763'] s=0.475 | new rot a/d online 8.68/8.68 oracle 6.83/6.83 C1 3.34
  B4-gray AP12 batch 93: refs=['0763', '0758', '0752', '0746', '0742', '0739', '0737', '0734'] new=['0768'] s=0.476 | new rot a/d online 8.43/8.43 oracle 5.92/5.92 C1 3.24
  B4-gray AP12 batch 94: refs=['0768', '0763', '0758', '0752', '0746', '0742', '0739', '0737'] new=['0775'] s=0.475 | new rot a/d online 7.17/7.17 oracle 3.98/3.98 C1 3.22
  B4-gray AP12 batch 95: refs=['0775', '0768', '0763', '0758', '0752', '0746', '0742', '0739'] new=['0784'] s=0.475 | new rot a/d online 6.24/6.24 oracle 2.90/2.90 C1 3.32
  B4-gray AP12 batch 96: refs=['0784', '0775', '0768', '0763', '0758', '0752', '0746', '0742'] new=['0789'] s=0.476 | new rot a/d online 5.19/5.19 oracle 2.26/2.26 C1 1.87
  B4-gray AP12 batch 97: refs=['0789', '0784', '0775', '0768', '0763', '0758', '0752', '0746'] new=['0795'] s=0.477 | new rot a/d online 4.97/4.97 oracle 2.45/2.45 C1 1.82
  B4-gray AP12 batch 98: refs=['0795', '0789', '0784', '0775', '0768', '0763', '0758', '0752'] new=['0799'] s=0.475 | new rot a/d online 4.54/4.54 oracle 3.17/3.17 C1 2.01
  B4-gray AP12 batch 99: refs=['0799', '0795', '0789', '0784', '0775', '0768', '0763', '0758'] new=['0805'] s=0.478 | new rot a/d online 5.24/5.24 oracle 3.73/3.73 C1 1.28
  B4-gray AP12 batch 100: refs=['0805', '0799', '0795', '0789', '0666', '0662', '0784', '0660'] new=['0810'] s=0.468 | new rot a/d online 12.86/7.13 oracle 11.95/6.99 C1 2.06
  B4-gray AP12 batch 101: refs=['0810', '0805', '0799', '0662', '0666', '0660', '0795', '0656'] new=['0815'] s=0.441 | new rot a/d online 4.64/5.18 oracle 3.32/3.79 C1 1.62
  B4-gray AP12 batch 102: refs=['0815', '0810', '0805', '0662', '0660', '0656', '0666', '0651'] new=['0819'] s=0.439 | new rot a/d online 8.86/7.20 oracle 9.05/7.35 C1 0.70
  B4-gray AP12 batch 103: refs=['0819', '0815', '0656', '0660', '0651', '0662', '0643', '0810'] new=['0824'] s=0.440 | new rot a/d online 9.55/3.21 oracle 8.48/3.40 C1 1.56
  B4-gray AP12 batch 104: refs=['0824', '0651', '0656', '0643', '0660', '0819', '0662', '0251'] new=['0828'] s=0.441 | new rot a/d online 4.70/3.33 oracle 5.34/3.72 C1 2.67
  B4-gray AP12 batch 105: refs=['0643', '0651', '0828', '0489', '0656', '0457', '0251', '0440'] new=['0832'] s=0.427 | new rot a/d online 9.08/13.36 oracle 7.88/12.22 C1 2.82
  B4-gray AP12 batch 106: refs=['0489', '0440', '0457', '0428', '0643', '0832', '0417', '0651'] new=['0838'] s=0.431 | new rot a/d online 11.21/14.78 oracle 11.37/15.12 C1 2.93
  B4-gray AP12 batch 107: refs=['0417', '0428', '0411', '0838', '0440', '0489', '0457', '0643'] new=['0844'] s=0.437 | new rot a/d online 19.30/21.02 oracle 17.60/19.36 C1 2.89
  B4-gray AP12 batch 108: refs=['0405', '0411', '0400', '0417', '0844', '0396', '0428', '0266'] new=['0851'] s=0.443 | new rot a/d online 9.83/11.24 oracle 8.50/10.18 C1 2.76
  B4-gray AP12 batch 109: refs=['0396', '0391', '0400', '0386', '0405', '0384', '0851', '0380'] new=['0865'] s=0.444 | new rot a/d online 3.63/3.63 oracle 1.39/1.39 C1 1.89
  B4-gray AP12 batch 110: refs=['0865', '0391', '0396', '0386', '0400', '0384', '0405', '0380'] new=['0870'] s=0.407 | new rot a/d online 0.83/0.83 oracle 2.69/2.69 C1 1.99
  B4-gray AP12 batch 111: refs=['0870', '0865', '0396', '0391', '0386', '0400', '0384', '0405'] new=['0882'] s=0.406 | new rot a/d online 3.98/3.98 oracle 1.87/1.87 C1 1.82
  B4-gray AP12 batch 112: refs=['0882', '0865', '0870', '0396', '0391', '0400', '0386', '0405'] new=['0888'] s=0.416 | new rot a/d online 14.99/21.36 oracle 12.52/18.17 C1 2.53
  B4-gray AP12 batch 113: refs=['0888', '0400', '0396', '0882', '0865', '0405', '0870', '0851'] new=['0896'] s=0.409 | new rot a/d online 10.19/4.85 oracle 8.49/3.88 C1 3.06
  B4-gray AP12 batch 114: refs=['0896', '0405', '0851', '0400', '0888', '0411', '0396', '0865'] new=['0905'] s=0.411 | new rot a/d online 11.39/5.91 oracle 9.61/4.86 C1 2.40
  B4-gray AP12 batch 115: refs=['0905', '0411', '0851', '0405', '0844', '0417', '0400', '0896'] new=['0913'] s=0.423 | new rot a/d online 4.44/3.73 oracle 5.09/3.75 C1 1.63
  B4-gray AP12 batch 116: refs=['0913', '0844', '0417', '0411', '0838', '0428', '0851', '0905'] new=['0920'] s=0.432 | new rot a/d online 2.16/1.19 oracle 2.80/2.53 C1 1.07
  B4-gray AP12 batch 117: refs=['0838', '0920', '0844', '0489', '0832', '0428', '0417', '0440'] new=['0958'] s=0.433 | new rot a/d online 6.93/6.93 oracle 5.22/5.22 C1 0.80
  B4-gray AP12 batch 118: refs=['0958', '0920', '0838', '0832', '0844', '0913', '0489', '0828'] new=['1119'] s=0.436 | new rot a/d online 5.78/4.58 oracle 6.18/4.97 C1 0.98
  B4-gray AP12 batch 119: refs=['1119', '0958', '0920', '0832', '0838', '0828', '0913', '0844'] new=['1128'] s=0.430 | new rot a/d online 7.00/2.35 oracle 6.56/2.40 C1 1.33
  B4-gray AP12 batch 120: refs=['1128', '1119', '0958', '0920', '0832', '0828', '0838', '0913'] new=['1134'] s=0.427 | new rot a/d online 4.35/4.35 oracle 3.23/3.23 C1 1.48
  B4-gray AP12 batch 121: refs=['1134', '1128', '1119', '0958', '0828', '0920', '0824', '0832'] new=['1144'] s=0.431 | new rot a/d online 6.13/3.93 oracle 5.51/3.47 C1 1.62
  B4-gray AP12 batch 122: refs=['1144', '1134', '1128', '1119', '0958', '0824', '0828', '0819'] new=['1151'] s=0.441 | new rot a/d online 9.09/4.16 oracle 9.36/4.97 C1 1.34
  B4-gray AP12 batch 123: refs=['1151', '1144', '1134', '1128', '1119', '0819', '0824', '0815'] new=['1157'] s=0.451 | new rot a/d online 11.47/3.81 oracle 12.01/4.63 C1 1.48
  B4-gray AP12 batch 124: refs=['1157', '1151', '1144', '1134', '1128', '1119', '0815', '0819'] new=['1164'] s=0.446 | new rot a/d online 5.08/2.10 oracle 6.08/3.38 C1 2.03
  B4-gray AP12 batch 125: refs=['1164', '1157', '1151', '1144', '1134', '1128', '0810', '0815'] new=['1173'] s=0.453 | new rot a/d online 4.33/4.33 oracle 4.22/4.22 C1 1.50
  B4-gray AP12 batch 126: refs=['1173', '1164', '1157', '1151', '1144', '1134', '1128', '0805'] new=['1178'] s=0.450 | new rot a/d online 3.81/3.81 oracle 3.58/3.58 C1 1.34
  B4-gray AP12 batch 127: refs=['1178', '1173', '1164', '1157', '1151', '1144', '1134', '0805'] new=['1184'] s=0.464 | new rot a/d online 1.10/1.10 oracle 1.00/1.00 C1 1.34
  B4-gray AP12 batch 128: refs=['1184', '1178', '1173', '1164', '1157', '1151', '1144', '1134'] new=['1190'] s=0.465 | new rot a/d online 3.52/3.52 oracle 3.15/3.15 C1 1.69
  B4-gray AP12 batch 129: refs=['1190', '1184', '1178', '1173', '1164', '1157', '1151', '1144'] new=['1196'] s=0.478 | new rot a/d online 4.45/4.45 oracle 3.78/3.78 C1 1.71
  B4-gray AP12 batch 130: refs=['1196', '1184', '1190', '1178', '1173', '1164', '1157', '1151'] new=['1199'] s=0.489 | new rot a/d online 6.92/6.92 oracle 6.50/6.50 C1 1.89
  B4-gray AP12 batch 131: refs=['1199', '1196', '1178', '1184', '1190', '1173', '1164', '1157'] new=['1204'] s=0.485 | new rot a/d online 6.31/6.31 oracle 5.65/5.65 C1 1.74
  B4-gray AP12 batch 132: refs=['1204', '1199', '1178', '1196', '1173', '1184', '1190', '1164'] new=['1211'] s=0.482 | new rot a/d online 6.32/6.32 oracle 5.62/5.62 C1 1.37
  B4-gray AP12 batch 133: refs=['1211', '1204', '1173', '1199', '1178', '1196', '1184', '1190'] new=['1219'] s=0.480 | new rot a/d online 5.57/5.57 oracle 4.80/4.80 C1 1.23
  B4-gray AP12 batch 134: refs=['1219', '1211', '1173', '1164', '1204', '1178', '1199', '1196'] new=['1229'] s=0.470 | new rot a/d online 5.18/5.18 oracle 4.24/4.24 C1 1.60
  B4-gray AP12 batch 135: refs=['1229', '1164', '1219', '1173', '1157', '1211', '1204', '1178'] new=['1235'] s=0.455 | new rot a/d online 2.01/2.01 oracle 1.60/1.60 C1 0.96
  B4-gray AP12 batch 136: refs=['1235', '1157', '1164', '1229', '1151', '1219', '1173', '1211'] new=['1241'] s=0.446 | new rot a/d online 2.66/2.66 oracle 2.54/1.57 C1 0.90
  B4-gray AP12 batch 137: refs=['1241', '1235', '1157', '1164', '1151', '1229', '1144', '1219'] new=['1245'] s=0.444 | new rot a/d online 10.28/11.13 oracle 9.68/10.50 C1 2.23
  B4-gray AP12 batch 138: refs=['1245', '1241', '1157', '1151', '1235', '1164', '1144', '1229'] new=['1248'] s=0.438 | new rot a/d online 3.90/3.22 oracle 3.94/3.31 C1 0.96
  B4-gray AP12 batch 139: refs=['1248', '1245', '1241', '1151', '1144', '1157', '1235', '1164'] new=['1252'] s=0.435 | new rot a/d online 7.01/5.28 oracle 6.79/3.71 C1 0.73
  B4-gray AP12 batch 140: refs=['1252', '1248', '1245', '1144', '1151', '1241', '1134', '1157'] new=['1257'] s=0.431 | new rot a/d online 9.15/2.96 oracle 8.82/1.98 C1 1.04
  B4-gray AP12 batch 141: refs=['1257', '1252', '1248', '1144', '1245', '1134', '1151', '1241'] new=['1261'] s=0.427 | new rot a/d online 8.07/2.44 oracle 7.66/1.67 C1 1.24
  B4-gray AP12 batch 142: refs=['1261', '1257', '1252', '1248', '1134', '1144', '1128', '1151'] new=['1266'] s=0.436 | new rot a/d online 21.09/0.37 oracle 20.63/1.01 C1 1.37
  B4-gray AP12 batch 143: refs=['1266', '1261', '1257', '1252', '1134', '1128', '1144', '1248'] new=['1270'] s=0.433 | new rot a/d online 19.65/0.87 oracle 19.19/1.19 C1 1.79
  B4-gray AP12 batch 144: refs=['1270', '1266', '1261', '0905', '0896', '1257', '0888', '0913'] new=['1277'] s=0.421 | new rot a/d online 76.00/2.34 oracle 77.94/1.39 C1 2.31
  B4-gray AP12 batch 145: refs=['1277', '1270', '0896', '0888', '0905', '0882', '1266', '0870'] new=['1283'] s=0.420 | new rot a/d online 99.23/136.92 oracle 102.18/139.70 C1 1.71
  B4-gray AP12 batch 146: refs=['1283', '0888', '0896', '0882', '0870', '0905', '1277', '0865'] new=['1293'] s=0.417 | new rot a/d online 122.57/138.65 oracle 125.79/141.25 C1 3.43
  B4-gray AP12 batch 147: refs=['0888', '0882', '1293', '0870', '0896', '0865', '0396', '0391'] new=['1300'] s=0.423 | new rot a/d online 71.18/81.40 oracle 72.64/82.87 C1 3.33
  B4-gray AP12 batch 148: refs=['1293', '1300', '0888', '0882', '0896', '1283', '0870', '0865'] new=['1334'] s=0.422 | new rot a/d online 78.22/110.82 oracle 78.46/111.13 C1 3.61
  B4-gray AP12 batch 149: refs=['1293', '1334', '1300', '1283', '0888', '0896', '0882', '0870'] new=['1342'] s=0.401 | new rot a/d online 52.71/106.79 oracle 55.41/109.31 C1 2.11
  B4-gray AP12 batch 150: refs=['1293', '1342', '1334', '1283', '1300', '0888', '1277', '0896'] new=['1349'] s=0.391 | new rot a/d online 15.89/2.79 oracle 18.53/4.54 C1 2.22
  B4-gray AP12 batch 151: refs=['1283', '1349', '1293', '1342', '1334', '1277', '1300', '0896'] new=['1356'] s=0.386 | new rot a/d online 6.41/3.78 oracle 8.96/4.38 C1 2.51
  B4-gray AP12 batch 152: refs=['1283', '1356', '1349', '1293', '1277', '1342', '1334', '1300'] new=['1363'] s=0.383 | new rot a/d online 6.62/6.62 oracle 6.38/6.38 C1 1.92
  B4-gray AP12 batch 153: refs=['1283', '1363', '1277', '1356', '1349', '1293', '1342', '1270'] new=['1369'] s=0.386 | new rot a/d online 7.73/7.73 oracle 7.21/7.21 C1 2.22
  B4-gray AP12 batch 154: refs=['1277', '1369', '1283', '1363', '1270', '1356', '1349', '1293'] new=['1373'] s=0.387 | new rot a/d online 6.12/6.12 oracle 5.40/5.40 C1 2.03
  B4-gray AP12 batch 155: refs=['1373', '1277', '1270', '1369', '1363', '1283', '1266', '1356'] new=['1378'] s=0.389 | new rot a/d online 4.75/4.75 oracle 3.40/3.40 C1 1.95
  B4-gray AP12 batch 156: refs=['1378', '1270', '1373', '1277', '1266', '1369', '1363', '1283'] new=['1381'] s=0.390 | new rot a/d online 3.39/3.39 oracle 2.77/2.77 C1 1.70
  B4-gray AP12 batch 157: refs=['1381', '1378', '1270', '1266', '1373', '1277', '1261', '1369'] new=['1387'] s=0.392 | new rot a/d online 2.96/2.96 oracle 3.49/3.49 C1 1.02
  B4-gray AP12 batch 158: refs=['1387', '1381', '1266', '1261', '1270', '1378', '1257', '1373'] new=['1391'] s=0.400 | new rot a/d online 10.25/1.63 oracle 10.83/1.55 C1 0.79
  B4-gray AP12 batch 159: refs=['1391', '1387', '1261', '1266', '1381', '1134', '1257', '1144'] new=['1396'] s=0.403 | new rot a/d online 0.82/0.82 oracle 2.37/2.37 C1 1.54
  B4-gray AP12 batch 160: refs=['1396', '1391', '1144', '1134', '1387', '1261', '1257', '1266'] new=['1401'] s=0.398 | new rot a/d online 1.80/1.80 oracle 2.35/2.35 C1 0.83
  B4-gray AP12 batch 161: refs=['1401', '1144', '1396', '1134', '1391', '1151', '1257', '1261'] new=['1405'] s=0.400 | new rot a/d online 2.39/2.39 oracle 2.82/2.82 C1 1.18
  B4-gray AP12 batch 162: refs=['1405', '1144', '1401', '1396', '1151', '1134', '1391', '1257'] new=['1411'] s=0.398 | new rot a/d online 1.38/1.38 oracle 1.31/1.31 C1 1.18
  B4-gray AP12 batch 163: refs=['1411', '1405', '1144', '1401', '1396', '1151', '1134', '1391'] new=['1421'] s=0.400 | new rot a/d online 1.05/1.05 oracle 2.13/2.44 C1 1.25
  B4-gray AP12 batch 164: refs=['1421', '1411', '1405', '1401', '1144', '1396', '1134', '1151'] new=['1434'] s=0.404 | new rot a/d online 0.89/0.89 oracle 1.71/1.71 C1 1.11
  B4-gray AP12 batch 165: refs=['1401', '1396', '1405', '1434', '1391', '1134', '1421', '1411'] new=['1598'] s=0.403 | new rot a/d online 8.42/8.42 oracle 7.84/7.84 C1 2.09
  B4-gray AP12 batch 166: refs=['1396', '1401', '1405', '1391', '1598', '1434', '1421', '1411'] new=['1615'] s=0.408 | new rot a/d online 15.00/15.00 oracle 14.48/15.62 C1 1.57
DONE B4-gray AP12 new=170 rot a/d online=6.29/5.24 oracle=5.71/4.28 C1=2.03 C2=3.07 258s
[_client.py] HTTP Request: HEAD https://huggingface.co/facebook/VGGT-1B/resolve/main/model.pt "HTTP/1.1 302 Found"
[vision_transformer.py] using MLP layer as FFN
  B5 AP12 batch 0: refs=['0000'] new=['0023', '0044', '0050', '0066'] s=0.548 | new rot a/d online 18.93/18.93 oracle 18.93/18.93 C1 4.23
  B5 AP12 batch 1: refs=['0066'] new=['0075', '0077', '0081', '0086', '0089'] s=0.542 | new rot a/d online 17.60/17.60 oracle 17.29/17.29 C1 1.93
  B5 AP12 batch 2: refs=['0089'] new=['0094', '0099', '0103', '0108', '0114'] s=0.739 | new rot a/d online 15.08/15.08 oracle 17.42/17.42 C1 0.87
  B5 AP12 batch 3: refs=['0114'] new=['0120', '0127', '0134', '0180', '0187'] s=0.568 | new rot a/d online 11.46/11.46 oracle 11.62/11.62 C1 1.46
  B5 AP12 batch 4: refs=['0187'] new=['0190', '0195', '0202', '0205', '0209'] s=0.765 | new rot a/d online 19.07/19.07 oracle 19.54/19.54 C1 2.73
  B5 AP12 batch 5: refs=['0209'] new=['0212', '0214', '0219', '0223', '0226'] s=0.778 | new rot a/d online 17.02/17.02 oracle 15.38/15.38 C1 2.88
  B5 AP12 batch 6: refs=['0226'] new=['0228', '0233', '0238', '0241', '0243'] s=0.775 | new rot a/d online 23.36/23.36 oracle 17.83/17.83 C1 6.10
  B5 AP12 batch 7: refs=['0243'] new=['0245', '0248', '0251', '0255', '0260'] s=0.749 | new rot a/d online 17.51/17.51 oracle 18.88/18.88 C1 1.64
  B5 AP12 batch 8: refs=['0260'] new=['0263', '0266', '0270', '0276', '0280'] s=0.877 | new rot a/d online 19.38/19.38 oracle 19.32/19.32 C1 2.02
  B5 AP12 batch 9: refs=['0280'] new=['0284', '0295', '0302', '0308', '0315'] s=1.056 | new rot a/d online 16.43/16.43 oracle 15.94/15.94 C1 1.88
  B5 AP12 batch 10: refs=['0315'] new=['0325', '0338', '0360', '0365', '0368'] s=0.522 | new rot a/d online 11.43/11.43 oracle 11.39/11.39 C1 4.35
  B5 AP12 batch 11: refs=['0368'] new=['0373', '0378', '0380', '0384', '0386'] s=0.573 | new rot a/d online 17.67/17.67 oracle 16.66/16.66 C1 4.04
  B5 AP12 batch 12: refs=['0386'] new=['0391', '0396', '0400', '0405', '0411'] s=0.821 | new rot a/d online 17.31/17.31 oracle 17.04/17.04 C1 3.53
  B5 AP12 batch 13: refs=['0411'] new=['0417', '0428', '0440', '0457', '0489'] s=0.707 | new rot a/d online 16.99/16.99 oracle 16.77/16.77 C1 1.99
  B5 AP12 batch 14: refs=['0489'] new=['0643', '0651', '0656', '0660', '0662'] s=0.440 | new rot a/d online 16.96/16.96 oracle 17.33/17.33 C1 1.47
  B5 AP12 batch 15: refs=['0662'] new=['0666', '0670', '0674', '0678', '0682'] s=0.452 | new rot a/d online 17.04/17.04 oracle 16.85/16.85 C1 2.87
  B5 AP12 batch 16: refs=['0682'] new=['0688', '0694', '0697', '0701', '0706'] s=0.711 | new rot a/d online 19.33/19.33 oracle 19.37/19.37 C1 4.03
  B5 AP12 batch 17: refs=['0706'] new=['0718', '0723', '0728', '0731', '0734'] s=0.796 | new rot a/d online 16.14/16.14 oracle 13.74/13.74 C1 2.66
  B5 AP12 batch 18: refs=['0734'] new=['0737', '0739', '0742', '0746', '0752'] s=0.512 | new rot a/d online 19.38/19.38 oracle 17.01/17.01 C1 4.19
  B5 AP12 batch 19: refs=['0752'] new=['0758', '0763', '0768', '0775', '0784'] s=0.506 | new rot a/d online 18.66/18.66 oracle 16.46/16.46 C1 3.32
  B5 AP12 batch 20: refs=['0784'] new=['0789', '0795', '0799', '0805', '0810'] s=0.541 | new rot a/d online 22.00/22.00 oracle 20.99/20.99 C1 1.87
  B5 AP12 batch 21: refs=['0810'] new=['0815', '0819', '0824', '0828', '0832'] s=0.507 | new rot a/d online 16.12/16.12 oracle 17.31/17.31 C1 1.62
  B5 AP12 batch 22: refs=['0832'] new=['0838', '0844', '0851', '0865', '0870'] s=0.649 | new rot a/d online 17.70/17.70 oracle 19.19/19.19 C1 2.76
  B5 AP12 batch 23: refs=['0870'] new=['0882', '0888', '0896', '0905', '0913'] s=0.647 | new rot a/d online 18.52/18.52 oracle 17.92/17.92 C1 2.40
  B5 AP12 batch 24: refs=['0913'] new=['0920', '0958', '1119', '1128', '1134'] s=0.441 | new rot a/d online 10.83/10.83 oracle 11.57/11.57 C1 1.07
  B5 AP12 batch 25: refs=['1134'] new=['1144', '1151', '1157', '1164', '1173'] s=0.556 | new rot a/d online 21.43/21.43 oracle 23.10/23.10 C1 1.50
  B5 AP12 batch 26: refs=['1173'] new=['1178', '1184', '1190', '1196', '1199'] s=0.606 | new rot a/d online 13.49/13.49 oracle 12.45/12.45 C1 1.69
  B5 AP12 batch 27: refs=['1199'] new=['1204', '1211', '1219', '1229', '1235'] s=0.870 | new rot a/d online 17.16/17.16 oracle 15.84/15.84 C1 1.37
  B5 AP12 batch 28: refs=['1235'] new=['1241', '1245', '1248', '1252', '1257'] s=0.489 | new rot a/d online 21.17/21.17 oracle 20.51/20.51 C1 0.96
  B5 AP12 batch 29: refs=['1257'] new=['1261', '1266', '1270', '1277', '1283'] s=0.759 | new rot a/d online 18.71/18.71 oracle 17.59/17.59 C1 1.71
  B5 AP12 batch 30: refs=['1283'] new=['1293', '1300', '1334', '1342', '1349'] s=1.004 | new rot a/d online 11.48/11.48 oracle 10.56/10.56 C1 3.33
  B5 AP12 batch 31: refs=['1349'] new=['1356', '1363', '1369', '1373', '1378'] s=1.054 | new rot a/d online 15.70/15.70 oracle 16.26/16.26 C1 2.03
  B5 AP12 batch 32: refs=['1378'] new=['1381', '1387', '1391', '1396', '1401'] s=0.650 | new rot a/d online 17.22/17.22 oracle 16.98/16.98 C1 1.02
  B5 AP12 batch 33: refs=['1401'] new=['1405', '1411', '1421', '1434', '1598'] s=0.469 | new rot a/d online 15.34/15.34 oracle 16.11/16.11 C1 1.18
  B5 AP12 batch 34: refs=['1598'] new=['1615'] s=0.421 | new rot a/d online 6.36/6.36 oracle 6.86/6.86 C1 1.57
DONE B5 AP12 new=170 rot a/d online=16.67/16.67 oracle=16.38/16.38 C1=2.03 C2=3.07 39s
[probe] GT rotations orthonormalized (max element change 4.09e-08)
[_client.py] HTTP Request: HEAD https://huggingface.co/facebook/VGGT-1B/resolve/main/model.pt "HTTP/1.1 302 Found"
[vision_transformer.py] using MLP layer as FFN
  B1-k8 MPM10 batch 0: refs=['0000'] new=['0079', '0082', '0086', '0090'] s=0.523 | new rot a/d online 159.98/159.98 oracle 159.98/159.98 C1 1.54
  B1-k8 MPM10 batch 1: refs=['0090', '0086', '0082', '0079', '0000'] new=['0093'] s=0.506 | new rot a/d online 10.94/3.59 oracle 10.08/2.75 C1 1.42
  B1-k8 MPM10 batch 2: refs=['0093', '0090', '0086', '0082', '0079', '0000'] new=['0097'] s=0.503 | new rot a/d online 5.04/3.28 oracle 3.61/2.17 C1 1.23
  B1-k8 MPM10 batch 3: refs=['0097', '0093', '0090', '0086', '0082', '0079', '0000'] new=['0100'] s=0.505 | new rot a/d online 4.34/3.76 oracle 2.83/2.74 C1 1.28
  B1-k8 MPM10 batch 4: refs=['0100', '0097', '0093', '0090', '0086', '0082', '0079', '0000'] new=['0102'] s=0.510 | new rot a/d online 8.26/3.75 oracle 7.60/3.67 C1 1.66
  B1-k8 MPM10 batch 5: refs=['0102', '0100', '0097', '0093', '0090', '0086', '0082', '0079'] new=['0104'] s=0.499 | new rot a/d online 3.15/3.15 oracle 2.05/2.05 C1 2.40
  B1-k8 MPM10 batch 6: refs=['0104', '0102', '0100', '0097', '0093', '0090', '0086', '0082'] new=['0107'] s=0.509 | new rot a/d online 7.55/7.55 oracle 6.65/6.65 C1 1.34
  B1-k8 MPM10 batch 7: refs=['0107', '0104', '0102', '0100', '0097', '0093', '0090', '0086'] new=['0109'] s=0.531 | new rot a/d online 18.85/19.13 oracle 17.89/18.29 C1 0.53
  B1-k8 MPM10 batch 8: refs=['0109', '0107', '0104', '0102', '0100', '0097', '0093', '0090'] new=['0112'] s=0.546 | new rot a/d online 19.12/25.39 oracle 18.06/15.90 C1 2.08
  B1-k8 MPM10 batch 9: refs=['0112', '0109', '0107', '0104', '0102', '0100', '0097', '0093'] new=['0115'] s=0.559 | new rot a/d online 15.79/18.97 oracle 15.35/16.55 C1 1.93
  B1-k8 MPM10 batch 10: refs=['0115', '0112', '0109', '0107', '0104', '0102', '0100', '0097'] new=['0119'] s=0.542 | new rot a/d online 10.46/13.67 oracle 10.16/13.01 C1 5.76
  B1-k8 MPM10 batch 11: refs=['0119', '0115', '0112', '0109', '0107', '0104', '0102', '0100'] new=['0123'] s=0.547 | new rot a/d online 14.95/21.76 oracle 15.48/19.86 C1 8.14
  B1-k8 MPM10 batch 12: refs=['0123', '0119', '0115', '0112', '0109', '0107', '0104', '0102'] new=['0127'] s=0.515 | new rot a/d online 10.98/12.39 oracle 10.10/6.83 C1 9.15
  B1-k8 MPM10 batch 13: refs=['0127', '0123', '0119', '0115', '0112', '0109', '0107', '0104'] new=['0131'] s=0.506 | new rot a/d online 14.77/16.18 oracle 12.27/16.19 C1 7.72
  B1-k8 MPM10 batch 14: refs=['0131', '0127', '0123', '0119', '0115', '0112', '0109', '0107'] new=['0136'] s=0.492 | new rot a/d online 25.37/23.69 oracle 20.91/13.40 C1 8.48
  B1-k8 MPM10 batch 15: refs=['0136', '0131', '0127', '0123', '0119', '0115', '0112', '0109'] new=['0140'] s=0.485 | new rot a/d online 35.50/15.38 oracle 30.92/8.30 C1 7.67
  B1-k8 MPM10 batch 16: refs=['0140', '0136', '0131', '0127', '0123', '0119', '0115', '0112'] new=['0144'] s=0.478 | new rot a/d online 12.37/17.56 oracle 9.69/11.88 C1 11.01
  B1-k8 MPM10 batch 17: refs=['0144', '0140', '0136', '0131', '0127', '0123', '0119', '0115'] new=['0147'] s=0.486 | new rot a/d online 15.90/15.26 oracle 11.32/7.72 C1 9.66
  B1-k8 MPM10 batch 18: refs=['0147', '0144', '0140', '0136', '0131', '0127', '0123', '0119'] new=['0153'] s=0.489 | new rot a/d online 15.77/16.61 oracle 7.45/8.21 C1 9.24
  B1-k8 MPM10 batch 19: refs=['0153', '0147', '0144', '0140', '0136', '0131', '0127', '0123'] new=['0162'] s=0.479 | new rot a/d online 15.10/13.52 oracle 5.66/5.66 C1 8.60
  B1-k8 MPM10 batch 20: refs=['0162', '0153', '0147', '0144', '0140', '0136', '0131', '0127'] new=['0169'] s=0.491 | new rot a/d online 19.49/18.59 oracle 10.60/8.85 C1 8.79
  B1-k8 MPM10 batch 21: refs=['0169', '0162', '0153', '0147', '0144', '0140', '0136', '0131'] new=['0174'] s=0.473 | new rot a/d online 15.18/14.54 oracle 6.67/4.81 C1 8.86
  B1-k8 MPM10 batch 22: refs=['0174', '0169', '0162', '0153', '0147', '0144', '0140', '0136'] new=['0177'] s=0.473 | new rot a/d online 15.23/10.85 oracle 5.98/2.02 C1 9.01
  B1-k8 MPM10 batch 23: refs=['0177', '0174', '0169', '0162', '0153', '0147', '0144', '0140'] new=['0180'] s=0.475 | new rot a/d online 13.69/13.69 oracle 4.26/4.26 C1 9.78
  B1-k8 MPM10 batch 24: refs=['0180', '0177', '0174', '0169', '0162', '0153', '0147', '0144'] new=['0184'] s=0.468 | new rot a/d online 12.71/12.71 oracle 3.13/3.13 C1 10.29
  B1-k8 MPM10 batch 25: refs=['0184', '0180', '0177', '0174', '0169', '0162', '0153', '0147'] new=['0187'] s=0.468 | new rot a/d online 11.30/11.30 oracle 1.67/1.67 C1 9.68
  B1-k8 MPM10 batch 26: refs=['0187', '0184', '0180', '0177', '0174', '0169', '0162', '0153'] new=['0191'] s=0.466 | new rot a/d online 9.64/9.64 oracle 3.62/3.62 C1 7.94
  B1-k8 MPM10 batch 27: refs=['0191', '0187', '0184', '0180', '0177', '0174', '0169', '0162'] new=['0202'] s=0.464 | new rot a/d online 10.94/10.94 oracle 3.84/3.84 C1 9.00
  B1-k8 MPM10 batch 28: refs=['0202', '0191', '0187', '0184', '0180', '0177', '0174', '0169'] new=['0209'] s=0.469 | new rot a/d online 11.05/11.05 oracle 5.29/5.29 C1 8.79
  B1-k8 MPM10 batch 29: refs=['0209', '0202', '0191', '0187', '0184', '0180', '0177', '0174'] new=['0213'] s=0.467 | new rot a/d online 12.55/12.55 oracle 7.51/7.51 C1 9.75
  B1-k8 MPM10 batch 30: refs=['0213', '0209', '0202', '0191', '0187', '0184', '0180', '0177'] new=['0216'] s=0.472 | new rot a/d online 15.46/15.46 oracle 8.92/8.92 C1 11.62
  B1-k8 MPM10 batch 31: refs=['0216', '0213', '0209', '0202', '0191', '0187', '0184', '0180'] new=['0221'] s=0.482 | new rot a/d online 17.74/18.16 oracle 11.84/11.84 C1 14.23
  B1-k8 MPM10 batch 32: refs=['0221', '0216', '0213', '0209', '0202', '0191', '0187', '0184'] new=['0227'] s=0.490 | new rot a/d online 23.51/20.27 oracle 20.67/16.91 C1 16.61
  B1-k8 MPM10 batch 33: refs=['0227', '0221', '0216', '0213', '0209', '0202', '0191', '0187'] new=['0235'] s=0.508 | new rot a/d online 26.96/24.16 oracle 19.33/20.78 C1 20.40
  B1-k8 MPM10 batch 34: refs=['0235', '0227', '0221', '0216', '0213', '0209', '0202', '0191'] new=['0239'] s=0.508 | new rot a/d online 33.54/37.27 oracle 24.40/32.22 C1 23.73
  B1-k8 MPM10 batch 35: refs=['0239', '0235', '0227', '0221', '0216', '0213', '0209', '0202'] new=['0244'] s=0.533 | new rot a/d online 41.01/49.19 oracle 28.74/40.89 C1 26.70
  B1-k8 MPM10 batch 36: refs=['0244', '0239', '0235', '0227', '0221', '0216', '0115', '0112'] new=['0247'] s=0.535 | new rot a/d online 32.58/36.35 oracle 17.55/22.34 C1 31.24
  B1-k8 MPM10 batch 37: refs=['0247', '0244', '0239', '0235', '0227', '0112', '0115', '0109'] new=['0249'] s=0.532 | new rot a/d online 37.41/41.59 oracle 22.54/13.36 C1 32.67
  B1-k8 MPM10 batch 38: refs=['0249', '0247', '0244', '0239', '0112', '0115', '0109', '0107'] new=['0252'] s=0.518 | new rot a/d online 49.44/48.67 oracle 34.80/54.66 C1 33.10
  B1-k8 MPM10 batch 39: refs=['0252', '0249', '0247', '0244', '0112', '0109', '0115', '0107'] new=['0256'] s=0.515 | new rot a/d online 54.27/39.60 oracle 37.05/21.43 C1 32.57
  B1-k8 MPM10 batch 40: refs=['0256', '0252', '0249', '0109', '0112', '0247', '0107', '0115'] new=['0261'] s=0.510 | new rot a/d online 57.33/38.12 oracle 43.72/58.05 C1 31.23
  B1-k8 MPM10 batch 41: refs=['0261', '0256', '0252', '0107', '0109', '0104', '0249', '0112'] new=['0262'] s=0.551 | new rot a/d online 43.63/48.16 oracle 27.63/23.98 C1 32.97
  B1-k8 MPM10 batch 42: refs=['0262', '0261', '0107', '0104', '0256', '0102', '0109', '0100'] new=['0263'] s=0.518 | new rot a/d online 50.83/79.43 oracle 47.71/78.95 C1 34.40
  B1-k8 MPM10 batch 43: refs=['0263', '0262', '0104', '0102', '0100', '0107', '0097', '0109'] new=['0265'] s=0.512 | new rot a/d online 60.33/76.67 oracle 58.82/76.59 C1 31.66
  B1-k8 MPM10 batch 44: refs=['0107', '0104', '0109', '0102', '0112', '0100', '0115', '0265'] new=['0267'] s=0.548 | new rot a/d online 95.03/105.18 oracle 93.08/101.78 C1 14.52
  B1-k8 MPM10 batch 45: refs=['0267', '0107', '0104', '0109', '0102', '0112', '0100', '0115'] new=['0270'] s=0.566 | new rot a/d online 96.12/97.86 oracle 96.53/98.15 C1 7.66
  B1-k8 MPM10 batch 46: refs=['0270', '0267', '0104', '0107', '0102', '0109', '0112', '0100'] new=['0274'] s=0.559 | new rot a/d online 67.73/82.08 oracle 67.84/82.17 C1 7.27
  B1-k8 MPM10 batch 47: refs=['0274', '0270', '0267', '0104', '0102', '0100', '0107', '0109'] new=['0279'] s=0.507 | new rot a/d online 60.65/92.57 oracle 61.47/95.55 C1 7.50
  B1-k8 MPM10 batch 48: refs=['0279', '0274', '0270', '0267', '0102', '0100', '0104', '0097'] new=['0282'] s=0.525 | new rot a/d online 37.38/81.63 oracle 39.31/81.21 C1 9.96
  B1-k8 MPM10 batch 49: refs=['0282', '0279', '0274', '0270', '0267', '0102', '0100', '0097'] new=['0286'] s=0.454 | new rot a/d online 30.00/9.17 oracle 33.83/8.85 C1 12.84
  B1-k8 MPM10 batch 50: refs=['0286', '0282', '0279', '0274', '0270', '0267', '0097', '0100'] new=['0290'] s=0.439 | new rot a/d online 14.59/12.66 oracle 14.26/8.40 C1 14.69
  B1-k8 MPM10 batch 51: refs=['0290', '0286', '0282', '0279', '0274', '0270', '0267', '0097'] new=['0292'] s=0.430 | new rot a/d online 19.30/12.90 oracle 14.90/6.18 C1 15.74
  B1-k8 MPM10 batch 52: refs=['0292', '0290', '0286', '0282', '0279', '0274', '0270', '0267'] new=['0296'] s=0.417 | new rot a/d online 13.21/13.15 oracle 9.73/7.12 C1 17.07
  B1-k8 MPM10 batch 53: refs=['0296', '0292', '0290', '0286', '0282', '0279', '0274', '0270'] new=['0302'] s=0.413 | new rot a/d online 18.03/15.68 oracle 13.68/7.39 C1 18.51
  B1-k8 MPM10 batch 54: refs=['0302', '0296', '0292', '0290', '0286', '0282', '0279', '0274'] new=['0307'] s=0.413 | new rot a/d online 14.63/14.63 oracle 7.46/4.94 C1 18.05
  B1-k8 MPM10 batch 55: refs=['0307', '0302', '0296', '0292', '0290', '0286', '0282', '0279'] new=['0312'] s=0.409 | new rot a/d online 12.03/12.03 oracle 4.69/4.69 C1 19.46
  B1-k8 MPM10 batch 56: refs=['0312', '0307', '0302', '0296', '0292', '0290', '0286', '0282'] new=['0316'] s=0.408 | new rot a/d online 9.24/9.24 oracle 4.65/4.65 C1 18.54
  B1-k8 MPM10 batch 57: refs=['0316', '0312', '0307', '0302', '0296', '0292', '0290', '0286'] new=['0320'] s=0.407 | new rot a/d online 5.96/4.88 oracle 6.03/6.03 C1 17.69
  B1-k8 MPM10 batch 58: refs=['0320', '0316', '0312', '0307', '0302', '0296', '0292', '0290'] new=['0324'] s=0.405 | new rot a/d online 5.22/4.28 oracle 6.51/6.51 C1 16.35
  B1-k8 MPM10 batch 59: refs=['0324', '0320', '0316', '0312', '0307', '0302', '0296', '0292'] new=['0328'] s=0.405 | new rot a/d online 6.34/6.34 oracle 6.19/6.19 C1 17.43
  B1-k8 MPM10 batch 60: refs=['0328', '0324', '0320', '0316', '0312', '0307', '0302', '0296'] new=['0333'] s=0.408 | new rot a/d online 7.97/7.97 oracle 4.13/4.13 C1 14.90
  B1-k8 MPM10 batch 61: refs=['0333', '0328', '0324', '0320', '0316', '0312', '0307', '0302'] new=['0338'] s=0.408 | new rot a/d online 9.37/9.37 oracle 2.64/2.64 C1 14.20
  B1-k8 MPM10 batch 62: refs=['0338', '0333', '0328', '0324', '0320', '0316', '0312', '0307'] new=['0342'] s=0.414 | new rot a/d online 10.14/10.14 oracle 1.76/1.76 C1 13.53
  B1-k8 MPM10 batch 63: refs=['0342', '0338', '0333', '0328', '0324', '0320', '0316', '0312'] new=['0347'] s=0.421 | new rot a/d online 12.24/12.24 oracle 3.45/3.45 C1 14.26
  B1-k8 MPM10 batch 64: refs=['0347', '0342', '0338', '0333', '0328', '0324', '0320', '0316'] new=['0368'] s=0.425 | new rot a/d online 11.55/11.55 oracle 3.96/3.96 C1 11.89
  B1-k8 MPM10 batch 65: refs=['0368', '0347', '0342', '0338', '0333', '0328', '0324', '0320'] new=['0380'] s=0.423 | new rot a/d online 11.00/11.00 oracle 6.14/6.14 C1 10.27
  B1-k8 MPM10 batch 66: refs=['0380', '0368', '0347', '0342', '0338', '0333', '0328', '0324'] new=['0389'] s=0.420 | new rot a/d online 9.16/9.16 oracle 4.57/4.57 C1 8.65
  B1-k8 MPM10 batch 67: refs=['0389', '0380', '0368', '0347', '0342', '0338', '0333', '0328'] new=['0395'] s=0.428 | new rot a/d online 7.73/7.73 oracle 4.80/4.80 C1 6.92
  B1-k8 MPM10 batch 68: refs=['0395', '0389', '0380', '0368', '0347', '0342', '0338', '0333'] new=['0397'] s=0.431 | new rot a/d online 6.67/6.67 oracle 3.23/3.23 C1 5.83
  B1-k8 MPM10 batch 69: refs=['0397', '0395', '0389', '0380', '0368', '0347', '0342', '0338'] new=['0399'] s=0.430 | new rot a/d online 4.43/4.43 oracle 1.77/1.77 C1 1.81
  B1-k8 MPM10 batch 70: refs=['0399', '0397', '0395', '0389', '0380', '0368', '0347', '0342'] new=['0400'] s=0.434 | new rot a/d online 2.64/2.64 oracle 2.72/2.72 C1 2.28
  B1-k8 MPM10 batch 71: refs=['0400', '0399', '0397', '0395', '0389', '0380', '0368', '0347'] new=['0402'] s=0.436 | new rot a/d online 3.06/3.06 oracle 5.01/5.01 C1 4.45
  B1-k8 MPM10 batch 72: refs=['0402', '0400', '0399', '0397', '0395', '0389', '0380', '0368'] new=['0405'] s=0.424 | new rot a/d online 4.24/4.24 oracle 3.69/3.69 C1 4.75
  B1-k8 MPM10 batch 73: refs=['0405', '0402', '0400', '0399', '0397', '0395', '0389', '0380'] new=['0409'] s=0.422 | new rot a/d online 4.31/4.31 oracle 3.41/3.41 C1 2.98
  B1-k8 MPM10 batch 74: refs=['0409', '0405', '0402', '0400', '0399', '0397', '0395', '0389'] new=['0415'] s=0.421 | new rot a/d online 4.36/4.36 oracle 3.61/3.61 C1 1.95
  B1-k8 MPM10 batch 75: refs=['0415', '0409', '0405', '0402', '0400', '0399', '0397', '0395'] new=['0421'] s=0.410 | new rot a/d online 5.42/5.42 oracle 4.45/4.45 C1 2.38
  B1-k8 MPM10 batch 76: refs=['0421', '0415', '0409', '0405', '0402', '0400', '0399', '0397'] new=['0450'] s=0.413 | new rot a/d online 6.03/6.03 oracle 5.53/5.53 C1 2.32
  B1-k8 MPM10 batch 77: refs=['0450', '0421', '0415', '0409', '0405', '0402', '0400', '0399'] new=['0459'] s=0.417 | new rot a/d online 6.66/6.66 oracle 6.25/6.25 C1 3.78
  B1-k8 MPM10 batch 78: refs=['0459', '0450', '0421', '0415', '0409', '0405', '0402', '0400'] new=['0477'] s=0.416 | new rot a/d online 5.07/5.07 oracle 3.65/3.65 C1 4.01
  B1-k8 MPM10 batch 79: refs=['0477', '0459', '0450', '0421', '0415', '0409', '0405', '0402'] new=['0496'] s=0.415 | new rot a/d online 4.67/4.67 oracle 3.31/3.31 C1 3.75
  B1-k8 MPM10 batch 80: refs=['0496', '0477', '0459', '0450', '0421', '0415', '0409', '0405'] new=['0508'] s=0.438 | new rot a/d online 5.15/5.15 oracle 4.78/4.78 C1 5.16
  B1-k8 MPM10 batch 81: refs=['0508', '0496', '0477', '0459', '0450', '0421', '0415', '0409'] new=['0514'] s=0.433 | new rot a/d online 4.38/4.38 oracle 2.80/2.80 C1 5.12
  B1-k8 MPM10 batch 82: refs=['0514', '0508', '0496', '0477', '0459', '0450', '0421', '0415'] new=['0532'] s=0.441 | new rot a/d online 5.43/5.43 oracle 3.09/3.09 C1 7.96
  B1-k8 MPM10 batch 83: refs=['0532', '0514', '0508', '0496', '0477', '0459', '0450', '0421'] new=['0535'] s=0.447 | new rot a/d online 7.10/7.10 oracle 4.55/4.55 C1 7.19
  B1-k8 MPM10 batch 84: refs=['0535', '0532', '0514', '0508', '0496', '0477', '0459', '0450'] new=['0539'] s=0.450 | new rot a/d online 7.95/7.95 oracle 3.92/3.92 C1 7.77
  B1-k8 MPM10 batch 85: refs=['0539', '0535', '0532', '0514', '0508', '0496', '0477', '0459'] new=['0541'] s=0.442 | new rot a/d online 7.12/7.12 oracle 3.05/3.05 C1 4.36
  B1-k8 MPM10 batch 86: refs=['0541', '0539', '0535', '0532', '0514', '0508', '0496', '0477'] new=['0543'] s=0.441 | new rot a/d online 7.70/7.70 oracle 5.32/5.32 C1 3.74
  B1-k8 MPM10 batch 87: refs=['0543', '0541', '0539', '0535', '0532', '0514', '0508', '0496'] new=['0545'] s=0.441 | new rot a/d online 8.40/8.40 oracle 5.03/5.03 C1 4.11
  B1-k8 MPM10 batch 88: refs=['0545', '0543', '0541', '0539', '0535', '0532', '0514', '0508'] new=['0549'] s=0.440 | new rot a/d online 6.22/6.22 oracle 4.33/4.33 C1 3.18
  B1-k8 MPM10 batch 89: refs=['0549', '0545', '0543', '0541', '0539', '0535', '0532', '0514'] new=['0553'] s=0.439 | new rot a/d online 5.03/5.03 oracle 3.94/3.94 C1 3.88
  B1-k8 MPM10 batch 90: refs=['0553', '0549', '0545', '0543', '0541', '0539', '0535', '0532'] new=['0557'] s=0.436 | new rot a/d online 2.09/2.09 oracle 3.86/3.86 C1 1.95
  B1-k8 MPM10 batch 91: refs=['0557', '0553', '0549', '0545', '0543', '0541', '0539', '0535'] new=['0561'] s=0.434 | new rot a/d online 1.37/1.37 oracle 2.83/2.83 C1 2.70
  B1-k8 MPM10 batch 92: refs=['0561', '0557', '0553', '0549', '0545', '0543', '0541', '0539'] new=['0564'] s=0.435 | new rot a/d online 2.39/2.39 oracle 2.75/2.75 C1 3.14
  B1-k8 MPM10 batch 93: refs=['0564', '0561', '0557', '0553', '0549', '0545', '0543', '0541'] new=['0568'] s=0.437 | new rot a/d online 3.62/3.62 oracle 2.76/2.76 C1 3.81
  B1-k8 MPM10 batch 94: refs=['0568', '0564', '0561', '0557', '0553', '0549', '0545', '0541'] new=['0571'] s=0.438 | new rot a/d online 3.69/3.69 oracle 2.00/2.00 C1 3.65
  B1-k8 MPM10 batch 95: refs=['0571', '0568', '0564', '0561', '0557', '0553', '0549', '0545'] new=['0574'] s=0.438 | new rot a/d online 4.97/4.97 oracle 2.69/2.69 C1 5.03
  B1-k8 MPM10 batch 96: refs=['0574', '0571', '0568', '0564', '0561', '0557', '0553', '0549'] new=['0576'] s=0.440 | new rot a/d online 3.89/3.89 oracle 1.24/1.24 C1 4.03
  B1-k8 MPM10 batch 97: refs=['0576', '0574', '0571', '0568', '0564', '0561', '0557', '0553'] new=['0579'] s=0.441 | new rot a/d online 4.39/4.39 oracle 2.34/2.34 C1 4.81
  B1-k8 MPM10 batch 98: refs=['0579', '0576', '0574', '0571', '0568', '0564', '0561', '0557'] new=['0582'] s=0.443 | new rot a/d online 3.67/3.67 oracle 2.23/2.23 C1 4.05
  B1-k8 MPM10 batch 99: refs=['0582', '0579', '0576', '0574', '0571', '0568', '0564', '0561'] new=['0585'] s=0.447 | new rot a/d online 3.20/3.20 oracle 2.18/2.18 C1 3.79
  B1-k8 MPM10 batch 100: refs=['0582', '0585', '0579', '0576', '0574', '0571', '0568', '0564'] new=['0595'] s=0.450 | new rot a/d online 2.82/2.82 oracle 2.47/2.47 C1 4.17
  B1-k8 MPM10 batch 101: refs=['0579', '0576', '0595', '0582', '0585', '0574', '0571', '0568'] new=['0598'] s=0.450 | new rot a/d online 3.24/3.24 oracle 1.54/1.54 C1 3.05
  B1-k8 MPM10 batch 102: refs=['0598', '0576', '0579', '0574', '0595', '0582', '0585', '0571'] new=['0611'] s=0.451 | new rot a/d online 4.13/4.13 oracle 1.10/1.10 C1 3.79
  B1-k8 MPM10 batch 103: refs=['0611', '0598', '0576', '0579', '0595', '0574', '0582', '0585'] new=['0620'] s=0.452 | new rot a/d online 2.79/2.79 oracle 1.10/1.10 C1 2.94
  B1-k8 MPM10 batch 104: refs=['0576', '0574', '0611', '0620', '0598', '0579', '0571', '0568'] new=['0634'] s=0.450 | new rot a/d online 1.72/1.72 oracle 3.00/3.00 C1 2.84
  B1-k8 MPM10 batch 105: refs=['0634', '0576', '0611', '0574', '0620', '0598', '0579', '0571'] new=['0649'] s=0.453 | new rot a/d online 6.95/6.95 oracle 8.05/9.21 C1 2.80
  B1-k8 MPM10 batch 106: refs=['0649', '0634', '0574', '0571', '0561', '0576', '0564', '0568'] new=['0668'] s=0.488 | new rot a/d online 34.74/38.26 oracle 35.04/36.07 C1 5.08
  B1-k8 MPM10 batch 107: refs=['0668', '0649', '0634', '0561', '0574', '0571', '0564', '0568'] new=['0676'] s=0.520 | new rot a/d online 48.58/27.15 oracle 46.15/28.77 C1 8.69
  B1-k8 MPM10 batch 108: refs=['0676', '0668', '0561', '0564', '0571', '0568', '0574', '0634'] new=['0689'] s=0.526 | new rot a/d online 49.11/70.82 oracle 50.02/72.94 C1 6.64
  B1-k8 MPM10 batch 109: refs=['0561', '0676', '0564', '0689', '0568', '0668', '0557', '0571'] new=['0692'] s=0.450 | new rot a/d online 27.34/47.39 oracle 27.79/49.16 C1 6.10
  B1-k8 MPM10 batch 110: refs=['0561', '0557', '0692', '0564', '0676', '0568', '0553', '0689'] new=['0696'] s=0.449 | new rot a/d online 111.76/138.57 oracle 108.54/135.61 C1 5.85
  B1-k8 MPM10 batch 111: refs=['0696', '0557', '0561', '0564', '0692', '0676', '0568', '0553'] new=['0700'] s=0.613 | new rot a/d online 54.23/61.08 oracle 49.64/58.05 C1 8.45
  B1-k8 MPM10 batch 112: refs=['0700', '0696', '0557', '0561', '0692', '0564', '0553', '0568'] new=['0702'] s=0.643 | new rot a/d online 78.54/107.71 oracle 74.61/104.81 C1 10.00
  B1-k8 MPM10 batch 113: refs=['0216', '0571', '0568', '0574', '0564', '0692', '0576', '0668'] new=['0725'] s=0.532 | new rot a/d online 59.62/75.57 oracle 60.00/76.24 C1 42.06
  B1-k8 MPM10 batch 114: refs=['0725', '0216', '0239', '0571', '0568', '0574', '0564', '0090'] new=['0732'] s=0.549 | new rot a/d online 25.25/50.23 oracle 28.09/47.34 C1 44.10
  B1-k8 MPM10 batch 115: refs=['0732', '0216', '0725', '0239', '0140', '0097', '0093', '0090'] new=['0737'] s=0.513 | new rot a/d online 73.70/78.48 oracle 57.00/80.53 C1 43.01
  B1-k8 MPM10 batch 116: refs=['0737', '0732', '0216', '0725', '0140', '0239', '0100', '0097'] new=['0740'] s=0.498 | new rot a/d online 50.62/98.54 oracle 56.02/98.29 C1 39.12
  B1-k8 MPM10 batch 117: refs=['0740', '0737', '0732', '0216', '0725', '0221', '0140', '0100'] new=['0742'] s=0.501 | new rot a/d online 58.46/109.27 oracle 58.12/1.66 C1 35.09
  B1-k8 MPM10 batch 118: refs=['0742', '0740', '0737', '0732', '0221', '0216', '0140', '0725'] new=['0743'] s=0.463 | new rot a/d online 36.96/35.73 oracle 29.17/4.55 C1 32.14
  B1-k8 MPM10 batch 119: refs=['0209', '0221', '0743', '0742', '0740', '0737', '0732', '0227'] new=['0746'] s=0.496 | new rot a/d online 36.36/34.83 oracle 25.12/8.37 C1 8.18
  B1-k8 MPM10 batch 120: refs=['0746', '0221', '0209', '0743', '0202', '0742', '0227', '0737'] new=['0754'] s=0.471 | new rot a/d online 61.86/12.36 oracle 51.23/4.71 C1 11.52
  B1-k8 MPM10 batch 121: refs=['0754', '0221', '0746', '0202', '0209', '0213', '0743', '0227'] new=['0763'] s=0.460 | new rot a/d online 118.38/160.11 oracle 92.86/136.07 C1 10.82
/home/kist/Desktop/BundleSAM3DGS/experiments/vggt_probe/p1b_runB.py:99: RuntimeWarning: All-NaN slice encountered
  log(f"  {cond} {sq} batch {bi}: refs={b['ref']} new={b['new']} s={s_batch:.3f} | new rot a/d online {np.nanmedian([x['rot_a_online'] for x in nn]):.2f}/{np.nanmedian([x['rot_d_online'] for x in nn]):.2f} oracle {np.nanmedian([x['rot_a_oracle'] for x in nn]):.2f}/{np.nanmedian([x['rot_d_oracle'] for x in nn]):.2f} C1 {np.nanmedian([x['rot_c1'] for x in nn]):.2f}")
  B1-k8 MPM10 batch 122: refs=['0763', '0221', '0754', '0746', '0202', '0213', '0209', '0743'] new=['0771'] s=0.446 | new rot a/d online nan/nan oracle nan/nan C1 nan
  B1-k8 MPM10 batch 123: refs=['0771', '0763', '0202', '0221', '0754', '0213', '0746', '0112'] new=['0785'] s=0.434 | new rot a/d online nan/nan oracle nan/nan C1 nan
  B1-k8 MPM10 batch 124: refs=['0785', '0202', '0771', '0763', '0115', '0112', '0213', '0754'] new=['0789'] s=0.442 | new rot a/d online nan/nan oracle nan/nan C1 nan
  B1-k8 MPM10 batch 125: refs=['0789', '0785', '0202', '0115', '0771', '0112', '0109', '0763'] new=['0793'] s=0.439 | new rot a/d online nan/nan oracle nan/nan C1 nan
  B1-k8 MPM10 batch 126: refs=['0793', '0789', '0115', '0112', '0785', '0109', '0202', '0771'] new=['0799'] s=0.439 | new rot a/d online nan/nan oracle nan/nan C1 nan
  B1-k8 MPM10 batch 127: refs=['0115', '0799', '0112', '0793', '0109', '0789', '0107', '0785'] new=['0807'] s=0.518 | new rot a/d online nan/nan oracle nan/nan C1 nan
  B1-k8 MPM10 batch 128: refs=['0112', '0807', '0115', '0799', '0109', '0793', '0107', '0789'] new=['0816'] s=0.516 | new rot a/d online nan/nan oracle nan/nan C1 nan
  B1-k8 MPM10 batch 129: refs=['0112', '0816', '0115', '0109', '0807', '0799', '0256', '0107'] new=['0826'] s=0.507 | new rot a/d online 97.19/131.11 oracle 129.34/125.42 C1 9.04
  B1-k8 MPM10 batch 130: refs=['0826', '0115', '0112', '0816', '0109', '0807', '0256', '0107'] new=['0828'] s=0.461 | new rot a/d online 56.88/96.28 oracle 91.19/118.56 C1 5.95
  B1-k8 MPM10 batch 131: refs=['0115', '0112', '0256', '0828', '0109', '0826', '0249', '0262'] new=['0834'] s=0.548 | new rot a/d online 84.00/128.40 oracle 70.37/77.35 C1 5.37
  B1-k8 MPM10 batch 132: refs=['0834', '0249', '0256', '0112', '0115', '0262', '0263', '0180'] new=['0837'] s=0.482 | new rot a/d online 69.37/105.03 oracle 62.85/66.33 C1 4.91
  B1-k8 MPM10 batch 133: refs=['0837', '0834', '0249', '0252', '0262', '0263', '0180', '0115'] new=['0839'] s=0.485 | new rot a/d online 40.76/58.46 oracle 32.22/37.48 C1 5.25
  B1-k8 MPM10 batch 134: refs=['0839', '0249', '0837', '0252', '0834', '0263', '0262', '0265'] new=['0840'] s=0.473 | new rot a/d online 54.95/100.36 oracle 48.92/44.57 C1 7.37
  B1-k8 MPM10 batch 135: refs=['0840', '0249', '0839', '0837', '0252', '0153', '0263', '0262'] new=['0843'] s=0.470 | new rot a/d online 40.38/5.69 oracle 35.87/2.63 C1 5.18
  B1-k8 MPM10 batch 136: refs=['0843', '0249', '0840', '0839', '0153', '0252', '0837', '0265'] new=['0845'] s=0.466 | new rot a/d online 17.12/4.87 oracle 16.09/2.58 C1 4.70
  B1-k8 MPM10 batch 137: refs=['0845', '0843', '0249', '0840', '0252', '0153', '0247', '0839'] new=['0847'] s=0.458 | new rot a/d online 32.96/5.87 oracle 50.75/134.58 C1 5.31
  B1-k8 MPM10 batch 138: refs=['0847', '0845', '0247', '0249', '0252', '0843', '0840', '0153'] new=['0851'] s=0.459 | new rot a/d online 25.10/6.57 oracle 54.71/2.90 C1 4.39
  B1-k8 MPM10 batch 139: refs=['0851', '0247', '0847', '0845', '0252', '0249', '0843', '0153'] new=['0858'] s=0.463 | new rot a/d online 15.54/5.02 oracle 61.32/157.46 C1 4.08
  B1-k8 MPM10 batch 140: refs=['0858', '0247', '0851', '0847', '0252', '0279', '0845', '0274'] new=['0867'] s=0.445 | new rot a/d online 8.52/4.77 oracle 2.78/3.59 C1 4.12
  B1-k8 MPM10 batch 141: refs=['0867', '0247', '0858', '0851', '0252', '0279', '0286', '0847'] new=['0876'] s=0.449 | new rot a/d online 11.81/2.53 oracle 6.37/2.37 C1 2.31
  B1-k8 MPM10 batch 142: refs=['0876', '0247', '0867', '0252', '0286', '0282', '0858', '0279'] new=['0882'] s=0.466 | new rot a/d online 22.79/43.27 oracle 22.96/44.82 C1 2.91
  B1-k8 MPM10 batch 143: refs=['0882', '0876', '0247', '0286', '0252', '0290', '0867', '0292'] new=['0887'] s=0.462 | new rot a/d online 27.11/37.61 oracle 32.05/35.70 C1 3.41
  B1-k8 MPM10 batch 144: refs=['0887', '0882', '0290', '0252', '0292', '0286', '0296', '0876'] new=['0890'] s=0.465 | new rot a/d online 63.13/100.88 oracle 68.45/99.63 C1 5.84
  B1-k8 MPM10 batch 145: refs=['0890', '0887', '0292', '0290', '0296', '0252', '0302', '0286'] new=['0895'] s=0.472 | new rot a/d online 85.66/117.84 oracle 79.92/116.08 C1 6.35
  B1-k8 MPM10 batch 146: refs=['0895', '0890', '0252', '0292', '0296', '0302', '0307', '0887'] new=['0898'] s=0.461 | new rot a/d online 18.32/44.17 oracle 19.17/41.18 C1 7.03
  B1-k8 MPM10 batch 147: refs=['0898', '0895', '0252', '0307', '0302', '0890', '0312', '0296'] new=['0904'] s=0.472 | new rot a/d online 48.43/6.21 oracle 59.75/80.17 C1 7.03
  B1-k8 MPM10 batch 148: refs=['0904', '0898', '0316', '0312', '0307', '0252', '0895', '0320'] new=['0908'] s=0.468 | new rot a/d online 51.39/86.58 oracle 58.11/1.16 C1 4.82
  B1-k8 MPM10 batch 149: refs=['0908', '0324', '0320', '0316', '0904', '0328', '0312', '0898'] new=['0911'] s=0.481 | new rot a/d online 109.31/142.39 oracle 112.78/148.94 C1 3.16
  B1-k8 MPM10 batch 150: refs=['0911', '0908', '0333', '0324', '0328', '0320', '0338', '0316'] new=['0916'] s=0.485 | new rot a/d online 118.04/147.68 oracle 115.11/140.00 C1 2.12
  B1-k8 MPM10 batch 151: refs=['0916', '0911', '0333', '0338', '0328', '0324', '0908', '0342'] new=['0922'] s=0.471 | new rot a/d online 27.51/41.71 oracle 25.54/40.64 C1 2.86
  B1-k8 MPM10 batch 152: refs=['0922', '0916', '0338', '0333', '0911', '0328', '0342', '0324'] new=['0928'] s=0.458 | new rot a/d online 17.60/24.83 oracle 15.86/23.74 C1 3.37
  B1-k8 MPM10 batch 153: refs=['0928', '0922', '0916', '0338', '0333', '0342', '0911', '0328'] new=['0934'] s=0.455 | new rot a/d online 71.62/133.59 oracle 71.25/133.90 C1 3.65
  B1-k8 MPM10 batch 154: refs=['0934', '0928', '0922', '0916', '0338', '0333', '0342', '0347'] new=['0947'] s=0.465 | new rot a/d online 64.48/4.31 oracle 64.03/2.42 C1 4.33
  B1-k8 MPM10 batch 155: refs=['0947', '0934', '0928', '0922', '0338', '0342', '0333', '0916'] new=['0961'] s=0.451 | new rot a/d online 37.75/4.62 oracle 37.50/4.59 C1 5.08
  B1-k8 MPM10 batch 156: refs=['0961', '0947', '0934', '0928', '0922', '0338', '0342', '0333'] new=['0969'] s=0.457 | new rot a/d online 36.37/5.99 oracle 34.98/5.77 C1 6.56
  B1-k8 MPM10 batch 157: refs=['0947', '0934', '0961', '0928', '0969', '0922', '0916', '0338'] new=['1233'] s=0.445 | new rot a/d online 3.75/3.75 oracle 2.11/2.11 C1 4.57
  B1-k8 MPM10 batch 158: refs=['1233', '0934', '0947', '0928', '0922', '0961', '0969', '0916'] new=['1235'] s=0.460 | new rot a/d online 3.05/3.05 oracle 0.48/0.48 C1 3.93
  B1-k8 MPM10 batch 159: refs=['1235', '1233', '0928', '0934', '0947', '0922', '0916', '0961'] new=['1238'] s=0.460 | new rot a/d online 3.41/3.41 oracle 3.46/3.46 C1 2.95
  B1-k8 MPM10 batch 160: refs=['1238', '1235', '1233', '0928', '0922', '0916', '0934', '0947'] new=['1241'] s=0.459 | new rot a/d online 4.22/4.22 oracle 3.65/3.65 C1 3.68
  B1-k8 MPM10 batch 161: refs=['1241', '1238', '1235', '0247', '0911', '0916', '0908', '1233'] new=['1244'] s=0.475 | new rot a/d online 4.75/3.96 oracle 5.83/3.12 C1 2.33
  B1-k8 MPM10 batch 162: refs=['1244', '1241', '0247', '1238', '0867', '0887', '0876', '0882'] new=['1246'] s=0.472 | new rot a/d online 5.29/5.20 oracle 5.36/3.27 C1 3.65
  B1-k8 MPM10 batch 163: refs=['1246', '1244', '0858', '0867', '0876', '0851', '0882', '0887'] new=['1247'] s=0.445 | new rot a/d online 4.28/4.28 oracle 1.80/1.80 C1 3.37
  B1-k8 MPM10 batch 164: refs=['1247', '1246', '0858', '0867', '1244', '0851', '0847', '0876'] new=['1249'] s=0.450 | new rot a/d online 4.55/4.55 oracle 2.22/2.22 C1 4.11
  B1-k8 MPM10 batch 165: refs=['1249', '1247', '1246', '0851', '0847', '0858', '0845', '0843'] new=['1251'] s=0.455 | new rot a/d online 5.52/5.52 oracle 2.26/2.26 C1 6.83
  B1-k8 MPM10 batch 166: refs=['1251', '1249', '1247', '0845', '0843', '0847', '0840', '0851'] new=['1253'] s=0.444 | new rot a/d online 9.21/9.21 oracle 5.74/5.74 C1 8.89
  B1-k8 MPM10 batch 167: refs=['1253', '1251', '1249', '0840', '0839', '0837', '0843', '0845'] new=['1254'] s=0.448 | new rot a/d online 9.82/9.82 oracle 3.85/3.85 C1 11.40
  B1-k8 MPM10 batch 168: refs=['1254', '1253', '1251', '0837', '0839', '0834', '0840', '0115'] new=['1256'] s=0.485 | new rot a/d online 12.84/16.82 oracle 10.86/18.05 C1 11.50
  B1-k8 MPM10 batch 169: refs=['1256', '1254', '1253', '0115', '0834', '0816', '0828', '0826'] new=['1258'] s=0.458 | new rot a/d online 8.63/8.94 oracle 11.77/10.29 C1 10.56
  B1-k8 MPM10 batch 170: refs=['1258', '0816', '0828', '0826', '0807', '1256', '0115', '0799'] new=['1261'] s=0.429 | new rot a/d online 11.76/9.00 oracle 11.52/9.63 C1 12.82
  B1-k8 MPM10 batch 171: refs=['1261', '0816', '0807', '1258', '0826', '0828', '0799', '0115'] new=['1263'] s=0.440 | new rot a/d online 11.08/11.51 oracle 10.57/11.03 C1 12.31
  B1-k8 MPM10 batch 172: refs=['1263', '0816', '0807', '1261', '0799', '0826', '0828', '0793'] new=['1265'] s=0.442 | new rot a/d online 8.65/7.38 oracle 3.05/3.05 C1 11.79
  B1-k8 MPM10 batch 173: refs=['1265', '0807', '0799', '0816', '0793', '0202', '1263', '0789'] new=['1267'] s=0.446 | new rot a/d online 9.57/9.40 oracle 27.50/2.97 C1 8.45
  B1-k8 MPM10 batch 174: refs=['0202', '1267', '0793', '0799', '0789', '0807', '0213', '0785'] new=['1270'] s=0.491 | new rot a/d online 21.81/27.26 oracle 102.72/132.32 C1 9.18
  B1-k8 MPM10 batch 175: refs=['0202', '1270', '0785', '0789', '0213', '0793', '0799', '0771'] new=['1272'] s=0.500 | new rot a/d online 29.01/25.61 oracle 75.39/104.67 C1 8.70
  B1-k8 MPM10 batch 176: refs=['1272', '0785', '0771', '0202', '0213', '0763', '0789', '1270'] new=['1276'] s=0.492 | new rot a/d online 14.38/13.71 oracle 33.44/16.98 C1 6.62
  B1-k8 MPM10 batch 177: refs=['1276', '0209', '0763', '0754', '0771', '0746', '0785', '1272'] new=['1280'] s=0.496 | new rot a/d online 13.28/20.63 oracle 24.73/27.17 C1 6.69
  B1-k8 MPM10 batch 178: refs=['0209', '1280', '0746', '0754', '0763', '1276', '0771', '0742'] new=['1284'] s=0.453 | new rot a/d online 18.26/14.83 oracle 10.57/6.48 C1 6.94
  B1-k8 MPM10 batch 179: refs=['1284', '0209', '0746', '1280', '0754', '0763', '0732', '1276'] new=['1289'] s=0.495 | new rot a/d online 9.24/10.00 oracle 19.88/22.92 C1 6.81
  B1-k8 MPM10 batch 180: refs=['1289', '0732', '0746', '1284', '0737', '0209', '0754', '0740'] new=['1293'] s=0.520 | new rot a/d online 9.88/8.03 oracle 13.52/12.25 C1 7.77
  B1-k8 MPM10 batch 181: refs=['1293', '1289', '1284', '0746', '0209', '0732', '0737', '0754'] new=['1294'] s=0.549 | new rot a/d online 8.27/6.16 oracle 11.78/9.12 C1 8.06
  B1-k8 MPM10 batch 182: refs=['1293', '1294', '1289', '0732', '1284', '0702', '0746', '0209'] new=['1298'] s=0.521 | new rot a/d online 9.42/3.63 oracle 16.11/6.32 C1 6.78
  B1-k8 MPM10 batch 183: refs=['1298', '1293', '0702', '0700', '1294', '0696', '0732', '1289'] new=['1302'] s=0.517 | new rot a/d online 24.63/7.37 oracle 29.26/13.54 C1 5.63
  B1-k8 MPM10 batch 184: refs=['1302', '1298', '0702', '0700', '0696', '1293', '1294', '0732'] new=['1307'] s=0.530 | new rot a/d online 25.04/11.45 oracle 29.95/12.33 C1 7.63
  B1-k8 MPM10 batch 185: refs=['0700', '0702', '0696', '1307', '1302', '1298', '0692', '0676'] new=['1312'] s=0.514 | new rot a/d online 52.78/53.95 oracle 52.11/53.48 C1 5.44
  B1-k8 MPM10 batch 186: refs=['0696', '1312', '0700', '0702', '0692', '0676', '0557', '0561'] new=['1318'] s=0.630 | new rot a/d online 34.20/38.24 oracle 31.52/31.18 C1 8.65
  B1-k8 MPM10 batch 187: refs=['1318', '0557', '0696', '0553', '0692', '0700', '1312', '0702'] new=['1322'] s=0.636 | new rot a/d online 68.71/104.30 oracle 69.80/103.94 C1 6.26
  B1-k8 MPM10 batch 188: refs=['1322', '0553', '0557', '0549', '1318', '0561', '0696', '0676'] new=['1326'] s=0.580 | new rot a/d online 50.01/80.64 oracle 50.50/82.00 C1 4.00
  B1-k8 MPM10 batch 189: refs=['1326', '0557', '0553', '1322', '0549', '0561', '0676', '0668'] new=['1330'] s=0.546 | new rot a/d online 50.48/70.38 oracle 50.07/70.98 C1 4.32
  B1-k8 MPM10 batch 190: refs=['0649', '1330', '0668', '0634', '0611', '0620', '0598', '0576'] new=['1335'] s=0.479 | new rot a/d online 101.37/108.66 oracle 100.80/107.98 C1 9.71
  B1-k8 MPM10 batch 191: refs=['1335', '0649', '1330', '0508', '0514', '0611', '0620', '0598'] new=['1339'] s=0.615 | new rot a/d online 47.16/68.63 oracle 48.63/68.06 C1 9.14
  B1-k8 MPM10 batch 192: refs=['1339', '1335', '0508', '0514', '0532', '0496', '0477', '1330'] new=['1348'] s=0.640 | new rot a/d online 142.31/167.50 oracle 151.23/173.34 C1 9.89
  B1-k8 MPM10 batch 193: refs=['1348', '1339', '1335', '0508', '0514', '0532', '0496', '0477'] new=['1356'] s=0.633 | new rot a/d online 72.27/110.49 oracle 78.57/116.75 C1 10.48
  B1-k8 MPM10 batch 194: refs=['1356', '1348', '1339', '0508', '1335', '0477', '0496', '0514'] new=['1359'] s=0.616 | new rot a/d online 39.93/14.14 oracle 46.58/7.38 C1 11.11
  B1-k8 MPM10 batch 195: refs=['1359', '1356', '1348', '1339', '1335', '0508', '0514', '0477'] new=['1369'] s=0.615 | new rot a/d online 27.98/32.71 oracle 32.32/27.96 C1 5.72
  B1-k8 MPM10 batch 196: refs=['1369', '1359', '1356', '1348', '1339', '1335', '0508', '0477'] new=['1372'] s=0.575 | new rot a/d online 25.24/37.38 oracle 23.89/30.58 C1 7.33
  B1-k8 MPM10 batch 197: refs=['1372', '1369', '1359', '1356', '1348', '1339', '1335', '0582'] new=['1380'] s=0.467 | new rot a/d online 33.70/47.51 oracle 31.64/41.38 C1 4.59
  B1-k8 MPM10 batch 198: refs=['1380', '1372', '0582', '1359', '0595', '0579', '1369', '0585'] new=['1385'] s=0.541 | new rot a/d online 33.49/59.88 oracle 32.08/58.18 C1 4.66
  B1-k8 MPM10 batch 199: refs=['1385', '1380', '1372', '0582', '0595', '1369', '0585', '1359'] new=['1386'] s=0.509 | new rot a/d online 22.56/9.90 oracle 21.07/2.48 C1 3.88
  B1-k8 MPM10 batch 200: refs=['1386', '1385', '1380', '1372', '0582', '0595', '0585', '1369'] new=['1390'] s=0.471 | new rot a/d online 17.63/7.57 oracle 19.11/4.51 C1 6.00
  B1-k8 MPM10 batch 201: refs=['1390', '1386', '1385', '1380', '0582', '1372', '0585', '0595'] new=['1396'] s=0.470 | new rot a/d online 19.89/7.78 oracle 23.10/3.05 C1 6.26
  B1-k8 MPM10 batch 202: refs=['1396', '1390', '1386', '1385', '1380', '0582', '0585', '0595'] new=['1401'] s=0.466 | new rot a/d online 31.01/6.55 oracle 34.75/1.83 C1 4.77
  B1-k8 MPM10 batch 203: refs=['1396', '1390', '1401', '1386', '1385', '0582', '1380', '0595'] new=['1404'] s=0.458 | new rot a/d online 14.84/4.76 oracle 18.77/2.39 C1 4.18
  B1-k8 MPM10 batch 204: refs=['1401', '1404', '1396', '1390', '1386', '1385', '0582', '0585'] new=['1408'] s=0.455 | new rot a/d online 27.40/10.69 oracle 23.58/5.24 C1 4.67
  B1-k8 MPM10 batch 205: refs=['1408', '1404', '1401', '1396', '1390', '1386', '1385', '0582'] new=['1410'] s=0.454 | new rot a/d online 18.51/12.06 oracle 13.89/6.56 C1 7.53
  B1-k8 MPM10 batch 206: refs=['1408', '1410', '1404', '1401', '1396', '1390', '1386', '1385'] new=['1411'] s=0.440 | new rot a/d online 13.77/13.77 oracle 8.99/8.99 C1 3.65
  B1-k8 MPM10 batch 207: refs=['1411', '1410', '1408', '1404', '1401', '1396', '1390', '1385'] new=['1413'] s=0.440 | new rot a/d online 14.96/19.88 oracle 10.05/14.33 C1 5.81
  B1-k8 MPM10 batch 208: refs=['1413', '1410', '1411', '1408', '1404', '1401', '1396', '1390'] new=['1415'] s=0.442 | new rot a/d online 17.03/23.93 oracle 12.66/17.21 C1 4.45
  B1-k8 MPM10 batch 209: refs=['1415', '1413', '1411', '1410', '1408', '1404', '1401', '1396'] new=['1418'] s=0.441 | new rot a/d online 20.42/25.20 oracle 17.32/23.02 C1 4.51
  B1-k8 MPM10 batch 210: refs=['1418', '1415', '1413', '1410', '1411', '1408', '1404', '1401'] new=['1421'] s=0.444 | new rot a/d online 18.75/23.60 oracle 16.59/21.05 C1 3.84
  B1-k8 MPM10 batch 211: refs=['1421', '1418', '1415', '1413', '1411', '1410', '1408', '1404'] new=['1424'] s=0.448 | new rot a/d online 18.15/19.35 oracle 16.32/17.55 C1 2.60
  B1-k8 MPM10 batch 212: refs=['1424', '1421', '0585', '1418', '1415', '0582', '1413', '1411'] new=['1429'] s=0.480 | new rot a/d online 21.88/8.96 oracle 17.53/5.69 C1 2.80
  B1-k8 MPM10 batch 213: refs=['1429', '0585', '0582', '0595', '1424', '1421', '0579', '1418'] new=['1435'] s=0.498 | new rot a/d online 61.73/8.69 oracle 60.00/5.82 C1 2.85
  B1-k8 MPM10 batch 214: refs=['0585', '0582', '1435', '0595', '1429', '0579', '1424', '0598'] new=['1439'] s=0.490 | new rot a/d online 138.29/164.34 oracle 140.02/164.31 C1 2.68
  B1-k8 MPM10 batch 215: refs=['0582', '1439', '0585', '0595', '1435', '0579', '1429', '0598'] new=['1446'] s=0.482 | new rot a/d online 133.58/160.58 oracle 135.59/160.67 C1 4.99
  B1-k8 MPM10 batch 216: refs=['1446', '1435', '1439', '0582', '1429', '0585', '0595', '1424'] new=['1450'] s=0.485 | new rot a/d online 30.43/8.25 oracle 28.73/7.05 C1 7.14
  B1-k8 MPM10 batch 217: refs=['1424', '1429', '1421', '1450', '1418', '1415', '1413', '1411'] new=['1453'] s=0.457 | new rot a/d online 14.29/16.83 oracle 10.57/12.98 C1 1.64
  B1-k8 MPM10 batch 218: refs=['1421', '1424', '1418', '1453', '1415', '1413', '1410', '1450'] new=['1458'] s=0.460 | new rot a/d online 17.99/23.72 oracle 14.42/19.28 C1 3.66
  B1-k8 MPM10 batch 219: refs=['1421', '1458', '1424', '1418', '1453', '1415', '1429', '1413'] new=['1465'] s=0.469 | new rot a/d online 23.48/34.42 oracle 21.98/32.21 C1 1.08
  B1-k8 MPM10 batch 220: refs=['1465', '1458', '1421', '1424', '1453', '1418', '1429', '1415'] new=['1476'] s=0.507 | new rot a/d online 22.14/29.03 oracle 21.78/27.37 C1 4.22
  B1-k8 MPM10 batch 221: refs=['1476', '1465', '1458', '1421', '1418', '1424', '1415', '1453'] new=['1487'] s=0.474 | new rot a/d online 16.78/22.06 oracle 17.62/21.10 C1 5.11
  B1-k8 MPM10 batch 222: refs=['1476', '1487', '1465', '1458', '1424', '1421', '0131', '0127'] new=['1496'] s=0.478 | new rot a/d online 19.65/19.15 oracle 33.51/19.99 C1 1.96
  B1-k8 MPM10 batch 223: refs=['1496', '1487', '1476', '1465', '0127', '0131', '1458', '1421'] new=['1499'] s=0.461 | new rot a/d online 26.53/28.61 oracle 26.74/4.54 C1 2.60
  B1-k8 MPM10 batch 224: refs=['1499', '1496', '1476', '1487', '0127', '1465', '0131', '0239'] new=['1503'] s=0.476 | new rot a/d online 28.64/13.46 oracle 27.03/8.79 C1 2.95
  B1-k8 MPM10 batch 225: refs=['1499', '1503', '1496', '1487', '1476', '0127', '1465', '0239'] new=['1517'] s=0.480 | new rot a/d online 23.28/25.42 oracle 22.32/24.13 C1 2.52
  B1-k8 MPM10 batch 226: refs=['1517', '1499', '1503', '0127', '1487', '1496', '1476', '0239'] new=['1524'] s=0.481 | new rot a/d online 23.65/34.47 oracle 33.91/36.04 C1 1.32
  B1-k8 MPM10 batch 227: refs=['0127', '1524', '0239', '1517', '1499', '1503', '1496', '1476'] new=['1536'] s=0.464 | new rot a/d online 10.12/9.59 oracle 25.77/10.72 C1 3.76
  B1-k8 MPM10 batch 228: refs=['0127', '1536', '0239', '1524', '1517', '1499', '1503', '1496'] new=['1538'] s=0.467 | new rot a/d online 14.92/17.82 oracle 26.92/18.71 C1 5.05
  B1-k8 MPM10 batch 229: refs=['0239', '1538', '1536', '0127', '1524', '1517', '1499', '1503'] new=['1549'] s=0.471 | new rot a/d online 28.59/44.01 oracle 55.07/41.04 C1 3.38
  B1-k8 MPM10 batch 230: refs=['1549', '1538', '0239', '1536', '0127', '1524', '1517', '1499'] new=['1553'] s=0.446 | new rot a/d online 3.16/4.75 oracle 8.96/6.18 C1 3.93
  B1-k8 MPM10 batch 231: refs=['1553', '0000', '0136', '0147', '1538', '1549', '0144', '0079'] new=['1556'] s=0.491 | new rot a/d online 26.29/40.45 oracle 70.99/97.27 C1 5.73
  B1-k8 MPM10 batch 232: refs=['0000', '0147', '0136', '1556', '0079', '0144', '0235', '0082'] new=['1559'] s=0.527 | new rot a/d online 18.03/13.61 oracle 61.88/64.78 C1 7.79
  B1-k8 MPM10 batch 233: refs=['1559', '0000', '0147', '1556', '0136', '0079', '0144', '0235'] new=['1563'] s=0.477 | new rot a/d online 29.23/47.50 oracle 51.88/52.32 C1 7.55
  B1-k8 MPM10 batch 234: refs=['1556', '1553', '1549', '1538', '1563', '1559', '0000', '0127'] new=['1574'] s=0.474 | new rot a/d online 23.70/55.59 oracle 32.38/52.02 C1 5.62
  B1-k8 MPM10 batch 235: refs=['1574', '1556', '1553', '1563', '1538', '1549', '1559', '0000'] new=['1583'] s=0.466 | new rot a/d online 27.11/28.60 oracle 29.05/31.04 C1 6.35
  B1-k8 MPM10 batch 236: refs=['1583', '1574', '1556', '1563', '1553', '1559', '0000', '1538'] new=['1595'] s=0.464 | new rot a/d online 9.71/13.86 oracle 9.55/7.17 C1 3.10
  B1-k8 MPM10 batch 237: refs=['0147', '0079', '0000', '1559', '0144', '0136', '1563', '0082'] new=['1609'] s=0.508 | new rot a/d online 31.86/69.93 oracle 55.77/59.94 C1 2.28
  B1-k8 MPM10 batch 238: refs=['1609', '0079', '0082', '0119', '0147', '0144', '0162', '0086'] new=['1612'] s=0.508 | new rot a/d online 42.65/67.92 oracle 94.59/4.35 C1 1.72
  B1-k8 MPM10 batch 239: refs=['0119', '0086', '1612', '0082', '0090', '0162', '0079', '1609'] new=['1616'] s=0.502 | new rot a/d online 36.44/24.80 oracle 25.43/24.43 C1 2.01
DONE B1-k8 MPM10 new=236 rot a/d online=17.68/13.64 oracle=17.43/8.60 C1=5.82 C2=4.85 358s
[_client.py] HTTP Request: HEAD https://huggingface.co/facebook/VGGT-1B/resolve/main/model.pt "HTTP/1.1 302 Found"
[vision_transformer.py] using MLP layer as FFN
  B1-k4 MPM10 batch 0: refs=['0000'] new=['0079', '0082', '0086', '0090'] s=0.523 | new rot a/d online 159.98/159.98 oracle 159.98/159.98 C1 1.54
  B1-k4 MPM10 batch 1: refs=['0090', '0086', '0082', '0079'] new=['0093'] s=0.492 | new rot a/d online 3.27/3.27 oracle 2.12/2.12 C1 1.42
  B1-k4 MPM10 batch 2: refs=['0093', '0090', '0086', '0082'] new=['0097'] s=0.493 | new rot a/d online 3.14/3.14 oracle 1.48/1.48 C1 1.23
  B1-k4 MPM10 batch 3: refs=['0097', '0093', '0090', '0086'] new=['0100'] s=0.498 | new rot a/d online 2.31/2.31 oracle 1.59/1.59 C1 1.28
  B1-k4 MPM10 batch 4: refs=['0100', '0097', '0093', '0090'] new=['0102'] s=0.504 | new rot a/d online 3.33/3.33 oracle 3.56/3.56 C1 1.66
  B1-k4 MPM10 batch 5: refs=['0102', '0100', '0097', '0093'] new=['0104'] s=0.507 | new rot a/d online 2.85/2.85 oracle 1.93/1.93 C1 2.40
  B1-k4 MPM10 batch 6: refs=['0104', '0102', '0100', '0097'] new=['0107'] s=0.509 | new rot a/d online 7.41/7.41 oracle 6.55/6.55 C1 1.34
  B1-k4 MPM10 batch 7: refs=['0107', '0104', '0102', '0100'] new=['0109'] s=0.538 | new rot a/d online 20.25/24.82 oracle 19.27/23.92 C1 0.53
  B1-k4 MPM10 batch 8: refs=['0109', '0107', '0104', '0102'] new=['0112'] s=0.547 | new rot a/d online 19.78/10.23 oracle 18.80/9.32 C1 2.08
  B1-k4 MPM10 batch 9: refs=['0112', '0109', '0107', '0104'] new=['0115'] s=0.530 | new rot a/d online 16.72/16.94 oracle 16.33/12.75 C1 1.93
  B1-k4 MPM10 batch 10: refs=['0115', '0112', '0109', '0107'] new=['0119'] s=0.506 | new rot a/d online 16.23/24.31 oracle 16.49/24.14 C1 5.76
  B1-k4 MPM10 batch 11: refs=['0119', '0115', '0112', '0109'] new=['0123'] s=0.505 | new rot a/d online 25.14/31.16 oracle 26.43/31.96 C1 8.14
  B1-k4 MPM10 batch 12: refs=['0123', '0119', '0115', '0112'] new=['0127'] s=0.477 | new rot a/d online 10.26/18.19 oracle 10.36/18.44 C1 9.15
  B1-k4 MPM10 batch 13: refs=['0127', '0123', '0119', '0115'] new=['0131'] s=0.474 | new rot a/d online 9.75/9.85 oracle 3.73/2.09 C1 7.72
  B1-k4 MPM10 batch 14: refs=['0131', '0127', '0123', '0119'] new=['0136'] s=0.484 | new rot a/d online 12.69/12.01 oracle 11.36/11.36 C1 8.48
  B1-k4 MPM10 batch 15: refs=['0136', '0131', '0127', '0123'] new=['0140'] s=0.480 | new rot a/d online 13.37/13.37 oracle 10.15/10.15 C1 7.67
  B1-k4 MPM10 batch 16: refs=['0140', '0136', '0131', '0127'] new=['0144'] s=0.480 | new rot a/d online 9.73/11.66 oracle 6.12/8.43 C1 11.01
  B1-k4 MPM10 batch 17: refs=['0144', '0140', '0136', '0131'] new=['0147'] s=0.493 | new rot a/d online 10.76/10.07 oracle 6.67/4.44 C1 9.66
  B1-k4 MPM10 batch 18: refs=['0147', '0144', '0140', '0136'] new=['0153'] s=0.485 | new rot a/d online 14.65/14.65 oracle 5.89/5.89 C1 9.24
  B1-k4 MPM10 batch 19: refs=['0153', '0147', '0144', '0140'] new=['0162'] s=0.481 | new rot a/d online 11.45/11.45 oracle 2.16/2.16 C1 8.60
  B1-k4 MPM10 batch 20: refs=['0162', '0153', '0147', '0144'] new=['0169'] s=0.498 | new rot a/d online 13.32/11.28 oracle 3.46/3.46 C1 8.79
  B1-k4 MPM10 batch 21: refs=['0169', '0162', '0153', '0147'] new=['0174'] s=0.472 | new rot a/d online 6.52/6.52 oracle 4.62/4.62 C1 8.86
  B1-k4 MPM10 batch 22: refs=['0174', '0169', '0162', '0153'] new=['0177'] s=0.469 | new rot a/d online 8.41/8.41 oracle 1.63/1.63 C1 9.01
  B1-k4 MPM10 batch 23: refs=['0177', '0174', '0169', '0162'] new=['0180'] s=0.462 | new rot a/d online 9.92/9.92 oracle 0.87/0.87 C1 9.78
  B1-k4 MPM10 batch 24: refs=['0180', '0177', '0174', '0169'] new=['0184'] s=0.467 | new rot a/d online 11.95/11.95 oracle 3.85/3.85 C1 10.29
  B1-k4 MPM10 batch 25: refs=['0184', '0180', '0177', '0174'] new=['0187'] s=0.463 | new rot a/d online 11.70/11.70 oracle 2.14/2.14 C1 9.68
  B1-k4 MPM10 batch 26: refs=['0187', '0184', '0180', '0177'] new=['0191'] s=0.458 | new rot a/d online 11.21/11.21 oracle 2.80/2.80 C1 7.94
  B1-k4 MPM10 batch 27: refs=['0191', '0187', '0184', '0180'] new=['0202'] s=0.458 | new rot a/d online 11.60/11.60 oracle 5.44/5.44 C1 9.00
  B1-k4 MPM10 batch 28: refs=['0202', '0191', '0187', '0184'] new=['0209'] s=0.467 | new rot a/d online 12.43/12.43 oracle 7.11/7.11 C1 8.79
  B1-k4 MPM10 batch 29: refs=['0209', '0202', '0191', '0187'] new=['0213'] s=0.449 | new rot a/d online 14.33/14.33 oracle 8.14/8.14 C1 9.75
  B1-k4 MPM10 batch 30: refs=['0213', '0209', '0202', '0191'] new=['0216'] s=0.450 | new rot a/d online 15.23/15.23 oracle 7.18/7.18 C1 11.62
  B1-k4 MPM10 batch 31: refs=['0216', '0213', '0209', '0202'] new=['0221'] s=0.456 | new rot a/d online 14.63/14.63 oracle 7.38/7.38 C1 14.23
  B1-k4 MPM10 batch 32: refs=['0221', '0216', '0213', '0209'] new=['0227'] s=0.456 | new rot a/d online 19.47/19.47 oracle 10.85/10.85 C1 16.61
  B1-k4 MPM10 batch 33: refs=['0227', '0221', '0216', '0213'] new=['0235'] s=0.497 | new rot a/d online 20.87/20.87 oracle 9.03/15.72 C1 20.40
  B1-k4 MPM10 batch 34: refs=['0235', '0227', '0221', '0216'] new=['0239'] s=0.477 | new rot a/d online 24.32/22.20 oracle 10.99/5.75 C1 23.73
  B1-k4 MPM10 batch 35: refs=['0239', '0235', '0227', '0221'] new=['0244'] s=0.509 | new rot a/d online 29.60/29.60 oracle 10.72/8.06 C1 26.70
  B1-k4 MPM10 batch 36: refs=['0244', '0239', '0235', '0227'] new=['0247'] s=0.484 | new rot a/d online 37.99/39.43 oracle 17.12/20.32 C1 31.24
  B1-k4 MPM10 batch 37: refs=['0247', '0244', '0239', '0235'] new=['0249'] s=0.507 | new rot a/d online 39.33/39.33 oracle 11.79/9.37 C1 32.67
  B1-k4 MPM10 batch 38: refs=['0249', '0247', '0244', '0239'] new=['0252'] s=0.528 | new rot a/d online 44.90/47.33 oracle 14.42/17.58 C1 33.10
  B1-k4 MPM10 batch 39: refs=['0252', '0249', '0247', '0244'] new=['0256'] s=0.489 | new rot a/d online 39.44/41.54 oracle 11.31/11.31 C1 32.57
  B1-k4 MPM10 batch 40: refs=['0256', '0252', '0249', '0109'] new=['0261'] s=0.530 | new rot a/d online 48.83/55.83 oracle 26.74/21.87 C1 31.23
  B1-k4 MPM10 batch 41: refs=['0261', '0256', '0252', '0107'] new=['0262'] s=0.530 | new rot a/d online 64.37/80.60 oracle 42.02/53.16 C1 32.97
  B1-k4 MPM10 batch 42: refs=['0262', '0261', '0107', '0104'] new=['0263'] s=0.552 | new rot a/d online 34.23/73.61 oracle 31.68/73.33 C1 34.40
  B1-k4 MPM10 batch 43: refs=['0263', '0262', '0104', '0102'] new=['0265'] s=0.565 | new rot a/d online 22.94/50.12 oracle 20.81/49.60 C1 31.66
  B1-k4 MPM10 batch 44: refs=['0107', '0104', '0109', '0102'] new=['0267'] s=0.539 | new rot a/d online 91.74/93.07 oracle 92.11/93.44 C1 14.52
  B1-k4 MPM10 batch 45: refs=['0267', '0107', '0104', '0109'] new=['0270'] s=0.493 | new rot a/d online 99.02/119.15 oracle 98.61/114.98 C1 7.66
  B1-k4 MPM10 batch 46: refs=['0270', '0267', '0104', '0107'] new=['0274'] s=0.520 | new rot a/d online 53.93/105.94 oracle 55.41/105.89 C1 7.27
  B1-k4 MPM10 batch 47: refs=['0274', '0270', '0267', '0104'] new=['0279'] s=0.439 | new rot a/d online 13.59/7.84 oracle 12.86/2.96 C1 7.50
  B1-k4 MPM10 batch 48: refs=['0279', '0274', '0270', '0267'] new=['0282'] s=0.428 | new rot a/d online 3.89/6.16 oracle 7.43/10.08 C1 9.96
  B1-k4 MPM10 batch 49: refs=['0282', '0279', '0274', '0270'] new=['0286'] s=0.427 | new rot a/d online 11.83/11.83 oracle 8.46/8.46 C1 12.84
  B1-k4 MPM10 batch 50: refs=['0286', '0282', '0279', '0274'] new=['0290'] s=0.418 | new rot a/d online 12.67/12.67 oracle 7.31/7.31 C1 14.69
  B1-k4 MPM10 batch 51: refs=['0290', '0286', '0282', '0279'] new=['0292'] s=0.416 | new rot a/d online 9.23/6.67 oracle 4.91/4.91 C1 15.74
  B1-k4 MPM10 batch 52: refs=['0292', '0290', '0286', '0282'] new=['0296'] s=0.416 | new rot a/d online 9.68/12.71 oracle 4.86/4.86 C1 17.07
  B1-k4 MPM10 batch 53: refs=['0296', '0292', '0290', '0286'] new=['0302'] s=0.409 | new rot a/d online 9.54/12.76 oracle 6.91/5.66 C1 18.51
  B1-k4 MPM10 batch 54: refs=['0302', '0296', '0292', '0290'] new=['0307'] s=0.407 | new rot a/d online 13.08/13.08 oracle 4.01/4.01 C1 18.05
  B1-k4 MPM10 batch 55: refs=['0307', '0302', '0296', '0292'] new=['0312'] s=0.407 | new rot a/d online 11.01/11.01 oracle 4.22/4.22 C1 19.46
  B1-k4 MPM10 batch 56: refs=['0312', '0307', '0302', '0296'] new=['0316'] s=0.405 | new rot a/d online 10.32/10.32 oracle 5.35/5.35 C1 18.54
  B1-k4 MPM10 batch 57: refs=['0316', '0312', '0307', '0302'] new=['0320'] s=0.405 | new rot a/d online 9.71/9.71 oracle 4.77/4.77 C1 17.69
  B1-k4 MPM10 batch 58: refs=['0320', '0316', '0312', '0307'] new=['0324'] s=0.399 | new rot a/d online 9.72/9.72 oracle 4.20/4.20 C1 16.35
  B1-k4 MPM10 batch 59: refs=['0324', '0320', '0316', '0312'] new=['0328'] s=0.404 | new rot a/d online 9.83/9.83 oracle 5.83/5.83 C1 17.43
  B1-k4 MPM10 batch 60: refs=['0328', '0324', '0320', '0316'] new=['0333'] s=0.401 | new rot a/d online 10.07/10.07 oracle 3.70/3.70 C1 14.90
  B1-k4 MPM10 batch 61: refs=['0333', '0328', '0324', '0320'] new=['0338'] s=0.402 | new rot a/d online 11.90/11.90 oracle 1.43/1.43 C1 14.20
  B1-k4 MPM10 batch 62: refs=['0338', '0333', '0328', '0324'] new=['0342'] s=0.409 | new rot a/d online 12.88/12.88 oracle 1.65/1.65 C1 13.53
  B1-k4 MPM10 batch 63: refs=['0342', '0338', '0333', '0328'] new=['0347'] s=0.413 | new rot a/d online 14.53/14.53 oracle 4.46/4.46 C1 14.26
  B1-k4 MPM10 batch 64: refs=['0347', '0342', '0338', '0333'] new=['0368'] s=0.414 | new rot a/d online 12.29/12.29 oracle 4.10/4.10 C1 11.89
  B1-k4 MPM10 batch 65: refs=['0368', '0347', '0342', '0338'] new=['0380'] s=0.415 | new rot a/d online 10.87/10.87 oracle 5.15/5.15 C1 10.27
  B1-k4 MPM10 batch 66: refs=['0380', '0368', '0347', '0342'] new=['0389'] s=0.415 | new rot a/d online 9.35/9.35 oracle 3.37/3.37 C1 8.65
  B1-k4 MPM10 batch 67: refs=['0389', '0380', '0368', '0347'] new=['0395'] s=0.421 | new rot a/d online 7.68/7.68 oracle 3.44/3.44 C1 6.92
  B1-k4 MPM10 batch 68: refs=['0395', '0389', '0380', '0368'] new=['0397'] s=0.423 | new rot a/d online 6.60/6.60 oracle 1.26/1.26 C1 5.83
  B1-k4 MPM10 batch 69: refs=['0397', '0395', '0389', '0380'] new=['0399'] s=0.421 | new rot a/d online 4.85/4.85 oracle 1.23/1.23 C1 1.81
  B1-k4 MPM10 batch 70: refs=['0399', '0397', '0395', '0389'] new=['0400'] s=0.429 | new rot a/d online 3.31/3.31 oracle 2.50/2.50 C1 2.28
  B1-k4 MPM10 batch 71: refs=['0400', '0399', '0397', '0395'] new=['0402'] s=0.424 | new rot a/d online 5.06/5.06 oracle 5.07/5.07 C1 4.45
  B1-k4 MPM10 batch 72: refs=['0402', '0400', '0399', '0397'] new=['0405'] s=0.417 | new rot a/d online 6.52/6.52 oracle 6.14/6.14 C1 4.75
  B1-k4 MPM10 batch 73: refs=['0405', '0402', '0400', '0399'] new=['0409'] s=0.412 | new rot a/d online 4.72/4.72 oracle 3.49/3.49 C1 2.98
  B1-k4 MPM10 batch 74: refs=['0409', '0405', '0402', '0400'] new=['0415'] s=0.405 | new rot a/d online 4.38/4.38 oracle 2.67/2.67 C1 1.95
  B1-k4 MPM10 batch 75: refs=['0415', '0409', '0405', '0402'] new=['0421'] s=0.411 | new rot a/d online 4.99/4.99 oracle 2.99/2.99 C1 2.38
  B1-k4 MPM10 batch 76: refs=['0421', '0415', '0409', '0405'] new=['0450'] s=0.415 | new rot a/d online 5.09/5.09 oracle 4.01/4.01 C1 2.32
  B1-k4 MPM10 batch 77: refs=['0450', '0421', '0415', '0409'] new=['0459'] s=0.431 | new rot a/d online 6.23/6.23 oracle 5.25/5.25 C1 3.78
  B1-k4 MPM10 batch 78: refs=['0459', '0450', '0421', '0415'] new=['0477'] s=0.426 | new rot a/d online 3.93/3.93 oracle 2.37/2.37 C1 4.01
  B1-k4 MPM10 batch 79: refs=['0477', '0459', '0450', '0421'] new=['0496'] s=0.421 | new rot a/d online 3.76/3.76 oracle 2.04/2.04 C1 3.75
  B1-k4 MPM10 batch 80: refs=['0496', '0477', '0459', '0450'] new=['0508'] s=0.434 | new rot a/d online 5.09/5.09 oracle 4.91/4.91 C1 5.16
  B1-k4 MPM10 batch 81: refs=['0508', '0496', '0477', '0459'] new=['0514'] s=0.434 | new rot a/d online 4.89/4.89 oracle 1.57/1.57 C1 5.12
  B1-k4 MPM10 batch 82: refs=['0514', '0508', '0496', '0477'] new=['0532'] s=0.433 | new rot a/d online 6.71/6.71 oracle 1.94/1.94 C1 7.96
  B1-k4 MPM10 batch 83: refs=['0532', '0514', '0508', '0496'] new=['0535'] s=0.446 | new rot a/d online 8.39/8.39 oracle 4.81/4.81 C1 7.19
  B1-k4 MPM10 batch 84: refs=['0535', '0532', '0514', '0508'] new=['0539'] s=0.444 | new rot a/d online 8.39/8.39 oracle 3.18/3.18 C1 7.77
  B1-k4 MPM10 batch 85: refs=['0539', '0535', '0532', '0514'] new=['0541'] s=0.447 | new rot a/d online 6.40/6.40 oracle 2.78/2.78 C1 4.36
  B1-k4 MPM10 batch 86: refs=['0541', '0539', '0535', '0532'] new=['0543'] s=0.448 | new rot a/d online 6.19/6.19 oracle 4.49/4.49 C1 3.74
  B1-k4 MPM10 batch 87: refs=['0543', '0541', '0539', '0535'] new=['0545'] s=0.432 | new rot a/d online 6.42/6.42 oracle 2.67/2.67 C1 4.11
  B1-k4 MPM10 batch 88: refs=['0545', '0543', '0541', '0539'] new=['0549'] s=0.428 | new rot a/d online 4.21/4.21 oracle 2.46/2.46 C1 3.18
  B1-k4 MPM10 batch 89: refs=['0549', '0545', '0543', '0541'] new=['0553'] s=0.428 | new rot a/d online 3.69/3.69 oracle 2.45/2.45 C1 3.88
  B1-k4 MPM10 batch 90: refs=['0553', '0549', '0545', '0543'] new=['0557'] s=0.430 | new rot a/d online 2.09/2.09 oracle 3.07/3.07 C1 1.95
  B1-k4 MPM10 batch 91: refs=['0557', '0553', '0549', '0545'] new=['0561'] s=0.433 | new rot a/d online 1.46/1.46 oracle 3.06/3.06 C1 2.70
  B1-k4 MPM10 batch 92: refs=['0561', '0557', '0553', '0549'] new=['0564'] s=0.436 | new rot a/d online 2.54/2.54 oracle 2.28/2.28 C1 3.14
  B1-k4 MPM10 batch 93: refs=['0564', '0561', '0557', '0553'] new=['0568'] s=0.438 | new rot a/d online 3.75/3.75 oracle 2.03/2.03 C1 3.81
  B1-k4 MPM10 batch 94: refs=['0568', '0564', '0561', '0557'] new=['0571'] s=0.439 | new rot a/d online 3.72/3.72 oracle 1.54/1.54 C1 3.65
  B1-k4 MPM10 batch 95: refs=['0571', '0568', '0564', '0561'] new=['0574'] s=0.440 | new rot a/d online 5.24/5.24 oracle 2.41/2.41 C1 5.03
  B1-k4 MPM10 batch 96: refs=['0574', '0571', '0568', '0564'] new=['0576'] s=0.442 | new rot a/d online 3.89/3.89 oracle 1.29/1.29 C1 4.03
  B1-k4 MPM10 batch 97: refs=['0576', '0574', '0571', '0568'] new=['0579'] s=0.445 | new rot a/d online 4.13/4.13 oracle 2.58/2.58 C1 4.81
  B1-k4 MPM10 batch 98: refs=['0579', '0576', '0574', '0571'] new=['0582'] s=0.450 | new rot a/d online 3.40/3.40 oracle 3.00/3.00 C1 4.05
  B1-k4 MPM10 batch 99: refs=['0582', '0579', '0576', '0574'] new=['0585'] s=0.455 | new rot a/d online 3.34/3.34 oracle 1.66/1.66 C1 3.79
  B1-k4 MPM10 batch 100: refs=['0582', '0585', '0579', '0576'] new=['0595'] s=0.458 | new rot a/d online 2.97/2.97 oracle 1.21/1.21 C1 4.17
  B1-k4 MPM10 batch 101: refs=['0579', '0576', '0595', '0582'] new=['0598'] s=0.455 | new rot a/d online 3.32/3.32 oracle 1.51/1.51 C1 3.05
  B1-k4 MPM10 batch 102: refs=['0598', '0576', '0579', '0574'] new=['0611'] s=0.454 | new rot a/d online 3.04/3.04 oracle 0.74/0.74 C1 3.79
  B1-k4 MPM10 batch 103: refs=['0611', '0598', '0576', '0579'] new=['0620'] s=0.457 | new rot a/d online 2.25/2.25 oracle 1.42/1.42 C1 2.94
  B1-k4 MPM10 batch 104: refs=['0576', '0574', '0611', '0620'] new=['0634'] s=0.461 | new rot a/d online 2.56/2.56 oracle 5.75/5.75 C1 2.84
  B1-k4 MPM10 batch 105: refs=['0634', '0576', '0611', '0574'] new=['0649'] s=0.453 | new rot a/d online 2.93/2.93 oracle 4.63/4.63 C1 2.80
  B1-k4 MPM10 batch 106: refs=['0649', '0634', '0574', '0571'] new=['0668'] s=0.469 | new rot a/d online 12.62/18.36 oracle 10.81/16.67 C1 5.08
  B1-k4 MPM10 batch 107: refs=['0668', '0649', '0634', '0561'] new=['0676'] s=0.465 | new rot a/d online 26.48/18.98 oracle 25.67/18.57 C1 8.69
  B1-k4 MPM10 batch 108: refs=['0676', '0668', '0561', '0564'] new=['0689'] s=0.601 | new rot a/d online 47.84/13.71 oracle 47.42/13.74 C1 6.64
  B1-k4 MPM10 batch 109: refs=['0561', '0676', '0564', '0689'] new=['0692'] s=0.463 | new rot a/d online 32.05/39.36 oracle 27.32/39.75 C1 6.10
  B1-k4 MPM10 batch 110: refs=['0561', '0557', '0692', '0564'] new=['0696'] s=0.452 | new rot a/d online 74.89/82.82 oracle 71.45/79.72 C1 5.85
  B1-k4 MPM10 batch 111: refs=['0696', '0557', '0561', '0564'] new=['0700'] s=0.633 | new rot a/d online 64.25/75.09 oracle 60.48/71.88 C1 8.45
  B1-k4 MPM10 batch 112: refs=['0700', '0696', '0557', '0561'] new=['0702'] s=0.708 | new rot a/d online 56.77/100.88 oracle 51.34/97.73 C1 10.00
  B1-k4 MPM10 batch 113: refs=['0216', '0571', '0568', '0574'] new=['0725'] s=0.502 | new rot a/d online 78.34/60.60 oracle 50.37/57.63 C1 42.06
  B1-k4 MPM10 batch 114: refs=['0725', '0216', '0239', '0571'] new=['0732'] s=0.516 | new rot a/d online 154.02/148.78 oracle 36.76/76.09 C1 44.10
  B1-k4 MPM10 batch 115: refs=['0732', '0216', '0725', '0239'] new=['0737'] s=0.494 | new rot a/d online 47.94/42.32 oracle 26.30/47.14 C1 43.01
  B1-k4 MPM10 batch 116: refs=['0737', '0732', '0216', '0725'] new=['0740'] s=0.461 | new rot a/d online 38.81/39.39 oracle 18.29/5.72 C1 39.12
  B1-k4 MPM10 batch 117: refs=['0740', '0737', '0732', '0216'] new=['0742'] s=0.453 | new rot a/d online 43.18/39.25 oracle 20.67/1.83 C1 35.09
  B1-k4 MPM10 batch 118: refs=['0742', '0740', '0737', '0732'] new=['0743'] s=0.432 | new rot a/d online 36.13/36.13 oracle 2.25/2.25 C1 32.14
  B1-k4 MPM10 batch 119: refs=['0209', '0221', '0743', '0742'] new=['0746'] s=0.496 | new rot a/d online 64.74/115.68 oracle 55.04/101.07 C1 8.18
  B1-k4 MPM10 batch 120: refs=['0746', '0221', '0209', '0743'] new=['0754'] s=0.456 | new rot a/d online 79.76/15.63 oracle 63.20/123.00 C1 11.52
  B1-k4 MPM10 batch 121: refs=['0754', '0221', '0746', '0202'] new=['0763'] s=0.444 | new rot a/d online 89.15/20.39 oracle 61.59/11.34 C1 10.82
  B1-k4 MPM10 batch 122: refs=['0763', '0221', '0754', '0746'] new=['0771'] s=0.421 | new rot a/d online nan/nan oracle nan/nan C1 nan
  B1-k4 MPM10 batch 123: refs=['0771', '0763', '0202', '0221'] new=['0785'] s=0.434 | new rot a/d online nan/nan oracle nan/nan C1 nan
  B1-k4 MPM10 batch 124: refs=['0785', '0202', '0771', '0763'] new=['0789'] s=0.423 | new rot a/d online nan/nan oracle nan/nan C1 nan
  B1-k4 MPM10 batch 125: refs=['0789', '0785', '0202', '0115'] new=['0793'] s=0.446 | new rot a/d online nan/nan oracle nan/nan C1 nan
  B1-k4 MPM10 batch 126: refs=['0793', '0789', '0115', '0112'] new=['0799'] s=0.444 | new rot a/d online nan/nan oracle nan/nan C1 nan
  B1-k4 MPM10 batch 127: refs=['0115', '0799', '0112', '0793'] new=['0807'] s=0.551 | new rot a/d online nan/nan oracle nan/nan C1 nan
  B1-k4 MPM10 batch 128: refs=['0112', '0807', '0115', '0799'] new=['0816'] s=0.565 | new rot a/d online nan/nan oracle nan/nan C1 nan
  B1-k4 MPM10 batch 129: refs=['0112', '0816', '0115', '0109'] new=['0826'] s=0.539 | new rot a/d online 107.86/123.49 oracle 123.03/121.34 C1 9.04
  B1-k4 MPM10 batch 130: refs=['0826', '0115', '0112', '0816'] new=['0828'] s=0.442 | new rot a/d online 68.69/4.28 oracle 105.28/129.90 C1 5.95
  B1-k4 MPM10 batch 131: refs=['0115', '0112', '0256', '0828'] new=['0834'] s=0.660 | new rot a/d online 73.35/99.45 oracle 60.61/98.37 C1 5.37
  B1-k4 MPM10 batch 132: refs=['0834', '0249', '0256', '0112'] new=['0837'] s=0.488 | new rot a/d online 46.97/51.27 oracle 26.69/24.91 C1 4.91
  B1-k4 MPM10 batch 133: refs=['0837', '0834', '0249', '0252'] new=['0839'] s=0.465 | new rot a/d online 69.20/132.50 oracle 80.63/157.44 C1 5.25
  B1-k4 MPM10 batch 134: refs=['0839', '0249', '0837', '0252'] new=['0840'] s=0.460 | new rot a/d online 58.37/5.78 oracle 66.66/0.95 C1 7.37
  B1-k4 MPM10 batch 135: refs=['0840', '0249', '0839', '0837'] new=['0843'] s=0.458 | new rot a/d online 19.65/5.67 oracle 19.69/2.06 C1 5.18
  B1-k4 MPM10 batch 136: refs=['0843', '0249', '0840', '0839'] new=['0845'] s=0.456 | new rot a/d online 15.42/5.13 oracle 16.69/1.97 C1 4.70
  B1-k4 MPM10 batch 137: refs=['0845', '0843', '0249', '0840'] new=['0847'] s=0.451 | new rot a/d online 16.50/5.45 oracle 19.09/1.10 C1 5.31
  B1-k4 MPM10 batch 138: refs=['0847', '0845', '0247', '0249'] new=['0851'] s=0.459 | new rot a/d online 83.36/169.31 oracle 89.18/3.31 C1 4.39
  B1-k4 MPM10 batch 139: refs=['0851', '0247', '0847', '0845'] new=['0858'] s=0.451 | new rot a/d online 4.46/4.80 oracle 1.90/0.69 C1 4.08
  B1-k4 MPM10 batch 140: refs=['0858', '0247', '0851', '0847'] new=['0867'] s=0.449 | new rot a/d online 6.34/4.34 oracle 1.36/0.93 C1 4.12
  B1-k4 MPM10 batch 141: refs=['0867', '0247', '0858', '0851'] new=['0876'] s=0.447 | new rot a/d online 6.32/2.13 oracle 3.09/2.33 C1 2.31
  B1-k4 MPM10 batch 142: refs=['0876', '0247', '0867', '0252'] new=['0882'] s=0.451 | new rot a/d online 82.51/1.01 oracle 87.26/177.52 C1 2.91
  B1-k4 MPM10 batch 143: refs=['0882', '0876', '0247', '0286'] new=['0887'] s=0.449 | new rot a/d online 24.24/2.54 oracle 31.41/2.39 C1 3.41
  B1-k4 MPM10 batch 144: refs=['0887', '0882', '0290', '0252'] new=['0890'] s=0.457 | new rot a/d online 20.36/4.33 oracle 26.46/3.07 C1 5.84
  B1-k4 MPM10 batch 145: refs=['0890', '0887', '0292', '0290'] new=['0895'] s=0.469 | new rot a/d online 48.74/85.28 oracle 45.81/83.02 C1 6.35
  B1-k4 MPM10 batch 146: refs=['0895', '0890', '0252', '0292'] new=['0898'] s=0.453 | new rot a/d online 17.99/6.77 oracle 26.98/0.93 C1 7.03
  B1-k4 MPM10 batch 147: refs=['0898', '0895', '0252', '0307'] new=['0904'] s=0.449 | new rot a/d online 3.19/6.33 oracle 22.68/0.79 C1 7.03
  B1-k4 MPM10 batch 148: refs=['0904', '0898', '0316', '0312'] new=['0908'] s=0.471 | new rot a/d online 13.33/6.23 oracle 11.49/1.14 C1 4.82
  B1-k4 MPM10 batch 149: refs=['0908', '0324', '0320', '0316'] new=['0911'] s=0.492 | new rot a/d online 147.19/156.42 oracle 150.87/160.21 C1 3.16
  B1-k4 MPM10 batch 150: refs=['0911', '0908', '0333', '0324'] new=['0916'] s=0.457 | new rot a/d online 11.90/2.33 oracle 9.25/2.13 C1 2.12
  B1-k4 MPM10 batch 151: refs=['0916', '0911', '0333', '0338'] new=['0922'] s=0.437 | new rot a/d online 22.35/1.99 oracle 23.03/45.37 C1 2.86
  B1-k4 MPM10 batch 152: refs=['0922', '0916', '0338', '0333'] new=['0928'] s=0.433 | new rot a/d online 5.95/5.95 oracle 4.83/4.83 C1 3.37
  B1-k4 MPM10 batch 153: refs=['0928', '0922', '0916', '0338'] new=['0934'] s=0.435 | new rot a/d online 4.83/4.83 oracle 2.88/2.88 C1 3.65
  B1-k4 MPM10 batch 154: refs=['0934', '0928', '0922', '0916'] new=['0947'] s=0.436 | new rot a/d online 3.30/3.30 oracle 1.22/1.22 C1 4.33
  B1-k4 MPM10 batch 155: refs=['0947', '0934', '0928', '0922'] new=['0961'] s=0.441 | new rot a/d online 4.71/4.71 oracle 4.87/4.87 C1 5.08
  B1-k4 MPM10 batch 156: refs=['0961', '0947', '0934', '0928'] new=['0969'] s=0.449 | new rot a/d online 6.15/6.15 oracle 5.53/5.53 C1 6.56
  B1-k4 MPM10 batch 157: refs=['0947', '0934', '0961', '0928'] new=['1233'] s=0.456 | new rot a/d online 3.17/3.17 oracle 2.93/2.93 C1 4.57
  B1-k4 MPM10 batch 158: refs=['1233', '0934', '0947', '0928'] new=['1235'] s=0.458 | new rot a/d online 3.58/3.58 oracle 1.09/1.09 C1 3.93
  B1-k4 MPM10 batch 159: refs=['1235', '1233', '0928', '0934'] new=['1238'] s=0.471 | new rot a/d online 2.95/2.95 oracle 2.58/2.58 C1 2.95
  B1-k4 MPM10 batch 160: refs=['1238', '1235', '1233', '0928'] new=['1241'] s=0.476 | new rot a/d online 4.20/4.20 oracle 2.03/2.03 C1 3.68
  B1-k4 MPM10 batch 161: refs=['1241', '1238', '1235', '0247'] new=['1244'] s=0.484 | new rot a/d online 11.30/2.96 oracle 12.50/2.80 C1 2.33
  B1-k4 MPM10 batch 162: refs=['1244', '1241', '0247', '1238'] new=['1246'] s=0.489 | new rot a/d online 10.67/3.80 oracle 11.12/3.09 C1 3.65
  B1-k4 MPM10 batch 163: refs=['1246', '1244', '0858', '0867'] new=['1247'] s=0.477 | new rot a/d online 3.86/3.86 oracle 0.63/0.63 C1 3.37
  B1-k4 MPM10 batch 164: refs=['1247', '1246', '0858', '0867'] new=['1249'] s=0.480 | new rot a/d online 3.10/3.10 oracle 1.87/1.87 C1 4.11
  B1-k4 MPM10 batch 165: refs=['1249', '1247', '1246', '0851'] new=['1251'] s=0.484 | new rot a/d online 5.34/5.34 oracle 2.23/2.23 C1 6.83
  B1-k4 MPM10 batch 166: refs=['1251', '1249', '1247', '0845'] new=['1253'] s=0.478 | new rot a/d online 8.80/8.80 oracle 5.07/5.07 C1 8.89
  B1-k4 MPM10 batch 167: refs=['1253', '1251', '1249', '0840'] new=['1254'] s=0.480 | new rot a/d online 10.82/10.82 oracle 4.06/4.06 C1 11.40
  B1-k4 MPM10 batch 168: refs=['1254', '1253', '1251', '0837'] new=['1256'] s=0.478 | new rot a/d online 10.54/11.84 oracle 3.94/3.94 C1 11.50
  B1-k4 MPM10 batch 169: refs=['1256', '1254', '1253', '0115'] new=['1258'] s=0.473 | new rot a/d online 6.79/11.63 oracle 13.23/8.64 C1 10.56
  B1-k4 MPM10 batch 170: refs=['1258', '0816', '0828', '0826'] new=['1261'] s=0.424 | new rot a/d online 12.98/14.41 oracle 15.39/19.29 C1 12.82
  B1-k4 MPM10 batch 171: refs=['1261', '0816', '0807', '1258'] new=['1263'] s=0.463 | new rot a/d online 13.06/13.06 oracle 8.43/8.43 C1 12.31
  B1-k4 MPM10 batch 172: refs=['1263', '0816', '0807', '1261'] new=['1265'] s=0.444 | new rot a/d online 10.00/7.88 oracle 2.08/2.08 C1 11.79
  B1-k4 MPM10 batch 173: refs=['1265', '0807', '0799', '0816'] new=['1267'] s=0.440 | new rot a/d online 9.19/9.19 oracle 5.11/5.11 C1 8.45
  B1-k4 MPM10 batch 174: refs=['0202', '1267', '0793', '0799'] new=['1270'] s=0.477 | new rot a/d online 19.18/22.42 oracle 79.63/155.88 C1 9.18
  B1-k4 MPM10 batch 175: refs=['0202', '1270', '0785', '0789'] new=['1272'] s=0.468 | new rot a/d online 33.74/25.84 oracle 47.31/90.56 C1 8.70
  B1-k4 MPM10 batch 176: refs=['1272', '0785', '0771', '0202'] new=['1276'] s=0.491 | new rot a/d online 18.24/15.69 oracle 47.04/97.41 C1 6.62
  B1-k4 MPM10 batch 177: refs=['1276', '0209', '0763', '0754'] new=['1280'] s=0.500 | new rot a/d online 37.64/40.91 oracle 31.62/40.41 C1 6.69
  B1-k4 MPM10 batch 178: refs=['0209', '1280', '0746', '0754'] new=['1284'] s=0.479 | new rot a/d online 29.56/37.33 oracle 16.90/34.08 C1 6.94
  B1-k4 MPM10 batch 179: refs=['1284', '0209', '0746', '1280'] new=['1289'] s=0.515 | new rot a/d online 23.43/4.90 oracle 19.84/1.86 C1 6.81
  B1-k4 MPM10 batch 180: refs=['1289', '0732', '0746', '1284'] new=['1293'] s=0.510 | new rot a/d online 4.50/2.92 oracle 4.92/4.92 C1 7.77
  B1-k4 MPM10 batch 181: refs=['1293', '1289', '1284', '0746'] new=['1294'] s=0.538 | new rot a/d online 2.80/2.80 oracle 5.28/5.28 C1 8.06
  B1-k4 MPM10 batch 182: refs=['1293', '1294', '1289', '0732'] new=['1298'] s=0.514 | new rot a/d online 8.21/9.95 oracle 13.86/12.66 C1 6.78
  B1-k4 MPM10 batch 183: refs=['1298', '1293', '0702', '0700'] new=['1302'] s=0.519 | new rot a/d online 5.62/7.57 oracle 4.65/7.99 C1 5.63
  B1-k4 MPM10 batch 184: refs=['1302', '1298', '0702', '0700'] new=['1307'] s=0.520 | new rot a/d online 31.22/53.26 oracle 33.33/56.47 C1 7.63
  B1-k4 MPM10 batch 185: refs=['0700', '0702', '0696', '1307'] new=['1312'] s=0.490 | new rot a/d online 85.07/103.21 oracle 85.05/103.72 C1 5.44
  B1-k4 MPM10 batch 186: refs=['0696', '1312', '0700', '0702'] new=['1318'] s=0.486 | new rot a/d online 94.54/114.01 oracle 95.45/114.87 C1 8.65
  B1-k4 MPM10 batch 187: refs=['1318', '0557', '0696', '0553'] new=['1322'] s=0.654 | new rot a/d online 55.44/88.81 oracle 52.95/86.88 C1 6.26
  B1-k4 MPM10 batch 188: refs=['1322', '0553', '0557', '0549'] new=['1326'] s=0.567 | new rot a/d online 58.35/76.50 oracle 56.11/74.84 C1 4.00
  B1-k4 MPM10 batch 189: refs=['1326', '0557', '0553', '1322'] new=['1330'] s=0.611 | new rot a/d online 48.65/98.69 oracle 52.60/9.97 C1 4.32
  B1-k4 MPM10 batch 190: refs=['0649', '1330', '0668', '0634'] new=['1335'] s=0.462 | new rot a/d online 29.93/39.21 oracle 27.82/37.84 C1 9.71
  B1-k4 MPM10 batch 191: refs=['1335', '0649', '1330', '0508'] new=['1339'] s=0.564 | new rot a/d online 34.25/22.25 oracle 36.97/23.60 C1 9.14
  B1-k4 MPM10 batch 192: refs=['1339', '1335', '0508', '0514'] new=['1348'] s=0.565 | new rot a/d online 84.44/170.05 oracle 91.18/177.52 C1 9.89
  B1-k4 MPM10 batch 193: refs=['1348', '1339', '1335', '0508'] new=['1356'] s=0.500 | new rot a/d online 6.76/9.78 oracle 5.85/2.19 C1 10.48
  B1-k4 MPM10 batch 194: refs=['1356', '1348', '1339', '0508'] new=['1359'] s=0.529 | new rot a/d online 14.16/20.63 oracle 12.37/14.21 C1 11.11
  B1-k4 MPM10 batch 195: refs=['1359', '1356', '1348', '1339'] new=['1369'] s=0.461 | new rot a/d online 27.59/29.97 oracle 21.98/23.18 C1 5.72
  B1-k4 MPM10 batch 196: refs=['1369', '1359', '1356', '1348'] new=['1372'] s=0.471 | new rot a/d online 32.60/39.62 oracle 26.65/36.14 C1 7.33
  B1-k4 MPM10 batch 197: refs=['1372', '1369', '1359', '1356'] new=['1380'] s=0.452 | new rot a/d online 28.67/40.65 oracle 24.22/32.69 C1 4.59
  B1-k4 MPM10 batch 198: refs=['1380', '1372', '0582', '1359'] new=['1385'] s=0.488 | new rot a/d online 21.25/5.85 oracle 17.22/4.53 C1 4.66
  B1-k4 MPM10 batch 199: refs=['1385', '1380', '1372', '0582'] new=['1386'] s=0.479 | new rot a/d online 18.85/6.09 oracle 15.73/4.39 C1 3.88
  B1-k4 MPM10 batch 200: refs=['1386', '1385', '1380', '1372'] new=['1390'] s=0.444 | new rot a/d online 8.84/8.84 oracle 6.30/6.30 C1 6.00
  B1-k4 MPM10 batch 201: refs=['1390', '1386', '1385', '1380'] new=['1396'] s=0.445 | new rot a/d online 9.23/9.23 oracle 5.56/5.56 C1 6.26
  B1-k4 MPM10 batch 202: refs=['1396', '1390', '1386', '1385'] new=['1401'] s=0.448 | new rot a/d online 6.22/6.22 oracle 1.64/1.64 C1 4.77
  B1-k4 MPM10 batch 203: refs=['1396', '1390', '1401', '1386'] new=['1404'] s=0.443 | new rot a/d online 6.02/6.02 oracle 1.16/1.16 C1 4.18
  B1-k4 MPM10 batch 204: refs=['1401', '1404', '1396', '1390'] new=['1408'] s=0.440 | new rot a/d online 10.10/10.10 oracle 4.51/4.51 C1 4.67
  B1-k4 MPM10 batch 205: refs=['1408', '1404', '1401', '1396'] new=['1410'] s=0.439 | new rot a/d online 13.05/13.05 oracle 7.77/7.77 C1 7.53
  B1-k4 MPM10 batch 206: refs=['1408', '1410', '1404', '1401'] new=['1411'] s=0.437 | new rot a/d online 12.88/12.88 oracle 9.60/9.60 C1 3.65
  B1-k4 MPM10 batch 207: refs=['1411', '1410', '1408', '1404'] new=['1413'] s=0.437 | new rot a/d online 11.93/10.35 oracle 8.59/5.77 C1 5.81
  B1-k4 MPM10 batch 208: refs=['1413', '1410', '1411', '1408'] new=['1415'] s=0.438 | new rot a/d online 11.26/11.26 oracle 6.82/6.82 C1 4.45
  B1-k4 MPM10 batch 209: refs=['1415', '1413', '1411', '1410'] new=['1418'] s=0.436 | new rot a/d online 11.66/11.66 oracle 7.94/7.94 C1 4.51
  B1-k4 MPM10 batch 210: refs=['1418', '1415', '1413', '1410'] new=['1421'] s=0.440 | new rot a/d online 12.24/12.24 oracle 9.07/9.07 C1 3.84
  B1-k4 MPM10 batch 211: refs=['1421', '1418', '1415', '1413'] new=['1424'] s=0.460 | new rot a/d online 15.52/15.52 oracle 13.41/13.41 C1 2.60
  B1-k4 MPM10 batch 212: refs=['1424', '1421', '0585', '1418'] new=['1429'] s=0.476 | new rot a/d online 24.54/6.74 oracle 20.96/3.45 C1 2.80
  B1-k4 MPM10 batch 213: refs=['1429', '0585', '0582', '0595'] new=['1435'] s=0.500 | new rot a/d online 18.53/29.51 oracle 17.96/29.98 C1 2.85
  B1-k4 MPM10 batch 214: refs=['0585', '0582', '1435', '0595'] new=['1439'] s=0.495 | new rot a/d online 158.40/166.75 oracle 159.88/166.95 C1 2.68
  B1-k4 MPM10 batch 215: refs=['0582', '1439', '0585', '0595'] new=['1446'] s=0.491 | new rot a/d online 162.33/168.84 oracle 164.19/169.35 C1 4.99
  B1-k4 MPM10 batch 216: refs=['1446', '1435', '1439', '0582'] new=['1450'] s=0.471 | new rot a/d online 17.41/10.84 oracle 14.71/10.50 C1 7.14
  B1-k4 MPM10 batch 217: refs=['1424', '1429', '1421', '1450'] new=['1453'] s=0.442 | new rot a/d online 5.79/5.79 oracle 2.83/5.18 C1 1.64
  B1-k4 MPM10 batch 218: refs=['1421', '1424', '1418', '1453'] new=['1458'] s=0.457 | new rot a/d online 14.44/20.10 oracle 11.82/16.81 C1 3.66
  B1-k4 MPM10 batch 219: refs=['1421', '1458', '1424', '1418'] new=['1465'] s=0.466 | new rot a/d online 23.90/32.65 oracle 22.90/27.70 C1 1.08
  B1-k4 MPM10 batch 220: refs=['1465', '1458', '1421', '1424'] new=['1476'] s=0.510 | new rot a/d online 27.61/47.37 oracle 26.84/46.23 C1 4.22
  B1-k4 MPM10 batch 221: refs=['1476', '1465', '1458', '1421'] new=['1487'] s=0.465 | new rot a/d online 8.69/11.87 oracle 10.36/9.47 C1 5.11
  B1-k4 MPM10 batch 222: refs=['1476', '1487', '1465', '1458'] new=['1496'] s=0.453 | new rot a/d online 10.88/8.62 oracle 10.90/8.19 C1 1.96
  B1-k4 MPM10 batch 223: refs=['1496', '1487', '1476', '1465'] new=['1499'] s=0.458 | new rot a/d online 15.79/9.13 oracle 16.95/12.03 C1 2.60
  B1-k4 MPM10 batch 224: refs=['1499', '1496', '1476', '1487'] new=['1503'] s=0.455 | new rot a/d online 15.15/19.34 oracle 17.27/21.64 C1 2.95
  B1-k4 MPM10 batch 225: refs=['1499', '1503', '1496', '1487'] new=['1517'] s=0.456 | new rot a/d online 12.65/5.19 oracle 13.73/6.13 C1 2.52
  B1-k4 MPM10 batch 226: refs=['1517', '1499', '1503', '0127'] new=['1524'] s=0.455 | new rot a/d online 13.87/4.67 oracle 10.13/6.24 C1 1.32
  B1-k4 MPM10 batch 227: refs=['0127', '1524', '0239', '1517'] new=['1536'] s=0.490 | new rot a/d online 42.12/93.46 oracle 72.61/10.78 C1 3.76
  B1-k4 MPM10 batch 228: refs=['0127', '1536', '0239', '1524'] new=['1538'] s=0.503 | new rot a/d online 43.88/98.09 oracle 73.26/6.70 C1 5.05
  B1-k4 MPM10 batch 229: refs=['0239', '1538', '1536', '0127'] new=['1549'] s=0.487 | new rot a/d online 20.85/21.37 oracle 50.93/129.10 C1 3.38
  B1-k4 MPM10 batch 230: refs=['1549', '1538', '0239', '1536'] new=['1553'] s=0.453 | new rot a/d online 19.43/3.90 oracle 21.04/8.16 C1 3.93
  B1-k4 MPM10 batch 231: refs=['1553', '0000', '0136', '0147'] new=['1556'] s=0.572 | new rot a/d online 54.53/66.25 oracle 133.89/97.93 C1 5.73
  B1-k4 MPM10 batch 232: refs=['0000', '0147', '0136', '1556'] new=['1559'] s=0.516 | new rot a/d online 22.49/44.42 oracle 58.11/113.36 C1 7.79
  B1-k4 MPM10 batch 233: refs=['1559', '0000', '0147', '1556'] new=['1563'] s=0.519 | new rot a/d online 14.53/17.66 oracle 16.50/16.57 C1 7.55
  B1-k4 MPM10 batch 234: refs=['1556', '1553', '1549', '1538'] new=['1574'] s=0.444 | new rot a/d online 35.28/41.27 oracle 39.17/46.23 C1 5.62
  B1-k4 MPM10 batch 235: refs=['1574', '1556', '1553', '1563'] new=['1583'] s=0.456 | new rot a/d online 17.87/27.34 oracle 17.18/22.29 C1 6.35
  B1-k4 MPM10 batch 236: refs=['1583', '1574', '1556', '1563'] new=['1595'] s=0.443 | new rot a/d online 7.86/16.21 oracle 7.35/15.30 C1 3.10
  B1-k4 MPM10 batch 237: refs=['0147', '0079', '0000', '1559'] new=['1609'] s=0.521 | new rot a/d online 60.00/110.11 oracle 90.10/110.11 C1 2.28
  B1-k4 MPM10 batch 238: refs=['1609', '0079', '0082', '0119'] new=['1612'] s=0.486 | new rot a/d online 27.12/41.45 oracle 29.62/40.28 C1 1.72
  B1-k4 MPM10 batch 239: refs=['0119', '0086', '1612', '0082'] new=['1616'] s=0.528 | new rot a/d online 39.43/21.72 oracle 42.95/20.74 C1 2.01
DONE B1-k4 MPM10 new=236 rot a/d online=12.66/11.11 oracle=8.81/5.75 C1=5.82 C2=4.85 195s
[_client.py] HTTP Request: HEAD https://huggingface.co/facebook/VGGT-1B/resolve/main/model.pt "HTTP/1.1 302 Found"
[vision_transformer.py] using MLP layer as FFN
  B2 MPM10 batch 0: refs=['0000'] new=['0079', '0082', '0086', '0090'] s=0.523 | new rot a/d online 159.98/159.98 oracle 159.98/159.98 C1 1.54
  B2 MPM10 batch 1: refs=['0090', '0079', '0000', '0086', '0082'] new=['0093'] s=0.506 | new rot a/d online 10.73/3.64 oracle 9.86/2.79 C1 1.42
  B2 MPM10 batch 2: refs=['0093', '0082', '0079', '0000', '0090', '0086'] new=['0097'] s=0.504 | new rot a/d online 5.11/3.24 oracle 3.70/2.13 C1 1.23
  B2 MPM10 batch 3: refs=['0097', '0086', '0082', '0000', '0079', '0093', '0090'] new=['0100'] s=0.505 | new rot a/d online 4.36/3.79 oracle 2.83/2.76 C1 1.28
  B2 MPM10 batch 4: refs=['0100', '0090', '0086', '0000', '0079', '0097', '0093'] new=['0102'] s=0.511 | new rot a/d online 9.88/3.67 oracle 9.22/3.48 C1 1.66
  B2 MPM10 batch 5: refs=['0102', '0093', '0090', '0079', '0000', '0100', '0097'] new=['0104'] s=0.517 | new rot a/d online 7.66/4.17 oracle 6.38/2.96 C1 2.40
  B2 MPM10 batch 6: refs=['0104', '0097', '0100', '0082', '0086', '0102', '0093'] new=['0107'] s=0.509 | new rot a/d online 7.03/7.03 oracle 6.21/6.21 C1 1.34
  B2 MPM10 batch 7: refs=['0107', '0100', '0102', '0086', '0090', '0000', '0104'] new=['0109'] s=0.523 | new rot a/d online 7.17/7.16 oracle 5.63/5.93 C1 0.53
  B2 MPM10 batch 8: refs=['0109', '0102', '0104', '0090', '0093', '0000', '0079'] new=['0112'] s=0.527 | new rot a/d online 13.45/9.90 oracle 12.28/8.27 C1 2.08
  B2 MPM10 batch 9: refs=['0112', '0104', '0107', '0097', '0093', '0000', '0079'] new=['0115'] s=0.543 | new rot a/d online 17.03/25.85 oracle 16.23/12.52 C1 1.93
  B2 MPM10 batch 10: refs=['0115', '0107', '0109', '0097', '0100', '0000', '0079'] new=['0119'] s=0.533 | new rot a/d online 16.38/9.68 oracle 15.78/7.53 C1 5.76
  B2 MPM10 batch 11: refs=['0119', '0109', '0107', '0100', '0102', '0079', '0082'] new=['0123'] s=0.529 | new rot a/d online 28.63/37.48 oracle 27.76/37.10 C1 8.14
  B2 MPM10 batch 12: refs=['0123', '0112', '0109', '0102', '0100', '0082', '0086'] new=['0127'] s=0.546 | new rot a/d online 82.83/92.77 oracle 81.79/92.62 C1 9.15
  B2 MPM10 batch 13: refs=['0127', '0115', '0112', '0104', '0102', '0086', '0082'] new=['0131'] s=0.557 | new rot a/d online 106.61/148.14 oracle 108.36/147.94 C1 7.72
  B2 MPM10 batch 14: refs=['0131', '0119', '0115', '0107', '0104', '0090', '0093'] new=['0136'] s=0.578 | new rot a/d online 82.53/99.12 oracle 81.32/110.16 C1 8.48
  B2 MPM10 batch 15: refs=['0136', '0123', '0127', '0109', '0112', '0097', '0093'] new=['0140'] s=0.501 | new rot a/d online 52.92/57.23 oracle 49.57/57.30 C1 7.67
  B2 MPM10 batch 16: refs=['0140', '0127', '0123', '0112', '0109', '0100', '0097'] new=['0144'] s=0.519 | new rot a/d online 50.32/60.30 oracle 46.79/60.15 C1 11.01
  B2 MPM10 batch 17: refs=['0144', '0131', '0127', '0115', '0112', '0102', '0100'] new=['0147'] s=0.512 | new rot a/d online 45.06/26.32 oracle 40.62/20.16 C1 9.66
  B2 MPM10 batch 18: refs=['0147', '0136', '0140', '0119', '0123', '0104', '0102'] new=['0153'] s=0.499 | new rot a/d online 39.55/29.63 oracle 33.28/22.61 C1 9.24
  B2 MPM10 batch 19: refs=['0153', '0144', '0140', '0127', '0123', '0107', '0109'] new=['0162'] s=0.504 | new rot a/d online 52.63/27.00 oracle 44.47/15.83 C1 8.60
  B2 MPM10 batch 20: refs=['0162', '0147', '0144', '0131', '0127', '0109', '0107'] new=['0169'] s=0.518 | new rot a/d online 54.04/33.86 oracle 46.63/23.25 C1 8.79
  B2 MPM10 batch 21: refs=['0169', '0147', '0144', '0131', '0127', '0109', '0107'] new=['0174'] s=0.515 | new rot a/d online 47.61/28.30 oracle 40.01/17.67 C1 8.86
  B2 MPM10 batch 22: refs=['0174', '0147', '0153', '0131', '0127', '0109', '0107'] new=['0177'] s=0.513 | new rot a/d online 41.31/13.26 oracle 33.44/4.64 C1 9.01
  B2 MPM10 batch 23: refs=['0177', '0153', '0147', '0131', '0136', '0109', '0107'] new=['0180'] s=0.500 | new rot a/d online 39.04/12.13 oracle 28.81/17.59 C1 9.78
  B2 MPM10 batch 24: refs=['0180', '0162', '0169', '0136', '0131', '0109', '0107'] new=['0184'] s=0.483 | new rot a/d online 42.36/9.63 oracle 31.72/26.40 C1 10.29
  B2 MPM10 batch 25: refs=['0184', '0174', '0169', '0140', '0136', '0109', '0112'] new=['0187'] s=0.475 | new rot a/d online 30.61/8.80 oracle 22.29/3.08 C1 9.68
  B2 MPM10 batch 26: refs=['0187', '0180', '0177', '0147', '0144', '0109', '0112'] new=['0191'] s=0.459 | new rot a/d online 30.98/10.33 oracle 24.05/3.83 C1 7.94
  B2 MPM10 batch 27: refs=['0191', '0184', '0187', '0162', '0169', '0109', '0107'] new=['0202'] s=0.470 | new rot a/d online 32.31/9.27 oracle 24.72/3.69 C1 9.00
  B2 MPM10 batch 28: refs=['0202', '0187', '0184', '0174', '0169', '0107', '0104'] new=['0209'] s=0.478 | new rot a/d online 27.08/10.60 oracle 15.41/5.96 C1 8.79
  B2 MPM10 batch 29: refs=['0209', '0191', '0187', '0174', '0177', '0104', '0102'] new=['0213'] s=0.480 | new rot a/d online 30.96/13.97 oracle 22.82/9.81 C1 9.75
  B2 MPM10 batch 30: refs=['0213', '0191', '0177', '0180', '0102', '0100', '0209'] new=['0216'] s=0.497 | new rot a/d online 31.33/17.20 oracle 24.17/10.68 C1 11.62
  B2 MPM10 batch 31: refs=['0216', '0191', '0202', '0180', '0177', '0100', '0102'] new=['0221'] s=0.520 | new rot a/d online 20.87/17.67 oracle 15.11/13.81 C1 14.23
  B2 MPM10 batch 32: refs=['0221', '0202', '0180', '0184', '0097', '0100', '0216'] new=['0227'] s=0.532 | new rot a/d online 27.45/17.74 oracle 23.74/7.54 C1 16.61
  B2 MPM10 batch 33: refs=['0227', '0202', '0209', '0123', '0184', '0093', '0097'] new=['0235'] s=0.513 | new rot a/d online 37.99/21.15 oracle 35.80/7.52 C1 20.40
  B2 MPM10 batch 34: refs=['0235', '0213', '0209', '0187', '0136', '0090', '0086'] new=['0239'] s=0.524 | new rot a/d online 29.72/32.35 oracle 17.17/17.42 C1 23.73
  B2 MPM10 batch 35: refs=['0239', '0216', '0221', '0136', '0191', '0086', '0082'] new=['0244'] s=0.516 | new rot a/d online 32.19/30.38 oracle 20.42/5.91 C1 26.70
  B2 MPM10 batch 36: refs=['0244', '0227', '0221', '0102', '0140', '0082', '0079'] new=['0247'] s=0.552 | new rot a/d online 59.20/35.11 oracle 49.12/22.03 C1 31.24
  B2 MPM10 batch 37: refs=['0247', '0235', '0227', '0100', '0202', '0079', '0000'] new=['0249'] s=0.599 | new rot a/d online 64.66/78.10 oracle 54.33/78.10 C1 32.67
  B2 MPM10 batch 38: refs=['0249', '0239', '0112', '0209', '0097', '0000', '0079'] new=['0252'] s=0.590 | new rot a/d online 50.79/54.67 oracle 43.31/26.64 C1 33.10
  B2 MPM10 batch 39: refs=['0252', '0115', '0109', '0213', '0140', '0000', '0169'] new=['0256'] s=0.596 | new rot a/d online 53.79/37.39 oracle 48.14/37.45 C1 32.57
  B2 MPM10 batch 40: refs=['0256', '0119', '0244', '0140', '0093', '0169', '0174'] new=['0261'] s=0.605 | new rot a/d online 97.29/113.18 oracle 88.29/109.98 C1 31.23
  B2 MPM10 batch 41: refs=['0261', '0249', '0112', '0227', '0235', '0184', '0187'] new=['0262'] s=0.592 | new rot a/d online 101.33/88.60 oracle 96.08/89.45 C1 32.97
  B2 MPM10 batch 42: refs=['0262', '0100', '0112', '0239', '0131', '0191', '0153'] new=['0263'] s=0.562 | new rot a/d online 75.21/69.37 oracle 70.80/86.82 C1 34.40
  B2 MPM10 batch 43: refs=['0263', '0261', '0093', '0000', '0127', '0209', '0147'] new=['0265'] s=0.572 | new rot a/d online 51.25/73.14 oracle 33.64/5.81 C1 31.66
  B2 MPM10 batch 44: refs=['0107', '0119', '0097', '0079', '0249', '0169', '0213'] new=['0267'] s=0.625 | new rot a/d online 67.16/55.39 oracle 60.53/54.45 C1 14.52
  B2 MPM10 batch 45: refs=['0267', '0112', '0102', '0256', '0140', '0221', '0174'] new=['0270'] s=0.593 | new rot a/d online 58.31/80.43 oracle 48.40/3.78 C1 7.66
  B2 MPM10 batch 46: refs=['0270', '0104', '0107', '0261', '0140', '0169', '0239'] new=['0274'] s=0.574 | new rot a/d online 118.89/114.73 oracle 119.29/115.84 C1 7.27
  B2 MPM10 batch 47: refs=['0274', '0104', '0102', '0079', '0262', '0244', '0169'] new=['0279'] s=0.549 | new rot a/d online 42.58/52.71 oracle 34.37/53.13 C1 7.50
  B2 MPM10 batch 48: refs=['0279', '0267', '0263', '0262', '0162', '0247', '0274'] new=['0282'] s=0.451 | new rot a/d online 28.67/7.96 oracle 21.11/6.95 C1 9.96
  B2 MPM10 batch 49: refs=['0282', '0267', '0270', '0119', '0123', '0162', '0247'] new=['0286'] s=0.513 | new rot a/d online 73.51/92.72 oracle 66.41/78.10 C1 12.84
  B2 MPM10 batch 50: refs=['0286', '0270', '0267', '0265', '0112', '0249', '0252'] new=['0290'] s=0.447 | new rot a/d online 40.20/11.08 oracle 35.53/7.04 C1 14.69
  B2 MPM10 batch 51: refs=['0290', '0274', '0270', '0107', '0109', '0153', '0252'] new=['0292'] s=0.483 | new rot a/d online 64.73/93.08 oracle 57.61/77.12 C1 15.74
  B2 MPM10 batch 52: refs=['0292', '0279', '0274', '0104', '0102', '0256', '0153'] new=['0296'] s=0.473 | new rot a/d online 72.43/87.36 oracle 52.06/65.40 C1 17.07
  B2 MPM10 batch 53: refs=['0296', '0279', '0282', '0097', '0100', '0147', '0144'] new=['0302'] s=0.451 | new rot a/d online 5.18/10.40 oracle 9.27/7.07 C1 18.51
  B2 MPM10 batch 54: refs=['0302', '0282', '0286', '0086', '0079', '0144', '0261'] new=['0307'] s=0.461 | new rot a/d online 18.40/16.98 oracle 15.43/9.03 C1 18.05
  B2 MPM10 batch 55: refs=['0307', '0286', '0290', '0079', '0082', '0136', '0131'] new=['0312'] s=0.445 | new rot a/d online 4.63/12.40 oracle 13.35/6.20 C1 19.46
  B2 MPM10 batch 56: refs=['0312', '0290', '0286', '0270', '0079', '0123', '0119'] new=['0316'] s=0.433 | new rot a/d online 9.46/16.96 oracle 8.91/1.33 C1 18.54
  B2 MPM10 batch 57: refs=['0316', '0290', '0292', '0274', '0270', '0263', '0262'] new=['0320'] s=0.433 | new rot a/d online 18.36/19.95 oracle 16.97/17.63 C1 17.69
  B2 MPM10 batch 58: refs=['0320', '0292', '0296', '0279', '0282', '0265', '0107'] new=['0324'] s=0.412 | new rot a/d online 5.42/6.42 oracle 11.88/8.18 C1 16.35
  B2 MPM10 batch 59: refs=['0324', '0296', '0302', '0282', '0279', '0104', '0265'] new=['0328'] s=0.435 | new rot a/d online 12.29/10.86 oracle 16.27/15.46 C1 17.43
  B2 MPM10 batch 60: refs=['0328', '0307', '0302', '0286', '0282', '0097', '0100'] new=['0333'] s=0.427 | new rot a/d online 9.03/2.93 oracle 14.72/5.28 C1 14.90
  B2 MPM10 batch 61: refs=['0333', '0312', '0307', '0286', '0290', '0090', '0267'] new=['0338'] s=0.422 | new rot a/d online 6.26/9.34 oracle 7.93/16.54 C1 14.20
  B2 MPM10 batch 62: refs=['0338', '0324', '0320', '0296', '0292', '0274', '0082'] new=['0342'] s=0.419 | new rot a/d online 4.55/6.73 oracle 4.53/4.53 C1 13.53
  B2 MPM10 batch 63: refs=['0342', '0328', '0333', '0302', '0307', '0279', '0079'] new=['0347'] s=0.416 | new rot a/d online 6.51/10.88 oracle 3.91/4.86 C1 14.26
  B2 MPM10 batch 64: refs=['0347', '0333', '0338', '0312', '0307', '0079', '0282'] new=['0368'] s=0.431 | new rot a/d online 6.68/10.18 oracle 4.59/2.47 C1 11.89
  B2 MPM10 batch 65: refs=['0368', '0338', '0342', '0316', '0312', '0286', '0079'] new=['0380'] s=0.436 | new rot a/d online 8.37/9.42 oracle 6.92/4.64 C1 10.27
  B2 MPM10 batch 66: refs=['0380', '0342', '0347', '0324', '0320', '0290', '0000'] new=['0389'] s=0.428 | new rot a/d online 6.94/7.16 oracle 4.76/2.96 C1 8.65
  B2 MPM10 batch 67: refs=['0389', '0347', '0368', '0328', '0333', '0000', '0292'] new=['0395'] s=0.431 | new rot a/d online 5.86/7.14 oracle 5.10/3.36 C1 6.92
  B2 MPM10 batch 68: refs=['0395', '0368', '0380', '0333', '0338', '0000', '0302'] new=['0397'] s=0.436 | new rot a/d online 4.59/5.88 oracle 3.55/3.55 C1 5.83
  B2 MPM10 batch 69: refs=['0397', '0389', '0395', '0342', '0347', '0316', '0312'] new=['0399'] s=0.426 | new rot a/d online 4.36/4.36 oracle 2.97/2.97 C1 1.81
  B2 MPM10 batch 70: refs=['0399', '0395', '0397', '0347', '0368', '0324', '0320'] new=['0400'] s=0.429 | new rot a/d online 3.75/3.75 oracle 3.45/3.45 C1 2.28
  B2 MPM10 batch 71: refs=['0400', '0397', '0395', '0380', '0368', '0333', '0328'] new=['0402'] s=0.434 | new rot a/d online 3.21/3.21 oracle 4.32/4.32 C1 4.45
  B2 MPM10 batch 72: refs=['0402', '0399', '0389', '0380', '0338', '0333', '0400'] new=['0405'] s=0.426 | new rot a/d online 5.69/5.69 oracle 5.10/5.10 C1 4.75
  B2 MPM10 batch 73: refs=['0405', '0399', '0400', '0389', '0395', '0342', '0338'] new=['0409'] s=0.426 | new rot a/d online 3.85/3.85 oracle 3.65/3.65 C1 2.98
  B2 MPM10 batch 74: refs=['0409', '0400', '0402', '0395', '0397', '0342', '0347'] new=['0415'] s=0.430 | new rot a/d online 3.22/3.22 oracle 2.76/2.76 C1 1.95
  B2 MPM10 batch 75: refs=['0415', '0402', '0405', '0397', '0395', '0347', '0368'] new=['0421'] s=0.418 | new rot a/d online 4.21/4.21 oracle 2.97/2.97 C1 2.38
  B2 MPM10 batch 76: refs=['0421', '0405', '0402', '0399', '0397', '0368', '0347'] new=['0450'] s=0.421 | new rot a/d online 6.49/6.49 oracle 5.72/5.72 C1 2.32
  B2 MPM10 batch 77: refs=['0450', '0405', '0409', '0399', '0400', '0380', '0368'] new=['0459'] s=0.434 | new rot a/d online 5.76/5.76 oracle 5.15/5.15 C1 3.78
  B2 MPM10 batch 78: refs=['0459', '0409', '0405', '0399', '0400', '0380', '0368'] new=['0477'] s=0.435 | new rot a/d online 6.69/6.69 oracle 6.21/6.21 C1 4.01
  B2 MPM10 batch 79: refs=['0477', '0415', '0409', '0400', '0402', '0389', '0395'] new=['0496'] s=0.437 | new rot a/d online 5.94/5.94 oracle 5.31/5.31 C1 3.75
  B2 MPM10 batch 80: refs=['0496', '0421', '0450', '0402', '0400', '0395', '0397'] new=['0508'] s=0.448 | new rot a/d online 5.20/5.20 oracle 4.78/4.78 C1 5.16
  B2 MPM10 batch 81: refs=['0508', '0450', '0459', '0405', '0402', '0397', '0395'] new=['0514'] s=0.457 | new rot a/d online 5.25/5.25 oracle 3.68/2.80 C1 5.12
  B2 MPM10 batch 82: refs=['0514', '0477', '0459', '0409', '0405', '0209', '0397'] new=['0532'] s=0.450 | new rot a/d online 5.33/5.53 oracle 9.87/3.11 C1 7.96
  B2 MPM10 batch 83: refs=['0532', '0496', '0477', '0415', '0409', '0209', '0399'] new=['0535'] s=0.456 | new rot a/d online 12.79/9.10 oracle 10.86/6.66 C1 7.19
  B2 MPM10 batch 84: refs=['0535', '0508', '0496', '0421', '0450', '0191', '0400'] new=['0539'] s=0.457 | new rot a/d online 11.21/7.03 oracle 3.61/3.59 C1 7.77
  B2 MPM10 batch 85: refs=['0539', '0508', '0514', '0421', '0450', '0191', '0400'] new=['0541'] s=0.451 | new rot a/d online 11.74/6.24 oracle 3.37/3.03 C1 4.36
  B2 MPM10 batch 86: refs=['0541', '0508', '0514', '0450', '0421', '0191', '0400'] new=['0543'] s=0.459 | new rot a/d online 14.01/7.60 oracle 7.43/4.93 C1 3.74
  B2 MPM10 batch 87: refs=['0543', '0532', '0514', '0459', '0477', '0402', '0213'] new=['0545'] s=0.464 | new rot a/d online 9.87/8.87 oracle 5.97/4.04 C1 4.11
  B2 MPM10 batch 88: refs=['0545', '0532', '0514', '0459', '0477', '0402', '0213'] new=['0549'] s=0.461 | new rot a/d online 13.50/7.25 oracle 12.85/4.18 C1 3.18
  B2 MPM10 batch 89: refs=['0549', '0535', '0532', '0459', '0477', '0213', '0402'] new=['0553'] s=0.460 | new rot a/d online 13.41/7.13 oracle 15.17/5.26 C1 3.88
  B2 MPM10 batch 90: refs=['0553', '0539', '0541', '0477', '0496', '0402', '0202'] new=['0557'] s=0.460 | new rot a/d online 17.90/3.83 oracle 15.31/4.62 C1 1.95
  B2 MPM10 batch 91: refs=['0557', '0545', '0543', '0496', '0477', '0202', '0262'] new=['0561'] s=0.453 | new rot a/d online 11.01/2.54 oracle 12.02/2.44 C1 2.70
  B2 MPM10 batch 92: refs=['0561', '0549', '0545', '0508', '0496', '0191', '0265'] new=['0564'] s=0.452 | new rot a/d online 5.89/3.30 oracle 8.61/4.59 C1 3.14
  B2 MPM10 batch 93: refs=['0564', '0553', '0549', '0508', '0514', '0191', '0000'] new=['0568'] s=0.462 | new rot a/d online 9.19/4.50 oracle 4.66/3.75 C1 3.81
  B2 MPM10 batch 94: refs=['0568', '0553', '0549', '0508', '0514', '0079', '0082'] new=['0571'] s=0.466 | new rot a/d online 3.71/3.88 oracle 2.05/2.84 C1 3.65
  B2 MPM10 batch 95: refs=['0571', '0553', '0557', '0496', '0477', '0079', '0265'] new=['0574'] s=0.464 | new rot a/d online 11.66/21.19 oracle 10.56/15.35 C1 5.03
  B2 MPM10 batch 96: refs=['0574', '0557', '0561', '0459', '0496', '0262', '0079'] new=['0576'] s=0.464 | new rot a/d online 10.49/11.01 oracle 8.01/6.80 C1 4.03
  B2 MPM10 batch 97: refs=['0576', '0568', '0564', '0459', '0450', '0082', '0397'] new=['0579'] s=0.492 | new rot a/d online 12.30/6.57 oracle 11.12/4.49 C1 4.81
  B2 MPM10 batch 98: refs=['0579', '0571', '0568', '0543', '0539', '0395', '0086'] new=['0582'] s=0.470 | new rot a/d online 7.93/3.84 oracle 5.91/0.69 C1 4.05
  B2 MPM10 batch 99: refs=['0582', '0571', '0574', '0549', '0496', '0262', '0263'] new=['0585'] s=0.465 | new rot a/d online 16.31/3.40 oracle 16.34/2.97 C1 3.79
  B2 MPM10 batch 100: refs=['0582', '0571', '0568', '0539', '0543', '0086', '0209'] new=['0595'] s=0.458 | new rot a/d online 11.02/2.56 oracle 11.97/2.22 C1 4.17
  B2 MPM10 batch 101: refs=['0579', '0561', '0564', '0450', '0459', '0082', '0079'] new=['0598'] s=0.469 | new rot a/d online 10.04/6.62 oracle 9.23/4.24 C1 3.05
  B2 MPM10 batch 102: refs=['0598', '0557', '0561', '0450', '0459', '0079', '0239'] new=['0611'] s=0.473 | new rot a/d online 13.17/8.92 oracle 4.22/6.70 C1 3.79
  B2 MPM10 batch 103: refs=['0611', '0557', '0561', '0450', '0459', '0079', '0239'] new=['0620'] s=0.472 | new rot a/d online 12.03/9.16 oracle 10.18/7.54 C1 2.94
  B2 MPM10 batch 104: refs=['0576', '0553', '0557', '0459', '0477', '0399', '0000'] new=['0634'] s=0.466 | new rot a/d online 4.99/5.02 oracle 2.89/3.57 C1 2.84
  B2 MPM10 batch 105: refs=['0634', '0553', '0585', '0450', '0459', '0000', '0399'] new=['0649'] s=0.504 | new rot a/d online 24.76/5.48 oracle 26.21/2.56 C1 2.80
  B2 MPM10 batch 106: refs=['0649', '0585', '0549', '0459', '0477', '0000', '0221'] new=['0668'] s=0.499 | new rot a/d online 46.04/10.84 oracle 38.43/7.52 C1 5.08
  B2 MPM10 batch 107: refs=['0668', '0582', '0595', '0459', '0477', '0227', '0400'] new=['0676'] s=0.502 | new rot a/d online 58.96/90.78 oracle 60.89/92.97 C1 8.69
  B2 MPM10 batch 108: refs=['0676', '0549', '0595', '0216', '0496', '0400', '0221'] new=['0689'] s=0.566 | new rot a/d online 79.87/52.94 oracle 52.04/51.81 C1 6.64
  B2 MPM10 batch 109: refs=['0561', '0579', '0545', '0496', '0216', '0202', '0402'] new=['0692'] s=0.479 | new rot a/d online 41.42/26.61 oracle 28.27/22.60 C1 6.10
  B2 MPM10 batch 110: refs=['0561', '0576', '0545', '0209', '0508', '0409', '0405'] new=['0696'] s=0.473 | new rot a/d online 89.91/79.17 oracle 80.94/75.31 C1 5.85
  B2 MPM10 batch 111: refs=['0696', '0574', '0545', '0508', '0209', '0409', '0191'] new=['0700'] s=0.544 | new rot a/d online 52.08/65.53 oracle 38.28/61.80 C1 8.45
  B2 MPM10 batch 112: refs=['0700', '0668', '0545', '0585', '0514', '0187', '0415'] new=['0702'] s=0.564 | new rot a/d online 48.72/20.42 oracle 52.84/19.65 C1 10.00
  B2 MPM10 batch 113: refs=['0216', '0557', '0239', '0252', '0270', '0571', '0568'] new=['0725'] s=0.510 | new rot a/d online 95.29/105.76 oracle 57.41/52.05 C1 42.06
  B2 MPM10 batch 114: refs=['0725', '0263', '0702', '0180', '0235', '0216', '0239'] new=['0732'] s=0.520 | new rot a/d online 80.92/83.46 oracle 37.41/42.51 C1 44.10
  B2 MPM10 batch 115: refs=['0732', '0725', '0571', '0107', '0543', '0244', '0216'] new=['0737'] s=0.530 | new rot a/d online 80.07/69.18 oracle 19.28/65.56 C1 43.01
  B2 MPM10 batch 116: refs=['0737', '0725', '0216', '0000', '0112', '0282', '0184'] new=['0740'] s=0.496 | new rot a/d online 91.32/99.55 oracle 73.91/82.10 C1 39.12
  B2 MPM10 batch 117: refs=['0740', '0216', '0725', '0144', '0227', '0545', '0184'] new=['0742'] s=0.485 | new rot a/d online 94.04/39.40 oracle 82.68/110.67 C1 35.09
  B2 MPM10 batch 118: refs=['0742', '0221', '0216', '0115', '0082', '0545', '0282'] new=['0743'] s=0.492 | new rot a/d online 110.36/125.12 oracle 58.27/69.68 C1 32.14
  B2 MPM10 batch 119: refs=['0209', '0737', '0740', '0104', '0112', '0235', '0162'] new=['0746'] s=0.493 | new rot a/d online 97.38/98.21 oracle 57.04/69.78 C1 8.18
  B2 MPM10 batch 120: refs=['0746', '0742', '0227', '0123', '0119', '0582', '0539'] new=['0754'] s=0.475 | new rot a/d online 75.50/109.87 oracle 49.91/5.39 C1 11.52
  B2 MPM10 batch 121: refs=['0754', '0742', '0227', '0100', '0262', '0543', '0620'] new=['0763'] s=0.484 | new rot a/d online 10.75/40.44 oracle 19.82/13.58 C1 10.82
  B2 MPM10 batch 122: refs=['0763', '0742', '0743', '0191', '0097', '0545', '0634'] new=['0771'] s=0.458 | new rot a/d online nan/nan oracle nan/nan C1 nan
  B2 MPM10 batch 123: refs=['0771', '0112', '0227', '0247', '0097', '0557', '0286'] new=['0785'] s=0.465 | new rot a/d online nan/nan oracle nan/nan C1 nan
  B2 MPM10 batch 124: refs=['0785', '0107', '0746', '0270', '0097', '0568', '0564'] new=['0789'] s=0.511 | new rot a/d online nan/nan oracle nan/nan C1 nan
  B2 MPM10 batch 125: refs=['0789', '0754', '0221', '0239', '0153', '0290', '0000'] new=['0793'] s=0.468 | new rot a/d online nan/nan oracle nan/nan C1 nan
  B2 MPM10 batch 126: refs=['0793', '0213', '0763', '0274', '0153', '0725', '0000'] new=['0799'] s=0.449 | new rot a/d online nan/nan oracle nan/nan C1 nan
  B2 MPM10 batch 127: refs=['0115', '0771', '0261', '0093', '0737', '0000', '0296'] new=['0807'] s=0.515 | new rot a/d online nan/nan oracle nan/nan C1 nan
  B2 MPM10 batch 128: refs=['0112', '0262', '0252', '0740', '0093', '0302', '0174'] new=['0816'] s=0.528 | new rot a/d online nan/nan oracle nan/nan C1 nan
  B2 MPM10 batch 129: refs=['0112', '0249', '0119', '0227', '0742', '0307', '0174'] new=['0826'] s=0.527 | new rot a/d online 103.69/138.01 oracle 65.02/53.43 C1 9.04
  B2 MPM10 batch 130: refs=['0826', '0180', '0263', '0227', '0742', '0174', '0307'] new=['0828'] s=0.479 | new rot a/d online 28.78/5.03 oracle 37.96/43.00 C1 5.95
  B2 MPM10 batch 131: refs=['0115', '0153', '0104', '0187', '0763', '0216', '0316'] new=['0834'] s=0.540 | new rot a/d online 30.69/38.99 oracle 33.35/57.09 C1 5.37
  B2 MPM10 batch 132: refs=['0834', '0119', '0123', '0221', '0286', '0316', '0320'] new=['0837'] s=0.474 | new rot a/d online 113.67/91.49 oracle 73.92/83.65 C1 4.91
  B2 MPM10 batch 133: refs=['0837', '0123', '0119', '0785', '0213', '0174', '0320'] new=['0839'] s=0.477 | new rot a/d online 167.86/108.82 oracle 102.26/131.34 C1 5.25
  B2 MPM10 batch 134: refs=['0839', '0828', '0123', '0093', '0292', '0174', '0324'] new=['0840'] s=0.478 | new rot a/d online 138.55/150.33 oracle 175.50/146.23 C1 7.37
  B2 MPM10 batch 135: refs=['0840', '0107', '0261', '0093', '0789', '0328', '0732'] new=['0843'] s=0.472 | new rot a/d online 23.25/6.78 oracle 21.67/4.76 C1 5.18
  B2 MPM10 batch 136: refs=['0843', '0115', '0109', '0184', '0793', '0209', '0732'] new=['0845'] s=0.464 | new rot a/d online 60.09/5.68 oracle 112.47/143.49 C1 4.70
  B2 MPM10 batch 137: refs=['0845', '0282', '0256', '0799', '0097', '0333', '0737'] new=['0847'] s=0.478 | new rot a/d online 27.16/43.55 oracle 22.91/26.17 C1 5.31
  B2 MPM10 batch 138: refs=['0847', '0180', '0282', '0807', '0307', '0338', '0754'] new=['0851'] s=0.465 | new rot a/d online 28.60/18.84 oracle 16.47/4.00 C1 4.39
  B2 MPM10 batch 139: refs=['0851', '0263', '0286', '0816', '0100', '0227', '0742'] new=['0858'] s=0.490 | new rot a/d online 28.46/4.58 oracle 24.25/2.54 C1 4.08
  B2 MPM10 batch 140: refs=['0858', '0265', '0290', '0316', '0826', '0771', '0743'] new=['0867'] s=0.509 | new rot a/d online 54.05/81.44 oracle 48.12/41.17 C1 4.12
  B2 MPM10 batch 141: refs=['0867', '0249', '0843', '0169', '0104', '0191', '0213'] new=['0876'] s=0.483 | new rot a/d online 66.03/89.02 oracle 93.76/114.08 C1 2.31
  B2 MPM10 batch 142: refs=['0876', '0845', '0153', '0112', '0123', '0202', '0187'] new=['0882'] s=0.471 | new rot a/d online 31.77/68.31 oracle 42.38/26.90 C1 2.91
  B2 MPM10 batch 143: refs=['0882', '0307', '0847', '0180', '0834', '0368', '0131'] new=['0887'] s=0.481 | new rot a/d online 17.22/5.30 oracle 36.73/98.16 C1 3.41
  B2 MPM10 batch 144: refs=['0887', '0312', '0858', '0837', '0333', '0239', '0799'] new=['0890'] s=0.468 | new rot a/d online 26.02/5.09 oracle 40.37/5.17 C1 5.84
  B2 MPM10 batch 145: refs=['0890', '0867', '0279', '0263', '0338', '0131', '0807'] new=['0895'] s=0.454 | new rot a/d online 53.86/98.25 oracle 63.36/97.01 C1 6.35
  B2 MPM10 batch 146: refs=['0895', '0876', '0247', '0843', '0265', '0816', '0140'] new=['0898'] s=0.432 | new rot a/d online 38.77/3.51 oracle 32.22/1.98 C1 7.03
  B2 MPM10 batch 147: refs=['0898', '0882', '0324', '0169', '0845', '0826', '0828'] new=['0904'] s=0.488 | new rot a/d online 13.50/74.49 oracle 31.63/71.44 C1 7.03
  B2 MPM10 batch 148: refs=['0904', '0290', '0887', '0851', '0347', '0115', '0000'] new=['0908'] s=0.451 | new rot a/d online 9.06/5.72 oracle 7.73/3.41 C1 4.82
  B2 MPM10 batch 149: refs=['0908', '0895', '0302', '0867', '0368', '0079', '0123'] new=['0911'] s=0.463 | new rot a/d online 11.18/5.66 oracle 5.76/3.80 C1 3.16
  B2 MPM10 batch 150: refs=['0911', '0904', '0312', '0247', '0380', '0263', '0144'] new=['0916'] s=0.464 | new rot a/d online 8.35/29.75 oracle 11.19/2.82 C1 2.12
  B2 MPM10 batch 151: refs=['0916', '0908', '0342', '0290', '0887', '0235', '0249'] new=['0922'] s=0.453 | new rot a/d online 18.80/72.73 oracle 41.07/72.02 C1 2.86
  B2 MPM10 batch 152: refs=['0922', '0328', '0342', '0890', '0296', '0244', '0845'] new=['0928'] s=0.474 | new rot a/d online 23.58/60.48 oracle 22.88/60.60 C1 3.37
  B2 MPM10 batch 153: refs=['0928', '0342', '0911', '0895', '0302', '0169', '0174'] new=['0934'] s=0.475 | new rot a/d online 17.39/5.01 oracle 36.01/85.02 C1 3.65
  B2 MPM10 batch 154: refs=['0934', '0333', '0342', '0898', '0389', '0851', '0174'] new=['0947'] s=0.481 | new rot a/d online 32.51/4.17 oracle 26.71/2.80 C1 4.33
  B2 MPM10 batch 155: refs=['0947', '0333', '0916', '0252', '0904', '0279', '0867'] new=['0961'] s=0.458 | new rot a/d online 18.00/3.57 oracle 10.94/2.54 C1 5.08
  B2 MPM10 batch 156: refs=['0961', '0916', '0347', '0395', '0904', '0279', '0405'] new=['0969'] s=0.481 | new rot a/d online 21.08/63.75 oracle 14.81/66.08 C1 6.56
  B2 MPM10 batch 157: refs=['0947', '0916', '0338', '0898', '0380', '0851', '0400'] new=['1233'] s=0.458 | new rot a/d online 7.02/4.33 oracle 5.60/4.69 C1 4.57
  B2 MPM10 batch 158: refs=['1233', '0916', '0911', '0312', '0368', '0845', '0249'] new=['1235'] s=0.461 | new rot a/d online 8.98/4.12 oracle 10.34/2.20 C1 3.93
  B2 MPM10 batch 159: refs=['1235', '0961', '0969', '0307', '0890', '0397', '0270'] new=['1238'] s=0.492 | new rot a/d online 49.76/5.44 oracle 46.35/3.12 C1 2.95
  B2 MPM10 batch 160: refs=['1238', '0928', '0922', '0882', '0342', '0153', '0837'] new=['1241'] s=0.466 | new rot a/d online 10.74/5.02 oracle 11.86/3.98 C1 3.68
  B2 MPM10 batch 161: refs=['1241', '1238', '1235', '0969', '0316', '0187', '0380'] new=['1244'] s=0.487 | new rot a/d online 10.20/5.69 oracle 7.87/2.12 C1 2.33
  B2 MPM10 batch 162: refs=['1244', '1241', '0843', '0252', '0104', '0799', '0247'] new=['1246'] s=0.498 | new rot a/d online 25.33/4.32 oracle 31.02/2.70 C1 3.65
  B2 MPM10 batch 163: refs=['1246', '1244', '0858', '0290', '0270', '0213', '0100'] new=['1247'] s=0.487 | new rot a/d online 53.65/84.45 oracle 55.50/83.23 C1 3.37
  B2 MPM10 batch 164: refs=['1247', '0858', '0867', '0290', '0263', '0169', '0162'] new=['1249'] s=0.497 | new rot a/d online 34.02/92.98 oracle 37.91/89.32 C1 4.11
  B2 MPM10 batch 165: refs=['1249', '1246', '0851', '0286', '0109', '0162', '0169'] new=['1251'] s=0.485 | new rot a/d online 33.10/16.75 oracle 4.21/17.68 C1 6.83
  B2 MPM10 batch 166: refs=['1251', '1247', '0845', '0107', '0247', '0169', '0742'] new=['1253'] s=0.482 | new rot a/d online 23.11/55.93 oracle 26.95/66.69 C1 8.89
  B2 MPM10 batch 167: refs=['1253', '1249', '0840', '0202', '0789', '0162', '0737'] new=['1254'] s=0.476 | new rot a/d online 9.88/14.18 oracle 23.01/9.23 C1 11.40
  B2 MPM10 batch 168: refs=['1254', '0834', '0839', '0279', '0244', '0911', '0162'] new=['1256'] s=0.513 | new rot a/d online 37.46/20.80 oracle 28.81/38.38 C1 11.50
  B2 MPM10 batch 169: refs=['1256', '0839', '0807', '0771', '0876', '0908', '0162'] new=['1258'] s=0.515 | new rot a/d online 33.33/9.20 oracle 61.21/103.95 C1 10.56
  B2 MPM10 batch 170: refs=['1258', '0793', '0837', '0867', '0261', '0140', '0162'] new=['1261'] s=0.497 | new rot a/d online 36.67/33.64 oracle 35.09/9.20 C1 12.82
  B2 MPM10 batch 171: refs=['1261', '0789', '1254', '0209', '0102', '0082', '0898'] new=['1263'] s=0.505 | new rot a/d online 35.56/24.10 oracle 61.03/25.95 C1 12.31
  B2 MPM10 batch 172: refs=['1263', '0834', '0180', '0270', '0851', '0895', '0082'] new=['1265'] s=0.528 | new rot a/d online 72.24/64.05 oracle 46.67/66.60 C1 11.79
  B2 MPM10 batch 173: refs=['1265', '0771', '1258', '0102', '0267', '0696', '0082'] new=['1267'] s=0.501 | new rot a/d online 51.03/96.54 oracle 65.25/90.94 C1 8.45
  B2 MPM10 batch 174: refs=['0202', '0227', '0763', '0265', '0102', '0887', '1246'] new=['1270'] s=0.529 | new rot a/d online 89.60/62.83 oracle 76.70/59.58 C1 9.18
  B2 MPM10 batch 175: refs=['0202', '0826', '0209', '0262', '1254', '0553', '0282'] new=['1272'] s=0.486 | new rot a/d online 35.41/47.28 oracle 19.38/37.44 C1 8.70
  B2 MPM10 batch 176: refs=['1272', '0807', '0743', '0107', '0104', '0867', '0543'] new=['1276'] s=0.528 | new rot a/d online 34.53/9.93 oracle 46.85/13.39 C1 6.62
  B2 MPM10 batch 177: refs=['1276', '0793', '1270', '0180', '0115', '0598', '0082'] new=['1280'] s=0.524 | new rot a/d online 43.46/70.42 oracle 109.05/157.07 C1 6.69
  B2 MPM10 batch 178: refs=['0209', '0202', '0213', '0828', '1263', '0585', '0535'] new=['1284'] s=0.470 | new rot a/d online 96.28/130.97 oracle 97.33/130.45 C1 6.94
  B2 MPM10 batch 179: refs=['1284', '0227', '0785', '0564', '0816', '0532', '0843'] new=['1289'] s=0.552 | new rot a/d online 10.04/5.46 oracle 30.54/2.31 C1 6.81
  B2 MPM10 batch 180: refs=['1289', '0743', '0700', '0545', '0574', '0263', '0082'] new=['1293'] s=0.550 | new rot a/d online 25.57/6.64 oracle 21.84/48.33 C1 7.77
  B2 MPM10 batch 181: refs=['1293', '0771', '1276', '1267', '0549', '0131', '0127'] new=['1294'] s=0.550 | new rot a/d online 25.25/19.58 oracle 52.27/119.41 C1 8.06
  B2 MPM10 batch 182: refs=['1293', '0696', '0754', '1270', '0634', '1258', '0086'] new=['1298'] s=0.561 | new rot a/d online 32.30/33.34 oracle 35.68/34.42 C1 6.78
  B2 MPM10 batch 183: refs=['1298', '0746', '0692', '0598', '1272', '0093', '0109'] new=['1302'] s=0.562 | new rot a/d online 33.55/10.31 oracle 30.28/5.86 C1 5.63
  B2 MPM10 batch 184: refs=['1302', '0564', '1289', '0579', '0227', '0104', '0100'] new=['1307'] s=0.611 | new rot a/d online 24.43/59.02 oracle 24.80/57.95 C1 7.63
  B2 MPM10 batch 185: refs=['0700', '0571', '0549', '0585', '0582', '0140', '0816'] new=['1312'] s=0.555 | new rot a/d online 65.39/64.33 oracle 58.19/72.57 C1 5.44
  B2 MPM10 batch 186: refs=['0696', '0545', '0574', '0754', '0743', '1267', '0415'] new=['1318'] s=0.557 | new rot a/d online 86.56/68.20 oracle 89.00/68.11 C1 8.65
  B2 MPM10 batch 187: refs=['1318', '0574', '0543', '0209', '0746', '0256', '0127'] new=['1322'] s=0.592 | new rot a/d online 53.08/103.06 oracle 79.67/104.37 C1 6.26
  B2 MPM10 batch 188: refs=['1322', '0574', '0539', '0732', '0496', '0789', '0405'] new=['1326'] s=0.572 | new rot a/d online 40.59/3.55 oracle 45.51/90.83 C1 4.00
  B2 MPM10 batch 189: refs=['1326', '0620', '0598', '0216', '0459', '0127', '0785'] new=['1330'] s=0.543 | new rot a/d online 51.79/80.01 oracle 144.92/148.59 C1 4.32
  B2 MPM10 batch 190: refs=['0649', '0543', '0514', '0421', '0216', '0763', '1280'] new=['1335'] s=0.542 | new rot a/d online 43.39/53.16 oracle 43.52/53.00 C1 9.71
  B2 MPM10 batch 191: refs=['1335', '0539', '0535', '0409', '1302', '0127', '1284'] new=['1339'] s=0.578 | new rot a/d online 92.62/48.07 oracle 96.34/50.66 C1 9.14
  B2 MPM10 batch 192: refs=['1339', '0539', '0649', '0405', '0700', '0743', '0397'] new=['1348'] s=0.571 | new rot a/d online 39.82/58.73 oracle 43.98/58.36 C1 9.89
  B2 MPM10 batch 193: refs=['1348', '0541', '0539', '1312', '0700', '0742', '1289'] new=['1356'] s=0.589 | new rot a/d online 69.04/51.57 oracle 69.60/49.78 C1 10.48
  B2 MPM10 batch 194: refs=['1356', '0532', '0450', '0696', '0402', '1294', '0732'] new=['1359'] s=0.588 | new rot a/d online 97.91/103.50 oracle 97.41/100.22 C1 11.11
  B2 MPM10 batch 195: refs=['1359', '0598', '1330', '0696', '0402', '0395', '1293'] new=['1369'] s=0.593 | new rot a/d online 55.67/106.58 oracle 57.75/106.29 C1 5.72
  B2 MPM10 batch 196: refs=['1369', '0611', '0582', '0696', '1312', '1293', '1294'] new=['1372'] s=0.550 | new rot a/d online 60.28/37.77 oracle 58.54/32.80 C1 7.33
  B2 MPM10 batch 197: refs=['1372', '0649', '0634', '0696', '0402', '1293', '0742'] new=['1380'] s=0.516 | new rot a/d online 72.58/99.58 oracle 71.44/95.25 C1 4.59
  B2 MPM10 batch 198: refs=['1380', '1339', '0634', '0545', '0696', '1293', '0389'] new=['1385'] s=0.560 | new rot a/d online 49.80/62.92 oracle 50.07/57.82 C1 4.66
  B2 MPM10 batch 199: refs=['1385', '1339', '0576', '0549', '1318', '1294', '0737'] new=['1386'] s=0.545 | new rot a/d online 42.33/57.92 oracle 43.96/52.34 C1 3.88
  B2 MPM10 batch 200: refs=['1386', '0598', '0620', '0541', '0553', '0147', '0140'] new=['1390'] s=0.508 | new rot a/d online 78.48/99.84 oracle 110.92/111.22 C1 6.00
  B2 MPM10 batch 201: refs=['1390', '0579', '0598', '0557', '0131', '0732', '0380'] new=['1396'] s=0.534 | new rot a/d online 35.49/9.44 oracle 39.47/3.82 C1 6.26
  B2 MPM10 batch 202: refs=['1396', '0579', '1369', '0564', '0561', '0174', '0732'] new=['1401'] s=0.551 | new rot a/d online 46.07/76.37 oracle 72.19/77.29 C1 4.77
  B2 MPM10 batch 203: refs=['1396', '1369', '0611', '0553', '0532', '0144', '1294'] new=['1404'] s=0.546 | new rot a/d online 48.09/75.92 oracle 55.03/75.68 C1 4.18
  B2 MPM10 batch 204: refs=['1401', '1372', '0598', '0692', '1326', '0174', '0380'] new=['1408'] s=0.538 | new rot a/d online 18.01/9.68 oracle 33.83/11.01 C1 4.67
  B2 MPM10 batch 205: refs=['1408', '0579', '0598', '1326', '0514', '0380', '0174'] new=['1410'] s=0.549 | new rot a/d online 26.83/46.48 oracle 48.47/78.63 C1 7.53
  B2 MPM10 batch 206: refs=['1408', '0598', '1372', '0692', '0400', '0380', '0737'] new=['1411'] s=0.541 | new rot a/d online 33.09/82.04 oracle 35.27/74.91 C1 3.65
  B2 MPM10 batch 207: refs=['1411', '0598', '0579', '0400', '0514', '0380', '0737'] new=['1413'] s=0.526 | new rot a/d online 37.06/40.59 oracle 42.77/41.56 C1 5.81
  B2 MPM10 batch 208: refs=['1413', '0579', '0598', '0450', '0400', '0380', '0086'] new=['1415'] s=0.542 | new rot a/d online 97.97/149.12 oracle 99.01/148.93 C1 4.45
  B2 MPM10 batch 209: refs=['1415', '0598', '0579', '0216', '0496', '0119', '0380'] new=['1418'] s=0.544 | new rot a/d online 85.87/177.61 oracle 101.84/63.84 C1 4.51
  B2 MPM10 batch 210: refs=['1418', '1380', '0579', '0409', '0405', '0090', '0380'] new=['1421'] s=0.530 | new rot a/d online 94.42/61.21 oracle 95.50/60.28 C1 3.84
  B2 MPM10 batch 211: refs=['1421', '1380', '0611', '0557', '1322', '0743', '1293'] new=['1424'] s=0.517 | new rot a/d online 66.56/102.52 oracle 67.36/98.49 C1 2.60
  B2 MPM10 batch 212: refs=['1424', '1380', '0634', '0477', '0508', '0093', '1289'] new=['1429'] s=0.524 | new rot a/d online 42.83/49.01 oracle 44.61/49.25 C1 2.80
  B2 MPM10 batch 213: refs=['1429', '0649', '0668', '0477', '0700', '0093', '0395'] new=['1435'] s=0.505 | new rot a/d online 35.04/50.58 oracle 36.76/50.58 C1 2.85
  B2 MPM10 batch 214: refs=['0585', '0571', '0668', '0549', '1307', '0090', '0209'] new=['1439'] s=0.477 | new rot a/d online 88.92/98.19 oracle 87.93/98.14 C1 2.68
  B2 MPM10 batch 215: refs=['0582', '1372', '0571', '0541', '1307', '0119', '1284'] new=['1446'] s=0.485 | new rot a/d online 120.03/142.91 oracle 119.18/175.81 C1 4.99
  B2 MPM10 batch 216: refs=['1446', '1372', '0668', '0532', '0700', '0754', '0119'] new=['1450'] s=0.571 | new rot a/d online 18.54/8.68 oracle 28.90/6.28 C1 7.14
  B2 MPM10 batch 217: refs=['1424', '0576', '0611', '0496', '1318', '0090', '0743'] new=['1453'] s=0.546 | new rot a/d online 59.06/95.00 oracle 57.84/93.34 C1 1.64
  B2 MPM10 batch 218: refs=['1421', '1380', '0598', '0459', '0405', '0221', '0740'] new=['1458'] s=0.544 | new rot a/d online 66.37/77.94 oracle 89.76/77.50 C1 3.66
  B2 MPM10 batch 219: refs=['1421', '0595', '1390', '0568', '1335', '1298', '0097'] new=['1465'] s=0.522 | new rot a/d online 71.18/71.20 oracle 70.16/68.81 C1 1.08
  B2 MPM10 batch 220: refs=['1465', '1446', '1439', '0571', '0000', '0737', '0368'] new=['1476'] s=0.577 | new rot a/d online 27.55/29.64 oracle 29.13/29.29 C1 4.22
  B2 MPM10 batch 221: refs=['1476', '1396', '1435', '1359', '0649', '0732', '0097'] new=['1487'] s=0.598 | new rot a/d online 53.96/8.22 oracle 53.14/4.40 C1 5.11
  B2 MPM10 batch 222: refs=['1476', '1401', '1435', '0649', '0668', '1298', '0100'] new=['1496'] s=0.524 | new rot a/d online 25.57/4.64 oracle 22.69/9.35 C1 1.96
  B2 MPM10 batch 223: refs=['1496', '0239', '1415', '0136', '0079', '0184', '0535'] new=['1499'] s=0.567 | new rot a/d online 19.23/5.63 oracle 50.73/3.97 C1 2.60
  B2 MPM10 batch 224: refs=['1499', '1418', '1453', '0140', '0144', '1302', '0549'] new=['1503'] s=0.516 | new rot a/d online 35.65/23.93 oracle 23.11/40.34 C1 2.95
  B2 MPM10 batch 225: refs=['1499', '1421', '1458', '1380', '0611', '0102', '0532'] new=['1517'] s=0.578 | new rot a/d online 24.43/50.81 oracle 23.36/48.19 C1 2.52
  B2 MPM10 batch 226: refs=['1517', '0131', '1458', '0579', '0082', '0696', '0700'] new=['1524'] s=0.537 | new rot a/d online 26.54/22.18 oracle 32.72/29.35 C1 1.32
  B2 MPM10 batch 227: refs=['0127', '1465', '1458', '1386', '0579', '1307', '0496'] new=['1536'] s=0.572 | new rot a/d online 64.62/35.35 oracle 83.78/105.11 C1 3.76
  B2 MPM10 batch 228: refs=['0127', '0000', '1465', '0162', '0595', '0312', '0477'] new=['1538'] s=0.518 | new rot a/d online 66.56/83.51 oracle 72.71/113.97 C1 5.05
  B2 MPM10 batch 229: refs=['0239', '0131', '0000', '1396', '0169', '0292', '0421'] new=['1549'] s=0.557 | new rot a/d online 32.05/26.14 oracle 168.74/135.29 C1 3.38
  B2 MPM10 batch 230: refs=['1549', '1496', '1476', '0177', '1408', '0107', '0274'] new=['1553'] s=0.491 | new rot a/d online 21.92/9.75 oracle 23.77/11.20 C1 3.93
  B2 MPM10 batch 231: refs=['1553', '1524', '0082', '0184', '1458', '0668', '0568'] new=['1556'] s=0.525 | new rot a/d online 35.01/6.05 oracle 24.83/56.06 C1 5.73
  B2 MPM10 batch 232: refs=['0000', '1549', '0162', '0102', '0174', '0634', '0115'] new=['1559'] s=0.500 | new rot a/d online 45.56/50.36 oracle 41.73/42.55 C1 7.79
  B2 MPM10 batch 233: refs=['1559', '0162', '1549', '0102', '1465', '0115', '0368'] new=['1563'] s=0.533 | new rot a/d online 32.48/47.32 oracle 42.62/47.29 C1 7.55
  B2 MPM10 batch 234: refs=['1556', '1517', '0239', '0097', '1453', '0692', '0904'] new=['1574'] s=0.523 | new rot a/d online 26.24/22.16 oracle 29.83/27.36 C1 5.62
  B2 MPM10 batch 235: refs=['1574', '0239', '0235', '0216', '1424', '1359', '0561'] new=['1583'] s=0.496 | new rot a/d online 55.07/96.47 oracle 106.89/95.71 C1 6.35
  B2 MPM10 batch 236: refs=['1583', '0235', '0082', '1453', '1458', '0368', '0402'] new=['1595'] s=0.486 | new rot a/d online 50.73/102.26 oracle 167.77/102.85 C1 3.10
  B2 MPM10 batch 237: refs=['0147', '1553', '0090', '1496', '0123', '0598', '0338'] new=['1609'] s=0.515 | new rot a/d online 26.77/30.76 oracle 59.74/19.03 C1 2.28
  B2 MPM10 batch 238: refs=['1609', '1595', '1583', '0107', '0127', '0754', '1408'] new=['1612'] s=0.462 | new rot a/d online 16.19/11.70 oracle 45.57/89.41 C1 1.72
  B2 MPM10 batch 239: refs=['0119', '0100', '1563', '0221', '1536', '0742', '1256'] new=['1616'] s=0.536 | new rot a/d online 30.48/40.03 oracle 66.63/81.09 C1 2.01
DONE B2 MPM10 new=236 rot a/d online=32.25/23.06 oracle=33.40/22.32 C1=5.82 C2=4.85 317s
[_client.py] HTTP Request: HEAD https://huggingface.co/facebook/VGGT-1B/resolve/main/model.pt "HTTP/1.1 302 Found"
[vision_transformer.py] using MLP layer as FFN
  B1-roll MPM10 batch 0: refs=['0000'] new=['0079', '0082', '0086', '0090'] s=0.533 | new rot a/d online 163.40/163.40 oracle 163.40/163.40 C1 1.54
  B1-roll MPM10 batch 1: refs=['0090', '0086', '0082', '0079', '0000'] new=['0093'] s=0.496 | new rot a/d online 3.47/2.51 oracle 3.26/1.44 C1 1.42
  B1-roll MPM10 batch 2: refs=['0093', '0090', '0086', '0082', '0079', '0000'] new=['0097'] s=0.510 | new rot a/d online 9.02/6.69 oracle 7.91/4.95 C1 1.23
  B1-roll MPM10 batch 3: refs=['0097', '0093', '0090', '0086', '0082', '0079', '0000'] new=['0100'] s=0.528 | new rot a/d online 8.92/6.39 oracle 8.41/4.79 C1 1.28
  B1-roll MPM10 batch 4: refs=['0100', '0097', '0093', '0090', '0086', '0082', '0079', '0000'] new=['0102'] s=0.539 | new rot a/d online 6.75/5.96 oracle 5.49/4.23 C1 1.66
  B1-roll MPM10 batch 5: refs=['0102', '0100', '0097', '0093', '0090', '0086', '0082', '0079'] new=['0104'] s=0.534 | new rot a/d online 9.62/9.62 oracle 8.07/8.07 C1 2.40
  B1-roll MPM10 batch 6: refs=['0104', '0102', '0100', '0097', '0093', '0090', '0086', '0082'] new=['0107'] s=0.547 | new rot a/d online 10.10/11.13 oracle 8.50/9.61 C1 1.34
  B1-roll MPM10 batch 7: refs=['0107', '0104', '0102', '0100', '0097', '0093', '0090', '0086'] new=['0109'] s=0.570 | new rot a/d online 7.14/6.06 oracle 5.83/5.83 C1 0.53
  B1-roll MPM10 batch 8: refs=['0109', '0107', '0104', '0102', '0100', '0097', '0093', '0090'] new=['0112'] s=0.574 | new rot a/d online 7.15/7.15 oracle 6.10/6.10 C1 2.08
  B1-roll MPM10 batch 9: refs=['0112', '0109', '0107', '0104', '0102', '0100', '0097', '0093'] new=['0115'] s=0.581 | new rot a/d online 9.54/10.62 oracle 8.79/9.68 C1 1.93
  B1-roll MPM10 batch 10: refs=['0115', '0112', '0109', '0107', '0104', '0102', '0100', '0097'] new=['0119'] s=0.598 | new rot a/d online 13.28/15.19 oracle 13.01/14.86 C1 5.76
  B1-roll MPM10 batch 11: refs=['0119', '0115', '0112', '0109', '0107', '0104', '0102', '0100'] new=['0123'] s=0.564 | new rot a/d online 19.57/23.30 oracle 18.51/23.53 C1 8.14
  B1-roll MPM10 batch 12: refs=['0123', '0119', '0115', '0112', '0109', '0107', '0104', '0102'] new=['0127'] s=0.542 | new rot a/d online 13.09/15.54 oracle 11.34/16.71 C1 9.15
  B1-roll MPM10 batch 13: refs=['0127', '0123', '0119', '0115', '0112', '0109', '0107', '0104'] new=['0131'] s=0.509 | new rot a/d online 19.38/16.18 oracle 15.92/15.00 C1 7.72
  B1-roll MPM10 batch 14: refs=['0131', '0127', '0123', '0119', '0115', '0112', '0109', '0107'] new=['0136'] s=0.514 | new rot a/d online 9.55/20.67 oracle 11.65/23.63 C1 8.48
  B1-roll MPM10 batch 15: refs=['0136', '0131', '0127', '0123', '0119', '0115', '0112', '0109'] new=['0140'] s=0.542 | new rot a/d online 12.11/13.86 oracle 10.37/6.54 C1 7.67
  B1-roll MPM10 batch 16: refs=['0140', '0136', '0131', '0127', '0123', '0119', '0115', '0112'] new=['0144'] s=0.521 | new rot a/d online 13.16/17.14 oracle 9.24/12.29 C1 11.01
  B1-roll MPM10 batch 17: refs=['0144', '0140', '0136', '0131', '0127', '0123', '0119', '0115'] new=['0147'] s=0.498 | new rot a/d online 12.90/13.36 oracle 6.93/6.93 C1 9.66
  B1-roll MPM10 batch 18: refs=['0147', '0144', '0140', '0136', '0131', '0127', '0123', '0119'] new=['0153'] s=0.506 | new rot a/d online 13.43/14.39 oracle 5.35/5.35 C1 9.24
  B1-roll MPM10 batch 19: refs=['0153', '0147', '0144', '0140', '0136', '0131', '0127', '0123'] new=['0162'] s=0.491 | new rot a/d online 9.87/12.31 oracle 0.99/0.67 C1 8.60
  B1-roll MPM10 batch 20: refs=['0162', '0153', '0147', '0144', '0140', '0136', '0131', '0127'] new=['0169'] s=0.522 | new rot a/d online 13.66/15.40 oracle 4.39/5.68 C1 8.79
  B1-roll MPM10 batch 21: refs=['0169', '0162', '0153', '0147', '0144', '0140', '0136', '0131'] new=['0174'] s=0.498 | new rot a/d online 13.65/13.65 oracle 4.57/4.57 C1 8.86
  B1-roll MPM10 batch 22: refs=['0174', '0169', '0162', '0153', '0147', '0144', '0140', '0136'] new=['0177'] s=0.484 | new rot a/d online 11.13/11.13 oracle 1.61/1.61 C1 9.01
  B1-roll MPM10 batch 23: refs=['0177', '0174', '0169', '0162', '0153', '0147', '0144', '0140'] new=['0180'] s=0.469 | new rot a/d online 10.98/10.98 oracle 1.34/1.34 C1 9.78
  B1-roll MPM10 batch 24: refs=['0180', '0177', '0174', '0169', '0162', '0153', '0147', '0144'] new=['0184'] s=0.475 | new rot a/d online 12.26/12.26 oracle 2.51/2.51 C1 10.29
  B1-roll MPM10 batch 25: refs=['0184', '0180', '0177', '0174', '0169', '0162', '0153', '0147'] new=['0187'] s=0.471 | new rot a/d online 11.11/11.11 oracle 1.42/1.42 C1 9.68
  B1-roll MPM10 batch 26: refs=['0187', '0184', '0180', '0177', '0174', '0169', '0162', '0153'] new=['0191'] s=0.480 | new rot a/d online 10.87/10.87 oracle 1.86/1.86 C1 7.94
  B1-roll MPM10 batch 27: refs=['0191', '0187', '0184', '0180', '0177', '0174', '0169', '0162'] new=['0202'] s=0.487 | new rot a/d online 10.70/10.70 oracle 3.12/3.12 C1 9.00
  B1-roll MPM10 batch 28: refs=['0202', '0191', '0187', '0184', '0180', '0177', '0174', '0169'] new=['0209'] s=0.493 | new rot a/d online 10.67/10.67 oracle 4.71/4.71 C1 8.79
  B1-roll MPM10 batch 29: refs=['0209', '0202', '0191', '0187', '0184', '0180', '0177', '0174'] new=['0213'] s=0.470 | new rot a/d online 10.52/10.52 oracle 9.52/9.52 C1 9.75
  B1-roll MPM10 batch 30: refs=['0213', '0209', '0202', '0191', '0187', '0184', '0180', '0177'] new=['0216'] s=0.487 | new rot a/d online 12.10/12.10 oracle 6.84/6.84 C1 11.62
  B1-roll MPM10 batch 31: refs=['0216', '0213', '0209', '0202', '0191', '0187', '0184', '0180'] new=['0221'] s=0.499 | new rot a/d online 13.02/13.71 oracle 8.29/8.08 C1 14.23
  B1-roll MPM10 batch 32: refs=['0221', '0216', '0213', '0209', '0202', '0191', '0187', '0184'] new=['0227'] s=0.493 | new rot a/d online 18.16/17.24 oracle 11.23/8.26 C1 16.61
  B1-roll MPM10 batch 33: refs=['0227', '0221', '0216', '0213', '0209', '0202', '0191', '0187'] new=['0235'] s=0.564 | new rot a/d online 20.38/19.42 oracle 14.06/9.23 C1 20.40
  B1-roll MPM10 batch 34: refs=['0235', '0227', '0221', '0216', '0213', '0209', '0202', '0191'] new=['0239'] s=0.536 | new rot a/d online 21.94/21.39 oracle 10.59/7.99 C1 23.73
  B1-roll MPM10 batch 35: refs=['0239', '0235', '0227', '0221', '0216', '0213', '0209', '0202'] new=['0244'] s=0.551 | new rot a/d online 27.51/27.02 oracle 13.43/9.54 C1 26.70
  B1-roll MPM10 batch 36: refs=['0244', '0239', '0235', '0227', '0221', '0216', '0115', '0112'] new=['0247'] s=0.525 | new rot a/d online 31.34/28.70 oracle 17.56/9.14 C1 31.24
  B1-roll MPM10 batch 37: refs=['0247', '0244', '0239', '0235', '0227', '0112', '0115', '0109'] new=['0249'] s=0.569 | new rot a/d online 42.05/34.89 oracle 26.94/9.86 C1 32.67
  B1-roll MPM10 batch 38: refs=['0249', '0247', '0244', '0239', '0112', '0115', '0109', '0107'] new=['0252'] s=0.558 | new rot a/d online 41.92/37.08 oracle 27.34/46.77 C1 33.10
  B1-roll MPM10 batch 39: refs=['0252', '0249', '0247', '0244', '0112', '0109', '0115', '0107'] new=['0256'] s=0.573 | new rot a/d online 26.30/28.98 oracle 22.76/33.68 C1 32.57
  B1-roll MPM10 batch 40: refs=['0256', '0252', '0249', '0109', '0112', '0247', '0107', '0115'] new=['0261'] s=0.578 | new rot a/d online 29.78/38.62 oracle 32.68/12.55 C1 31.23
  B1-roll MPM10 batch 41: refs=['0261', '0256', '0252', '0107', '0109', '0104', '0249', '0112'] new=['0262'] s=0.577 | new rot a/d online 17.69/23.97 oracle 12.83/8.90 C1 32.97
  B1-roll MPM10 batch 42: refs=['0262', '0261', '0107', '0104', '0256', '0102', '0109', '0100'] new=['0263'] s=0.625 | new rot a/d online 28.71/36.48 oracle 26.03/37.71 C1 34.40
  B1-roll MPM10 batch 43: refs=['0263', '0262', '0104', '0102', '0100', '0107', '0097', '0109'] new=['0265'] s=0.661 | new rot a/d online 20.17/42.21 oracle 26.45/42.54 C1 31.66
  B1-roll MPM10 batch 44: refs=['0107', '0104', '0109', '0102', '0112', '0100', '0115', '0265'] new=['0267'] s=0.541 | new rot a/d online 64.51/70.95 oracle 64.54/71.67 C1 14.52
  B1-roll MPM10 batch 45: refs=['0267', '0107', '0104', '0109', '0102', '0112', '0100', '0115'] new=['0270'] s=0.529 | new rot a/d online 58.97/67.54 oracle 58.82/63.15 C1 7.66
  B1-roll MPM10 batch 46: refs=['0270', '0267', '0104', '0107', '0102', '0109', '0112', '0100'] new=['0274'] s=0.505 | new rot a/d online 58.35/73.81 oracle 57.98/74.08 C1 7.27
  B1-roll MPM10 batch 47: refs=['0274', '0270', '0267', '0104', '0102', '0100', '0107', '0109'] new=['0279'] s=0.535 | new rot a/d online 41.19/69.53 oracle 44.13/70.24 C1 7.50
  B1-roll MPM10 batch 48: refs=['0279', '0274', '0270', '0267', '0102', '0100', '0104', '0097'] new=['0282'] s=0.500 | new rot a/d online 11.82/2.78 oracle 14.35/8.09 C1 9.96
  B1-roll MPM10 batch 49: refs=['0282', '0279', '0274', '0270', '0267', '0102', '0100', '0097'] new=['0286'] s=0.453 | new rot a/d online 4.45/3.83 oracle 8.73/6.99 C1 12.84
  B1-roll MPM10 batch 50: refs=['0286', '0282', '0279', '0274', '0270', '0267', '0097', '0100'] new=['0290'] s=0.449 | new rot a/d online 5.32/10.24 oracle 9.63/7.83 C1 14.69
  B1-roll MPM10 batch 51: refs=['0290', '0286', '0282', '0279', '0274', '0270', '0267', '0097'] new=['0292'] s=0.437 | new rot a/d online 6.75/11.69 oracle 9.29/7.40 C1 15.74
  B1-roll MPM10 batch 52: refs=['0292', '0290', '0286', '0282', '0279', '0274', '0270', '0267'] new=['0296'] s=0.421 | new rot a/d online 9.74/8.73 oracle 7.69/6.54 C1 17.07
  B1-roll MPM10 batch 53: refs=['0296', '0292', '0290', '0286', '0282', '0279', '0274', '0270'] new=['0302'] s=0.419 | new rot a/d online 9.78/13.84 oracle 7.66/7.66 C1 18.51
  B1-roll MPM10 batch 54: refs=['0302', '0296', '0292', '0290', '0286', '0282', '0279', '0274'] new=['0307'] s=0.420 | new rot a/d online 12.47/14.53 oracle 6.26/6.26 C1 18.05
  B1-roll MPM10 batch 55: refs=['0307', '0302', '0296', '0292', '0290', '0286', '0282', '0279'] new=['0312'] s=0.418 | new rot a/d online 9.65/9.65 oracle 3.77/3.77 C1 19.46
  B1-roll MPM10 batch 56: refs=['0312', '0307', '0302', '0296', '0292', '0290', '0286', '0282'] new=['0316'] s=0.417 | new rot a/d online 10.52/10.52 oracle 3.53/3.53 C1 18.54
  B1-roll MPM10 batch 57: refs=['0316', '0312', '0307', '0302', '0296', '0292', '0290', '0286'] new=['0320'] s=0.404 | new rot a/d online 6.95/6.95 oracle 5.00/5.00 C1 17.69
  B1-roll MPM10 batch 58: refs=['0320', '0316', '0312', '0307', '0302', '0296', '0292', '0290'] new=['0324'] s=0.405 | new rot a/d online 4.11/2.10 oracle 6.58/6.58 C1 16.35
  B1-roll MPM10 batch 59: refs=['0324', '0320', '0316', '0312', '0307', '0302', '0296', '0292'] new=['0328'] s=0.406 | new rot a/d online 7.14/8.09 oracle 3.52/3.52 C1 17.43
  B1-roll MPM10 batch 60: refs=['0328', '0324', '0320', '0316', '0312', '0307', '0302', '0296'] new=['0333'] s=0.411 | new rot a/d online 9.07/9.07 oracle 2.00/2.00 C1 14.90
  B1-roll MPM10 batch 61: refs=['0333', '0328', '0324', '0320', '0316', '0312', '0307', '0302'] new=['0338'] s=0.422 | new rot a/d online 11.80/11.80 oracle 1.61/1.61 C1 14.20
  B1-roll MPM10 batch 62: refs=['0338', '0333', '0328', '0324', '0320', '0316', '0312', '0307'] new=['0342'] s=0.414 | new rot a/d online 11.73/11.73 oracle 2.15/2.15 C1 13.53
  B1-roll MPM10 batch 63: refs=['0342', '0338', '0333', '0328', '0324', '0320', '0316', '0312'] new=['0347'] s=0.435 | new rot a/d online 14.09/14.09 oracle 5.26/5.26 C1 14.26
  B1-roll MPM10 batch 64: refs=['0347', '0342', '0338', '0333', '0328', '0324', '0320', '0316'] new=['0368'] s=0.432 | new rot a/d online 12.91/12.91 oracle 5.46/5.46 C1 11.89
  B1-roll MPM10 batch 65: refs=['0368', '0347', '0342', '0338', '0333', '0328', '0324', '0320'] new=['0380'] s=0.421 | new rot a/d online 10.94/10.94 oracle 6.06/6.06 C1 10.27
  B1-roll MPM10 batch 66: refs=['0380', '0368', '0347', '0342', '0338', '0333', '0328', '0324'] new=['0389'] s=0.419 | new rot a/d online 9.37/9.37 oracle 4.71/4.71 C1 8.65
  B1-roll MPM10 batch 67: refs=['0389', '0380', '0368', '0347', '0342', '0338', '0333', '0328'] new=['0395'] s=0.425 | new rot a/d online 8.20/8.20 oracle 4.98/4.98 C1 6.92
  B1-roll MPM10 batch 68: refs=['0395', '0389', '0380', '0368', '0347', '0342', '0338', '0333'] new=['0397'] s=0.420 | new rot a/d online 6.68/6.68 oracle 3.37/3.37 C1 5.83
  B1-roll MPM10 batch 69: refs=['0397', '0395', '0389', '0380', '0368', '0347', '0342', '0338'] new=['0399'] s=0.419 | new rot a/d online 3.84/3.84 oracle 2.37/2.37 C1 1.81
  B1-roll MPM10 batch 70: refs=['0399', '0397', '0395', '0389', '0380', '0368', '0347', '0342'] new=['0400'] s=0.423 | new rot a/d online 2.49/2.49 oracle 3.02/3.02 C1 2.28
  B1-roll MPM10 batch 71: refs=['0400', '0399', '0397', '0395', '0389', '0380', '0368', '0347'] new=['0402'] s=0.423 | new rot a/d online 3.12/3.12 oracle 4.70/4.70 C1 4.45
  B1-roll MPM10 batch 72: refs=['0402', '0400', '0399', '0397', '0395', '0389', '0380', '0368'] new=['0405'] s=0.421 | new rot a/d online 4.39/4.39 oracle 3.49/3.49 C1 4.75
  B1-roll MPM10 batch 73: refs=['0405', '0402', '0400', '0399', '0397', '0395', '0389', '0380'] new=['0409'] s=0.420 | new rot a/d online 4.51/4.51 oracle 3.30/3.30 C1 2.98
  B1-roll MPM10 batch 74: refs=['0409', '0405', '0402', '0400', '0399', '0397', '0395', '0389'] new=['0415'] s=0.436 | new rot a/d online 6.14/6.14 oracle 5.33/5.33 C1 1.95
  B1-roll MPM10 batch 75: refs=['0415', '0409', '0405', '0402', '0400', '0399', '0397', '0395'] new=['0421'] s=0.431 | new rot a/d online 7.03/7.03 oracle 6.27/6.27 C1 2.38
  B1-roll MPM10 batch 76: refs=['0421', '0415', '0409', '0405', '0402', '0400', '0399', '0397'] new=['0450'] s=0.436 | new rot a/d online 5.95/5.95 oracle 5.61/5.61 C1 2.32
  B1-roll MPM10 batch 77: refs=['0450', '0421', '0415', '0409', '0405', '0402', '0400', '0399'] new=['0459'] s=0.434 | new rot a/d online 6.73/6.73 oracle 6.34/6.34 C1 3.78
  B1-roll MPM10 batch 78: refs=['0459', '0450', '0421', '0415', '0409', '0405', '0402', '0400'] new=['0477'] s=0.430 | new rot a/d online 4.88/4.88 oracle 3.50/3.50 C1 4.01
  B1-roll MPM10 batch 79: refs=['0477', '0459', '0450', '0421', '0415', '0409', '0405', '0402'] new=['0496'] s=0.420 | new rot a/d online 4.40/4.40 oracle 3.10/3.10 C1 3.75
  B1-roll MPM10 batch 80: refs=['0496', '0477', '0459', '0450', '0421', '0415', '0409', '0405'] new=['0508'] s=0.434 | new rot a/d online 5.25/5.25 oracle 4.70/4.70 C1 5.16
  B1-roll MPM10 batch 81: refs=['0508', '0496', '0477', '0459', '0450', '0421', '0415', '0409'] new=['0514'] s=0.440 | new rot a/d online 4.82/4.82 oracle 3.42/3.42 C1 5.12
  B1-roll MPM10 batch 82: refs=['0514', '0508', '0496', '0477', '0459', '0450', '0421', '0415'] new=['0532'] s=0.441 | new rot a/d online 5.43/5.43 oracle 2.88/2.88 C1 7.96
  B1-roll MPM10 batch 83: refs=['0532', '0514', '0508', '0496', '0477', '0459', '0450', '0421'] new=['0535'] s=0.443 | new rot a/d online 7.36/7.36 oracle 4.61/4.61 C1 7.19
  B1-roll MPM10 batch 84: refs=['0535', '0532', '0514', '0508', '0496', '0477', '0459', '0450'] new=['0539'] s=0.439 | new rot a/d online 7.79/7.79 oracle 3.63/3.63 C1 7.77
  B1-roll MPM10 batch 85: refs=['0539', '0535', '0532', '0514', '0508', '0496', '0477', '0459'] new=['0541'] s=0.438 | new rot a/d online 6.95/6.95 oracle 3.11/3.11 C1 4.36
  B1-roll MPM10 batch 86: refs=['0541', '0539', '0535', '0532', '0514', '0508', '0496', '0477'] new=['0543'] s=0.440 | new rot a/d online 7.78/7.78 oracle 5.88/5.88 C1 3.74
  B1-roll MPM10 batch 87: refs=['0543', '0541', '0539', '0535', '0532', '0514', '0508', '0496'] new=['0545'] s=0.440 | new rot a/d online 8.10/8.10 oracle 5.12/5.12 C1 4.11
  B1-roll MPM10 batch 88: refs=['0545', '0543', '0541', '0539', '0535', '0532', '0514', '0508'] new=['0549'] s=0.441 | new rot a/d online 6.10/6.10 oracle 5.27/5.27 C1 3.18
  B1-roll MPM10 batch 89: refs=['0549', '0545', '0543', '0541', '0539', '0535', '0532', '0514'] new=['0553'] s=0.440 | new rot a/d online 4.81/4.81 oracle 4.77/4.77 C1 3.88
  B1-roll MPM10 batch 90: refs=['0553', '0549', '0545', '0543', '0541', '0539', '0535', '0532'] new=['0557'] s=0.440 | new rot a/d online 2.24/2.24 oracle 4.04/4.04 C1 1.95
  B1-roll MPM10 batch 91: refs=['0557', '0553', '0549', '0545', '0543', '0541', '0539', '0535'] new=['0561'] s=0.440 | new rot a/d online 0.98/0.98 oracle 3.88/3.88 C1 2.70
  B1-roll MPM10 batch 92: refs=['0561', '0557', '0553', '0549', '0545', '0543', '0541', '0539'] new=['0564'] s=0.442 | new rot a/d online 2.28/2.28 oracle 4.39/4.39 C1 3.14
  B1-roll MPM10 batch 93: refs=['0564', '0561', '0557', '0553', '0549', '0545', '0543', '0541'] new=['0568'] s=0.443 | new rot a/d online 3.15/3.15 oracle 3.50/3.50 C1 3.81
  B1-roll MPM10 batch 94: refs=['0568', '0564', '0561', '0557', '0553', '0549', '0545', '0541'] new=['0571'] s=0.444 | new rot a/d online 2.72/2.72 oracle 2.77/2.77 C1 3.65
  B1-roll MPM10 batch 95: refs=['0571', '0568', '0564', '0561', '0557', '0553', '0549', '0545'] new=['0574'] s=0.447 | new rot a/d online 4.67/4.67 oracle 2.35/2.35 C1 5.03
  B1-roll MPM10 batch 96: refs=['0574', '0571', '0568', '0564', '0561', '0557', '0553', '0549'] new=['0576'] s=0.450 | new rot a/d online 4.18/4.18 oracle 1.46/1.46 C1 4.03
  B1-roll MPM10 batch 97: refs=['0576', '0574', '0571', '0568', '0564', '0561', '0557', '0553'] new=['0579'] s=0.450 | new rot a/d online 4.56/4.56 oracle 2.44/2.44 C1 4.81
  B1-roll MPM10 batch 98: refs=['0579', '0576', '0574', '0571', '0568', '0564', '0561', '0557'] new=['0582'] s=0.450 | new rot a/d online 4.05/4.05 oracle 2.15/2.15 C1 4.05
  B1-roll MPM10 batch 99: refs=['0582', '0579', '0576', '0574', '0571', '0568', '0564', '0561'] new=['0585'] s=0.452 | new rot a/d online 3.38/3.38 oracle 1.78/1.78 C1 3.79
  B1-roll MPM10 batch 100: refs=['0582', '0585', '0579', '0576', '0574', '0571', '0568', '0564'] new=['0595'] s=0.452 | new rot a/d online 2.73/2.73 oracle 2.33/2.33 C1 4.17
  B1-roll MPM10 batch 101: refs=['0579', '0576', '0595', '0582', '0585', '0574', '0571', '0568'] new=['0598'] s=0.450 | new rot a/d online 3.03/3.03 oracle 2.03/2.03 C1 3.05
  B1-roll MPM10 batch 102: refs=['0598', '0576', '0579', '0574', '0595', '0582', '0585', '0571'] new=['0611'] s=0.452 | new rot a/d online 3.66/3.66 oracle 0.84/0.84 C1 3.79
  B1-roll MPM10 batch 103: refs=['0611', '0598', '0576', '0579', '0595', '0574', '0582', '0585'] new=['0620'] s=0.460 | new rot a/d online 1.69/1.69 oracle 2.53/2.53 C1 2.94
  B1-roll MPM10 batch 104: refs=['0576', '0574', '0611', '0620', '0598', '0579', '0571', '0568'] new=['0634'] s=0.460 | new rot a/d online 11.41/11.41 oracle 13.92/13.92 C1 2.84
  B1-roll MPM10 batch 105: refs=['0634', '0576', '0611', '0574', '0620', '0598', '0579', '0571'] new=['0649'] s=0.540 | new rot a/d online 7.83/7.83 oracle 5.60/5.60 C1 2.80
  B1-roll MPM10 batch 106: refs=['0649', '0634', '0574', '0571', '0561', '0576', '0564', '0568'] new=['0668'] s=0.531 | new rot a/d online 13.16/16.22 oracle 12.13/15.03 C1 5.08
  B1-roll MPM10 batch 107: refs=['0668', '0649', '0634', '0561', '0574', '0571', '0564', '0568'] new=['0676'] s=0.578 | new rot a/d online 4.19/5.74 oracle 2.02/3.42 C1 8.69
  B1-roll MPM10 batch 108: refs=['0676', '0668', '0561', '0564', '0571', '0568', '0574', '0634'] new=['0689'] s=0.568 | new rot a/d online 47.38/57.84 oracle 46.30/55.51 C1 6.64
  B1-roll MPM10 batch 109: refs=['0561', '0676', '0564', '0689', '0568', '0668', '0557', '0571'] new=['0692'] s=0.465 | new rot a/d online 114.01/145.68 oracle 116.66/147.26 C1 6.10
  B1-roll MPM10 batch 110: refs=['0561', '0557', '0692', '0564', '0676', '0568', '0553', '0689'] new=['0696'] s=0.454 | new rot a/d online 115.54/148.74 oracle 117.17/150.02 C1 5.85
  B1-roll MPM10 batch 111: refs=['0696', '0557', '0561', '0564', '0692', '0676', '0568', '0553'] new=['0700'] s=0.609 | new rot a/d online 38.23/32.85 oracle 36.10/27.08 C1 8.45
  B1-roll MPM10 batch 112: refs=['0700', '0696', '0557', '0561', '0692', '0564', '0553', '0568'] new=['0702'] s=0.659 | new rot a/d online 32.57/44.74 oracle 34.67/45.69 C1 10.00
  B1-roll MPM10 batch 113: refs=['0216', '0571', '0568', '0574', '0564', '0692', '0576', '0668'] new=['0725'] s=0.500 | new rot a/d online 77.19/83.46 oracle 76.24/81.20 C1 42.06
  B1-roll MPM10 batch 114: refs=['0725', '0216', '0239', '0571', '0568', '0574', '0564', '0090'] new=['0732'] s=0.573 | new rot a/d online 40.17/27.92 oracle 32.21/13.55 C1 44.10
  B1-roll MPM10 batch 115: refs=['0732', '0216', '0725', '0239', '0140', '0097', '0093', '0090'] new=['0737'] s=0.545 | new rot a/d online 71.81/101.00 oracle 85.37/86.38 C1 43.01
  B1-roll MPM10 batch 116: refs=['0737', '0732', '0216', '0725', '0140', '0239', '0100', '0097'] new=['0740'] s=0.544 | new rot a/d online 66.35/90.42 oracle 65.89/133.28 C1 39.12
  B1-roll MPM10 batch 117: refs=['0740', '0737', '0732', '0216', '0725', '0221', '0140', '0100'] new=['0742'] s=0.502 | new rot a/d online 67.57/42.65 oracle 40.46/4.51 C1 35.09
  B1-roll MPM10 batch 118: refs=['0742', '0740', '0737', '0732', '0221', '0216', '0140', '0725'] new=['0743'] s=0.470 | new rot a/d online 63.31/35.48 oracle 31.96/5.15 C1 32.14
  B1-roll MPM10 batch 119: refs=['0209', '0221', '0743', '0742', '0740', '0737', '0732', '0227'] new=['0746'] s=0.453 | new rot a/d online 43.28/66.49 oracle 61.91/67.33 C1 8.18
  B1-roll MPM10 batch 120: refs=['0746', '0221', '0209', '0743', '0202', '0742', '0227', '0737'] new=['0754'] s=0.530 | new rot a/d online 27.04/21.59 oracle 34.10/2.51 C1 11.52
  B1-roll MPM10 batch 121: refs=['0754', '0221', '0746', '0202', '0209', '0213', '0743', '0227'] new=['0763'] s=0.501 | new rot a/d online 46.44/65.27 oracle 36.11/53.72 C1 10.82
  B1-roll MPM10 batch 122: refs=['0763', '0221', '0754', '0746', '0202', '0213', '0209', '0743'] new=['0771'] s=0.494 | new rot a/d online nan/nan oracle nan/nan C1 nan
  B1-roll MPM10 batch 123: refs=['0771', '0763', '0202', '0221', '0754', '0213', '0746', '0112'] new=['0785'] s=0.482 | new rot a/d online nan/nan oracle nan/nan C1 nan
  B1-roll MPM10 batch 124: refs=['0785', '0202', '0771', '0763', '0115', '0112', '0213', '0754'] new=['0789'] s=0.440 | new rot a/d online nan/nan oracle nan/nan C1 nan
  B1-roll MPM10 batch 125: refs=['0789', '0785', '0202', '0115', '0771', '0112', '0109', '0763'] new=['0793'] s=0.427 | new rot a/d online nan/nan oracle nan/nan C1 nan
  B1-roll MPM10 batch 126: refs=['0793', '0789', '0115', '0112', '0785', '0109', '0202', '0771'] new=['0799'] s=0.433 | new rot a/d online nan/nan oracle nan/nan C1 nan
  B1-roll MPM10 batch 127: refs=['0115', '0799', '0112', '0793', '0109', '0789', '0107', '0785'] new=['0807'] s=0.585 | new rot a/d online nan/nan oracle nan/nan C1 nan
  B1-roll MPM10 batch 128: refs=['0112', '0807', '0115', '0799', '0109', '0793', '0107', '0789'] new=['0816'] s=0.615 | new rot a/d online nan/nan oracle nan/nan C1 nan
  B1-roll MPM10 batch 129: refs=['0112', '0816', '0115', '0109', '0807', '0799', '0256', '0107'] new=['0826'] s=0.601 | new rot a/d online 109.78/143.42 oracle 144.97/136.98 C1 9.04
  B1-roll MPM10 batch 130: refs=['0826', '0115', '0112', '0816', '0109', '0807', '0256', '0107'] new=['0828'] s=0.525 | new rot a/d online 30.56/10.70 oracle 32.33/2.23 C1 5.95
  B1-roll MPM10 batch 131: refs=['0115', '0112', '0256', '0828', '0109', '0826', '0249', '0262'] new=['0834'] s=0.534 | new rot a/d online 65.76/98.40 oracle 80.05/93.25 C1 5.37
  B1-roll MPM10 batch 132: refs=['0834', '0249', '0256', '0112', '0115', '0262', '0263', '0180'] new=['0837'] s=0.522 | new rot a/d online 49.48/34.42 oracle 41.23/26.15 C1 4.91
  B1-roll MPM10 batch 133: refs=['0837', '0834', '0249', '0252', '0262', '0263', '0180', '0115'] new=['0839'] s=0.510 | new rot a/d online 6.47/28.32 oracle 17.55/32.32 C1 5.25
  B1-roll MPM10 batch 134: refs=['0839', '0249', '0837', '0252', '0834', '0263', '0262', '0265'] new=['0840'] s=0.492 | new rot a/d online 14.69/21.94 oracle 19.88/21.56 C1 7.37
  B1-roll MPM10 batch 135: refs=['0840', '0249', '0839', '0837', '0252', '0153', '0263', '0262'] new=['0843'] s=0.496 | new rot a/d online 36.08/38.07 oracle 29.70/38.40 C1 5.18
  B1-roll MPM10 batch 136: refs=['0843', '0249', '0840', '0839', '0153', '0252', '0837', '0265'] new=['0845'] s=0.482 | new rot a/d online 29.87/6.01 oracle 28.58/2.40 C1 4.70
  B1-roll MPM10 batch 137: refs=['0845', '0843', '0249', '0840', '0252', '0153', '0247', '0839'] new=['0847'] s=0.472 | new rot a/d online 39.92/5.56 oracle 35.18/2.00 C1 5.31
  B1-roll MPM10 batch 138: refs=['0847', '0845', '0247', '0249', '0252', '0843', '0840', '0153'] new=['0851'] s=0.464 | new rot a/d online 31.54/6.60 oracle 32.76/2.95 C1 4.39
  B1-roll MPM10 batch 139: refs=['0851', '0247', '0847', '0845', '0252', '0249', '0843', '0153'] new=['0858'] s=0.471 | new rot a/d online 27.14/4.98 oracle 33.69/1.02 C1 4.08
  B1-roll MPM10 batch 140: refs=['0858', '0247', '0851', '0847', '0252', '0279', '0845', '0274'] new=['0867'] s=0.467 | new rot a/d online 6.25/5.04 oracle 21.05/1.00 C1 4.12
  B1-roll MPM10 batch 141: refs=['0867', '0247', '0858', '0851', '0252', '0279', '0286', '0847'] new=['0876'] s=0.468 | new rot a/d online 13.03/3.09 oracle 25.14/3.17 C1 2.31
  B1-roll MPM10 batch 142: refs=['0876', '0247', '0867', '0252', '0286', '0282', '0858', '0279'] new=['0882'] s=0.491 | new rot a/d online 38.94/25.05 oracle 45.38/58.60 C1 2.91
  B1-roll MPM10 batch 143: refs=['0882', '0876', '0247', '0286', '0252', '0290', '0867', '0292'] new=['0887'] s=0.468 | new rot a/d online 51.01/2.50 oracle 54.36/3.22 C1 3.41
  B1-roll MPM10 batch 144: refs=['0887', '0882', '0290', '0252', '0292', '0286', '0296', '0876'] new=['0890'] s=0.476 | new rot a/d online 65.79/108.12 oracle 71.94/106.63 C1 5.84
  B1-roll MPM10 batch 145: refs=['0890', '0887', '0292', '0290', '0296', '0252', '0302', '0286'] new=['0895'] s=0.447 | new rot a/d online 51.68/111.43 oracle 58.45/111.23 C1 6.35
  B1-roll MPM10 batch 146: refs=['0895', '0890', '0252', '0292', '0296', '0302', '0307', '0887'] new=['0898'] s=0.460 | new rot a/d online 71.25/109.13 oracle 76.27/113.92 C1 7.03
  B1-roll MPM10 batch 147: refs=['0898', '0895', '0252', '0307', '0302', '0890', '0312', '0296'] new=['0904'] s=0.456 | new rot a/d online 57.49/104.17 oracle 64.81/1.56 C1 7.03
  B1-roll MPM10 batch 148: refs=['0904', '0898', '0316', '0312', '0307', '0252', '0895', '0320'] new=['0908'] s=0.459 | new rot a/d online 47.92/79.00 oracle 53.62/83.36 C1 4.82
  B1-roll MPM10 batch 149: refs=['0908', '0324', '0320', '0316', '0904', '0328', '0312', '0898'] new=['0911'] s=0.458 | new rot a/d online 113.61/145.31 oracle 116.55/149.24 C1 3.16
  B1-roll MPM10 batch 150: refs=['0911', '0908', '0333', '0324', '0328', '0320', '0338', '0316'] new=['0916'] s=0.448 | new rot a/d online 167.01/179.22 oracle 168.84/175.20 C1 2.12
  B1-roll MPM10 batch 151: refs=['0916', '0911', '0333', '0338', '0328', '0324', '0908', '0342'] new=['0922'] s=0.447 | new rot a/d online 145.99/164.69 oracle 144.82/165.43 C1 2.86
  B1-roll MPM10 batch 152: refs=['0922', '0916', '0338', '0333', '0911', '0328', '0342', '0324'] new=['0928'] s=0.457 | new rot a/d online 122.15/149.65 oracle 122.19/149.64 C1 3.37
  B1-roll MPM10 batch 153: refs=['0928', '0922', '0916', '0338', '0333', '0342', '0911', '0328'] new=['0934'] s=0.463 | new rot a/d online 81.64/2.85 oracle 82.00/0.92 C1 3.65
  B1-roll MPM10 batch 154: refs=['0934', '0928', '0922', '0916', '0338', '0333', '0342', '0347'] new=['0947'] s=0.468 | new rot a/d online 64.30/133.38 oracle 64.73/132.78 C1 4.33
  B1-roll MPM10 batch 155: refs=['0947', '0934', '0928', '0922', '0338', '0342', '0333', '0916'] new=['0961'] s=0.460 | new rot a/d online 33.66/4.73 oracle 35.62/4.45 C1 5.08
  B1-roll MPM10 batch 156: refs=['0961', '0947', '0934', '0928', '0922', '0338', '0342', '0333'] new=['0969'] s=0.464 | new rot a/d online 34.54/6.36 oracle 36.98/5.88 C1 6.56
  B1-roll MPM10 batch 157: refs=['0947', '0934', '0961', '0928', '0969', '0922', '0916', '0338'] new=['1233'] s=0.447 | new rot a/d online 3.34/3.34 oracle 1.98/1.98 C1 4.57
  B1-roll MPM10 batch 158: refs=['1233', '0934', '0947', '0928', '0922', '0961', '0969', '0916'] new=['1235'] s=0.462 | new rot a/d online 2.83/2.83 oracle 0.41/0.41 C1 3.93
  B1-roll MPM10 batch 159: refs=['1235', '1233', '0928', '0934', '0947', '0922', '0916', '0961'] new=['1238'] s=0.461 | new rot a/d online 3.33/3.33 oracle 3.47/3.47 C1 2.95
  B1-roll MPM10 batch 160: refs=['1238', '1235', '1233', '0928', '0922', '0916', '0934', '0947'] new=['1241'] s=0.459 | new rot a/d online 4.19/4.19 oracle 3.77/3.77 C1 3.68
  B1-roll MPM10 batch 161: refs=['1241', '1238', '1235', '0247', '0911', '0916', '0908', '1233'] new=['1244'] s=0.475 | new rot a/d online 6.58/4.03 oracle 4.97/3.49 C1 2.33
  B1-roll MPM10 batch 162: refs=['1244', '1241', '0247', '1238', '0867', '0887', '0876', '0882'] new=['1246'] s=0.487 | new rot a/d online 4.56/5.25 oracle 5.94/3.14 C1 3.65
  B1-roll MPM10 batch 163: refs=['1246', '1244', '0858', '0867', '0876', '0851', '0882', '0887'] new=['1247'] s=0.451 | new rot a/d online 3.93/3.93 oracle 1.70/1.70 C1 3.37
  B1-roll MPM10 batch 164: refs=['1247', '1246', '0858', '0867', '1244', '0851', '0847', '0876'] new=['1249'] s=0.466 | new rot a/d online 5.36/5.36 oracle 3.17/3.17 C1 4.11
  B1-roll MPM10 batch 165: refs=['1249', '1247', '1246', '0851', '0847', '0858', '0845', '0843'] new=['1251'] s=0.469 | new rot a/d online 7.26/7.26 oracle 3.91/3.91 C1 6.83
  B1-roll MPM10 batch 166: refs=['1251', '1249', '1247', '0845', '0843', '0847', '0840', '0851'] new=['1253'] s=0.562 | new rot a/d online 10.53/10.53 oracle 5.74/5.74 C1 8.89
  B1-roll MPM10 batch 167: refs=['1253', '1251', '1249', '0840', '0839', '0837', '0843', '0845'] new=['1254'] s=0.603 | new rot a/d online 11.33/11.33 oracle 6.40/6.40 C1 11.40
  B1-roll MPM10 batch 168: refs=['1254', '1253', '1251', '0837', '0839', '0834', '0840', '0115'] new=['1256'] s=0.639 | new rot a/d online 11.85/11.85 oracle 6.70/6.70 C1 11.50
  B1-roll MPM10 batch 169: refs=['1256', '1254', '1253', '0115', '0834', '0816', '0828', '0826'] new=['1258'] s=0.601 | new rot a/d online 22.05/12.52 oracle 20.68/24.53 C1 10.56
  B1-roll MPM10 batch 170: refs=['1258', '0816', '0828', '0826', '0807', '1256', '0115', '0799'] new=['1261'] s=0.575 | new rot a/d online 8.87/17.49 oracle 10.21/27.74 C1 12.82
  B1-roll MPM10 batch 171: refs=['1261', '0816', '0807', '1258', '0826', '0828', '0799', '0115'] new=['1263'] s=0.586 | new rot a/d online 10.21/18.96 oracle 5.85/24.58 C1 12.31
  B1-roll MPM10 batch 172: refs=['1263', '0816', '0807', '1261', '0799', '0826', '0828', '0793'] new=['1265'] s=0.539 | new rot a/d online 22.77/36.18 oracle 13.49/31.08 C1 11.79
  B1-roll MPM10 batch 173: refs=['1265', '0807', '0799', '0816', '0793', '0202', '1263', '0789'] new=['1267'] s=0.535 | new rot a/d online 11.30/14.57 oracle 9.68/6.08 C1 8.45
  B1-roll MPM10 batch 174: refs=['0202', '1267', '0793', '0799', '0789', '0807', '0213', '0785'] new=['1270'] s=0.493 | new rot a/d online 53.78/34.48 oracle 74.83/91.34 C1 9.18
  B1-roll MPM10 batch 175: refs=['0202', '1270', '0785', '0789', '0213', '0793', '0799', '0771'] new=['1272'] s=0.443 | new rot a/d online 43.89/36.27 oracle 66.67/68.81 C1 8.70
  B1-roll MPM10 batch 176: refs=['1272', '0785', '0771', '0202', '0213', '0763', '0789', '1270'] new=['1276'] s=0.522 | new rot a/d online 8.02/21.65 oracle 25.60/4.94 C1 6.62
  B1-roll MPM10 batch 177: refs=['1276', '0209', '0763', '0754', '0771', '0746', '0785', '1272'] new=['1280'] s=0.502 | new rot a/d online 25.73/29.26 oracle 17.84/34.65 C1 6.69
  B1-roll MPM10 batch 178: refs=['0209', '1280', '0746', '0754', '0763', '1276', '0771', '0742'] new=['1284'] s=0.464 | new rot a/d online 36.91/32.10 oracle 36.81/49.95 C1 6.94
  B1-roll MPM10 batch 179: refs=['1284', '0209', '0746', '1280', '0754', '0763', '0732', '1276'] new=['1289'] s=0.512 | new rot a/d online 11.46/3.31 oracle 7.17/5.74 C1 6.81
  B1-roll MPM10 batch 180: refs=['1289', '0732', '0746', '1284', '0737', '0209', '0754', '0740'] new=['1293'] s=0.526 | new rot a/d online 6.13/6.40 oracle 6.94/16.44 C1 7.77
  B1-roll MPM10 batch 181: refs=['1293', '1289', '1284', '0746', '0209', '0732', '0737', '0754'] new=['1294'] s=0.536 | new rot a/d online 10.41/8.00 oracle 1.98/4.15 C1 8.06
  B1-roll MPM10 batch 182: refs=['1293', '1294', '1289', '0732', '1284', '0702', '0746', '0209'] new=['1298'] s=0.543 | new rot a/d online 8.79/2.65 oracle 2.36/6.44 C1 6.78
  B1-roll MPM10 batch 183: refs=['1298', '1293', '0702', '0700', '1294', '0696', '0732', '1289'] new=['1302'] s=0.528 | new rot a/d online 19.33/7.78 oracle 24.29/11.44 C1 5.63
  B1-roll MPM10 batch 184: refs=['1302', '1298', '0702', '0700', '0696', '1293', '1294', '0732'] new=['1307'] s=0.527 | new rot a/d online 37.94/16.50 oracle 42.87/21.10 C1 7.63
  B1-roll MPM10 batch 185: refs=['0700', '0702', '0696', '1307', '1302', '1298', '0692', '0676'] new=['1312'] s=0.552 | new rot a/d online 61.69/116.25 oracle 59.27/113.08 C1 5.44
  B1-roll MPM10 batch 186: refs=['0696', '1312', '0700', '0702', '0692', '0676', '0557', '0561'] new=['1318'] s=0.615 | new rot a/d online 102.95/123.11 oracle 101.37/98.94 C1 8.65
  B1-roll MPM10 batch 187: refs=['1318', '0557', '0696', '0553', '0692', '0700', '1312', '0702'] new=['1322'] s=0.684 | new rot a/d online 43.07/60.10 oracle 47.01/61.17 C1 6.26
  B1-roll MPM10 batch 188: refs=['1322', '0553', '0557', '0549', '1318', '0561', '0696', '0676'] new=['1326'] s=0.567 | new rot a/d online 30.58/21.11 oracle 28.18/21.36 C1 4.00
  B1-roll MPM10 batch 189: refs=['1326', '0557', '0553', '1322', '0549', '0561', '0676', '0668'] new=['1330'] s=0.569 | new rot a/d online 17.93/45.97 oracle 24.02/47.28 C1 4.32
  B1-roll MPM10 batch 190: refs=['0649', '1330', '0668', '0634', '0611', '0620', '0598', '0576'] new=['1335'] s=0.512 | new rot a/d online 93.98/101.92 oracle 93.16/101.07 C1 9.71
  B1-roll MPM10 batch 191: refs=['1335', '0649', '1330', '0508', '0514', '0611', '0620', '0598'] new=['1339'] s=0.633 | new rot a/d online 141.03/141.88 oracle 139.32/141.35 C1 9.14
  B1-roll MPM10 batch 192: refs=['1339', '1335', '0508', '0514', '0532', '0496', '0477', '1330'] new=['1348'] s=0.459 | new rot a/d online 76.78/113.12 oracle 77.41/114.95 C1 9.89
  B1-roll MPM10 batch 193: refs=['1348', '1339', '1335', '0508', '0514', '0532', '0496', '0477'] new=['1356'] s=0.458 | new rot a/d online 76.76/112.10 oracle 77.25/112.69 C1 10.48
  B1-roll MPM10 batch 194: refs=['1356', '1348', '1339', '0508', '1335', '0477', '0496', '0514'] new=['1359'] s=0.473 | new rot a/d online 68.10/105.47 oracle 67.03/106.96 C1 11.11
  B1-roll MPM10 batch 195: refs=['1359', '1356', '1348', '1339', '1335', '0508', '0514', '0477'] new=['1369'] s=0.511 | new rot a/d online 28.68/7.32 oracle 27.29/5.85 C1 5.72
  B1-roll MPM10 batch 196: refs=['1369', '1359', '1356', '1348', '1339', '1335', '0508', '0477'] new=['1372'] s=0.552 | new rot a/d online 16.83/21.85 oracle 11.03/13.33 C1 7.33
  B1-roll MPM10 batch 197: refs=['1372', '1369', '1359', '1356', '1348', '1339', '1335', '0582'] new=['1380'] s=0.503 | new rot a/d online 35.30/51.53 oracle 31.19/47.50 C1 4.59
  B1-roll MPM10 batch 198: refs=['1380', '1372', '0582', '1359', '0595', '0579', '1369', '0585'] new=['1385'] s=0.490 | new rot a/d online 14.36/24.60 oracle 15.55/25.77 C1 4.66
  B1-roll MPM10 batch 199: refs=['1385', '1380', '1372', '0582', '0595', '1369', '0585', '1359'] new=['1386'] s=0.500 | new rot a/d online 9.63/7.09 oracle 9.65/3.78 C1 3.88
  B1-roll MPM10 batch 200: refs=['1386', '1385', '1380', '1372', '0582', '0595', '0585', '1369'] new=['1390'] s=0.496 | new rot a/d online 9.89/7.21 oracle 8.45/4.50 C1 6.00
  B1-roll MPM10 batch 201: refs=['1390', '1386', '1385', '1380', '0582', '1372', '0585', '0595'] new=['1396'] s=0.468 | new rot a/d online 13.55/9.14 oracle 11.13/5.25 C1 6.26
  B1-roll MPM10 batch 202: refs=['1396', '1390', '1386', '1385', '1380', '0582', '0585', '0595'] new=['1401'] s=0.471 | new rot a/d online 6.57/5.81 oracle 6.40/1.85 C1 4.77
  B1-roll MPM10 batch 203: refs=['1396', '1390', '1401', '1386', '1385', '0582', '1380', '0595'] new=['1404'] s=0.469 | new rot a/d online 11.85/5.82 oracle 12.68/2.58 C1 4.18
  B1-roll MPM10 batch 204: refs=['1401', '1404', '1396', '1390', '1386', '1385', '0582', '0585'] new=['1408'] s=0.459 | new rot a/d online 15.71/9.20 oracle 12.44/3.16 C1 4.67
  B1-roll MPM10 batch 205: refs=['1408', '1404', '1401', '1396', '1390', '1386', '1385', '0582'] new=['1410'] s=0.475 | new rot a/d online 14.97/10.69 oracle 10.23/5.10 C1 7.53
  B1-roll MPM10 batch 206: refs=['1408', '1410', '1404', '1401', '1396', '1390', '1386', '1385'] new=['1411'] s=0.458 | new rot a/d online 11.13/11.13 oracle 6.61/6.61 C1 3.65
  B1-roll MPM10 batch 207: refs=['1411', '1410', '1408', '1404', '1401', '1396', '1390', '1385'] new=['1413'] s=0.478 | new rot a/d online 11.60/15.56 oracle 6.26/8.31 C1 5.81
  B1-roll MPM10 batch 208: refs=['1413', '1410', '1411', '1408', '1404', '1401', '1396', '1390'] new=['1415'] s=0.466 | new rot a/d online 10.91/10.91 oracle 7.58/6.83 C1 4.45
  B1-roll MPM10 batch 209: refs=['1415', '1413', '1411', '1410', '1408', '1404', '1401', '1396'] new=['1418'] s=0.473 | new rot a/d online 8.88/10.26 oracle 5.83/7.19 C1 4.51
  B1-roll MPM10 batch 210: refs=['1418', '1415', '1413', '1410', '1411', '1408', '1404', '1401'] new=['1421'] s=0.461 | new rot a/d online 7.60/9.34 oracle 4.84/6.98 C1 3.84
  B1-roll MPM10 batch 211: refs=['1421', '1418', '1415', '1413', '1411', '1410', '1408', '1404'] new=['1424'] s=0.453 | new rot a/d online 14.63/14.63 oracle 13.06/13.06 C1 2.60
  B1-roll MPM10 batch 212: refs=['1424', '1421', '0585', '1418', '1415', '0582', '1413', '1411'] new=['1429'] s=0.517 | new rot a/d online 6.16/11.82 oracle 3.77/8.72 C1 2.80
  B1-roll MPM10 batch 213: refs=['1429', '0585', '0582', '0595', '1424', '1421', '0579', '1418'] new=['1435'] s=0.514 | new rot a/d online 51.22/76.53 oracle 49.54/1.99 C1 2.85
  B1-roll MPM10 batch 214: refs=['0585', '0582', '1435', '0595', '1429', '0579', '1424', '0598'] new=['1439'] s=0.496 | new rot a/d online 100.08/133.45 oracle 99.63/133.03 C1 2.68
  B1-roll MPM10 batch 215: refs=['0582', '1439', '0585', '0595', '1435', '0579', '1429', '0598'] new=['1446'] s=0.481 | new rot a/d online 126.43/156.46 oracle 127.87/156.49 C1 4.99
  B1-roll MPM10 batch 216: refs=['1446', '1435', '1439', '0582', '1429', '0585', '0595', '1424'] new=['1450'] s=0.513 | new rot a/d online 26.14/6.27 oracle 26.57/6.67 C1 7.14
  B1-roll MPM10 batch 217: refs=['1424', '1429', '1421', '1450', '1418', '1415', '1413', '1411'] new=['1453'] s=0.493 | new rot a/d online 34.24/38.38 oracle 32.19/36.63 C1 1.64
  B1-roll MPM10 batch 218: refs=['1421', '1424', '1418', '1453', '1415', '1413', '1410', '1450'] new=['1458'] s=0.470 | new rot a/d online 44.68/56.22 oracle 42.74/54.06 C1 3.66
  B1-roll MPM10 batch 219: refs=['1421', '1458', '1424', '1418', '1453', '1415', '1429', '1413'] new=['1465'] s=0.465 | new rot a/d online 23.94/35.70 oracle 22.25/33.93 C1 1.08
  B1-roll MPM10 batch 220: refs=['1465', '1458', '1421', '1424', '1453', '1418', '1429', '1415'] new=['1476'] s=0.618 | new rot a/d online 9.94/14.61 oracle 7.36/12.14 C1 4.22
  B1-roll MPM10 batch 221: refs=['1476', '1465', '1458', '1421', '1418', '1424', '1415', '1453'] new=['1487'] s=0.601 | new rot a/d online 19.84/22.35 oracle 18.43/20.59 C1 5.11
  B1-roll MPM10 batch 222: refs=['1476', '1487', '1465', '1458', '1424', '1421', '0131', '0127'] new=['1496'] s=0.615 | new rot a/d online 25.94/9.78 oracle 13.26/11.78 C1 1.96
  B1-roll MPM10 batch 223: refs=['1496', '1487', '1476', '1465', '0127', '0131', '1458', '1421'] new=['1499'] s=0.469 | new rot a/d online 28.69/2.61 oracle 12.68/4.00 C1 2.60
  B1-roll MPM10 batch 224: refs=['1499', '1496', '1476', '1487', '0127', '1465', '0131', '0239'] new=['1503'] s=0.502 | new rot a/d online 33.92/5.92 oracle 35.73/6.80 C1 2.95
  B1-roll MPM10 batch 225: refs=['1499', '1503', '1496', '1487', '1476', '0127', '1465', '0239'] new=['1517'] s=0.486 | new rot a/d online 8.18/20.21 oracle 11.97/18.62 C1 2.52
  B1-roll MPM10 batch 226: refs=['1517', '1499', '1503', '0127', '1487', '1496', '1476', '0239'] new=['1524'] s=0.499 | new rot a/d online 26.17/16.96 oracle 29.51/16.69 C1 1.32
  B1-roll MPM10 batch 227: refs=['0127', '1524', '0239', '1517', '1499', '1503', '1496', '1476'] new=['1536'] s=0.463 | new rot a/d online 19.42/26.25 oracle 8.60/27.37 C1 3.76
  B1-roll MPM10 batch 228: refs=['0127', '1536', '0239', '1524', '1517', '1499', '1503', '1496'] new=['1538'] s=0.453 | new rot a/d online 16.29/17.48 oracle 7.86/15.29 C1 5.05
  B1-roll MPM10 batch 229: refs=['0239', '1538', '1536', '0127', '1524', '1517', '1499', '1503'] new=['1549'] s=0.487 | new rot a/d online 38.40/34.14 oracle 29.62/30.46 C1 3.38
  B1-roll MPM10 batch 230: refs=['1549', '1538', '0239', '1536', '0127', '1524', '1517', '1499'] new=['1553'] s=0.477 | new rot a/d online 13.06/1.61 oracle 3.52/4.03 C1 3.93
  B1-roll MPM10 batch 231: refs=['1553', '0000', '0136', '0147', '1538', '1549', '0144', '0079'] new=['1556'] s=0.590 | new rot a/d online 34.56/57.80 oracle 44.59/57.80 C1 5.73
  B1-roll MPM10 batch 232: refs=['0000', '0147', '0136', '1556', '0079', '0144', '0235', '0082'] new=['1559'] s=0.516 | new rot a/d online 41.55/38.25 oracle 87.04/130.34 C1 7.79
  B1-roll MPM10 batch 233: refs=['1559', '0000', '0147', '1556', '0136', '0079', '0144', '0235'] new=['1563'] s=0.541 | new rot a/d online 30.75/56.02 oracle 59.52/101.58 C1 7.55
  B1-roll MPM10 batch 234: refs=['1556', '1553', '1549', '1538', '1563', '1559', '0000', '0127'] new=['1574'] s=0.542 | new rot a/d online 26.28/39.82 oracle 28.44/35.51 C1 5.62
  B1-roll MPM10 batch 235: refs=['1574', '1556', '1553', '1563', '1538', '1549', '1559', '0000'] new=['1583'] s=0.505 | new rot a/d online 22.53/40.22 oracle 24.49/44.45 C1 6.35
  B1-roll MPM10 batch 236: refs=['1583', '1574', '1556', '1563', '1553', '1559', '0000', '1538'] new=['1595'] s=0.485 | new rot a/d online 28.44/55.83 oracle 29.43/22.25 C1 3.10
  B1-roll MPM10 batch 237: refs=['0147', '0079', '0000', '1559', '0144', '0136', '1563', '0082'] new=['1609'] s=0.530 | new rot a/d online 15.11/25.34 oracle 33.18/24.45 C1 2.28
  B1-roll MPM10 batch 238: refs=['1609', '0079', '0082', '0119', '0147', '0144', '0162', '0086'] new=['1612'] s=0.544 | new rot a/d online 15.25/4.68 oracle 59.25/5.03 C1 1.72
  B1-roll MPM10 batch 239: refs=['0119', '0086', '1612', '0082', '0090', '0162', '0079', '1609'] new=['1616'] s=0.500 | new rot a/d online 50.71/54.93 oracle 68.14/67.32 C1 2.01
DONE B1-roll MPM10 new=236 rot a/d online=13.12/11.98 oracle=11.08/6.81 C1=5.82 C2=4.85 362s
[_client.py] HTTP Request: HEAD https://huggingface.co/facebook/VGGT-1B/resolve/main/model.pt "HTTP/1.1 302 Found"
[vision_transformer.py] using MLP layer as FFN
  B4-black MPM10 batch 0: refs=['0000'] new=['0079', '0082', '0086', '0090'] s=0.540 | new rot a/d online 155.94/155.94 oracle 155.94/155.94 C1 1.54
  B4-black MPM10 batch 1: refs=['0090', '0086', '0082', '0079', '0000'] new=['0093'] s=0.508 | new rot a/d online 9.27/3.15 oracle 8.30/1.99 C1 1.42
  B4-black MPM10 batch 2: refs=['0093', '0090', '0086', '0082', '0079', '0000'] new=['0097'] s=0.509 | new rot a/d online 4.38/3.28 oracle 2.85/2.42 C1 1.23
  B4-black MPM10 batch 3: refs=['0097', '0093', '0090', '0086', '0082', '0079', '0000'] new=['0100'] s=0.513 | new rot a/d online 4.20/4.95 oracle 3.61/4.77 C1 1.28
  B4-black MPM10 batch 4: refs=['0100', '0097', '0093', '0090', '0086', '0082', '0079', '0000'] new=['0102'] s=0.514 | new rot a/d online 4.89/5.59 oracle 4.65/5.54 C1 1.66
  B4-black MPM10 batch 5: refs=['0102', '0100', '0097', '0093', '0090', '0086', '0082', '0079'] new=['0104'] s=0.502 | new rot a/d online 6.25/6.25 oracle 5.31/5.31 C1 2.40
  B4-black MPM10 batch 6: refs=['0104', '0102', '0100', '0097', '0093', '0090', '0086', '0082'] new=['0107'] s=0.515 | new rot a/d online 12.93/14.61 oracle 12.18/13.84 C1 1.34
  B4-black MPM10 batch 7: refs=['0107', '0104', '0102', '0100', '0097', '0093', '0090', '0086'] new=['0109'] s=0.527 | new rot a/d online 20.04/20.59 oracle 19.02/22.42 C1 0.53
  B4-black MPM10 batch 8: refs=['0109', '0107', '0104', '0102', '0100', '0097', '0093', '0090'] new=['0112'] s=0.550 | new rot a/d online 22.84/30.26 oracle 21.84/29.44 C1 2.08
  B4-black MPM10 batch 9: refs=['0112', '0109', '0107', '0104', '0102', '0100', '0097', '0093'] new=['0115'] s=0.547 | new rot a/d online 23.79/31.67 oracle 23.51/31.38 C1 1.93
  B4-black MPM10 batch 10: refs=['0115', '0112', '0109', '0107', '0104', '0102', '0100', '0097'] new=['0119'] s=0.538 | new rot a/d online 16.95/20.88 oracle 16.74/23.41 C1 5.76
  B4-black MPM10 batch 11: refs=['0119', '0115', '0112', '0109', '0107', '0104', '0102', '0100'] new=['0123'] s=0.528 | new rot a/d online 20.12/20.48 oracle 20.29/14.81 C1 8.14
  B4-black MPM10 batch 12: refs=['0123', '0119', '0115', '0112', '0109', '0107', '0104', '0102'] new=['0127'] s=0.523 | new rot a/d online 30.16/34.70 oracle 29.83/34.31 C1 9.15
  B4-black MPM10 batch 13: refs=['0127', '0123', '0119', '0115', '0112', '0109', '0107', '0104'] new=['0131'] s=0.515 | new rot a/d online 33.79/44.34 oracle 30.25/42.98 C1 7.72
  B4-black MPM10 batch 14: refs=['0131', '0127', '0123', '0119', '0115', '0112', '0109', '0107'] new=['0136'] s=0.509 | new rot a/d online 40.93/31.98 oracle 36.55/29.53 C1 8.48
  B4-black MPM10 batch 15: refs=['0136', '0131', '0127', '0123', '0119', '0115', '0112', '0109'] new=['0140'] s=0.487 | new rot a/d online 45.76/29.87 oracle 41.46/23.78 C1 7.67
  B4-black MPM10 batch 16: refs=['0140', '0136', '0131', '0127', '0123', '0119', '0115', '0112'] new=['0144'] s=0.494 | new rot a/d online 38.65/17.39 oracle 32.30/11.54 C1 11.01
  B4-black MPM10 batch 17: refs=['0144', '0140', '0136', '0131', '0127', '0123', '0119', '0115'] new=['0147'] s=0.491 | new rot a/d online 17.76/10.59 oracle 13.78/11.41 C1 9.66
  B4-black MPM10 batch 18: refs=['0147', '0144', '0140', '0136', '0131', '0127', '0123', '0119'] new=['0153'] s=0.497 | new rot a/d online 13.75/13.04 oracle 8.37/7.14 C1 9.24
  B4-black MPM10 batch 19: refs=['0153', '0147', '0144', '0140', '0136', '0131', '0127', '0123'] new=['0162'] s=0.496 | new rot a/d online 12.46/11.99 oracle 3.92/2.21 C1 8.60
  B4-black MPM10 batch 20: refs=['0162', '0153', '0147', '0144', '0140', '0136', '0131', '0127'] new=['0169'] s=0.492 | new rot a/d online 15.77/13.24 oracle 7.33/3.38 C1 8.79
  B4-black MPM10 batch 21: refs=['0169', '0162', '0153', '0147', '0144', '0140', '0136', '0131'] new=['0174'] s=0.484 | new rot a/d online 15.10/11.94 oracle 6.15/2.50 C1 8.86
  B4-black MPM10 batch 22: refs=['0174', '0169', '0162', '0153', '0147', '0144', '0140', '0136'] new=['0177'] s=0.481 | new rot a/d online 12.10/10.50 oracle 2.90/0.95 C1 9.01
  B4-black MPM10 batch 23: refs=['0177', '0174', '0169', '0162', '0153', '0147', '0144', '0140'] new=['0180'] s=0.471 | new rot a/d online 11.44/11.44 oracle 2.12/2.12 C1 9.78
  B4-black MPM10 batch 24: refs=['0180', '0177', '0174', '0169', '0162', '0153', '0147', '0144'] new=['0184'] s=0.465 | new rot a/d online 12.14/12.14 oracle 2.22/2.22 C1 10.29
  B4-black MPM10 batch 25: refs=['0184', '0180', '0177', '0174', '0169', '0162', '0153', '0147'] new=['0187'] s=0.464 | new rot a/d online 10.88/10.88 oracle 1.13/1.13 C1 9.68
  B4-black MPM10 batch 26: refs=['0187', '0184', '0180', '0177', '0174', '0169', '0162', '0153'] new=['0191'] s=0.465 | new rot a/d online 9.55/9.55 oracle 1.96/1.96 C1 7.94
  B4-black MPM10 batch 27: refs=['0191', '0187', '0184', '0180', '0177', '0174', '0169', '0162'] new=['0202'] s=0.465 | new rot a/d online 10.35/10.35 oracle 4.21/4.21 C1 9.00
  B4-black MPM10 batch 28: refs=['0202', '0191', '0187', '0184', '0180', '0177', '0174', '0169'] new=['0209'] s=0.466 | new rot a/d online 11.07/11.07 oracle 7.23/7.23 C1 8.79
  B4-black MPM10 batch 29: refs=['0209', '0202', '0191', '0187', '0184', '0180', '0177', '0174'] new=['0213'] s=0.463 | new rot a/d online 12.31/12.31 oracle 8.94/8.94 C1 9.75
  B4-black MPM10 batch 30: refs=['0213', '0209', '0202', '0191', '0187', '0184', '0180', '0177'] new=['0216'] s=0.465 | new rot a/d online 17.48/19.18 oracle 11.92/14.52 C1 11.62
  B4-black MPM10 batch 31: refs=['0216', '0213', '0209', '0202', '0191', '0187', '0184', '0180'] new=['0221'] s=0.467 | new rot a/d online 22.70/26.34 oracle 16.70/21.69 C1 14.23
  B4-black MPM10 batch 32: refs=['0221', '0216', '0213', '0209', '0202', '0191', '0187', '0184'] new=['0227'] s=0.487 | new rot a/d online 27.40/34.33 oracle 23.39/34.53 C1 16.61
  B4-black MPM10 batch 33: refs=['0227', '0221', '0216', '0213', '0209', '0202', '0191', '0187'] new=['0235'] s=0.488 | new rot a/d online 31.69/27.24 oracle 25.61/27.47 C1 20.40
  B4-black MPM10 batch 34: refs=['0235', '0227', '0221', '0216', '0213', '0209', '0202', '0191'] new=['0239'] s=0.459 | new rot a/d online 34.68/39.48 oracle 24.92/35.54 C1 23.73
  B4-black MPM10 batch 35: refs=['0239', '0235', '0227', '0221', '0216', '0213', '0209', '0202'] new=['0244'] s=0.488 | new rot a/d online 43.20/49.97 oracle 30.09/41.43 C1 26.70
  B4-black MPM10 batch 36: refs=['0244', '0239', '0235', '0227', '0221', '0216', '0115', '0112'] new=['0247'] s=0.496 | new rot a/d online 44.35/42.53 oracle 30.38/24.84 C1 31.24
  B4-black MPM10 batch 37: refs=['0247', '0244', '0239', '0235', '0227', '0112', '0115', '0109'] new=['0249'] s=0.516 | new rot a/d online 51.91/41.56 oracle 34.42/16.67 C1 32.67
  B4-black MPM10 batch 38: refs=['0249', '0247', '0244', '0239', '0112', '0115', '0109', '0107'] new=['0252'] s=0.506 | new rot a/d online 65.17/83.15 oracle 49.37/82.62 C1 33.10
  B4-black MPM10 batch 39: refs=['0252', '0249', '0247', '0244', '0112', '0109', '0115', '0107'] new=['0256'] s=0.504 | new rot a/d online 67.07/49.39 oracle 49.55/82.70 C1 32.57
  B4-black MPM10 batch 40: refs=['0256', '0252', '0249', '0109', '0112', '0247', '0107', '0115'] new=['0261'] s=0.521 | new rot a/d online 85.30/65.58 oracle 67.03/93.16 C1 31.23
  B4-black MPM10 batch 41: refs=['0261', '0256', '0252', '0107', '0109', '0104', '0249', '0112'] new=['0262'] s=0.547 | new rot a/d online 59.66/83.84 oracle 48.32/81.94 C1 32.97
  B4-black MPM10 batch 42: refs=['0262', '0261', '0107', '0104', '0256', '0102', '0109', '0100'] new=['0263'] s=0.558 | new rot a/d online 57.71/87.83 oracle 55.04/88.26 C1 34.40
  B4-black MPM10 batch 43: refs=['0263', '0262', '0104', '0102', '0100', '0107', '0097', '0109'] new=['0265'] s=0.529 | new rot a/d online 68.30/89.51 oracle 66.45/88.67 C1 31.66
  B4-black MPM10 batch 44: refs=['0107', '0104', '0109', '0102', '0112', '0100', '0115', '0265'] new=['0267'] s=0.560 | new rot a/d online 109.91/117.56 oracle 108.90/117.00 C1 14.52
  B4-black MPM10 batch 45: refs=['0267', '0107', '0104', '0109', '0102', '0112', '0100', '0115'] new=['0270'] s=0.589 | new rot a/d online 97.64/110.45 oracle 97.40/110.73 C1 7.66
  B4-black MPM10 batch 46: refs=['0270', '0267', '0104', '0107', '0102', '0109', '0112', '0100'] new=['0274'] s=0.540 | new rot a/d online 86.46/106.81 oracle 86.49/108.30 C1 7.27
  B4-black MPM10 batch 47: refs=['0274', '0270', '0267', '0104', '0102', '0100', '0107', '0109'] new=['0279'] s=0.513 | new rot a/d online 66.62/103.50 oracle 67.25/104.27 C1 7.50
  B4-black MPM10 batch 48: refs=['0279', '0274', '0270', '0267', '0102', '0100', '0104', '0097'] new=['0282'] s=0.519 | new rot a/d online 39.91/86.68 oracle 41.09/86.27 C1 9.96
  B4-black MPM10 batch 49: refs=['0282', '0279', '0274', '0270', '0267', '0102', '0100', '0097'] new=['0286'] s=0.487 | new rot a/d online 29.95/13.36 oracle 32.33/15.14 C1 12.84
  B4-black MPM10 batch 50: refs=['0286', '0282', '0279', '0274', '0270', '0267', '0097', '0100'] new=['0290'] s=0.454 | new rot a/d online 19.79/19.11 oracle 19.98/23.17 C1 14.69
  B4-black MPM10 batch 51: refs=['0290', '0286', '0282', '0279', '0274', '0270', '0267', '0097'] new=['0292'] s=0.435 | new rot a/d online 22.74/15.44 oracle 17.14/12.39 C1 15.74
  B4-black MPM10 batch 52: refs=['0292', '0290', '0286', '0282', '0279', '0274', '0270', '0267'] new=['0296'] s=0.426 | new rot a/d online 13.34/12.63 oracle 12.38/7.69 C1 17.07
  B4-black MPM10 batch 53: refs=['0296', '0292', '0290', '0286', '0282', '0279', '0274', '0270'] new=['0302'] s=0.420 | new rot a/d online 14.91/14.91 oracle 11.25/9.70 C1 18.51
  B4-black MPM10 batch 54: refs=['0302', '0296', '0292', '0290', '0286', '0282', '0279', '0274'] new=['0307'] s=0.421 | new rot a/d online 18.33/17.40 oracle 13.97/9.41 C1 18.05
  B4-black MPM10 batch 55: refs=['0307', '0302', '0296', '0292', '0290', '0286', '0282', '0279'] new=['0312'] s=0.417 | new rot a/d online 10.72/12.42 oracle 6.27/5.40 C1 19.46
  B4-black MPM10 batch 56: refs=['0312', '0307', '0302', '0296', '0292', '0290', '0286', '0282'] new=['0316'] s=0.421 | new rot a/d online 10.45/11.54 oracle 6.09/6.09 C1 18.54
  B4-black MPM10 batch 57: refs=['0316', '0312', '0307', '0302', '0296', '0292', '0290', '0286'] new=['0320'] s=0.413 | new rot a/d online 6.67/6.58 oracle 9.63/9.63 C1 17.69
  B4-black MPM10 batch 58: refs=['0320', '0316', '0312', '0307', '0302', '0296', '0292', '0290'] new=['0324'] s=0.412 | new rot a/d online 6.51/7.50 oracle 10.04/11.11 C1 16.35
  B4-black MPM10 batch 59: refs=['0324', '0320', '0316', '0312', '0307', '0302', '0296', '0292'] new=['0328'] s=0.415 | new rot a/d online 6.81/6.81 oracle 8.14/8.14 C1 17.43
  B4-black MPM10 batch 60: refs=['0328', '0324', '0320', '0316', '0312', '0307', '0302', '0296'] new=['0333'] s=0.414 | new rot a/d online 6.76/6.31 oracle 7.31/7.31 C1 14.90
  B4-black MPM10 batch 61: refs=['0333', '0328', '0324', '0320', '0316', '0312', '0307', '0302'] new=['0338'] s=0.409 | new rot a/d online 7.36/7.36 oracle 5.33/5.33 C1 14.20
  B4-black MPM10 batch 62: refs=['0338', '0333', '0328', '0324', '0320', '0316', '0312', '0307'] new=['0342'] s=0.412 | new rot a/d online 7.52/7.52 oracle 3.76/3.76 C1 13.53
  B4-black MPM10 batch 63: refs=['0342', '0338', '0333', '0328', '0324', '0320', '0316', '0312'] new=['0347'] s=0.413 | new rot a/d online 10.55/10.55 oracle 2.49/2.49 C1 14.26
  B4-black MPM10 batch 64: refs=['0347', '0342', '0338', '0333', '0328', '0324', '0320', '0316'] new=['0368'] s=0.417 | new rot a/d online 11.45/11.45 oracle 4.66/4.66 C1 11.89
  B4-black MPM10 batch 65: refs=['0368', '0347', '0342', '0338', '0333', '0328', '0324', '0320'] new=['0380'] s=0.418 | new rot a/d online 10.70/10.70 oracle 6.41/6.41 C1 10.27
  B4-black MPM10 batch 66: refs=['0380', '0368', '0347', '0342', '0338', '0333', '0328', '0324'] new=['0389'] s=0.417 | new rot a/d online 9.00/9.00 oracle 4.43/4.43 C1 8.65
  B4-black MPM10 batch 67: refs=['0389', '0380', '0368', '0347', '0342', '0338', '0333', '0328'] new=['0395'] s=0.421 | new rot a/d online 6.25/6.25 oracle 4.24/4.24 C1 6.92
  B4-black MPM10 batch 68: refs=['0395', '0389', '0380', '0368', '0347', '0342', '0338', '0333'] new=['0397'] s=0.422 | new rot a/d online 5.31/5.31 oracle 2.49/2.49 C1 5.83
  B4-black MPM10 batch 69: refs=['0397', '0395', '0389', '0380', '0368', '0347', '0342', '0338'] new=['0399'] s=0.421 | new rot a/d online 4.09/4.09 oracle 2.74/2.74 C1 1.81
  B4-black MPM10 batch 70: refs=['0399', '0397', '0395', '0389', '0380', '0368', '0347', '0342'] new=['0400'] s=0.426 | new rot a/d online 1.73/1.73 oracle 3.64/3.64 C1 2.28
  B4-black MPM10 batch 71: refs=['0400', '0399', '0397', '0395', '0389', '0380', '0368', '0347'] new=['0402'] s=0.428 | new rot a/d online 2.36/2.36 oracle 5.23/5.23 C1 4.45
  B4-black MPM10 batch 72: refs=['0402', '0400', '0399', '0397', '0395', '0389', '0380', '0368'] new=['0405'] s=0.430 | new rot a/d online 2.99/2.99 oracle 3.69/3.69 C1 4.75
  B4-black MPM10 batch 73: refs=['0405', '0402', '0400', '0399', '0397', '0395', '0389', '0380'] new=['0409'] s=0.427 | new rot a/d online 2.70/2.70 oracle 3.38/3.38 C1 2.98
  B4-black MPM10 batch 74: refs=['0409', '0405', '0402', '0400', '0399', '0397', '0395', '0389'] new=['0415'] s=0.425 | new rot a/d online 2.94/2.94 oracle 2.78/2.78 C1 1.95
  B4-black MPM10 batch 75: refs=['0415', '0409', '0405', '0402', '0400', '0399', '0397', '0395'] new=['0421'] s=0.421 | new rot a/d online 3.48/3.48 oracle 2.36/2.36 C1 2.38
  B4-black MPM10 batch 76: refs=['0421', '0415', '0409', '0405', '0402', '0400', '0399', '0397'] new=['0450'] s=0.419 | new rot a/d online 4.53/4.53 oracle 3.91/3.91 C1 2.32
  B4-black MPM10 batch 77: refs=['0450', '0421', '0415', '0409', '0405', '0402', '0400', '0399'] new=['0459'] s=0.417 | new rot a/d online 6.26/6.26 oracle 5.70/5.70 C1 3.78
  B4-black MPM10 batch 78: refs=['0459', '0450', '0421', '0415', '0409', '0405', '0402', '0400'] new=['0477'] s=0.415 | new rot a/d online 5.04/5.04 oracle 3.57/3.57 C1 4.01
  B4-black MPM10 batch 79: refs=['0477', '0459', '0450', '0421', '0415', '0409', '0405', '0402'] new=['0496'] s=0.421 | new rot a/d online 5.13/5.13 oracle 3.59/3.59 C1 3.75
  B4-black MPM10 batch 80: refs=['0496', '0477', '0459', '0450', '0421', '0415', '0409', '0405'] new=['0508'] s=0.429 | new rot a/d online 4.84/4.84 oracle 4.51/4.51 C1 5.16
  B4-black MPM10 batch 81: refs=['0508', '0496', '0477', '0459', '0450', '0421', '0415', '0409'] new=['0514'] s=0.432 | new rot a/d online 5.27/5.27 oracle 3.41/3.41 C1 5.12
  B4-black MPM10 batch 82: refs=['0514', '0508', '0496', '0477', '0459', '0450', '0421', '0415'] new=['0532'] s=0.435 | new rot a/d online 5.25/5.25 oracle 2.90/2.90 C1 7.96
  B4-black MPM10 batch 83: refs=['0532', '0514', '0508', '0496', '0477', '0459', '0450', '0421'] new=['0535'] s=0.437 | new rot a/d online 7.21/7.21 oracle 4.72/4.72 C1 7.19
  B4-black MPM10 batch 84: refs=['0535', '0532', '0514', '0508', '0496', '0477', '0459', '0450'] new=['0539'] s=0.439 | new rot a/d online 7.85/7.85 oracle 4.03/4.03 C1 7.77
  B4-black MPM10 batch 85: refs=['0539', '0535', '0532', '0514', '0508', '0496', '0477', '0459'] new=['0541'] s=0.442 | new rot a/d online 7.01/7.01 oracle 3.25/3.25 C1 4.36
  B4-black MPM10 batch 86: refs=['0541', '0539', '0535', '0532', '0514', '0508', '0496', '0477'] new=['0543'] s=0.441 | new rot a/d online 7.53/7.53 oracle 4.98/4.98 C1 3.74
  B4-black MPM10 batch 87: refs=['0543', '0541', '0539', '0535', '0532', '0514', '0508', '0496'] new=['0545'] s=0.442 | new rot a/d online 7.69/7.69 oracle 4.91/4.91 C1 4.11
  B4-black MPM10 batch 88: refs=['0545', '0543', '0541', '0539', '0535', '0532', '0514', '0508'] new=['0549'] s=0.440 | new rot a/d online 5.70/5.70 oracle 4.28/4.28 C1 3.18
  B4-black MPM10 batch 89: refs=['0549', '0545', '0543', '0541', '0539', '0535', '0532', '0514'] new=['0553'] s=0.438 | new rot a/d online 4.75/4.75 oracle 4.24/4.24 C1 3.88
  B4-black MPM10 batch 90: refs=['0553', '0549', '0545', '0543', '0541', '0539', '0535', '0532'] new=['0557'] s=0.439 | new rot a/d online 2.04/2.04 oracle 4.37/4.37 C1 1.95
  B4-black MPM10 batch 91: refs=['0557', '0553', '0549', '0545', '0543', '0541', '0539', '0535'] new=['0561'] s=0.437 | new rot a/d online 0.99/0.99 oracle 3.68/3.68 C1 2.70
  B4-black MPM10 batch 92: refs=['0561', '0557', '0553', '0549', '0545', '0543', '0541', '0539'] new=['0564'] s=0.437 | new rot a/d online 2.47/2.47 oracle 2.97/2.97 C1 3.14
  B4-black MPM10 batch 93: refs=['0564', '0561', '0557', '0553', '0549', '0545', '0543', '0541'] new=['0568'] s=0.438 | new rot a/d online 3.68/3.68 oracle 2.92/2.92 C1 3.81
  B4-black MPM10 batch 94: refs=['0568', '0564', '0561', '0557', '0553', '0549', '0545', '0541'] new=['0571'] s=0.439 | new rot a/d online 3.64/3.64 oracle 2.33/2.33 C1 3.65
  B4-black MPM10 batch 95: refs=['0571', '0568', '0564', '0561', '0557', '0553', '0549', '0545'] new=['0574'] s=0.440 | new rot a/d online 4.80/4.80 oracle 2.76/2.76 C1 5.03
  B4-black MPM10 batch 96: refs=['0574', '0571', '0568', '0564', '0561', '0557', '0553', '0549'] new=['0576'] s=0.443 | new rot a/d online 3.62/3.62 oracle 1.36/1.36 C1 4.03
  B4-black MPM10 batch 97: refs=['0576', '0574', '0571', '0568', '0564', '0561', '0557', '0553'] new=['0579'] s=0.444 | new rot a/d online 4.20/4.20 oracle 2.65/2.65 C1 4.81
  B4-black MPM10 batch 98: refs=['0579', '0576', '0574', '0571', '0568', '0564', '0561', '0557'] new=['0582'] s=0.446 | new rot a/d online 3.76/3.76 oracle 2.55/2.55 C1 4.05
  B4-black MPM10 batch 99: refs=['0582', '0579', '0576', '0574', '0571', '0568', '0564', '0561'] new=['0585'] s=0.450 | new rot a/d online 3.62/3.62 oracle 1.79/1.79 C1 3.79
  B4-black MPM10 batch 100: refs=['0582', '0585', '0579', '0576', '0574', '0571', '0568', '0564'] new=['0595'] s=0.452 | new rot a/d online 3.23/3.23 oracle 2.87/2.87 C1 4.17
  B4-black MPM10 batch 101: refs=['0579', '0576', '0595', '0582', '0585', '0574', '0571', '0568'] new=['0598'] s=0.455 | new rot a/d online 3.88/3.88 oracle 1.86/1.86 C1 3.05
  B4-black MPM10 batch 102: refs=['0598', '0576', '0579', '0574', '0595', '0582', '0585', '0571'] new=['0611'] s=0.458 | new rot a/d online 4.18/4.18 oracle 1.80/1.80 C1 3.79
  B4-black MPM10 batch 103: refs=['0611', '0598', '0576', '0579', '0595', '0574', '0582', '0585'] new=['0620'] s=0.460 | new rot a/d online 3.77/3.77 oracle 4.37/4.37 C1 2.94
  B4-black MPM10 batch 104: refs=['0576', '0574', '0611', '0620', '0598', '0579', '0571', '0568'] new=['0634'] s=0.459 | new rot a/d online 15.95/15.95 oracle 18.08/18.08 C1 2.84
  B4-black MPM10 batch 105: refs=['0634', '0576', '0611', '0574', '0620', '0598', '0579', '0571'] new=['0649'] s=0.466 | new rot a/d online 18.66/24.74 oracle 20.18/26.78 C1 2.80
  B4-black MPM10 batch 106: refs=['0649', '0634', '0574', '0571', '0561', '0576', '0564', '0568'] new=['0668'] s=0.474 | new rot a/d online 48.18/54.31 oracle 49.88/56.88 C1 5.08
  B4-black MPM10 batch 107: refs=['0668', '0649', '0634', '0561', '0574', '0571', '0564', '0568'] new=['0676'] s=0.472 | new rot a/d online 86.38/124.96 oracle 88.30/128.05 C1 8.69
  B4-black MPM10 batch 108: refs=['0676', '0668', '0561', '0564', '0571', '0568', '0574', '0634'] new=['0689'] s=0.499 | new rot a/d online 77.47/112.71 oracle 79.72/115.52 C1 6.64
  B4-black MPM10 batch 109: refs=['0561', '0676', '0564', '0689', '0568', '0668', '0557', '0571'] new=['0692'] s=0.447 | new rot a/d online 58.86/76.98 oracle 54.90/74.28 C1 6.10
  B4-black MPM10 batch 110: refs=['0561', '0557', '0692', '0564', '0676', '0568', '0553', '0689'] new=['0696'] s=0.443 | new rot a/d online 37.63/56.07 oracle 33.34/53.69 C1 5.85
  B4-black MPM10 batch 111: refs=['0696', '0557', '0561', '0564', '0692', '0676', '0568', '0553'] new=['0700'] s=0.533 | new rot a/d online 39.26/58.68 oracle 37.32/58.29 C1 8.45
  B4-black MPM10 batch 112: refs=['0700', '0696', '0557', '0561', '0692', '0564', '0553', '0568'] new=['0702'] s=0.548 | new rot a/d online 73.56/112.36 oracle 73.51/113.67 C1 10.00
  B4-black MPM10 batch 113: refs=['0216', '0571', '0568', '0574', '0564', '0692', '0576', '0668'] new=['0725'] s=0.467 | new rot a/d online 69.06/78.64 oracle 59.98/72.49 C1 42.06
  B4-black MPM10 batch 114: refs=['0725', '0216', '0239', '0571', '0568', '0574', '0564', '0090'] new=['0732'] s=0.493 | new rot a/d online 63.35/69.11 oracle 52.32/67.00 C1 44.10
  B4-black MPM10 batch 115: refs=['0732', '0216', '0725', '0239', '0140', '0097', '0093', '0090'] new=['0737'] s=0.514 | new rot a/d online 163.56/178.71 oracle 116.31/148.04 C1 43.01
  B4-black MPM10 batch 116: refs=['0737', '0732', '0216', '0725', '0140', '0239', '0100', '0097'] new=['0740'] s=0.508 | new rot a/d online 70.76/108.13 oracle 45.22/55.17 C1 39.12
  B4-black MPM10 batch 117: refs=['0740', '0737', '0732', '0216', '0725', '0221', '0140', '0100'] new=['0742'] s=0.492 | new rot a/d online 30.98/36.31 oracle 41.96/7.58 C1 35.09
  B4-black MPM10 batch 118: refs=['0742', '0740', '0737', '0732', '0221', '0216', '0140', '0725'] new=['0743'] s=0.478 | new rot a/d online 32.62/36.10 oracle 39.73/23.66 C1 32.14
  B4-black MPM10 batch 119: refs=['0209', '0221', '0743', '0742', '0740', '0737', '0732', '0227'] new=['0746'] s=0.466 | new rot a/d online 66.32/75.59 oracle 39.16/50.68 C1 8.18
  B4-black MPM10 batch 120: refs=['0746', '0221', '0209', '0743', '0202', '0742', '0227', '0737'] new=['0754'] s=0.509 | new rot a/d online 75.97/151.10 oracle 73.30/5.74 C1 11.52
  B4-black MPM10 batch 121: refs=['0754', '0221', '0746', '0202', '0209', '0213', '0743', '0227'] new=['0763'] s=0.474 | new rot a/d online 144.96/175.81 oracle 138.67/163.60 C1 10.82
  B4-black MPM10 batch 122: refs=['0763', '0221', '0754', '0746', '0202', '0213', '0209', '0743'] new=['0771'] s=0.443 | new rot a/d online nan/nan oracle nan/nan C1 nan
  B4-black MPM10 batch 123: refs=['0771', '0763', '0202', '0221', '0754', '0213', '0746', '0112'] new=['0785'] s=0.434 | new rot a/d online nan/nan oracle nan/nan C1 nan
  B4-black MPM10 batch 124: refs=['0785', '0202', '0771', '0763', '0115', '0112', '0213', '0754'] new=['0789'] s=0.431 | new rot a/d online nan/nan oracle nan/nan C1 nan
  B4-black MPM10 batch 125: refs=['0789', '0785', '0202', '0115', '0771', '0112', '0109', '0763'] new=['0793'] s=0.434 | new rot a/d online nan/nan oracle nan/nan C1 nan
  B4-black MPM10 batch 126: refs=['0793', '0789', '0115', '0112', '0785', '0109', '0202', '0771'] new=['0799'] s=0.434 | new rot a/d online nan/nan oracle nan/nan C1 nan
  B4-black MPM10 batch 127: refs=['0115', '0799', '0112', '0793', '0109', '0789', '0107', '0785'] new=['0807'] s=0.469 | new rot a/d online nan/nan oracle nan/nan C1 nan
  B4-black MPM10 batch 128: refs=['0112', '0807', '0115', '0799', '0109', '0793', '0107', '0789'] new=['0816'] s=0.449 | new rot a/d online nan/nan oracle nan/nan C1 nan
  B4-black MPM10 batch 129: refs=['0112', '0816', '0115', '0109', '0807', '0799', '0256', '0107'] new=['0826'] s=0.468 | new rot a/d online 40.84/76.35 oracle 72.76/89.34 C1 9.04
  B4-black MPM10 batch 130: refs=['0826', '0115', '0112', '0816', '0109', '0807', '0256', '0107'] new=['0828'] s=0.443 | new rot a/d online 66.17/105.43 oracle 89.90/105.52 C1 5.95
  B4-black MPM10 batch 131: refs=['0115', '0112', '0256', '0828', '0109', '0826', '0249', '0262'] new=['0834'] s=0.482 | new rot a/d online 31.14/56.58 oracle 22.56/44.60 C1 5.37
  B4-black MPM10 batch 132: refs=['0834', '0249', '0256', '0112', '0115', '0262', '0263', '0180'] new=['0837'] s=0.454 | new rot a/d online 56.54/47.85 oracle 50.62/46.79 C1 4.91
  B4-black MPM10 batch 133: refs=['0837', '0834', '0249', '0252', '0262', '0263', '0180', '0115'] new=['0839'] s=0.459 | new rot a/d online 30.33/30.00 oracle 35.44/3.29 C1 5.25
  B4-black MPM10 batch 134: refs=['0839', '0249', '0837', '0252', '0834', '0263', '0262', '0265'] new=['0840'] s=0.466 | new rot a/d online 41.18/47.55 oracle 37.33/1.60 C1 7.37
  B4-black MPM10 batch 135: refs=['0840', '0249', '0839', '0837', '0252', '0153', '0263', '0262'] new=['0843'] s=0.455 | new rot a/d online 14.09/51.16 oracle 10.31/1.71 C1 5.18
  B4-black MPM10 batch 136: refs=['0843', '0249', '0840', '0839', '0153', '0252', '0837', '0265'] new=['0845'] s=0.463 | new rot a/d online 26.92/5.16 oracle 22.55/2.35 C1 4.70
  B4-black MPM10 batch 137: refs=['0845', '0843', '0249', '0840', '0252', '0153', '0247', '0839'] new=['0847'] s=0.459 | new rot a/d online 24.05/5.25 oracle 18.31/1.46 C1 5.31
  B4-black MPM10 batch 138: refs=['0847', '0845', '0247', '0249', '0252', '0843', '0840', '0153'] new=['0851'] s=0.456 | new rot a/d online 33.24/5.97 oracle 41.88/2.05 C1 4.39
  B4-black MPM10 batch 139: refs=['0851', '0247', '0847', '0845', '0252', '0249', '0843', '0153'] new=['0858'] s=0.457 | new rot a/d online 26.80/4.67 oracle 31.55/0.81 C1 4.08
  B4-black MPM10 batch 140: refs=['0858', '0247', '0851', '0847', '0252', '0279', '0845', '0274'] new=['0867'] s=0.446 | new rot a/d online 8.68/4.66 oracle 7.46/1.96 C1 4.12
  B4-black MPM10 batch 141: refs=['0867', '0247', '0858', '0851', '0252', '0279', '0286', '0847'] new=['0876'] s=0.448 | new rot a/d online 12.63/2.49 oracle 13.40/2.42 C1 2.31
  B4-black MPM10 batch 142: refs=['0876', '0247', '0867', '0252', '0286', '0282', '0858', '0279'] new=['0882'] s=0.453 | new rot a/d online 19.59/1.17 oracle 23.15/2.42 C1 2.91
  B4-black MPM10 batch 143: refs=['0882', '0876', '0247', '0286', '0252', '0290', '0867', '0292'] new=['0887'] s=0.461 | new rot a/d online 32.63/59.51 oracle 39.23/57.57 C1 3.41
  B4-black MPM10 batch 144: refs=['0887', '0882', '0290', '0252', '0292', '0286', '0296', '0876'] new=['0890'] s=0.470 | new rot a/d online 39.07/51.55 oracle 40.50/51.42 C1 5.84
  B4-black MPM10 batch 145: refs=['0890', '0887', '0292', '0290', '0296', '0252', '0302', '0286'] new=['0895'] s=0.474 | new rot a/d online 41.58/82.29 oracle 45.49/80.12 C1 6.35
  B4-black MPM10 batch 146: refs=['0895', '0890', '0252', '0292', '0296', '0302', '0307', '0887'] new=['0898'] s=0.455 | new rot a/d online 16.53/37.33 oracle 20.95/34.74 C1 7.03
  B4-black MPM10 batch 147: refs=['0898', '0895', '0252', '0307', '0302', '0890', '0312', '0296'] new=['0904'] s=0.453 | new rot a/d online 16.71/42.03 oracle 25.78/43.96 C1 7.03
  B4-black MPM10 batch 148: refs=['0904', '0898', '0316', '0312', '0307', '0252', '0895', '0320'] new=['0908'] s=0.457 | new rot a/d online 31.19/6.00 oracle 40.50/72.69 C1 4.82
  B4-black MPM10 batch 149: refs=['0908', '0324', '0320', '0316', '0904', '0328', '0312', '0898'] new=['0911'] s=0.464 | new rot a/d online 33.15/50.14 oracle 29.52/46.00 C1 3.16
  B4-black MPM10 batch 150: refs=['0911', '0908', '0333', '0324', '0328', '0320', '0338', '0316'] new=['0916'] s=0.462 | new rot a/d online 107.55/133.53 oracle 104.45/132.88 C1 2.12
  B4-black MPM10 batch 151: refs=['0916', '0911', '0333', '0338', '0328', '0324', '0908', '0342'] new=['0922'] s=0.468 | new rot a/d online 61.14/97.76 oracle 59.16/94.41 C1 2.86
  B4-black MPM10 batch 152: refs=['0922', '0916', '0338', '0333', '0911', '0328', '0342', '0324'] new=['0928'] s=0.460 | new rot a/d online 64.31/92.06 oracle 62.79/91.76 C1 3.37
  B4-black MPM10 batch 153: refs=['0928', '0922', '0916', '0338', '0333', '0342', '0911', '0328'] new=['0934'] s=0.460 | new rot a/d online 59.44/3.47 oracle 58.45/116.25 C1 3.65
  B4-black MPM10 batch 154: refs=['0934', '0928', '0922', '0916', '0338', '0333', '0342', '0347'] new=['0947'] s=0.471 | new rot a/d online 48.09/5.34 oracle 47.23/3.77 C1 4.33
  B4-black MPM10 batch 155: refs=['0947', '0934', '0928', '0922', '0338', '0342', '0333', '0916'] new=['0961'] s=0.458 | new rot a/d online 28.08/4.49 oracle 26.82/4.20 C1 5.08
  B4-black MPM10 batch 156: refs=['0961', '0947', '0934', '0928', '0922', '0338', '0342', '0333'] new=['0969'] s=0.466 | new rot a/d online 28.77/5.84 oracle 27.18/5.70 C1 6.56
  B4-black MPM10 batch 157: refs=['0947', '0934', '0961', '0928', '0969', '0922', '0916', '0338'] new=['1233'] s=0.450 | new rot a/d online 3.58/3.58 oracle 2.25/2.25 C1 4.57
  B4-black MPM10 batch 158: refs=['1233', '0934', '0947', '0928', '0922', '0961', '0969', '0916'] new=['1235'] s=0.458 | new rot a/d online 3.09/3.09 oracle 0.76/0.76 C1 3.93
  B4-black MPM10 batch 159: refs=['1235', '1233', '0928', '0934', '0947', '0922', '0916', '0961'] new=['1238'] s=0.458 | new rot a/d online 3.46/3.46 oracle 3.47/3.47 C1 2.95
  B4-black MPM10 batch 160: refs=['1238', '1235', '1233', '0928', '0922', '0916', '0934', '0947'] new=['1241'] s=0.458 | new rot a/d online 4.19/4.19 oracle 3.68/3.68 C1 3.68
  B4-black MPM10 batch 161: refs=['1241', '1238', '1235', '0247', '0911', '0916', '0908', '1233'] new=['1244'] s=0.476 | new rot a/d online 4.77/4.19 oracle 5.87/3.51 C1 2.33
  B4-black MPM10 batch 162: refs=['1244', '1241', '0247', '1238', '0867', '0887', '0876', '0882'] new=['1246'] s=0.473 | new rot a/d online 5.69/5.29 oracle 4.02/3.34 C1 3.65
  B4-black MPM10 batch 163: refs=['1246', '1244', '0858', '0867', '0876', '0851', '0882', '0887'] new=['1247'] s=0.446 | new rot a/d online 4.49/4.49 oracle 2.11/2.11 C1 3.37
  B4-black MPM10 batch 164: refs=['1247', '1246', '0858', '0867', '1244', '0851', '0847', '0876'] new=['1249'] s=0.451 | new rot a/d online 4.58/4.58 oracle 2.24/2.24 C1 4.11
  B4-black MPM10 batch 165: refs=['1249', '1247', '1246', '0851', '0847', '0858', '0845', '0843'] new=['1251'] s=0.453 | new rot a/d online 5.48/5.48 oracle 2.38/2.38 C1 6.83
  B4-black MPM10 batch 166: refs=['1251', '1249', '1247', '0845', '0843', '0847', '0840', '0851'] new=['1253'] s=0.450 | new rot a/d online 9.19/9.19 oracle 5.64/5.64 C1 8.89
  B4-black MPM10 batch 167: refs=['1253', '1251', '1249', '0840', '0839', '0837', '0843', '0845'] new=['1254'] s=0.469 | new rot a/d online 6.55/6.63 oracle 3.21/5.53 C1 11.40
  B4-black MPM10 batch 168: refs=['1254', '1253', '1251', '0837', '0839', '0834', '0840', '0115'] new=['1256'] s=0.477 | new rot a/d online 40.75/15.46 oracle 39.23/15.20 C1 11.50
  B4-black MPM10 batch 169: refs=['1256', '1254', '1253', '0115', '0834', '0816', '0828', '0826'] new=['1258'] s=0.475 | new rot a/d online 11.80/17.57 oracle 19.80/22.22 C1 10.56
  B4-black MPM10 batch 170: refs=['1258', '0816', '0828', '0826', '0807', '1256', '0115', '0799'] new=['1261'] s=0.447 | new rot a/d online 7.21/6.88 oracle 20.11/27.69 C1 12.82
  B4-black MPM10 batch 171: refs=['1261', '0816', '0807', '1258', '0826', '0828', '0799', '0115'] new=['1263'] s=0.452 | new rot a/d online 5.37/5.55 oracle 11.60/9.80 C1 12.31
  B4-black MPM10 batch 172: refs=['1263', '0816', '0807', '1261', '0799', '0826', '0828', '0793'] new=['1265'] s=0.442 | new rot a/d online 17.46/14.50 oracle 5.15/3.09 C1 11.79
  B4-black MPM10 batch 173: refs=['1265', '0807', '0799', '0816', '0793', '0202', '1263', '0789'] new=['1267'] s=0.434 | new rot a/d online 9.01/8.39 oracle 26.42/2.71 C1 8.45
  B4-black MPM10 batch 174: refs=['0202', '1267', '0793', '0799', '0789', '0807', '0213', '0785'] new=['1270'] s=0.479 | new rot a/d online 11.48/9.00 oracle 145.96/166.86 C1 9.18
  B4-black MPM10 batch 175: refs=['0202', '1270', '0785', '0789', '0213', '0793', '0799', '0771'] new=['1272'] s=0.473 | new rot a/d online 13.83/24.02 oracle 81.69/111.42 C1 8.70
  B4-black MPM10 batch 176: refs=['1272', '0785', '0771', '0202', '0213', '0763', '0789', '1270'] new=['1276'] s=0.472 | new rot a/d online 13.61/12.81 oracle 41.80/11.04 C1 6.62
  B4-black MPM10 batch 177: refs=['1276', '0209', '0763', '0754', '0771', '0746', '0785', '1272'] new=['1280'] s=0.461 | new rot a/d online 19.01/15.46 oracle 22.47/19.99 C1 6.69
  B4-black MPM10 batch 178: refs=['0209', '1280', '0746', '0754', '0763', '1276', '0771', '0742'] new=['1284'] s=0.452 | new rot a/d online 40.32/39.18 oracle 30.77/33.25 C1 6.94
  B4-black MPM10 batch 179: refs=['1284', '0209', '0746', '1280', '0754', '0763', '0732', '1276'] new=['1289'] s=0.492 | new rot a/d online 11.95/16.16 oracle 16.50/16.09 C1 6.81
  B4-black MPM10 batch 180: refs=['1289', '0732', '0746', '1284', '0737', '0209', '0754', '0740'] new=['1293'] s=0.499 | new rot a/d online 49.93/57.42 oracle 58.16/87.29 C1 7.77
  B4-black MPM10 batch 181: refs=['1293', '1289', '1284', '0746', '0209', '0732', '0737', '0754'] new=['1294'] s=0.507 | new rot a/d online 17.82/23.04 oracle 21.83/24.60 C1 8.06
  B4-black MPM10 batch 182: refs=['1293', '1294', '1289', '0732', '1284', '0702', '0746', '0209'] new=['1298'] s=0.504 | new rot a/d online 17.15/13.46 oracle 22.91/14.32 C1 6.78
  B4-black MPM10 batch 183: refs=['1298', '1293', '0702', '0700', '1294', '0696', '0732', '1289'] new=['1302'] s=0.515 | new rot a/d online 31.26/10.23 oracle 32.40/9.05 C1 5.63
  B4-black MPM10 batch 184: refs=['1302', '1298', '0702', '0700', '0696', '1293', '1294', '0732'] new=['1307'] s=0.504 | new rot a/d online 40.93/16.39 oracle 42.71/10.38 C1 7.63
  B4-black MPM10 batch 185: refs=['0700', '0702', '0696', '1307', '1302', '1298', '0692', '0676'] new=['1312'] s=0.483 | new rot a/d online 61.70/76.65 oracle 61.38/78.01 C1 5.44
  B4-black MPM10 batch 186: refs=['0696', '1312', '0700', '0702', '0692', '0676', '0557', '0561'] new=['1318'] s=0.536 | new rot a/d online 106.94/99.23 oracle 105.28/95.93 C1 8.65
  B4-black MPM10 batch 187: refs=['1318', '0557', '0696', '0553', '0692', '0700', '1312', '0702'] new=['1322'] s=0.517 | new rot a/d online 68.79/90.62 oracle 70.08/89.69 C1 6.26
  B4-black MPM10 batch 188: refs=['1322', '0553', '0557', '0549', '1318', '0561', '0696', '0676'] new=['1326'] s=0.480 | new rot a/d online 46.29/73.61 oracle 46.67/77.72 C1 4.00
  B4-black MPM10 batch 189: refs=['1326', '0557', '0553', '1322', '0549', '0561', '0676', '0668'] new=['1330'] s=0.453 | new rot a/d online 52.10/68.42 oracle 51.94/68.88 C1 4.32
  B4-black MPM10 batch 190: refs=['0649', '1330', '0668', '0634', '0611', '0620', '0598', '0576'] new=['1335'] s=0.468 | new rot a/d online 93.73/97.39 oracle 94.41/98.38 C1 9.71
  B4-black MPM10 batch 191: refs=['1335', '0649', '1330', '0508', '0514', '0611', '0620', '0598'] new=['1339'] s=0.500 | new rot a/d online 54.82/55.71 oracle 57.35/56.50 C1 9.14
  B4-black MPM10 batch 192: refs=['1339', '1335', '0508', '0514', '0532', '0496', '0477', '1330'] new=['1348'] s=0.518 | new rot a/d online 59.86/19.46 oracle 65.55/19.50 C1 9.89
  B4-black MPM10 batch 193: refs=['1348', '1339', '1335', '0508', '0514', '0532', '0496', '0477'] new=['1356'] s=0.553 | new rot a/d online 123.42/143.83 oracle 119.08/141.05 C1 10.48
  B4-black MPM10 batch 194: refs=['1356', '1348', '1339', '0508', '1335', '0477', '0496', '0514'] new=['1359'] s=0.507 | new rot a/d online 52.09/100.07 oracle 54.10/101.77 C1 11.11
  B4-black MPM10 batch 195: refs=['1359', '1356', '1348', '1339', '1335', '0508', '0514', '0477'] new=['1369'] s=0.484 | new rot a/d online 36.11/30.43 oracle 38.02/23.97 C1 5.72
  B4-black MPM10 batch 196: refs=['1369', '1359', '1356', '1348', '1339', '1335', '0508', '0477'] new=['1372'] s=0.491 | new rot a/d online 32.34/38.53 oracle 31.43/30.94 C1 7.33
  B4-black MPM10 batch 197: refs=['1372', '1369', '1359', '1356', '1348', '1339', '1335', '0582'] new=['1380'] s=0.479 | new rot a/d online 31.13/44.33 oracle 28.01/43.46 C1 4.59
  B4-black MPM10 batch 198: refs=['1380', '1372', '0582', '1359', '0595', '0579', '1369', '0585'] new=['1385'] s=0.476 | new rot a/d online 30.10/64.39 oracle 33.30/64.87 C1 4.66
  B4-black MPM10 batch 199: refs=['1385', '1380', '1372', '0582', '0595', '1369', '0585', '1359'] new=['1386'] s=0.468 | new rot a/d online 19.65/21.86 oracle 23.22/20.13 C1 3.88
  B4-black MPM10 batch 200: refs=['1386', '1385', '1380', '1372', '0582', '0595', '0585', '1369'] new=['1390'] s=0.461 | new rot a/d online 18.54/20.35 oracle 21.74/14.71 C1 6.00
  B4-black MPM10 batch 201: refs=['1390', '1386', '1385', '1380', '0582', '1372', '0585', '0595'] new=['1396'] s=0.463 | new rot a/d online 26.63/8.55 oracle 30.06/4.16 C1 6.26
  B4-black MPM10 batch 202: refs=['1396', '1390', '1386', '1385', '1380', '0582', '0585', '0595'] new=['1401'] s=0.458 | new rot a/d online 19.12/8.38 oracle 22.10/4.78 C1 4.77
  B4-black MPM10 batch 203: refs=['1396', '1390', '1401', '1386', '1385', '0582', '1380', '0595'] new=['1404'] s=0.467 | new rot a/d online 13.59/5.78 oracle 18.47/3.02 C1 4.18
  B4-black MPM10 batch 204: refs=['1401', '1404', '1396', '1390', '1386', '1385', '0582', '0585'] new=['1408'] s=0.464 | new rot a/d online 25.00/11.76 oracle 21.69/6.22 C1 4.67
  B4-black MPM10 batch 205: refs=['1408', '1404', '1401', '1396', '1390', '1386', '1385', '0582'] new=['1410'] s=0.453 | new rot a/d online 18.99/16.49 oracle 14.86/9.78 C1 7.53
  B4-black MPM10 batch 206: refs=['1408', '1410', '1404', '1401', '1396', '1390', '1386', '1385'] new=['1411'] s=0.445 | new rot a/d online 18.77/22.33 oracle 14.60/17.97 C1 3.65
  B4-black MPM10 batch 207: refs=['1411', '1410', '1408', '1404', '1401', '1396', '1390', '1385'] new=['1413'] s=0.441 | new rot a/d online 15.19/15.86 oracle 9.48/8.72 C1 5.81
  B4-black MPM10 batch 208: refs=['1413', '1410', '1411', '1408', '1404', '1401', '1396', '1390'] new=['1415'] s=0.442 | new rot a/d online 22.40/26.10 oracle 18.15/21.11 C1 4.45
  B4-black MPM10 batch 209: refs=['1415', '1413', '1411', '1410', '1408', '1404', '1401', '1396'] new=['1418'] s=0.436 | new rot a/d online 25.20/35.94 oracle 22.57/34.59 C1 4.51
  B4-black MPM10 batch 210: refs=['1418', '1415', '1413', '1410', '1411', '1408', '1404', '1401'] new=['1421'] s=0.444 | new rot a/d online 25.84/23.87 oracle 22.21/18.56 C1 3.84
  B4-black MPM10 batch 211: refs=['1421', '1418', '1415', '1413', '1411', '1410', '1408', '1404'] new=['1424'] s=0.450 | new rot a/d online 36.30/42.07 oracle 35.32/41.10 C1 2.60
  B4-black MPM10 batch 212: refs=['1424', '1421', '0585', '1418', '1415', '0582', '1413', '1411'] new=['1429'] s=0.462 | new rot a/d online 20.10/22.76 oracle 18.05/20.45 C1 2.80
  B4-black MPM10 batch 213: refs=['1429', '0585', '0582', '0595', '1424', '1421', '0579', '1418'] new=['1435'] s=0.476 | new rot a/d online 36.40/18.03 oracle 35.40/14.63 C1 2.85
  B4-black MPM10 batch 214: refs=['0585', '0582', '1435', '0595', '1429', '0579', '1424', '0598'] new=['1439'] s=0.477 | new rot a/d online 110.73/144.29 oracle 109.99/143.68 C1 2.68
  B4-black MPM10 batch 215: refs=['0582', '1439', '0585', '0595', '1435', '0579', '1429', '0598'] new=['1446'] s=0.477 | new rot a/d online 108.64/141.56 oracle 107.96/141.13 C1 4.99
  B4-black MPM10 batch 216: refs=['1446', '1435', '1439', '0582', '1429', '0585', '0595', '1424'] new=['1450'] s=0.485 | new rot a/d online 20.44/10.72 oracle 19.29/9.37 C1 7.14
  B4-black MPM10 batch 217: refs=['1424', '1429', '1421', '1450', '1418', '1415', '1413', '1411'] new=['1453'] s=0.453 | new rot a/d online 20.66/30.38 oracle 16.82/26.40 C1 1.64
  B4-black MPM10 batch 218: refs=['1421', '1424', '1418', '1453', '1415', '1413', '1410', '1450'] new=['1458'] s=0.455 | new rot a/d online 32.83/44.47 oracle 30.13/41.04 C1 3.66
  B4-black MPM10 batch 219: refs=['1421', '1458', '1424', '1418', '1453', '1415', '1429', '1413'] new=['1465'] s=0.449 | new rot a/d online 28.74/32.34 oracle 27.01/30.53 C1 1.08
  B4-black MPM10 batch 220: refs=['1465', '1458', '1421', '1424', '1453', '1418', '1429', '1415'] new=['1476'] s=0.458 | new rot a/d online 28.57/45.37 oracle 26.98/36.48 C1 4.22
  B4-black MPM10 batch 221: refs=['1476', '1465', '1458', '1421', '1418', '1424', '1415', '1453'] new=['1487'] s=0.460 | new rot a/d online 26.50/30.92 oracle 25.28/18.95 C1 5.11
  B4-black MPM10 batch 222: refs=['1476', '1487', '1465', '1458', '1424', '1421', '0131', '0127'] new=['1496'] s=0.465 | new rot a/d online 17.56/20.69 oracle 30.00/22.34 C1 1.96
  B4-black MPM10 batch 223: refs=['1496', '1487', '1476', '1465', '0127', '0131', '1458', '1421'] new=['1499'] s=0.475 | new rot a/d online 25.09/40.06 oracle 39.00/4.81 C1 2.60
  B4-black MPM10 batch 224: refs=['1499', '1496', '1476', '1487', '0127', '1465', '0131', '0239'] new=['1503'] s=0.470 | new rot a/d online 24.30/4.63 oracle 18.47/6.38 C1 2.95
  B4-black MPM10 batch 225: refs=['1499', '1503', '1496', '1487', '1476', '0127', '1465', '0239'] new=['1517'] s=0.466 | new rot a/d online 15.51/10.32 oracle 13.72/9.06 C1 2.52
  B4-black MPM10 batch 226: refs=['1517', '1499', '1503', '0127', '1487', '1496', '1476', '0239'] new=['1524'] s=0.471 | new rot a/d online 22.32/36.46 oracle 33.41/37.84 C1 1.32
  B4-black MPM10 batch 227: refs=['0127', '1524', '0239', '1517', '1499', '1503', '1496', '1476'] new=['1536'] s=0.463 | new rot a/d online 8.65/17.69 oracle 33.40/19.42 C1 3.76
  B4-black MPM10 batch 228: refs=['0127', '1536', '0239', '1524', '1517', '1499', '1503', '1496'] new=['1538'] s=0.449 | new rot a/d online 22.30/39.46 oracle 50.55/42.12 C1 5.05
  B4-black MPM10 batch 229: refs=['0239', '1538', '1536', '0127', '1524', '1517', '1499', '1503'] new=['1549'] s=0.441 | new rot a/d online 24.41/42.61 oracle 16.49/11.28 C1 3.38
  B4-black MPM10 batch 230: refs=['1549', '1538', '0239', '1536', '0127', '1524', '1517', '1499'] new=['1553'] s=0.458 | new rot a/d online 15.71/20.96 oracle 32.15/19.58 C1 3.93
  B4-black MPM10 batch 231: refs=['1553', '0000', '0136', '0147', '1538', '1549', '0144', '0079'] new=['1556'] s=0.503 | new rot a/d online 15.62/2.03 oracle 67.50/135.42 C1 5.73
  B4-black MPM10 batch 232: refs=['0000', '0147', '0136', '1556', '0079', '0144', '0235', '0082'] new=['1559'] s=0.509 | new rot a/d online 36.71/62.82 oracle 57.56/51.60 C1 7.79
  B4-black MPM10 batch 233: refs=['1559', '0000', '0147', '1556', '0136', '0079', '0144', '0235'] new=['1563'] s=0.490 | new rot a/d online 27.43/46.02 oracle 32.88/12.64 C1 7.55
  B4-black MPM10 batch 234: refs=['1556', '1553', '1549', '1538', '1563', '1559', '0000', '0127'] new=['1574'] s=0.490 | new rot a/d online 36.25/68.94 oracle 40.99/62.07 C1 5.62
  B4-black MPM10 batch 235: refs=['1574', '1556', '1553', '1563', '1538', '1549', '1559', '0000'] new=['1583'] s=0.485 | new rot a/d online 35.38/38.34 oracle 36.35/45.03 C1 6.35
  B4-black MPM10 batch 236: refs=['1583', '1574', '1556', '1563', '1553', '1559', '0000', '1538'] new=['1595'] s=0.483 | new rot a/d online 23.20/18.70 oracle 23.20/36.35 C1 3.10
  B4-black MPM10 batch 237: refs=['0147', '0079', '0000', '1559', '0144', '0136', '1563', '0082'] new=['1609'] s=0.529 | new rot a/d online 45.54/53.41 oracle 48.63/62.31 C1 2.28
  B4-black MPM10 batch 238: refs=['1609', '0079', '0082', '0119', '0147', '0144', '0162', '0086'] new=['1612'] s=0.492 | new rot a/d online 53.37/59.55 oracle 55.71/7.07 C1 1.72
  B4-black MPM10 batch 239: refs=['0119', '0086', '1612', '0082', '0090', '0162', '0079', '1609'] new=['1616'] s=0.497 | new rot a/d online 101.97/139.45 oracle 99.18/74.64 C1 2.01
DONE B4-black MPM10 new=236 rot a/d online=20.07/16.94 oracle=22.34/14.08 C1=5.82 C2=4.85 361s
[_client.py] HTTP Request: HEAD https://huggingface.co/facebook/VGGT-1B/resolve/main/model.pt "HTTP/1.1 302 Found"
[vision_transformer.py] using MLP layer as FFN
  B4-gray MPM10 batch 0: refs=['0000'] new=['0079', '0082', '0086', '0090'] s=0.531 | new rot a/d online 111.47/111.47 oracle 111.47/111.47 C1 1.54
  B4-gray MPM10 batch 1: refs=['0090', '0086', '0082', '0079', '0000'] new=['0093'] s=0.508 | new rot a/d online 9.98/2.67 oracle 9.48/2.16 C1 1.42
  B4-gray MPM10 batch 2: refs=['0093', '0090', '0086', '0082', '0079', '0000'] new=['0097'] s=0.509 | new rot a/d online 3.90/3.12 oracle 2.39/2.22 C1 1.23
  B4-gray MPM10 batch 3: refs=['0097', '0093', '0090', '0086', '0082', '0079', '0000'] new=['0100'] s=0.525 | new rot a/d online 4.67/5.35 oracle 3.59/4.86 C1 1.28
  B4-gray MPM10 batch 4: refs=['0100', '0097', '0093', '0090', '0086', '0082', '0079', '0000'] new=['0102'] s=0.534 | new rot a/d online 6.86/6.56 oracle 5.88/6.17 C1 1.66
  B4-gray MPM10 batch 5: refs=['0102', '0100', '0097', '0093', '0090', '0086', '0082', '0079'] new=['0104'] s=0.507 | new rot a/d online 5.18/5.18 oracle 4.30/4.30 C1 2.40
  B4-gray MPM10 batch 6: refs=['0104', '0102', '0100', '0097', '0093', '0090', '0086', '0082'] new=['0107'] s=0.558 | new rot a/d online 15.01/17.32 oracle 14.36/17.33 C1 1.34
  B4-gray MPM10 batch 7: refs=['0107', '0104', '0102', '0100', '0097', '0093', '0090', '0086'] new=['0109'] s=0.594 | new rot a/d online 29.80/35.86 oracle 28.91/35.25 C1 0.53
  B4-gray MPM10 batch 8: refs=['0109', '0107', '0104', '0102', '0100', '0097', '0093', '0090'] new=['0112'] s=0.577 | new rot a/d online 30.04/36.79 oracle 29.15/36.05 C1 2.08
  B4-gray MPM10 batch 9: refs=['0112', '0109', '0107', '0104', '0102', '0100', '0097', '0093'] new=['0115'] s=0.574 | new rot a/d online 22.59/30.84 oracle 22.26/30.76 C1 1.93
  B4-gray MPM10 batch 10: refs=['0115', '0112', '0109', '0107', '0104', '0102', '0100', '0097'] new=['0119'] s=0.539 | new rot a/d online 15.94/21.73 oracle 15.96/21.29 C1 5.76
  B4-gray MPM10 batch 11: refs=['0119', '0115', '0112', '0109', '0107', '0104', '0102', '0100'] new=['0123'] s=0.525 | new rot a/d online 11.57/4.17 oracle 12.09/1.80 C1 8.14
  B4-gray MPM10 batch 12: refs=['0123', '0119', '0115', '0112', '0109', '0107', '0104', '0102'] new=['0127'] s=0.502 | new rot a/d online 20.44/16.59 oracle 17.98/14.47 C1 9.15
  B4-gray MPM10 batch 13: refs=['0127', '0123', '0119', '0115', '0112', '0109', '0107', '0104'] new=['0131'] s=0.489 | new rot a/d online 34.10/44.20 oracle 30.54/46.84 C1 7.72
  B4-gray MPM10 batch 14: refs=['0131', '0127', '0123', '0119', '0115', '0112', '0109', '0107'] new=['0136'] s=0.494 | new rot a/d online 32.52/33.84 oracle 28.91/23.92 C1 8.48
  B4-gray MPM10 batch 15: refs=['0136', '0131', '0127', '0123', '0119', '0115', '0112', '0109'] new=['0140'] s=0.477 | new rot a/d online 58.57/41.43 oracle 54.30/36.11 C1 7.67
  B4-gray MPM10 batch 16: refs=['0140', '0136', '0131', '0127', '0123', '0119', '0115', '0112'] new=['0144'] s=0.480 | new rot a/d online 34.59/22.85 oracle 28.93/20.73 C1 11.01
  B4-gray MPM10 batch 17: refs=['0144', '0140', '0136', '0131', '0127', '0123', '0119', '0115'] new=['0147'] s=0.478 | new rot a/d online 15.04/16.84 oracle 9.86/7.88 C1 9.66
  B4-gray MPM10 batch 18: refs=['0147', '0144', '0140', '0136', '0131', '0127', '0123', '0119'] new=['0153'] s=0.483 | new rot a/d online 20.11/13.87 oracle 12.19/4.30 C1 9.24
  B4-gray MPM10 batch 19: refs=['0153', '0147', '0144', '0140', '0136', '0131', '0127', '0123'] new=['0162'] s=0.477 | new rot a/d online 18.30/13.97 oracle 9.19/3.94 C1 8.60
  B4-gray MPM10 batch 20: refs=['0162', '0153', '0147', '0144', '0140', '0136', '0131', '0127'] new=['0169'] s=0.489 | new rot a/d online 18.53/15.26 oracle 10.00/5.57 C1 8.79
  B4-gray MPM10 batch 21: refs=['0169', '0162', '0153', '0147', '0144', '0140', '0136', '0131'] new=['0174'] s=0.474 | new rot a/d online 15.28/12.97 oracle 6.68/3.51 C1 8.86
  B4-gray MPM10 batch 22: refs=['0174', '0169', '0162', '0153', '0147', '0144', '0140', '0136'] new=['0177'] s=0.475 | new rot a/d online 13.95/12.60 oracle 4.74/3.27 C1 9.01
  B4-gray MPM10 batch 23: refs=['0177', '0174', '0169', '0162', '0153', '0147', '0144', '0140'] new=['0180'] s=0.477 | new rot a/d online 12.28/12.28 oracle 2.80/2.80 C1 9.78
  B4-gray MPM10 batch 24: refs=['0180', '0177', '0174', '0169', '0162', '0153', '0147', '0144'] new=['0184'] s=0.468 | new rot a/d online 12.59/12.59 oracle 2.39/2.39 C1 10.29
  B4-gray MPM10 batch 25: refs=['0184', '0180', '0177', '0174', '0169', '0162', '0153', '0147'] new=['0187'] s=0.473 | new rot a/d online 11.69/11.69 oracle 1.80/1.80 C1 9.68
  B4-gray MPM10 batch 26: refs=['0187', '0184', '0180', '0177', '0174', '0169', '0162', '0153'] new=['0191'] s=0.467 | new rot a/d online 9.38/9.38 oracle 1.66/1.66 C1 7.94
  B4-gray MPM10 batch 27: refs=['0191', '0187', '0184', '0180', '0177', '0174', '0169', '0162'] new=['0202'] s=0.462 | new rot a/d online 10.47/10.47 oracle 3.15/3.15 C1 9.00
  B4-gray MPM10 batch 28: refs=['0202', '0191', '0187', '0184', '0180', '0177', '0174', '0169'] new=['0209'] s=0.470 | new rot a/d online 10.47/10.47 oracle 4.53/4.53 C1 8.79
  B4-gray MPM10 batch 29: refs=['0209', '0202', '0191', '0187', '0184', '0180', '0177', '0174'] new=['0213'] s=0.470 | new rot a/d online 12.23/12.23 oracle 7.10/7.10 C1 9.75
  B4-gray MPM10 batch 30: refs=['0213', '0209', '0202', '0191', '0187', '0184', '0180', '0177'] new=['0216'] s=0.475 | new rot a/d online 14.99/14.99 oracle 8.21/8.21 C1 11.62
  B4-gray MPM10 batch 31: refs=['0216', '0213', '0209', '0202', '0191', '0187', '0184', '0180'] new=['0221'] s=0.486 | new rot a/d online 17.40/17.79 oracle 11.45/12.29 C1 14.23
  B4-gray MPM10 batch 32: refs=['0221', '0216', '0213', '0209', '0202', '0191', '0187', '0184'] new=['0227'] s=0.507 | new rot a/d online 22.42/24.41 oracle 15.07/18.19 C1 16.61
  B4-gray MPM10 batch 33: refs=['0227', '0221', '0216', '0213', '0209', '0202', '0191', '0187'] new=['0235'] s=0.510 | new rot a/d online 25.35/27.58 oracle 16.11/21.79 C1 20.40
  B4-gray MPM10 batch 34: refs=['0235', '0227', '0221', '0216', '0213', '0209', '0202', '0191'] new=['0239'] s=0.517 | new rot a/d online 32.14/35.24 oracle 23.36/34.15 C1 23.73
  B4-gray MPM10 batch 35: refs=['0239', '0235', '0227', '0221', '0216', '0213', '0209', '0202'] new=['0244'] s=0.526 | new rot a/d online 38.84/38.85 oracle 27.30/38.54 C1 26.70
  B4-gray MPM10 batch 36: refs=['0244', '0239', '0235', '0227', '0221', '0216', '0115', '0112'] new=['0247'] s=0.530 | new rot a/d online 35.33/35.49 oracle 20.96/21.27 C1 31.24
  B4-gray MPM10 batch 37: refs=['0247', '0244', '0239', '0235', '0227', '0112', '0115', '0109'] new=['0249'] s=0.512 | new rot a/d online 47.31/39.89 oracle 31.64/16.97 C1 32.67
  B4-gray MPM10 batch 38: refs=['0249', '0247', '0244', '0239', '0112', '0115', '0109', '0107'] new=['0252'] s=0.517 | new rot a/d online 72.43/87.66 oracle 58.43/40.47 C1 33.10
  B4-gray MPM10 batch 39: refs=['0252', '0249', '0247', '0244', '0112', '0109', '0115', '0107'] new=['0256'] s=0.516 | new rot a/d online 55.42/103.62 oracle 50.77/104.23 C1 32.57
  B4-gray MPM10 batch 40: refs=['0256', '0252', '0249', '0109', '0112', '0247', '0107', '0115'] new=['0261'] s=0.503 | new rot a/d online 56.23/101.09 oracle 52.04/14.96 C1 31.23
  B4-gray MPM10 batch 41: refs=['0261', '0256', '0252', '0107', '0109', '0104', '0249', '0112'] new=['0262'] s=0.531 | new rot a/d online 44.16/61.09 oracle 38.88/60.96 C1 32.97
  B4-gray MPM10 batch 42: refs=['0262', '0261', '0107', '0104', '0256', '0102', '0109', '0100'] new=['0263'] s=0.567 | new rot a/d online 39.97/65.39 oracle 39.67/63.43 C1 34.40
  B4-gray MPM10 batch 43: refs=['0263', '0262', '0104', '0102', '0100', '0107', '0097', '0109'] new=['0265'] s=0.585 | new rot a/d online 45.02/61.04 oracle 44.64/60.55 C1 31.66
  B4-gray MPM10 batch 44: refs=['0107', '0104', '0109', '0102', '0112', '0100', '0115', '0265'] new=['0267'] s=0.561 | new rot a/d online 43.46/49.84 oracle 43.26/50.43 C1 14.52
  B4-gray MPM10 batch 45: refs=['0267', '0107', '0104', '0109', '0102', '0112', '0100', '0115'] new=['0270'] s=0.629 | new rot a/d online 52.81/60.60 oracle 54.49/61.35 C1 7.66
  B4-gray MPM10 batch 46: refs=['0270', '0267', '0104', '0107', '0102', '0109', '0112', '0100'] new=['0274'] s=0.590 | new rot a/d online 37.98/52.29 oracle 39.07/52.52 C1 7.27
  B4-gray MPM10 batch 47: refs=['0274', '0270', '0267', '0104', '0102', '0100', '0107', '0109'] new=['0279'] s=0.554 | new rot a/d online 26.30/46.70 oracle 28.08/46.75 C1 7.50
  B4-gray MPM10 batch 48: refs=['0279', '0274', '0270', '0267', '0102', '0100', '0104', '0097'] new=['0282'] s=0.528 | new rot a/d online 26.56/7.88 oracle 29.06/11.89 C1 9.96
  B4-gray MPM10 batch 49: refs=['0282', '0279', '0274', '0270', '0267', '0102', '0100', '0097'] new=['0286'] s=0.470 | new rot a/d online 18.02/6.94 oracle 21.55/7.36 C1 12.84
  B4-gray MPM10 batch 50: refs=['0286', '0282', '0279', '0274', '0270', '0267', '0097', '0100'] new=['0290'] s=0.463 | new rot a/d online 17.31/7.55 oracle 20.61/7.08 C1 14.69
  B4-gray MPM10 batch 51: refs=['0290', '0286', '0282', '0279', '0274', '0270', '0267', '0097'] new=['0292'] s=0.440 | new rot a/d online 7.14/9.24 oracle 10.99/6.75 C1 15.74
  B4-gray MPM10 batch 52: refs=['0292', '0290', '0286', '0282', '0279', '0274', '0270', '0267'] new=['0296'] s=0.417 | new rot a/d online 9.90/10.68 oracle 7.83/6.57 C1 17.07
  B4-gray MPM10 batch 53: refs=['0296', '0292', '0290', '0286', '0282', '0279', '0274', '0270'] new=['0302'] s=0.415 | new rot a/d online 11.43/13.66 oracle 10.79/9.99 C1 18.51
  B4-gray MPM10 batch 54: refs=['0302', '0296', '0292', '0290', '0286', '0282', '0279', '0274'] new=['0307'] s=0.412 | new rot a/d online 14.74/14.74 oracle 9.94/7.94 C1 18.05
  B4-gray MPM10 batch 55: refs=['0307', '0302', '0296', '0292', '0290', '0286', '0282', '0279'] new=['0312'] s=0.408 | new rot a/d online 9.65/9.65 oracle 4.78/4.78 C1 19.46
  B4-gray MPM10 batch 56: refs=['0312', '0307', '0302', '0296', '0292', '0290', '0286', '0282'] new=['0316'] s=0.405 | new rot a/d online 8.94/8.94 oracle 4.17/4.17 C1 18.54
  B4-gray MPM10 batch 57: refs=['0316', '0312', '0307', '0302', '0296', '0292', '0290', '0286'] new=['0320'] s=0.401 | new rot a/d online 7.25/6.12 oracle 4.78/4.78 C1 17.69
  B4-gray MPM10 batch 58: refs=['0320', '0316', '0312', '0307', '0302', '0296', '0292', '0290'] new=['0324'] s=0.398 | new rot a/d online 5.97/3.83 oracle 5.21/5.21 C1 16.35
  B4-gray MPM10 batch 59: refs=['0324', '0320', '0316', '0312', '0307', '0302', '0296', '0292'] new=['0328'] s=0.403 | new rot a/d online 6.32/6.32 oracle 5.94/5.94 C1 17.43
  B4-gray MPM10 batch 60: refs=['0328', '0324', '0320', '0316', '0312', '0307', '0302', '0296'] new=['0333'] s=0.409 | new rot a/d online 7.54/6.72 oracle 4.97/4.97 C1 14.90
  B4-gray MPM10 batch 61: refs=['0333', '0328', '0324', '0320', '0316', '0312', '0307', '0302'] new=['0338'] s=0.410 | new rot a/d online 9.12/9.12 oracle 2.67/2.67 C1 14.20
  B4-gray MPM10 batch 62: refs=['0338', '0333', '0328', '0324', '0320', '0316', '0312', '0307'] new=['0342'] s=0.410 | new rot a/d online 8.93/8.93 oracle 2.15/2.15 C1 13.53
  B4-gray MPM10 batch 63: refs=['0342', '0338', '0333', '0328', '0324', '0320', '0316', '0312'] new=['0347'] s=0.419 | new rot a/d online 11.74/11.74 oracle 2.97/2.97 C1 14.26
  B4-gray MPM10 batch 64: refs=['0347', '0342', '0338', '0333', '0328', '0324', '0320', '0316'] new=['0368'] s=0.426 | new rot a/d online 11.61/11.61 oracle 3.93/3.93 C1 11.89
  B4-gray MPM10 batch 65: refs=['0368', '0347', '0342', '0338', '0333', '0328', '0324', '0320'] new=['0380'] s=0.421 | new rot a/d online 11.05/11.05 oracle 6.18/6.18 C1 10.27
  B4-gray MPM10 batch 66: refs=['0380', '0368', '0347', '0342', '0338', '0333', '0328', '0324'] new=['0389'] s=0.421 | new rot a/d online 9.68/9.68 oracle 5.09/5.09 C1 8.65
  B4-gray MPM10 batch 67: refs=['0389', '0380', '0368', '0347', '0342', '0338', '0333', '0328'] new=['0395'] s=0.427 | new rot a/d online 7.91/7.91 oracle 4.97/4.97 C1 6.92
  B4-gray MPM10 batch 68: refs=['0395', '0389', '0380', '0368', '0347', '0342', '0338', '0333'] new=['0397'] s=0.426 | new rot a/d online 6.91/6.91 oracle 3.51/3.51 C1 5.83
  B4-gray MPM10 batch 69: refs=['0397', '0395', '0389', '0380', '0368', '0347', '0342', '0338'] new=['0399'] s=0.426 | new rot a/d online 4.49/4.49 oracle 1.70/1.70 C1 1.81
  B4-gray MPM10 batch 70: refs=['0399', '0397', '0395', '0389', '0380', '0368', '0347', '0342'] new=['0400'] s=0.431 | new rot a/d online 2.40/2.40 oracle 2.72/2.72 C1 2.28
  B4-gray MPM10 batch 71: refs=['0400', '0399', '0397', '0395', '0389', '0380', '0368', '0347'] new=['0402'] s=0.432 | new rot a/d online 3.07/3.07 oracle 5.03/5.03 C1 4.45
  B4-gray MPM10 batch 72: refs=['0402', '0400', '0399', '0397', '0395', '0389', '0380', '0368'] new=['0405'] s=0.422 | new rot a/d online 3.68/3.68 oracle 3.18/3.18 C1 4.75
  B4-gray MPM10 batch 73: refs=['0405', '0402', '0400', '0399', '0397', '0395', '0389', '0380'] new=['0409'] s=0.423 | new rot a/d online 3.44/3.44 oracle 2.82/2.82 C1 2.98
  B4-gray MPM10 batch 74: refs=['0409', '0405', '0402', '0400', '0399', '0397', '0395', '0389'] new=['0415'] s=0.419 | new rot a/d online 3.49/3.49 oracle 2.88/2.88 C1 1.95
  B4-gray MPM10 batch 75: refs=['0415', '0409', '0405', '0402', '0400', '0399', '0397', '0395'] new=['0421'] s=0.414 | new rot a/d online 4.25/4.25 oracle 3.28/3.28 C1 2.38
  B4-gray MPM10 batch 76: refs=['0421', '0415', '0409', '0405', '0402', '0400', '0399', '0397'] new=['0450'] s=0.416 | new rot a/d online 5.46/5.46 oracle 5.01/5.01 C1 2.32
  B4-gray MPM10 batch 77: refs=['0450', '0421', '0415', '0409', '0405', '0402', '0400', '0399'] new=['0459'] s=0.419 | new rot a/d online 6.73/6.73 oracle 6.27/6.27 C1 3.78
  B4-gray MPM10 batch 78: refs=['0459', '0450', '0421', '0415', '0409', '0405', '0402', '0400'] new=['0477'] s=0.417 | new rot a/d online 5.20/5.20 oracle 3.79/3.79 C1 4.01
  B4-gray MPM10 batch 79: refs=['0477', '0459', '0450', '0421', '0415', '0409', '0405', '0402'] new=['0496'] s=0.419 | new rot a/d online 5.10/5.10 oracle 3.74/3.74 C1 3.75
  B4-gray MPM10 batch 80: refs=['0496', '0477', '0459', '0450', '0421', '0415', '0409', '0405'] new=['0508'] s=0.435 | new rot a/d online 5.17/5.17 oracle 4.71/4.71 C1 5.16
  B4-gray MPM10 batch 81: refs=['0508', '0496', '0477', '0459', '0450', '0421', '0415', '0409'] new=['0514'] s=0.432 | new rot a/d online 5.45/5.45 oracle 4.10/4.10 C1 5.12
  B4-gray MPM10 batch 82: refs=['0514', '0508', '0496', '0477', '0459', '0450', '0421', '0415'] new=['0532'] s=0.441 | new rot a/d online 5.58/5.58 oracle 3.48/3.48 C1 7.96
  B4-gray MPM10 batch 83: refs=['0532', '0514', '0508', '0496', '0477', '0459', '0450', '0421'] new=['0535'] s=0.448 | new rot a/d online 7.06/7.06 oracle 4.68/4.68 C1 7.19
  B4-gray MPM10 batch 84: refs=['0535', '0532', '0514', '0508', '0496', '0477', '0459', '0450'] new=['0539'] s=0.451 | new rot a/d online 7.88/7.88 oracle 3.44/3.44 C1 7.77
  B4-gray MPM10 batch 85: refs=['0539', '0535', '0532', '0514', '0508', '0496', '0477', '0459'] new=['0541'] s=0.447 | new rot a/d online 7.06/7.06 oracle 2.50/2.50 C1 4.36
  B4-gray MPM10 batch 86: refs=['0541', '0539', '0535', '0532', '0514', '0508', '0496', '0477'] new=['0543'] s=0.442 | new rot a/d online 7.89/7.89 oracle 4.76/4.76 C1 3.74
  B4-gray MPM10 batch 87: refs=['0543', '0541', '0539', '0535', '0532', '0514', '0508', '0496'] new=['0545'] s=0.444 | new rot a/d online 8.58/8.58 oracle 4.54/4.54 C1 4.11
  B4-gray MPM10 batch 88: refs=['0545', '0543', '0541', '0539', '0535', '0532', '0514', '0508'] new=['0549'] s=0.442 | new rot a/d online 6.39/6.39 oracle 3.65/3.65 C1 3.18
  B4-gray MPM10 batch 89: refs=['0549', '0545', '0543', '0541', '0539', '0535', '0532', '0514'] new=['0553'] s=0.441 | new rot a/d online 5.20/5.20 oracle 3.82/3.82 C1 3.88
  B4-gray MPM10 batch 90: refs=['0553', '0549', '0545', '0543', '0541', '0539', '0535', '0532'] new=['0557'] s=0.433 | new rot a/d online 2.03/2.03 oracle 4.06/4.06 C1 1.95
  B4-gray MPM10 batch 91: refs=['0557', '0553', '0549', '0545', '0543', '0541', '0539', '0535'] new=['0561'] s=0.435 | new rot a/d online 1.12/1.12 oracle 3.09/3.09 C1 2.70
  B4-gray MPM10 batch 92: refs=['0561', '0557', '0553', '0549', '0545', '0543', '0541', '0539'] new=['0564'] s=0.438 | new rot a/d online 2.57/2.57 oracle 3.02/3.02 C1 3.14
  B4-gray MPM10 batch 93: refs=['0564', '0561', '0557', '0553', '0549', '0545', '0543', '0541'] new=['0568'] s=0.443 | new rot a/d online 3.67/3.67 oracle 2.99/2.99 C1 3.81
  B4-gray MPM10 batch 94: refs=['0568', '0564', '0561', '0557', '0553', '0549', '0545', '0541'] new=['0571'] s=0.442 | new rot a/d online 3.70/3.70 oracle 2.31/2.31 C1 3.65
  B4-gray MPM10 batch 95: refs=['0571', '0568', '0564', '0561', '0557', '0553', '0549', '0545'] new=['0574'] s=0.438 | new rot a/d online 5.15/5.15 oracle 2.76/2.76 C1 5.03
  B4-gray MPM10 batch 96: refs=['0574', '0571', '0568', '0564', '0561', '0557', '0553', '0549'] new=['0576'] s=0.442 | new rot a/d online 3.97/3.97 oracle 1.18/1.18 C1 4.03
  B4-gray MPM10 batch 97: refs=['0576', '0574', '0571', '0568', '0564', '0561', '0557', '0553'] new=['0579'] s=0.449 | new rot a/d online 4.55/4.55 oracle 2.33/2.33 C1 4.81
  B4-gray MPM10 batch 98: refs=['0579', '0576', '0574', '0571', '0568', '0564', '0561', '0557'] new=['0582'] s=0.457 | new rot a/d online 3.95/3.95 oracle 1.97/1.97 C1 4.05
  B4-gray MPM10 batch 99: refs=['0582', '0579', '0576', '0574', '0571', '0568', '0564', '0561'] new=['0585'] s=0.466 | new rot a/d online 3.82/3.82 oracle 1.73/1.73 C1 3.79
  B4-gray MPM10 batch 100: refs=['0582', '0585', '0579', '0576', '0574', '0571', '0568', '0564'] new=['0595'] s=0.467 | new rot a/d online 3.10/3.10 oracle 1.68/1.68 C1 4.17
  B4-gray MPM10 batch 101: refs=['0579', '0576', '0595', '0582', '0585', '0574', '0571', '0568'] new=['0598'] s=0.462 | new rot a/d online 3.42/3.42 oracle 1.59/1.59 C1 3.05
  B4-gray MPM10 batch 102: refs=['0598', '0576', '0579', '0574', '0595', '0582', '0585', '0571'] new=['0611'] s=0.457 | new rot a/d online 3.65/3.65 oracle 0.85/0.85 C1 3.79
  B4-gray MPM10 batch 103: refs=['0611', '0598', '0576', '0579', '0595', '0574', '0582', '0585'] new=['0620'] s=0.452 | new rot a/d online 2.90/2.90 oracle 0.98/0.98 C1 2.94
  B4-gray MPM10 batch 104: refs=['0576', '0574', '0611', '0620', '0598', '0579', '0571', '0568'] new=['0634'] s=0.451 | new rot a/d online 2.04/2.04 oracle 1.73/1.73 C1 2.84
  B4-gray MPM10 batch 105: refs=['0634', '0576', '0611', '0574', '0620', '0598', '0579', '0571'] new=['0649'] s=0.460 | new rot a/d online 3.58/3.58 oracle 4.18/4.18 C1 2.80
  B4-gray MPM10 batch 106: refs=['0649', '0634', '0574', '0571', '0561', '0576', '0564', '0568'] new=['0668'] s=0.464 | new rot a/d online 8.83/8.83 oracle 6.56/6.56 C1 5.08
  B4-gray MPM10 batch 107: refs=['0668', '0649', '0634', '0561', '0574', '0571', '0564', '0568'] new=['0676'] s=0.529 | new rot a/d online 44.47/27.48 oracle 42.30/30.49 C1 8.69
  B4-gray MPM10 batch 108: refs=['0676', '0668', '0561', '0564', '0571', '0568', '0574', '0634'] new=['0689'] s=0.504 | new rot a/d online 64.84/87.39 oracle 66.80/93.20 C1 6.64
  B4-gray MPM10 batch 109: refs=['0561', '0676', '0564', '0689', '0568', '0668', '0557', '0571'] new=['0692'] s=0.449 | new rot a/d online 36.56/52.40 oracle 32.85/49.37 C1 6.10
  B4-gray MPM10 batch 110: refs=['0561', '0557', '0692', '0564', '0676', '0568', '0553', '0689'] new=['0696'] s=0.454 | new rot a/d online 55.48/68.59 oracle 51.46/65.52 C1 5.85
  B4-gray MPM10 batch 111: refs=['0696', '0557', '0561', '0564', '0692', '0676', '0568', '0553'] new=['0700'] s=0.639 | new rot a/d online 39.10/43.86 oracle 35.62/46.49 C1 8.45
  B4-gray MPM10 batch 112: refs=['0700', '0696', '0557', '0561', '0692', '0564', '0553', '0568'] new=['0702'] s=0.630 | new rot a/d online 69.66/93.85 oracle 65.39/90.43 C1 10.00
  B4-gray MPM10 batch 113: refs=['0216', '0571', '0568', '0574', '0564', '0692', '0576', '0668'] new=['0725'] s=0.513 | new rot a/d online 73.76/79.19 oracle 69.83/73.48 C1 42.06
  B4-gray MPM10 batch 114: refs=['0725', '0216', '0239', '0571', '0568', '0574', '0564', '0090'] new=['0732'] s=0.547 | new rot a/d online 50.77/46.81 oracle 15.14/43.16 C1 44.10
  B4-gray MPM10 batch 115: refs=['0732', '0216', '0725', '0239', '0140', '0097', '0093', '0090'] new=['0737'] s=0.484 | new rot a/d online 147.07/121.71 oracle 88.50/90.41 C1 43.01
  B4-gray MPM10 batch 116: refs=['0737', '0732', '0216', '0725', '0140', '0239', '0100', '0097'] new=['0740'] s=0.483 | new rot a/d online 90.90/121.24 oracle 56.94/74.10 C1 39.12
  B4-gray MPM10 batch 117: refs=['0740', '0737', '0732', '0216', '0725', '0221', '0140', '0100'] new=['0742'] s=0.468 | new rot a/d online 22.37/34.30 oracle 37.87/14.96 C1 35.09
  B4-gray MPM10 batch 118: refs=['0742', '0740', '0737', '0732', '0221', '0216', '0140', '0725'] new=['0743'] s=0.459 | new rot a/d online 47.09/35.10 oracle 33.86/6.66 C1 32.14
  B4-gray MPM10 batch 119: refs=['0209', '0221', '0743', '0742', '0740', '0737', '0732', '0227'] new=['0746'] s=0.471 | new rot a/d online 30.64/35.26 oracle 28.74/5.65 C1 8.18
  B4-gray MPM10 batch 120: refs=['0746', '0221', '0209', '0743', '0202', '0742', '0227', '0737'] new=['0754'] s=0.436 | new rot a/d online 53.46/11.95 oracle 61.81/103.90 C1 11.52
  B4-gray MPM10 batch 121: refs=['0754', '0221', '0746', '0202', '0209', '0213', '0743', '0227'] new=['0763'] s=0.445 | new rot a/d online 123.12/158.81 oracle 87.94/112.27 C1 10.82
  B4-gray MPM10 batch 122: refs=['0763', '0221', '0754', '0746', '0202', '0213', '0209', '0743'] new=['0771'] s=0.435 | new rot a/d online nan/nan oracle nan/nan C1 nan
  B4-gray MPM10 batch 123: refs=['0771', '0763', '0202', '0221', '0754', '0213', '0746', '0112'] new=['0785'] s=0.423 | new rot a/d online nan/nan oracle nan/nan C1 nan
  B4-gray MPM10 batch 124: refs=['0785', '0202', '0771', '0763', '0115', '0112', '0213', '0754'] new=['0789'] s=0.424 | new rot a/d online nan/nan oracle nan/nan C1 nan
  B4-gray MPM10 batch 125: refs=['0789', '0785', '0202', '0115', '0771', '0112', '0109', '0763'] new=['0793'] s=0.429 | new rot a/d online nan/nan oracle nan/nan C1 nan
  B4-gray MPM10 batch 126: refs=['0793', '0789', '0115', '0112', '0785', '0109', '0202', '0771'] new=['0799'] s=0.434 | new rot a/d online nan/nan oracle nan/nan C1 nan
  B4-gray MPM10 batch 127: refs=['0115', '0799', '0112', '0793', '0109', '0789', '0107', '0785'] new=['0807'] s=0.572 | new rot a/d online nan/nan oracle nan/nan C1 nan
  B4-gray MPM10 batch 128: refs=['0112', '0807', '0115', '0799', '0109', '0793', '0107', '0789'] new=['0816'] s=0.566 | new rot a/d online nan/nan oracle nan/nan C1 nan
  B4-gray MPM10 batch 129: refs=['0112', '0816', '0115', '0109', '0807', '0799', '0256', '0107'] new=['0826'] s=0.545 | new rot a/d online 137.10/153.92 oracle 150.07/142.81 C1 9.04
  B4-gray MPM10 batch 130: refs=['0826', '0115', '0112', '0816', '0109', '0807', '0256', '0107'] new=['0828'] s=0.473 | new rot a/d online 39.92/35.34 oracle 58.42/91.94 C1 5.95
  B4-gray MPM10 batch 131: refs=['0115', '0112', '0256', '0828', '0109', '0826', '0249', '0262'] new=['0834'] s=0.576 | new rot a/d online 68.24/101.69 oracle 59.40/63.03 C1 5.37
  B4-gray MPM10 batch 132: refs=['0834', '0249', '0256', '0112', '0115', '0262', '0263', '0180'] new=['0837'] s=0.474 | new rot a/d online 37.49/70.41 oracle 36.08/28.49 C1 4.91
  B4-gray MPM10 batch 133: refs=['0837', '0834', '0249', '0252', '0262', '0263', '0180', '0115'] new=['0839'] s=0.484 | new rot a/d online 46.15/65.50 oracle 32.40/41.02 C1 5.25
  B4-gray MPM10 batch 134: refs=['0839', '0249', '0837', '0252', '0834', '0263', '0262', '0265'] new=['0840'] s=0.474 | new rot a/d online 32.53/48.85 oracle 29.93/54.79 C1 7.37
  B4-gray MPM10 batch 135: refs=['0840', '0249', '0839', '0837', '0252', '0153', '0263', '0262'] new=['0843'] s=0.482 | new rot a/d online 12.72/25.89 oracle 18.62/29.23 C1 5.18
  B4-gray MPM10 batch 136: refs=['0843', '0249', '0840', '0839', '0153', '0252', '0837', '0265'] new=['0845'] s=0.473 | new rot a/d online 20.62/4.89 oracle 19.92/2.38 C1 4.70
  B4-gray MPM10 batch 137: refs=['0845', '0843', '0249', '0840', '0252', '0153', '0247', '0839'] new=['0847'] s=0.462 | new rot a/d online 27.74/5.61 oracle 44.07/1.94 C1 5.31
  B4-gray MPM10 batch 138: refs=['0847', '0845', '0247', '0249', '0252', '0843', '0840', '0153'] new=['0851'] s=0.466 | new rot a/d online 20.90/6.54 oracle 39.99/136.67 C1 4.39
  B4-gray MPM10 batch 139: refs=['0851', '0247', '0847', '0845', '0252', '0249', '0843', '0153'] new=['0858'] s=0.464 | new rot a/d online 25.91/4.82 oracle 49.01/115.52 C1 4.08
  B4-gray MPM10 batch 140: refs=['0858', '0247', '0851', '0847', '0252', '0279', '0845', '0274'] new=['0867'] s=0.453 | new rot a/d online 14.30/4.29 oracle 13.65/0.95 C1 4.12
  B4-gray MPM10 batch 141: refs=['0867', '0247', '0858', '0851', '0252', '0279', '0286', '0847'] new=['0876'] s=0.450 | new rot a/d online 4.88/2.52 oracle 10.77/2.53 C1 2.31
  B4-gray MPM10 batch 142: refs=['0876', '0247', '0867', '0252', '0286', '0282', '0858', '0279'] new=['0882'] s=0.445 | new rot a/d online 15.89/22.19 oracle 22.95/22.80 C1 2.91
  B4-gray MPM10 batch 143: refs=['0882', '0876', '0247', '0286', '0252', '0290', '0867', '0292'] new=['0887'] s=0.462 | new rot a/d online 28.07/29.29 oracle 25.03/29.10 C1 3.41
  B4-gray MPM10 batch 144: refs=['0887', '0882', '0290', '0252', '0292', '0286', '0296', '0876'] new=['0890'] s=0.471 | new rot a/d online 34.21/57.16 oracle 40.55/55.92 C1 5.84
  B4-gray MPM10 batch 145: refs=['0890', '0887', '0292', '0290', '0296', '0252', '0302', '0286'] new=['0895'] s=0.462 | new rot a/d online 27.49/41.33 oracle 29.31/42.51 C1 6.35
  B4-gray MPM10 batch 146: refs=['0895', '0890', '0252', '0292', '0296', '0302', '0307', '0887'] new=['0898'] s=0.459 | new rot a/d online 19.24/32.02 oracle 23.91/29.95 C1 7.03
  B4-gray MPM10 batch 147: refs=['0898', '0895', '0252', '0307', '0302', '0890', '0312', '0296'] new=['0904'] s=0.474 | new rot a/d online 13.64/39.33 oracle 20.25/36.38 C1 7.03
  B4-gray MPM10 batch 148: refs=['0904', '0898', '0316', '0312', '0307', '0252', '0895', '0320'] new=['0908'] s=0.473 | new rot a/d online 48.54/96.31 oracle 52.97/100.42 C1 4.82
  B4-gray MPM10 batch 149: refs=['0908', '0324', '0320', '0316', '0904', '0328', '0312', '0898'] new=['0911'] s=0.485 | new rot a/d online 23.45/40.62 oracle 21.28/44.37 C1 3.16
  B4-gray MPM10 batch 150: refs=['0911', '0908', '0333', '0324', '0328', '0320', '0338', '0316'] new=['0916'] s=0.484 | new rot a/d online 88.16/114.34 oracle 84.84/110.68 C1 2.12
  B4-gray MPM10 batch 151: refs=['0916', '0911', '0333', '0338', '0328', '0324', '0908', '0342'] new=['0922'] s=0.485 | new rot a/d online 34.09/46.02 oracle 31.58/44.23 C1 2.86
  B4-gray MPM10 batch 152: refs=['0922', '0916', '0338', '0333', '0911', '0328', '0342', '0324'] new=['0928'] s=0.480 | new rot a/d online 26.28/32.08 oracle 24.45/30.17 C1 3.37
  B4-gray MPM10 batch 153: refs=['0928', '0922', '0916', '0338', '0333', '0342', '0911', '0328'] new=['0934'] s=0.465 | new rot a/d online 16.43/3.59 oracle 14.17/1.60 C1 3.65
  B4-gray MPM10 batch 154: refs=['0934', '0928', '0922', '0916', '0338', '0333', '0342', '0347'] new=['0947'] s=0.468 | new rot a/d online 15.81/5.06 oracle 14.55/3.36 C1 4.33
  B4-gray MPM10 batch 155: refs=['0947', '0934', '0928', '0922', '0338', '0342', '0333', '0916'] new=['0961'] s=0.460 | new rot a/d online 20.35/4.61 oracle 18.73/3.81 C1 5.08
  B4-gray MPM10 batch 156: refs=['0961', '0947', '0934', '0928', '0922', '0338', '0342', '0333'] new=['0969'] s=0.467 | new rot a/d online 26.44/5.87 oracle 24.75/5.45 C1 6.56
  B4-gray MPM10 batch 157: refs=['0947', '0934', '0961', '0928', '0969', '0922', '0916', '0338'] new=['1233'] s=0.445 | new rot a/d online 3.82/3.82 oracle 2.25/2.25 C1 4.57
  B4-gray MPM10 batch 158: refs=['1233', '0934', '0947', '0928', '0922', '0961', '0969', '0916'] new=['1235'] s=0.464 | new rot a/d online 3.00/3.00 oracle 0.71/0.71 C1 3.93
  B4-gray MPM10 batch 159: refs=['1235', '1233', '0928', '0934', '0947', '0922', '0916', '0961'] new=['1238'] s=0.465 | new rot a/d online 3.63/3.63 oracle 3.80/3.80 C1 2.95
  B4-gray MPM10 batch 160: refs=['1238', '1235', '1233', '0928', '0922', '0916', '0934', '0947'] new=['1241'] s=0.461 | new rot a/d online 4.39/4.39 oracle 4.05/4.05 C1 3.68
  B4-gray MPM10 batch 161: refs=['1241', '1238', '1235', '0247', '0911', '0916', '0908', '1233'] new=['1244'] s=0.475 | new rot a/d online 4.98/3.96 oracle 5.44/3.25 C1 2.33
  B4-gray MPM10 batch 162: refs=['1244', '1241', '0247', '1238', '0867', '0887', '0876', '0882'] new=['1246'] s=0.470 | new rot a/d online 5.59/5.11 oracle 4.18/3.31 C1 3.65
  B4-gray MPM10 batch 163: refs=['1246', '1244', '0858', '0867', '0876', '0851', '0882', '0887'] new=['1247'] s=0.446 | new rot a/d online 4.42/4.42 oracle 1.98/1.98 C1 3.37
  B4-gray MPM10 batch 164: refs=['1247', '1246', '0858', '0867', '1244', '0851', '0847', '0876'] new=['1249'] s=0.457 | new rot a/d online 4.33/4.33 oracle 2.29/2.29 C1 4.11
  B4-gray MPM10 batch 165: refs=['1249', '1247', '1246', '0851', '0847', '0858', '0845', '0843'] new=['1251'] s=0.464 | new rot a/d online 5.32/5.32 oracle 2.34/2.34 C1 6.83
  B4-gray MPM10 batch 166: refs=['1251', '1249', '1247', '0845', '0843', '0847', '0840', '0851'] new=['1253'] s=0.453 | new rot a/d online 9.44/9.44 oracle 6.07/6.07 C1 8.89
  B4-gray MPM10 batch 167: refs=['1253', '1251', '1249', '0840', '0839', '0837', '0843', '0845'] new=['1254'] s=0.456 | new rot a/d online 10.08/10.08 oracle 4.26/4.26 C1 11.40
  B4-gray MPM10 batch 168: refs=['1254', '1253', '1251', '0837', '0839', '0834', '0840', '0115'] new=['1256'] s=0.481 | new rot a/d online 10.59/11.79 oracle 7.46/10.72 C1 11.50
  B4-gray MPM10 batch 169: refs=['1256', '1254', '1253', '0115', '0834', '0816', '0828', '0826'] new=['1258'] s=0.453 | new rot a/d online 9.93/9.86 oracle 10.85/8.60 C1 10.56
  B4-gray MPM10 batch 170: refs=['1258', '0816', '0828', '0826', '0807', '1256', '0115', '0799'] new=['1261'] s=0.432 | new rot a/d online 8.95/8.64 oracle 11.14/6.06 C1 12.82
  B4-gray MPM10 batch 171: refs=['1261', '0816', '0807', '1258', '0826', '0828', '0799', '0115'] new=['1263'] s=0.441 | new rot a/d online 12.36/12.20 oracle 13.40/9.35 C1 12.31
  B4-gray MPM10 batch 172: refs=['1263', '0816', '0807', '1261', '0799', '0826', '0828', '0793'] new=['1265'] s=0.439 | new rot a/d online 9.20/8.51 oracle 2.34/2.34 C1 11.79
  B4-gray MPM10 batch 173: refs=['1265', '0807', '0799', '0816', '0793', '0202', '1263', '0789'] new=['1267'] s=0.459 | new rot a/d online 9.23/8.78 oracle 27.90/3.63 C1 8.45
  B4-gray MPM10 batch 174: refs=['0202', '1267', '0793', '0799', '0789', '0807', '0213', '0785'] new=['1270'] s=0.474 | new rot a/d online 26.65/22.78 oracle 81.38/108.33 C1 9.18
  B4-gray MPM10 batch 175: refs=['0202', '1270', '0785', '0789', '0213', '0793', '0799', '0771'] new=['1272'] s=0.441 | new rot a/d online 19.65/20.96 oracle 99.66/129.24 C1 8.70
  B4-gray MPM10 batch 176: refs=['1272', '0785', '0771', '0202', '0213', '0763', '0789', '1270'] new=['1276'] s=0.499 | new rot a/d online 17.34/18.12 oracle 36.06/16.16 C1 6.62
  B4-gray MPM10 batch 177: refs=['1276', '0209', '0763', '0754', '0771', '0746', '0785', '1272'] new=['1280'] s=0.503 | new rot a/d online 14.95/14.95 oracle 22.87/20.84 C1 6.69
  B4-gray MPM10 batch 178: refs=['0209', '1280', '0746', '0754', '0763', '1276', '0771', '0742'] new=['1284'] s=0.462 | new rot a/d online 26.36/27.89 oracle 18.78/18.52 C1 6.94
  B4-gray MPM10 batch 179: refs=['1284', '0209', '0746', '1280', '0754', '0763', '0732', '1276'] new=['1289'] s=0.483 | new rot a/d online 25.45/34.66 oracle 36.01/39.17 C1 6.81
  B4-gray MPM10 batch 180: refs=['1289', '0732', '0746', '1284', '0737', '0209', '0754', '0740'] new=['1293'] s=0.522 | new rot a/d online 7.70/8.38 oracle 12.58/12.38 C1 7.77
  B4-gray MPM10 batch 181: refs=['1293', '1289', '1284', '0746', '0209', '0732', '0737', '0754'] new=['1294'] s=0.532 | new rot a/d online 7.02/5.45 oracle 11.05/8.63 C1 8.06
  B4-gray MPM10 batch 182: refs=['1293', '1294', '1289', '0732', '1284', '0702', '0746', '0209'] new=['1298'] s=0.521 | new rot a/d online 9.60/1.65 oracle 17.91/5.78 C1 6.78
  B4-gray MPM10 batch 183: refs=['1298', '1293', '0702', '0700', '1294', '0696', '0732', '1289'] new=['1302'] s=0.523 | new rot a/d online 30.57/6.67 oracle 35.47/13.05 C1 5.63
  B4-gray MPM10 batch 184: refs=['1302', '1298', '0702', '0700', '0696', '1293', '1294', '0732'] new=['1307'] s=0.520 | new rot a/d online 34.16/11.29 oracle 39.49/15.02 C1 7.63
  B4-gray MPM10 batch 185: refs=['0700', '0702', '0696', '1307', '1302', '1298', '0692', '0676'] new=['1312'] s=0.526 | new rot a/d online 19.96/28.61 oracle 16.25/20.69 C1 5.44
  B4-gray MPM10 batch 186: refs=['0696', '1312', '0700', '0702', '0692', '0676', '0557', '0561'] new=['1318'] s=0.661 | new rot a/d online 77.27/79.98 oracle 75.01/74.10 C1 8.65
  B4-gray MPM10 batch 187: refs=['1318', '0557', '0696', '0553', '0692', '0700', '1312', '0702'] new=['1322'] s=0.679 | new rot a/d online 12.72/9.91 oracle 11.40/6.60 C1 6.26
  B4-gray MPM10 batch 188: refs=['1322', '0553', '0557', '0549', '1318', '0561', '0696', '0676'] new=['1326'] s=0.593 | new rot a/d online 57.80/84.53 oracle 63.43/86.53 C1 4.00
  B4-gray MPM10 batch 189: refs=['1326', '0557', '0553', '1322', '0549', '0561', '0676', '0668'] new=['1330'] s=0.519 | new rot a/d online 52.85/73.87 oracle 53.39/74.49 C1 4.32
  B4-gray MPM10 batch 190: refs=['0649', '1330', '0668', '0634', '0611', '0620', '0598', '0576'] new=['1335'] s=0.469 | new rot a/d online 102.58/110.06 oracle 101.84/109.22 C1 9.71
  B4-gray MPM10 batch 191: refs=['1335', '0649', '1330', '0508', '0514', '0611', '0620', '0598'] new=['1339'] s=0.580 | new rot a/d online 57.87/80.27 oracle 58.29/81.40 C1 9.14
  B4-gray MPM10 batch 192: refs=['1339', '1335', '0508', '0514', '0532', '0496', '0477', '1330'] new=['1348'] s=0.623 | new rot a/d online 161.72/174.51 oracle 154.97/169.35 C1 9.89
  B4-gray MPM10 batch 193: refs=['1348', '1339', '1335', '0508', '0514', '0532', '0496', '0477'] new=['1356'] s=0.643 | new rot a/d online 175.75/178.28 oracle 170.12/176.76 C1 10.48
  B4-gray MPM10 batch 194: refs=['1356', '1348', '1339', '0508', '1335', '0477', '0496', '0514'] new=['1359'] s=0.617 | new rot a/d online 57.43/11.94 oracle 62.99/5.64 C1 11.11
  B4-gray MPM10 batch 195: refs=['1359', '1356', '1348', '1339', '1335', '0508', '0514', '0477'] new=['1369'] s=0.594 | new rot a/d online 11.69/27.09 oracle 18.38/23.53 C1 5.72
  B4-gray MPM10 batch 196: refs=['1369', '1359', '1356', '1348', '1339', '1335', '0508', '0477'] new=['1372'] s=0.550 | new rot a/d online 9.00/27.46 oracle 7.87/25.48 C1 7.33
  B4-gray MPM10 batch 197: refs=['1372', '1369', '1359', '1356', '1348', '1339', '1335', '0582'] new=['1380'] s=0.470 | new rot a/d online 28.06/46.24 oracle 25.54/39.85 C1 4.59
  B4-gray MPM10 batch 198: refs=['1380', '1372', '0582', '1359', '0595', '0579', '1369', '0585'] new=['1385'] s=0.564 | new rot a/d online 40.63/5.10 oracle 44.04/3.85 C1 4.66
  B4-gray MPM10 batch 199: refs=['1385', '1380', '1372', '0582', '0595', '1369', '0585', '1359'] new=['1386'] s=0.485 | new rot a/d online 21.34/24.10 oracle 23.46/18.92 C1 3.88
  B4-gray MPM10 batch 200: refs=['1386', '1385', '1380', '1372', '0582', '0595', '0585', '1369'] new=['1390'] s=0.485 | new rot a/d online 13.47/14.66 oracle 18.43/8.96 C1 6.00
  B4-gray MPM10 batch 201: refs=['1390', '1386', '1385', '1380', '0582', '1372', '0585', '0595'] new=['1396'] s=0.478 | new rot a/d online 18.42/7.03 oracle 21.73/2.22 C1 6.26
  B4-gray MPM10 batch 202: refs=['1396', '1390', '1386', '1385', '1380', '0582', '0585', '0595'] new=['1401'] s=0.465 | new rot a/d online 35.12/7.86 oracle 33.64/4.96 C1 4.77
  B4-gray MPM10 batch 203: refs=['1396', '1390', '1401', '1386', '1385', '0582', '1380', '0595'] new=['1404'] s=0.465 | new rot a/d online 22.47/6.08 oracle 18.43/2.04 C1 4.18
  B4-gray MPM10 batch 204: refs=['1401', '1404', '1396', '1390', '1386', '1385', '0582', '0585'] new=['1408'] s=0.461 | new rot a/d online 28.42/10.76 oracle 24.44/5.40 C1 4.67
  B4-gray MPM10 batch 205: refs=['1408', '1404', '1401', '1396', '1390', '1386', '1385', '0582'] new=['1410'] s=0.450 | new rot a/d online 19.65/15.94 oracle 15.62/9.41 C1 7.53
  B4-gray MPM10 batch 206: refs=['1408', '1410', '1404', '1401', '1396', '1390', '1386', '1385'] new=['1411'] s=0.442 | new rot a/d online 14.65/17.08 oracle 10.11/11.21 C1 3.65
  B4-gray MPM10 batch 207: refs=['1411', '1410', '1408', '1404', '1401', '1396', '1390', '1385'] new=['1413'] s=0.440 | new rot a/d online 17.52/23.12 oracle 12.61/17.68 C1 5.81
  B4-gray MPM10 batch 208: refs=['1413', '1410', '1411', '1408', '1404', '1401', '1396', '1390'] new=['1415'] s=0.440 | new rot a/d online 16.72/12.28 oracle 11.55/8.45 C1 4.45
  B4-gray MPM10 batch 209: refs=['1415', '1413', '1411', '1410', '1408', '1404', '1401', '1396'] new=['1418'] s=0.439 | new rot a/d online 18.05/21.60 oracle 14.09/17.18 C1 4.51
  B4-gray MPM10 batch 210: refs=['1418', '1415', '1413', '1410', '1411', '1408', '1404', '1401'] new=['1421'] s=0.444 | new rot a/d online 20.41/21.98 oracle 18.01/19.42 C1 3.84
  B4-gray MPM10 batch 211: refs=['1421', '1418', '1415', '1413', '1411', '1410', '1408', '1404'] new=['1424'] s=0.451 | new rot a/d online 26.64/30.92 oracle 25.40/29.80 C1 2.60
  B4-gray MPM10 batch 212: refs=['1424', '1421', '0585', '1418', '1415', '0582', '1413', '1411'] new=['1429'] s=0.477 | new rot a/d online 28.05/11.64 oracle 24.46/8.55 C1 2.80
  B4-gray MPM10 batch 213: refs=['1429', '0585', '0582', '0595', '1424', '1421', '0579', '1418'] new=['1435'] s=0.484 | new rot a/d online 67.65/113.68 oracle 66.11/112.92 C1 2.85
  B4-gray MPM10 batch 214: refs=['0585', '0582', '1435', '0595', '1429', '0579', '1424', '0598'] new=['1439'] s=0.476 | new rot a/d online 119.93/153.71 oracle 120.50/153.60 C1 2.68
  B4-gray MPM10 batch 215: refs=['0582', '1439', '0585', '0595', '1435', '0579', '1429', '0598'] new=['1446'] s=0.476 | new rot a/d online 119.27/153.25 oracle 119.96/153.24 C1 4.99
  B4-gray MPM10 batch 216: refs=['1446', '1435', '1439', '0582', '1429', '0585', '0595', '1424'] new=['1450'] s=0.468 | new rot a/d online 36.87/9.83 oracle 34.84/8.45 C1 7.14
  B4-gray MPM10 batch 217: refs=['1424', '1429', '1421', '1450', '1418', '1415', '1413', '1411'] new=['1453'] s=0.455 | new rot a/d online 19.55/26.73 oracle 16.02/23.15 C1 1.64
  B4-gray MPM10 batch 218: refs=['1421', '1424', '1418', '1453', '1415', '1413', '1410', '1450'] new=['1458'] s=0.455 | new rot a/d online 32.84/44.79 oracle 30.30/41.68 C1 3.66
  B4-gray MPM10 batch 219: refs=['1421', '1458', '1424', '1418', '1453', '1415', '1429', '1413'] new=['1465'] s=0.466 | new rot a/d online 22.82/35.29 oracle 21.76/33.49 C1 1.08
  B4-gray MPM10 batch 220: refs=['1465', '1458', '1421', '1424', '1453', '1418', '1429', '1415'] new=['1476'] s=0.479 | new rot a/d online 15.19/22.86 oracle 13.79/18.25 C1 4.22
  B4-gray MPM10 batch 221: refs=['1476', '1465', '1458', '1421', '1418', '1424', '1415', '1453'] new=['1487'] s=0.463 | new rot a/d online 15.26/23.62 oracle 15.38/20.33 C1 5.11
  B4-gray MPM10 batch 222: refs=['1476', '1487', '1465', '1458', '1424', '1421', '0131', '0127'] new=['1496'] s=0.478 | new rot a/d online 15.23/25.55 oracle 20.10/24.51 C1 1.96
  B4-gray MPM10 batch 223: refs=['1496', '1487', '1476', '1465', '0127', '0131', '1458', '1421'] new=['1499'] s=0.462 | new rot a/d online 16.15/22.46 oracle 30.48/4.26 C1 2.60
  B4-gray MPM10 batch 224: refs=['1499', '1496', '1476', '1487', '0127', '1465', '0131', '0239'] new=['1503'] s=0.476 | new rot a/d online 24.35/4.86 oracle 23.41/5.99 C1 2.95
  B4-gray MPM10 batch 225: refs=['1499', '1503', '1496', '1487', '1476', '0127', '1465', '0239'] new=['1517'] s=0.471 | new rot a/d online 46.24/40.50 oracle 45.29/39.42 C1 2.52
  B4-gray MPM10 batch 226: refs=['1517', '1499', '1503', '0127', '1487', '1496', '1476', '0239'] new=['1524'] s=0.459 | new rot a/d online 31.39/38.98 oracle 38.16/40.26 C1 1.32
  B4-gray MPM10 batch 227: refs=['0127', '1524', '0239', '1517', '1499', '1503', '1496', '1476'] new=['1536'] s=0.494 | new rot a/d online 9.26/24.27 oracle 27.41/27.32 C1 3.76
  B4-gray MPM10 batch 228: refs=['0127', '1536', '0239', '1524', '1517', '1499', '1503', '1496'] new=['1538'] s=0.484 | new rot a/d online 19.35/18.02 oracle 14.52/14.50 C1 5.05
  B4-gray MPM10 batch 229: refs=['0239', '1538', '1536', '0127', '1524', '1517', '1499', '1503'] new=['1549'] s=0.464 | new rot a/d online 57.59/72.46 oracle 62.08/75.08 C1 3.38
  B4-gray MPM10 batch 230: refs=['1549', '1538', '0239', '1536', '0127', '1524', '1517', '1499'] new=['1553'] s=0.465 | new rot a/d online 4.29/7.43 oracle 17.76/9.23 C1 3.93
  B4-gray MPM10 batch 231: refs=['1553', '0000', '0136', '0147', '1538', '1549', '0144', '0079'] new=['1556'] s=0.490 | new rot a/d online 30.52/37.41 oracle 76.84/95.24 C1 5.73
  B4-gray MPM10 batch 232: refs=['0000', '0147', '0136', '1556', '0079', '0144', '0235', '0082'] new=['1559'] s=0.517 | new rot a/d online 45.63/45.76 oracle 125.41/136.48 C1 7.79
  B4-gray MPM10 batch 233: refs=['1559', '0000', '0147', '1556', '0136', '0079', '0144', '0235'] new=['1563'] s=0.490 | new rot a/d online 23.55/42.70 oracle 43.05/85.14 C1 7.55
  B4-gray MPM10 batch 234: refs=['1556', '1553', '1549', '1538', '1563', '1559', '0000', '0127'] new=['1574'] s=0.472 | new rot a/d online 16.92/19.33 oracle 20.01/40.97 C1 5.62
  B4-gray MPM10 batch 235: refs=['1574', '1556', '1553', '1563', '1538', '1549', '1559', '0000'] new=['1583'] s=0.460 | new rot a/d online 28.99/22.70 oracle 30.33/29.15 C1 6.35
  B4-gray MPM10 batch 236: refs=['1583', '1574', '1556', '1563', '1553', '1559', '0000', '1538'] new=['1595'] s=0.451 | new rot a/d online 5.92/3.42 oracle 6.51/3.21 C1 3.10
  B4-gray MPM10 batch 237: refs=['0147', '0079', '0000', '1559', '0144', '0136', '1563', '0082'] new=['1609'] s=0.521 | new rot a/d online 41.23/91.23 oracle 50.47/45.16 C1 2.28
  B4-gray MPM10 batch 238: refs=['1609', '0079', '0082', '0119', '0147', '0144', '0162', '0086'] new=['1612'] s=0.496 | new rot a/d online 73.30/89.88 oracle 120.74/145.43 C1 1.72
  B4-gray MPM10 batch 239: refs=['0119', '0086', '1612', '0082', '0090', '0162', '0079', '1609'] new=['1616'] s=0.519 | new rot a/d online 54.74/20.77 oracle 41.65/21.84 C1 2.01
DONE B4-gray MPM10 new=236 rot a/d online=17.32/13.31 oracle=17.83/9.09 C1=5.82 C2=4.85 361s
[_client.py] HTTP Request: HEAD https://huggingface.co/facebook/VGGT-1B/resolve/main/model.pt "HTTP/1.1 302 Found"
[vision_transformer.py] using MLP layer as FFN
  B5 MPM10 batch 0: refs=['0000'] new=['0079', '0082', '0086', '0090'] s=1.448 | new rot a/d online 13.91/13.91 oracle 13.91/13.91 C1 1.54
  B5 MPM10 batch 1: refs=['0090'] new=['0093', '0097', '0100', '0102', '0104'] s=1.559 | new rot a/d online 17.16/17.16 oracle 18.07/18.07 C1 1.42
  B5 MPM10 batch 2: refs=['0104'] new=['0107', '0109', '0112', '0115', '0119'] s=1.510 | new rot a/d online 23.32/23.32 oracle 23.84/23.84 C1 1.93
  B5 MPM10 batch 3: refs=['0119'] new=['0123', '0127', '0131', '0136', '0140'] s=1.556 | new rot a/d online 23.02/23.02 oracle 17.45/17.45 C1 8.14
  B5 MPM10 batch 4: refs=['0140'] new=['0144', '0147', '0153', '0162', '0169'] s=1.694 | new rot a/d online 26.53/26.53 oracle 17.41/17.41 C1 9.24
  B5 MPM10 batch 5: refs=['0169'] new=['0174', '0177', '0180', '0184', '0187'] s=1.564 | new rot a/d online 19.54/19.54 oracle 15.60/15.60 C1 9.68
  B5 MPM10 batch 6: refs=['0187'] new=['0191', '0202', '0209', '0213', '0216'] s=1.498 | new rot a/d online 26.38/26.38 oracle 23.85/23.85 C1 9.00
  B5 MPM10 batch 7: refs=['0216'] new=['0221', '0227', '0235', '0239', '0244'] s=1.488 | new rot a/d online 30.40/30.40 oracle 24.64/24.64 C1 20.40
  B5 MPM10 batch 8: refs=['0244'] new=['0247', '0249', '0252', '0256', '0261'] s=1.606 | new rot a/d online 51.25/51.25 oracle 23.35/23.35 C1 32.57
  B5 MPM10 batch 9: refs=['0261'] new=['0262', '0263', '0265', '0267', '0270'] s=1.595 | new rot a/d online 42.48/42.48 oracle 13.95/13.95 C1 31.66
  B5 MPM10 batch 10: refs=['0270'] new=['0274', '0279', '0282', '0286', '0290'] s=1.306 | new rot a/d online 18.63/18.63 oracle 19.64/19.64 C1 9.96
  B5 MPM10 batch 11: refs=['0290'] new=['0292', '0296', '0302', '0307', '0312'] s=1.264 | new rot a/d online 23.87/23.87 oracle 15.35/15.35 C1 18.05
  B5 MPM10 batch 12: refs=['0312'] new=['0316', '0320', '0324', '0328', '0333'] s=1.114 | new rot a/d online 17.94/17.94 oracle 11.38/11.38 C1 17.43
  B5 MPM10 batch 13: refs=['0333'] new=['0338', '0342', '0347', '0368', '0380'] s=1.184 | new rot a/d online 26.52/26.52 oracle 21.85/21.85 C1 13.53
  B5 MPM10 batch 14: refs=['0380'] new=['0389', '0395', '0397', '0399', '0400'] s=1.301 | new rot a/d online 19.21/19.21 oracle 18.44/18.44 C1 5.83
  B5 MPM10 batch 15: refs=['0400'] new=['0402', '0405', '0409', '0415', '0421'] s=1.350 | new rot a/d online 20.08/20.08 oracle 20.10/20.10 C1 2.98
  B5 MPM10 batch 16: refs=['0421'] new=['0450', '0459', '0477', '0496', '0508'] s=1.533 | new rot a/d online 12.75/12.75 oracle 13.09/13.09 C1 3.78
  B5 MPM10 batch 17: refs=['0508'] new=['0514', '0532', '0535', '0539', '0541'] s=1.363 | new rot a/d online 17.73/17.73 oracle 18.85/18.85 C1 7.19
  B5 MPM10 batch 18: refs=['0541'] new=['0543', '0545', '0549', '0553', '0557'] s=1.142 | new rot a/d online 12.55/12.55 oracle 15.64/15.64 C1 3.74
  B5 MPM10 batch 19: refs=['0557'] new=['0561', '0564', '0568', '0571', '0574'] s=1.233 | new rot a/d online 18.37/18.37 oracle 19.48/19.48 C1 3.65
  B5 MPM10 batch 20: refs=['0574'] new=['0576', '0579', '0582', '0585', '0595'] s=1.210 | new rot a/d online 15.34/15.34 oracle 17.90/17.90 C1 4.05
  B5 MPM10 batch 21: refs=['0595'] new=['0598', '0611', '0620', '0634', '0649'] s=1.277 | new rot a/d online 16.35/16.35 oracle 11.81/11.81 C1 2.94
  B5 MPM10 batch 22: refs=['0649'] new=['0668', '0676', '0689', '0692', '0696'] s=1.325 | new rot a/d online 18.63/18.63 oracle 15.62/15.62 C1 6.10
  B5 MPM10 batch 23: refs=['0696'] new=['0700', '0702', '0725', '0732', '0737'] s=1.477 | new rot a/d online 23.97/23.97 oracle 20.12/20.12 C1 42.06
  B5 MPM10 batch 24: refs=['0737'] new=['0740', '0742', '0743', '0746', '0754'] s=1.506 | new rot a/d online 31.62/31.62 oracle 10.82/10.82 C1 32.14
  B5 MPM10 batch 25: refs=['0754'] new=['0763', '0771', '0785', '0789', '0793'] s=1.657 | new rot a/d online 17.10/17.10 oracle 9.63/9.63 C1 10.82
  B5 MPM10 batch 26: refs=['0793'] new=['0799', '0807', '0816', '0826', '0828'] s=1.626 | new rot a/d online 28.84/28.84 oracle nan/nan C1 7.49
  B5 MPM10 batch 27: refs=['0828'] new=['0834', '0837', '0839', '0840', '0843'] s=1.724 | new rot a/d online 23.23/23.23 oracle 19.95/19.95 C1 5.25
  B5 MPM10 batch 28: refs=['0843'] new=['0845', '0847', '0851', '0858', '0867'] s=1.391 | new rot a/d online 12.66/12.66 oracle 12.07/12.07 C1 4.39
  B5 MPM10 batch 29: refs=['0867'] new=['0876', '0882', '0887', '0890', '0895'] s=1.399 | new rot a/d online 14.76/14.76 oracle 18.06/18.06 C1 3.41
  B5 MPM10 batch 30: refs=['0895'] new=['0898', '0904', '0908', '0911', '0916'] s=1.159 | new rot a/d online 17.93/17.93 oracle 13.95/13.95 C1 4.82
  B5 MPM10 batch 31: refs=['0916'] new=['0922', '0928', '0934', '0947', '0961'] s=1.283 | new rot a/d online 19.68/19.68 oracle 19.34/19.34 C1 3.65
  B5 MPM10 batch 32: refs=['0961'] new=['0969', '1233', '1235', '1238', '1241'] s=1.218 | new rot a/d online 15.33/15.33 oracle 12.68/12.68 C1 3.93
  B5 MPM10 batch 33: refs=['1241'] new=['1244', '1246', '1247', '1249', '1251'] s=1.344 | new rot a/d online 32.97/32.97 oracle 34.19/34.19 C1 3.65
  B5 MPM10 batch 34: refs=['1251'] new=['1253', '1254', '1256', '1258', '1261'] s=1.377 | new rot a/d online 20.54/20.54 oracle 18.41/18.41 C1 11.40
  B5 MPM10 batch 35: refs=['1261'] new=['1263', '1265', '1267', '1270', '1272'] s=1.447 | new rot a/d online 22.02/22.02 oracle 16.12/16.12 C1 9.18
  B5 MPM10 batch 36: refs=['1272'] new=['1276', '1280', '1284', '1289', '1293'] s=1.621 | new rot a/d online 25.38/25.38 oracle 23.03/23.03 C1 6.81
  B5 MPM10 batch 37: refs=['1293'] new=['1294', '1298', '1302', '1307', '1312'] s=1.639 | new rot a/d online 16.95/16.95 oracle 15.04/15.04 C1 6.78
  B5 MPM10 batch 38: refs=['1312'] new=['1318', '1322', '1326', '1330', '1335'] s=1.466 | new rot a/d online 16.50/16.50 oracle 15.25/15.25 C1 6.26
  B5 MPM10 batch 39: refs=['1335'] new=['1339', '1348', '1356', '1359', '1369'] s=1.542 | new rot a/d online 12.53/12.53 oracle 12.87/12.87 C1 9.89
  B5 MPM10 batch 40: refs=['1369'] new=['1372', '1380', '1385', '1386', '1390'] s=1.255 | new rot a/d online 15.80/15.80 oracle 15.67/15.67 C1 4.66
  B5 MPM10 batch 41: refs=['1390'] new=['1396', '1401', '1404', '1408', '1410'] s=1.368 | new rot a/d online 10.64/10.64 oracle 7.62/7.62 C1 4.77
  B5 MPM10 batch 42: refs=['1410'] new=['1411', '1413', '1415', '1418', '1421'] s=1.490 | new rot a/d online 18.94/18.94 oracle 11.72/11.72 C1 4.45
  B5 MPM10 batch 43: refs=['1421'] new=['1424', '1429', '1435', '1439', '1446'] s=1.558 | new rot a/d online 20.31/20.31 oracle 17.83/17.83 C1 2.80
  B5 MPM10 batch 44: refs=['1446'] new=['1450', '1453', '1458', '1465', '1476'] s=1.365 | new rot a/d online 18.21/18.21 oracle 16.21/16.21 C1 3.66
  B5 MPM10 batch 45: refs=['1476'] new=['1487', '1496', '1499', '1503', '1517'] s=1.485 | new rot a/d online 8.24/8.24 oracle 6.31/6.31 C1 2.60
  B5 MPM10 batch 46: refs=['1517'] new=['1524', '1536', '1538', '1549', '1553'] s=1.397 | new rot a/d online 15.03/15.03 oracle 13.29/13.29 C1 3.76
  B5 MPM10 batch 47: refs=['1553'] new=['1556', '1559', '1563', '1574', '1583'] s=1.359 | new rot a/d online 15.83/15.83 oracle 12.68/12.68 C1 6.35
  B5 MPM10 batch 48: refs=['1583'] new=['1595', '1609', '1612', '1616'] s=1.244 | new rot a/d online 29.64/29.64 oracle 26.78/26.78 C1 2.15
DONE B5 MPM10 new=236 rot a/d online=18.98/18.98 oracle=16.16/16.16 C1=5.82 C2=4.85 51s
END
